# Blender 4.2.2 LTS
# www.blender.org
mtllib barbed wire.mtl
o barbed_wire
v -0.318621 9.815829 -7.180840
v -0.440043 10.427493 -7.181012
v -0.361605 9.807274 -7.260271
v -0.483027 10.418938 -7.260442
v -0.239883 9.831448 -7.225133
v -0.361304 10.443111 -7.225304
v -0.282867 9.822892 -7.304563
v -0.404289 10.434556 -7.304734
v -0.314483 9.817094 -5.597933
v -0.435904 10.428759 -5.598104
v -0.357467 9.808539 -5.677363
v -0.478889 10.420203 -5.677534
v -0.235745 9.832712 -5.642225
v -0.357166 10.444376 -5.642396
v -0.278729 9.824157 -5.721655
v -0.400151 10.435822 -5.721827
v -0.310345 9.818359 -4.015025
v -0.431766 10.430023 -4.015197
v -0.353329 9.809804 -4.094455
v -0.474751 10.421469 -4.094626
v -0.231606 9.833977 -4.059317
v -0.353028 10.445642 -4.059489
v -0.274591 9.825422 -4.138747
v -0.396013 10.437086 -4.138919
v -0.306207 9.819624 -2.432117
v -0.427628 10.431289 -2.432289
v -0.349191 9.811069 -2.511547
v -0.470613 10.422733 -2.511719
v -0.227468 9.835242 -2.476409
v -0.348890 10.446907 -2.476581
v -0.270453 9.826687 -2.555840
v -0.391875 10.438352 -2.556011
v -0.302069 9.820889 -0.849210
v -0.423490 10.432554 -0.849381
v -0.345053 9.812334 -0.928640
v -0.466475 10.423999 -0.928812
v -0.223330 9.836508 -0.893502
v -0.344752 10.448172 -0.893674
v -0.266315 9.827952 -0.972932
v -0.387737 10.439616 -0.973104
v -0.297930 9.822155 0.733698
v -0.419352 10.433819 0.733526
v -0.340915 9.813600 0.654268
v -0.462337 10.425263 0.654096
v -0.219192 9.837772 0.689405
v -0.340614 10.449437 0.689234
v -0.262177 9.829217 0.609975
v -0.383599 10.440882 0.609804
v -0.293792 9.823420 2.316606
v -0.415214 10.435084 2.316434
v -0.336777 9.814864 2.237176
v -0.458199 10.426529 2.237004
v -0.215054 9.839038 2.272313
v -0.336476 10.450702 2.272141
v -0.258039 9.830482 2.192883
v -0.379460 10.442146 2.192712
v -0.289654 9.824685 3.899513
v -0.411076 10.436349 3.899342
v -0.332639 9.816130 3.820084
v -0.454060 10.427794 3.819912
v -0.210916 9.840302 3.855221
v -0.332337 10.451967 3.855049
v -0.253900 9.831748 3.775791
v -0.375322 10.443412 3.775620
v -0.285516 9.825950 5.482421
v -0.406938 10.437614 5.482249
v -0.328501 9.817394 5.402991
v -0.449922 10.429059 5.402820
v -0.206778 9.841568 5.438128
v -0.328200 10.453232 5.437957
v -0.249763 9.833013 5.358699
v -0.371184 10.444677 5.358527
v -0.281378 9.827215 7.065330
v -0.402800 10.438879 7.065158
v -0.324362 9.818660 6.985899
v -0.445784 10.430325 6.985727
v -0.202640 9.842833 7.021037
v -0.324061 10.454497 7.020865
v -0.245624 9.834278 6.941607
v -0.367046 10.445942 6.941436
v -0.277240 9.828480 8.648238
v -0.398662 10.440145 8.648067
v -0.320225 9.819925 8.568809
v -0.441646 10.431589 8.568637
v -0.198502 9.844098 8.603946
v -0.319923 10.455763 8.603774
v -0.241487 9.835543 8.524516
v -0.362908 10.447207 8.524344
v -0.273102 9.829745 10.231145
v -0.394524 10.441409 10.230973
v -0.316087 9.821190 10.151715
v -0.437508 10.432855 10.151544
v -0.194364 9.845364 10.186852
v -0.315786 10.457027 10.186681
v -0.237349 9.836808 10.107423
v -0.358770 10.448472 10.107251
v -0.114106 9.952258 -7.287841
v -0.185141 10.550900 -7.288007
v -0.157541 9.947083 -7.367116
v -0.228576 10.545724 -7.367282
v -0.034895 9.961645 -7.331854
v -0.105930 10.560287 -7.332020
v -0.078330 9.956470 -7.411129
v -0.149365 10.555111 -7.411295
v -0.107004 9.953538 -5.709624
v -0.178040 10.552179 -5.709790
v -0.150439 9.948361 -5.788899
v -0.221475 10.547004 -5.789065
v -0.027793 9.962925 -5.753637
v -0.098828 10.561567 -5.753803
v -0.071228 9.957748 -5.832912
v -0.142263 10.556391 -5.833078
v -0.099903 9.954817 -4.131408
v -0.170938 10.553459 -4.131574
v -0.143337 9.949641 -4.210683
v -0.214373 10.548284 -4.210849
v -0.020691 9.964205 -4.175421
v -0.091727 10.562846 -4.175586
v -0.064126 9.959028 -4.254696
v -0.135162 10.557671 -4.254862
v -0.092801 9.956097 -2.553191
v -0.163836 10.554739 -2.553357
v -0.136236 9.950921 -2.632466
v -0.207271 10.549563 -2.632632
v -0.013590 9.965484 -2.597204
v -0.084625 10.564126 -2.597369
v -0.057025 9.960308 -2.676479
v -0.128060 10.558950 -2.676645
v -0.085699 9.957376 -0.974974
v -0.156735 10.556019 -0.975140
v -0.129134 9.952201 -1.054249
v -0.200170 10.550842 -1.054415
v -0.006488 9.966763 -1.018987
v -0.077523 10.565406 -1.019153
v -0.049923 9.961588 -1.098262
v -0.120958 10.560230 -1.098428
v -0.078598 9.958656 0.603242
v -0.149633 10.557299 0.603076
v -0.122033 9.953480 0.523967
v -0.193068 10.552122 0.523801
v 0.000614 9.968043 0.559230
v -0.070422 10.566686 0.559064
v -0.042821 9.962868 0.479955
v -0.113857 10.561509 0.479789
v -0.071495 9.959936 2.181459
v -0.142531 10.558578 2.181293
v -0.114931 9.954760 2.102184
v -0.185966 10.553402 2.102018
v 0.007716 9.969323 2.137447
v -0.063320 10.567965 2.137280
v -0.035719 9.964147 2.058172
v -0.106755 10.562789 2.058005
v -0.064394 9.961215 3.759676
v -0.135429 10.559857 3.759511
v -0.107829 9.956039 3.680401
v -0.178864 10.554682 3.680235
v 0.014818 9.970603 3.715665
v -0.056218 10.569244 3.715497
v -0.028617 9.965426 3.636389
v -0.099653 10.564069 3.636223
v -0.057292 9.962495 5.337893
v -0.128327 10.561137 5.337728
v -0.100726 9.957319 5.258619
v -0.171762 10.555962 5.258452
v 0.021919 9.971882 5.293880
v -0.049116 10.570524 5.293715
v -0.021515 9.966706 5.214605
v -0.092551 10.565349 5.214440
v -0.050191 9.963775 6.916110
v -0.121226 10.562417 6.915946
v -0.093626 9.958598 6.836835
v -0.164661 10.557240 6.836670
v 0.029020 9.973162 6.872098
v -0.042015 10.571804 6.871933
v -0.014415 9.967985 6.792822
v -0.085450 10.566628 6.792658
v -0.043090 9.965054 8.494325
v -0.114125 10.563696 8.494161
v -0.086525 9.959878 8.415051
v -0.157560 10.558520 8.414886
v 0.036122 9.974442 8.450315
v -0.034912 10.573084 8.450150
v -0.007313 9.969265 8.371039
v -0.078347 10.567907 8.370875
v -0.035988 9.966333 10.072543
v -0.107024 10.564976 10.072379
v -0.079423 9.961158 9.993270
v -0.150458 10.559800 9.993102
v 0.043222 9.975720 10.028531
v -0.027812 10.574363 10.028367
v -0.000212 9.970545 9.949256
v -0.071247 10.569187 9.949090
v 0.056452 7.507670 -7.615566
v -0.759496 8.048965 -6.890838
v -1.046583 9.118237 -6.696696
v -0.615539 9.914875 -7.038223
v 0.093394 10.190901 -8.950980
v 0.877630 9.758801 -9.138241
v 1.274837 8.767894 -9.052715
v 0.917709 7.810059 -8.461269
v -0.876923 7.937627 -6.801884
v 0.049230 7.333391 -7.584703
v -1.205429 9.135061 -6.601758
v -0.722754 10.050005 -6.992916
v 0.100615 10.365179 -8.981843
v 0.995058 9.870139 -9.227196
v 1.433683 8.751070 -9.147653
v 1.024924 7.674929 -8.506577
v 0.105000 10.367419 -7.414727
v 0.110118 10.196363 -7.356970
v 0.001100 7.321498 -7.713442
v -0.925053 7.925733 -6.930622
v -1.253559 9.123167 -6.730497
v -0.770884 10.038112 -7.121654
v 0.052485 10.353286 -9.110581
v 0.946928 9.858246 -9.355934
v 1.385553 8.739177 -9.276391
v 0.976794 7.663036 -8.635315
v 0.008322 7.495776 -7.744305
v 0.869579 7.798165 -8.590008
v -0.807626 8.037071 -7.019577
v -1.094713 9.106344 -6.825435
v -0.663669 9.902982 -7.166962
v 0.045264 10.179008 -9.079719
v 0.829500 9.746908 -9.266979
v 1.226707 8.756001 -9.181454
v 0.061988 10.184470 -7.485709
v 0.062125 10.356825 -7.529410
v 0.056451 7.507670 -6.031916
v -0.759496 8.048965 -5.307187
v -1.046583 9.118237 -5.113045
v -0.615539 9.914875 -5.454573
v 0.093394 10.190901 -7.367330
v 0.877630 9.758801 -7.554590
v 1.274837 8.767894 -7.469065
v 0.917709 7.810059 -6.877619
v -0.876923 7.937627 -5.218233
v 0.049230 7.333391 -6.001053
v -1.205429 9.135061 -5.018108
v -0.722754 10.050005 -5.409265
v 0.100615 10.365179 -7.398192
v 0.995058 9.870139 -7.643545
v 1.433683 8.751070 -7.564002
v 1.024924 7.674930 -6.922926
v 0.105000 10.367419 -5.831076
v 0.110117 10.196363 -5.773319
v 0.001100 7.321498 -6.129791
v -0.925053 7.925733 -5.346972
v -1.253559 9.123167 -5.146846
v -0.770884 10.038112 -5.538003
v 0.052486 10.353286 -7.526931
v 0.946928 9.858246 -7.772283
v 1.385553 8.739177 -7.692740
v 0.976794 7.663036 -7.051665
v 0.008322 7.495776 -6.160655
v 0.869579 7.798166 -7.006357
v -0.807626 8.037071 -5.435925
v -1.094713 9.106344 -5.241784
v -0.663669 9.902982 -5.583311
v 0.045264 10.179008 -7.496068
v 0.829500 9.746908 -7.683329
v 1.226707 8.756001 -7.597803
v 0.061988 10.184470 -5.902058
v 0.062125 10.356825 -5.945759
v 0.056451 7.507670 -4.448265
v -0.759496 8.048965 -3.723536
v -1.046583 9.118237 -3.529395
v -0.615539 9.914875 -3.870922
v 0.093394 10.190901 -5.783679
v 0.877630 9.758801 -5.970940
v 1.274837 8.767894 -5.885414
v 0.917709 7.810059 -5.293968
v -0.876923 7.937627 -3.634582
v 0.049230 7.333391 -4.417402
v -1.205429 9.135061 -3.434457
v -0.722754 10.050005 -3.825614
v 0.100615 10.365179 -5.814542
v 0.995058 9.870139 -6.059894
v 1.433683 8.751070 -5.980351
v 1.024924 7.674930 -5.339275
v 0.105000 10.367419 -4.247425
v 0.110117 10.196363 -4.189669
v 0.001101 7.321498 -4.546140
v -0.925053 7.925733 -3.763321
v -1.253559 9.123167 -3.563196
v -0.770884 10.038112 -3.954352
v 0.052486 10.353286 -5.943280
v 0.946928 9.858246 -6.188632
v 1.385553 8.739178 -6.109090
v 0.976794 7.663036 -5.468014
v 0.008322 7.495777 -4.577003
v 0.869579 7.798166 -5.422707
v -0.807626 8.037071 -3.852275
v -1.094713 9.106344 -3.658133
v -0.663669 9.902982 -3.999660
v 0.045264 10.179008 -5.912417
v 0.829500 9.746908 -6.099679
v 1.226707 8.756001 -6.014153
v 0.061988 10.184470 -4.318407
v 0.062125 10.356825 -4.362108
v 0.056451 7.507670 -2.864614
v -0.759496 8.048965 -2.139885
v -1.046584 9.118237 -1.945744
v -0.615539 9.914876 -2.287271
v 0.093394 10.190901 -4.200028
v 0.877630 9.758801 -4.387289
v 1.274837 8.767894 -4.301764
v 0.917709 7.810059 -3.710318
v -0.876923 7.937627 -2.050931
v 0.049230 7.333391 -2.833751
v -1.205429 9.135061 -1.850806
v -0.722754 10.050005 -2.241964
v 0.100615 10.365179 -4.230891
v 0.995058 9.870139 -4.476243
v 1.433683 8.751071 -4.396701
v 1.024924 7.674930 -3.755625
v 0.105000 10.367419 -2.663775
v 0.110117 10.196363 -2.606018
v 0.001100 7.321498 -2.962490
v -0.925053 7.925733 -2.179671
v -1.253559 9.123167 -1.979545
v -0.770884 10.038112 -2.370702
v 0.052485 10.353286 -4.359630
v 0.946928 9.858246 -4.604982
v 1.385553 8.739178 -4.525439
v 0.976794 7.663036 -3.884363
v 0.008321 7.495777 -2.993353
v 0.869579 7.798166 -3.839056
v -0.807626 8.037071 -2.268624
v -1.094713 9.106344 -2.074482
v -0.663669 9.902983 -2.416010
v 0.045264 10.179008 -4.328767
v 0.829500 9.746908 -4.516027
v 1.226707 8.756001 -4.430502
v 0.061988 10.184470 -2.734756
v 0.062125 10.356825 -2.778458
v 0.056451 7.507670 -1.280963
v -0.759496 8.048965 -0.556235
v -1.046583 9.118238 -0.362093
v -0.615539 9.914876 -0.703620
v 0.093394 10.190901 -2.616377
v 0.877630 9.758801 -2.803638
v 1.274837 8.767894 -2.718112
v 0.917709 7.810059 -2.126667
v -0.876923 7.937627 -0.467280
v 0.049230 7.333391 -1.250100
v -1.205429 9.135061 -0.267155
v -0.722754 10.050005 -0.658313
v 0.100615 10.365179 -2.647240
v 0.995057 9.870139 -2.892592
v 1.433683 8.751071 -2.813049
v 1.024924 7.674930 -2.171974
v 0.105000 10.367419 -1.080125
v 0.110118 10.196363 -1.022367
v 0.001101 7.321498 -1.378839
v -0.925053 7.925734 -0.596019
v -1.253559 9.123168 -0.395894
v -0.770884 10.038112 -0.787051
v 0.052485 10.353286 -2.775979
v 0.946928 9.858246 -3.021331
v 1.385553 8.739178 -2.941788
v 0.976794 7.663036 -2.300712
v 0.008322 7.495777 -1.409702
v 0.869579 7.798166 -2.255404
v -0.807626 8.037071 -0.684973
v -1.094713 9.106344 -0.490832
v -0.663669 9.902983 -0.832358
v 0.045264 10.179008 -2.745115
v 0.829500 9.746908 -2.932377
v 1.226707 8.756001 -2.846851
v 0.061988 10.184470 -1.151105
v 0.062125 10.356825 -1.194807
v 0.056451 7.507670 0.302687
v -0.759496 8.048965 1.027416
v -1.046584 9.118238 1.221558
v -0.615539 9.914876 0.880031
v 0.093394 10.190901 -1.032726
v 0.877630 9.758801 -1.219987
v 1.274837 8.767894 -1.134461
v 0.917708 7.810059 -0.543016
v -0.876924 7.937627 1.116370
v 0.049230 7.333392 0.333550
v -1.205430 9.135061 1.316495
v -0.722754 10.050005 0.925338
v 0.100615 10.365179 -1.063590
v 0.995057 9.870139 -1.308942
v 1.433682 8.751071 -1.229399
v 1.024924 7.674930 -0.588323
v 0.105000 10.367419 0.503527
v 0.110117 10.196363 0.561284
v 0.001100 7.321498 0.204811
v -0.925053 7.925734 0.987632
v -1.253559 9.123168 1.187757
v -0.770884 10.038112 0.796599
v 0.052485 10.353286 -1.192328
v 0.946927 9.858246 -1.437681
v 1.385553 8.739178 -1.358138
v 0.976794 7.663036 -0.717061
v 0.008322 7.495777 0.173949
v 0.869579 7.798166 -0.671754
v -0.807626 8.037071 0.898677
v -1.094713 9.106344 1.092820
v -0.663669 9.902983 0.751293
v 0.045264 10.179008 -1.161465
v 0.829500 9.746908 -1.348726
v 1.226707 8.756001 -1.263200
v 0.061987 10.184470 0.432545
v 0.062125 10.356825 0.388844
v 0.056452 7.507670 1.886338
v -0.759496 8.048965 2.611066
v -1.046583 9.118238 2.805208
v -0.615539 9.914876 2.463681
v 0.093394 10.190901 0.550924
v 0.877630 9.758801 0.363663
v 1.274837 8.767894 0.449189
v 0.917708 7.810059 1.040634
v -0.876923 7.937627 2.700020
v 0.049230 7.333392 1.917200
v -1.205429 9.135061 2.900146
v -0.722754 10.050005 2.508988
v 0.100615 10.365180 0.520060
v 0.995057 9.870139 0.274709
v 1.433682 8.751071 0.354252
v 1.024924 7.674930 0.995327
v 0.105000 10.367419 2.087176
v 0.110117 10.196363 2.144934
v 0.001100 7.321498 1.788462
v -0.925053 7.925734 2.571282
v -1.253559 9.123168 2.771407
v -0.770884 10.038112 2.380250
v 0.052485 10.353287 0.391323
v 0.946927 9.858246 0.145970
v 1.385553 8.739178 0.225513
v 0.976794 7.663036 0.866589
v 0.008322 7.495777 1.757599
v 0.869579 7.798166 0.911897
v -0.807626 8.037071 2.482327
v -1.094713 9.106344 2.676471
v -0.663669 9.902983 2.334944
v 0.045264 10.179008 0.422185
v 0.829500 9.746908 0.234924
v 1.226707 8.756001 0.320451
v 0.061987 10.184470 2.016196
v 0.062125 10.356825 1.972494
v 0.056451 7.507670 3.469989
v -0.759497 8.048965 4.194716
v -1.046583 9.118238 4.388859
v -0.615539 9.914876 4.047332
v 0.093394 10.190901 2.134575
v 0.877630 9.758801 1.947313
v 1.274837 8.767894 2.032839
v 0.917708 7.810060 2.624285
v -0.876924 7.937627 4.283671
v 0.049230 7.333392 3.500850
v -1.205429 9.135061 4.483796
v -0.722754 10.050005 4.092638
v 0.100615 10.365180 2.103711
v 0.995058 9.870139 1.858358
v 1.433682 8.751071 1.937901
v 1.024924 7.674930 2.578979
v 0.105000 10.367420 3.670828
v 0.110117 10.196363 3.728584
v 0.001100 7.321498 3.372112
v -0.925053 7.925734 4.154932
v -1.253560 9.123168 4.355058
v -0.770884 10.038112 3.963901
v 0.052485 10.353287 1.974972
v 0.946927 9.858246 1.729621
v 1.385553 8.739178 1.809164
v 0.976793 7.663036 2.450239
v 0.008322 7.495777 3.341249
v 0.869579 7.798166 2.495545
v -0.807626 8.037071 4.065977
v -1.094713 9.106345 4.260120
v -0.663669 9.902983 3.918593
v 0.045264 10.179008 2.005836
v 0.829500 9.746908 1.818575
v 1.226707 8.756001 1.904101
v 0.061987 10.184470 3.599846
v 0.062125 10.356825 3.556145
v 0.056451 7.507670 5.053639
v -0.759496 8.048965 5.778366
v -1.046584 9.118238 5.972508
v -0.615540 9.914876 5.630980
v 0.093394 10.190902 3.718225
v 0.877630 9.758801 3.530963
v 1.274837 8.767895 3.616488
v 0.917709 7.810060 4.207935
v -0.876924 7.937627 5.867321
v 0.049230 7.333392 5.084500
v -1.205430 9.135061 6.067446
v -0.722753 10.050005 5.676290
v 0.100615 10.365180 3.687362
v 0.995057 9.870140 3.442008
v 1.433682 8.751071 3.521551
v 1.024924 7.674930 4.162628
v 0.105000 10.367420 5.254479
v 0.110118 10.196364 5.312234
v 0.001100 7.321498 4.955762
v -0.925053 7.925734 5.738583
v -1.253560 9.123168 5.938708
v -0.770884 10.038112 5.547550
v 0.052485 10.353287 3.558623
v 0.946927 9.858246 3.313271
v 1.385553 8.739178 3.392814
v 0.976794 7.663037 4.033889
v 0.008321 7.495777 4.924900
v 0.869579 7.798166 4.079196
v -0.807626 8.037071 5.649629
v -1.094713 9.106344 5.843771
v -0.663669 9.902983 5.502244
v 0.045264 10.179008 3.589484
v 0.829501 9.746908 3.402225
v 1.226707 8.756001 3.487751
v 0.061987 10.184471 5.183496
v 0.062125 10.356825 5.139795
v 0.056451 7.507671 6.637290
v -0.759497 8.048965 7.362018
v -1.046584 9.118238 7.556160
v -0.615540 9.914876 7.214630
v 0.093394 10.190902 5.301876
v 0.877630 9.758801 5.114614
v 1.274837 8.767895 5.200140
v 0.917709 7.810060 5.791586
v -0.876924 7.937627 7.450971
v 0.049230 7.333392 6.668152
v -1.205430 9.135061 7.651096
v -0.722753 10.050006 7.259940
v 0.100615 10.365180 5.271012
v 0.995057 9.870140 5.025659
v 1.433682 8.751071 5.105202
v 1.024924 7.674930 5.746280
v 0.105000 10.367420 6.838129
v 0.110117 10.196364 6.895885
v 0.001100 7.321499 6.539412
v -0.925054 7.925734 7.322233
v -1.253559 9.123168 7.522358
v -0.770884 10.038112 7.131201
v 0.052485 10.353287 5.142273
v 0.946928 9.858246 4.896921
v 1.385553 8.739178 4.976464
v 0.976793 7.663037 5.617539
v 0.008321 7.495777 6.508549
v 0.869579 7.798166 5.662847
v -0.807626 8.037071 7.233278
v -1.094712 9.106345 7.427421
v -0.663668 9.902983 7.085894
v 0.045264 10.179008 5.173136
v 0.829500 9.746908 4.985876
v 1.226707 8.756001 5.071402
v 0.061987 10.184471 6.767145
v 0.062125 10.356825 6.723444
v 0.056451 7.507671 8.220940
v -0.759496 8.048965 8.945666
v -1.046583 9.118238 9.139810
v -0.615540 9.914876 8.798282
v 0.093394 10.190902 6.885526
v 0.877630 9.758801 6.698263
v 1.274836 8.767895 6.783791
v 0.917709 7.810060 7.375237
v -0.876924 7.937627 9.034621
v 0.049230 7.333393 8.251801
v -1.205430 9.135061 9.234746
v -0.722753 10.050006 8.843591
v 0.100616 10.365180 6.854662
v 0.995058 9.870140 6.609309
v 1.433682 8.751071 6.688851
v 1.024924 7.674930 7.329930
v 0.105000 10.367420 8.421780
v 0.110117 10.196364 8.479535
v 0.001100 7.321499 8.123063
v -0.925053 7.925734 8.905883
v -1.253560 9.123168 9.106008
v -0.770884 10.038112 8.714851
v 0.052485 10.353287 6.725924
v 0.946927 9.858246 6.480573
v 1.385552 8.739178 6.560114
v 0.976793 7.663037 7.201188
v 0.008320 7.495777 8.092198
v 0.869579 7.798166 7.246497
v -0.807627 8.037071 8.816928
v -1.094713 9.106345 9.011071
v -0.663669 9.902983 8.669544
v 0.045264 10.179008 6.756787
v 0.829501 9.746908 6.569526
v 1.226707 8.756001 6.655051
v 0.061987 10.184471 8.350796
v 0.062124 10.356825 8.307096
v 0.056451 7.507671 9.804589
v -0.759497 8.048965 10.529319
v -1.046583 9.118238 10.723462
v -0.615540 9.914876 10.381930
v 0.093394 10.190902 8.469176
v 0.877630 9.758801 8.281915
v 1.274836 8.767895 8.367440
v 0.917709 7.810060 8.958888
v -0.876924 7.937627 10.618274
v 0.049230 7.333393 9.835452
v -1.205430 9.135061 10.818397
v -0.722753 10.050006 10.427239
v 0.100615 10.365180 8.438313
v 0.995057 9.870140 8.192960
v 1.433683 8.751071 8.272503
v 1.024924 7.674930 8.913579
v 0.105000 10.367420 10.005431
v 0.110117 10.196364 10.063186
v 0.001099 7.321499 9.706712
v -0.925054 7.925734 10.489535
v -1.253560 9.123168 10.689658
v -0.770884 10.038112 10.298501
v 0.052485 10.353287 8.309574
v 0.946928 9.858247 8.064221
v 1.385552 8.739178 8.143763
v 0.976793 7.663037 8.784839
v 0.008321 7.495777 9.675851
v 0.869578 7.798166 8.830148
v -0.807626 8.037071 10.400578
v -1.094713 9.106345 10.594720
v -0.663669 9.902983 10.253196
v 0.045264 10.179008 8.340437
v 0.829500 9.746908 8.153177
v 1.226707 8.756001 8.238703
v 0.061987 10.184471 9.934445
v 0.062124 10.356825 9.890746
v -0.126384 8.552316 10.464997
v 0.104023 9.306733 10.464995
v -0.126384 8.552316 10.308070
v 0.104023 9.306733 10.308070
v 0.023698 8.506479 10.464995
v 0.254105 9.260897 10.464995
v 0.023699 8.506479 10.308070
v 0.254106 9.260897 10.308070
v -0.126383 8.552316 8.032650
v 0.104023 9.306733 8.032650
v -0.126383 8.552316 7.875725
v 0.104023 9.306733 7.875724
v 0.023698 8.506479 8.032650
v 0.254105 9.260897 8.032649
v 0.023698 8.506479 7.875725
v 0.254105 9.260897 7.875724
v -0.126383 8.552316 5.600304
v 0.104023 9.306733 5.600305
v -0.126384 8.552316 5.443378
v 0.104023 9.306733 5.443378
v 0.023699 8.506479 5.600304
v 0.254105 9.260897 5.600304
v 0.023699 8.506479 5.443377
v 0.254105 9.260897 5.443378
v -0.126384 8.552316 3.167958
v 0.104023 9.306733 3.167958
v -0.126384 8.552316 3.011033
v 0.104023 9.306733 3.011032
v 0.023698 8.506479 3.167958
v 0.254105 9.260897 3.167958
v 0.023699 8.506479 3.011033
v 0.254105 9.260897 3.011032
v -0.126384 8.552316 0.735612
v 0.104023 9.306733 0.735612
v -0.126384 8.552316 0.578686
v 0.104023 9.306733 0.578687
v 0.023699 8.506479 0.735612
v 0.254105 9.260897 0.735611
v 0.023699 8.506479 0.578687
v 0.254105 9.260897 0.578686
v -0.126384 8.552316 -1.696733
v 0.104023 9.306733 -1.696734
v -0.126384 8.552316 -1.853659
v 0.104023 9.306733 -1.853660
v 0.023699 8.506479 -1.696734
v 0.254105 9.260897 -1.696734
v 0.023699 8.506479 -1.853660
v 0.254104 9.260897 -1.853659
v -0.126383 8.552316 -4.129080
v 0.104023 9.306733 -4.129081
v -0.126383 8.552316 -4.286005
v 0.104024 9.306733 -4.286006
v 0.023698 8.506479 -4.129081
v 0.254105 9.260897 -4.129080
v 0.023699 8.506479 -4.286006
v 0.254105 9.260897 -4.286005
v -0.126383 8.552316 -6.561426
v 0.104023 9.306733 -6.561427
v -0.126383 8.552316 -6.718351
v 0.104023 9.306733 -6.718351
v 0.023698 8.506479 -6.561427
v 0.254105 9.260897 -6.561426
v 0.023698 8.506479 -6.718351
v 0.254104 9.260897 -6.718351
v -0.126383 8.552316 -8.993772
v 0.104023 9.306733 -8.993773
v -0.126383 8.552316 -9.150697
v 0.104023 9.306733 -9.150698
v 0.023698 8.506479 -8.993773
v 0.254104 9.260897 -8.993772
v 0.023698 8.506479 -9.150698
v 0.254105 9.260897 -9.150697
v 0.078997 8.504754 10.102273
v -0.103925 9.272069 10.102275
v 0.078998 8.504754 9.945348
v -0.103925 9.272069 9.945348
v 0.231646 8.541144 10.102273
v 0.048723 9.308459 10.102275
v 0.231645 8.541144 9.945348
v 0.048722 9.308458 9.945348
v 0.078997 8.504754 7.669927
v -0.103925 9.272069 7.669928
v 0.078998 8.504754 7.513001
v -0.103926 9.272069 7.513002
v 0.231645 8.541144 7.669927
v 0.048723 9.308459 7.669928
v 0.231645 8.541144 7.513001
v 0.048722 9.308458 7.513000
v 0.078997 8.504754 5.237581
v -0.103925 9.272069 5.237581
v 0.078997 8.504754 5.080656
v -0.103926 9.272069 5.080656
v 0.231646 8.541144 5.237580
v 0.048723 9.308458 5.237581
v 0.231645 8.541144 5.080656
v 0.048723 9.308459 5.080656
v 0.078997 8.504754 2.805235
v -0.103925 9.272069 2.805235
v 0.078997 8.504754 2.648310
v -0.103926 9.272069 2.648309
v 0.231645 8.541144 2.805236
v 0.048723 9.308459 2.805235
v 0.231645 8.541144 2.648310
v 0.048723 9.308459 2.648310
v 0.078997 8.504754 0.372889
v -0.103925 9.272069 0.372889
v 0.078997 8.504754 0.215964
v -0.103925 9.272069 0.215964
v 0.231645 8.541143 0.372890
v 0.048723 9.308459 0.372889
v 0.231645 8.541144 0.215965
v 0.048723 9.308459 0.215964
v 0.078996 8.504754 -2.059457
v -0.103925 9.272069 -2.059457
v 0.078996 8.504754 -2.216382
v -0.103925 9.272069 -2.216382
v 0.231646 8.541144 -2.059457
v 0.048723 9.308459 -2.059457
v 0.231646 8.541143 -2.216382
v 0.048723 9.308459 -2.216382
v 0.078997 8.504753 -4.491802
v -0.103925 9.272069 -4.491802
v 0.078997 8.504754 -4.648727
v -0.103925 9.272069 -4.648728
v 0.231646 8.541144 -4.491802
v 0.048723 9.308459 -4.491802
v 0.231646 8.541144 -4.648727
v 0.048723 9.308459 -4.648727
v 0.078997 8.504754 -6.924149
v -0.103925 9.272069 -6.924149
v 0.078997 8.504754 -7.081074
v -0.103925 9.272069 -7.081074
v 0.231646 8.541144 -6.924149
v 0.048723 9.308459 -6.924149
v 0.231646 8.541144 -7.081074
v 0.048723 9.308459 -7.081074
v 0.078996 8.504753 -9.356495
v -0.103926 9.272069 -9.356495
v 0.078997 8.504754 -9.513420
v -0.103925 9.272069 -9.513420
v 0.231645 8.541143 -9.356495
v 0.048723 9.308458 -9.356495
v 0.231646 8.541144 -9.513420
v 0.048723 9.308459 -9.513420
v -0.016918 8.788185 10.898660
v -0.016918 8.962657 10.898660
v -0.016918 8.788185 -9.973970
v -0.016918 8.962657 -9.973970
v 0.157553 8.788185 10.898660
v 0.157553 8.962657 10.898662
v 0.157553 8.788185 -9.973970
v 0.157553 8.962657 -9.973970
v 0.729079 7.401309 -8.294854
v 0.658043 7.999950 -8.295020
v 0.685644 7.396132 -8.374129
v 0.614608 7.994775 -8.374295
v 0.808290 7.410696 -8.338867
v 0.737255 8.009338 -8.339032
v 0.764855 7.405519 -8.418142
v 0.693820 8.004162 -8.418308
v 0.736181 7.402588 -6.716637
v 0.665145 8.001230 -6.716803
v 0.692746 7.397412 -6.795912
v 0.621710 7.996055 -6.796078
v 0.815392 7.411975 -6.760650
v 0.744356 8.010617 -6.760816
v 0.771957 7.406799 -6.839925
v 0.700921 8.005442 -6.840091
v 0.743282 7.403868 -5.138421
v 0.672247 8.002510 -5.138587
v 0.699847 7.398692 -5.217695
v 0.628812 7.997334 -5.217861
v 0.822493 7.413255 -5.182433
v 0.751458 8.011897 -5.182599
v 0.779059 7.408079 -5.261708
v 0.708023 8.006721 -5.261874
v 0.750384 7.405148 -3.560204
v 0.679348 8.003790 -3.560369
v 0.706949 7.399971 -3.639479
v 0.635913 7.998613 -3.639645
v 0.829595 7.414535 -3.604216
v 0.758560 8.013176 -3.604382
v 0.786160 7.409359 -3.683492
v 0.715125 8.008000 -3.683658
v 0.757485 7.406427 -1.981987
v 0.686450 8.005070 -1.982153
v 0.714050 7.401251 -2.061262
v 0.643015 7.999893 -2.061428
v 0.836697 7.415814 -2.026000
v 0.765661 8.014456 -2.026166
v 0.793262 7.410638 -2.105275
v 0.722226 8.009280 -2.105441
v 0.764587 7.407706 -0.403770
v 0.693552 8.006349 -0.403936
v 0.721152 7.402531 -0.483046
v 0.650117 8.001173 -0.483212
v 0.843798 7.417094 -0.447783
v 0.772763 8.015736 -0.447949
v 0.800363 7.411918 -0.527058
v 0.729328 8.010560 -0.527225
v 0.771689 7.408987 1.174446
v 0.700654 8.007628 1.174280
v 0.728254 7.403811 1.095171
v 0.657219 8.002453 1.095005
v 0.850900 7.418374 1.130434
v 0.779865 8.017015 1.130268
v 0.807465 7.413198 1.051159
v 0.736430 8.011840 1.050993
v 0.778791 7.410266 2.752664
v 0.707756 8.008908 2.752498
v 0.735356 7.405090 2.673388
v 0.664321 8.003733 2.673223
v 0.858002 7.419653 2.708651
v 0.786967 8.018295 2.708486
v 0.814567 7.414477 2.629375
v 0.743532 8.013119 2.629210
v 0.785893 7.411546 4.330881
v 0.714857 8.010187 4.330715
v 0.742459 7.406370 4.251607
v 0.671423 8.005012 4.251440
v 0.865104 7.420933 4.286867
v 0.794069 8.019575 4.286701
v 0.821669 7.415757 4.207592
v 0.750634 8.014399 4.207427
v 0.792994 7.412825 5.909098
v 0.721959 8.011467 5.908933
v 0.749559 7.407649 5.829823
v 0.678524 8.006291 5.829659
v 0.872205 7.422212 5.865086
v 0.801170 8.020855 5.864921
v 0.828770 7.417036 5.785810
v 0.757735 8.015678 5.785645
v 0.800095 7.414104 7.487314
v 0.729060 8.012747 7.487148
v 0.756660 7.408929 7.408038
v 0.685625 8.007570 7.407873
v 0.879307 7.423491 7.443302
v 0.808272 8.022134 7.443136
v 0.835872 7.418316 7.364026
v 0.764837 8.016958 7.363861
v 0.807196 7.415384 9.065534
v 0.736162 8.014027 9.065368
v 0.763762 7.410208 8.986257
v 0.692727 8.008850 8.986091
v 0.886407 7.424771 9.021518
v 0.815372 8.023413 9.021354
v 0.842973 7.419595 8.942243
v 0.771938 8.018238 8.942079
v 0.563335 7.382575 -8.125590
v 0.441913 7.994239 -8.125762
v 0.520350 7.374020 -8.205020
v 0.398928 7.985684 -8.205192
v 0.642073 7.398192 -8.169883
v 0.520651 8.009857 -8.170054
v 0.599088 7.389637 -8.249313
v 0.477666 8.001302 -8.249484
v 0.567473 7.383840 -6.542683
v 0.446051 7.995504 -6.542854
v 0.524488 7.375284 -6.622112
v 0.403066 7.986949 -6.622284
v 0.646211 7.399458 -6.586975
v 0.524789 8.011122 -6.587146
v 0.603226 7.390903 -6.666405
v 0.481805 8.002567 -6.666576
v 0.571611 7.385105 -4.959774
v 0.450189 7.996769 -4.959946
v 0.528626 7.376550 -5.039205
v 0.407205 7.988214 -5.039376
v 0.650349 7.400723 -5.004067
v 0.528928 8.012387 -5.004238
v 0.607365 7.392168 -5.083497
v 0.485943 8.003832 -5.083669
v 0.575749 7.386370 -3.376867
v 0.454327 7.998034 -3.377038
v 0.532765 7.377815 -3.456296
v 0.411343 7.989479 -3.456468
v 0.654487 7.401988 -3.421159
v 0.533065 8.013653 -3.421331
v 0.611503 7.393433 -3.500589
v 0.490081 8.005097 -3.500761
v 0.579888 7.387635 -1.793958
v 0.458465 7.999300 -1.794130
v 0.536903 7.379080 -1.873389
v 0.415480 7.990744 -1.873561
v 0.658626 7.403253 -1.838251
v 0.537204 8.014917 -1.838423
v 0.615641 7.394698 -1.917681
v 0.494219 8.006362 -1.917853
v 0.584025 7.388900 -0.211051
v 0.462604 8.000565 -0.211222
v 0.541041 7.380345 -0.290482
v 0.419619 7.992009 -0.290653
v 0.662764 7.404518 -0.255344
v 0.541342 8.016182 -0.255515
v 0.619779 7.395963 -0.334774
v 0.498358 8.007627 -0.334945
v 0.588164 7.390165 1.371857
v 0.466742 8.001830 1.371686
v 0.545179 7.381610 1.292426
v 0.423758 7.993275 1.292256
v 0.666902 7.405783 1.327564
v 0.545481 8.017447 1.327394
v 0.623917 7.397228 1.248133
v 0.502496 8.008892 1.247963
v 0.592303 7.391430 2.954763
v 0.470881 8.003095 2.954594
v 0.549318 7.382875 2.875334
v 0.427896 7.994540 2.875163
v 0.671041 7.407048 2.910471
v 0.549618 8.018713 2.910301
v 0.628056 7.398493 2.831041
v 0.506635 8.010158 2.830873
v 0.596441 7.392695 4.537673
v 0.475019 8.004360 4.537502
v 0.553456 7.384140 4.458241
v 0.432034 7.995805 4.458073
v 0.675178 7.408313 4.493379
v 0.553756 8.019978 4.493209
v 0.632194 7.399758 4.413948
v 0.510772 8.011423 4.413779
v 0.600579 7.393960 6.120581
v 0.479157 8.005625 6.120410
v 0.557593 7.385406 6.041149
v 0.436172 7.997069 6.040979
v 0.679317 7.409578 6.076288
v 0.557895 8.021243 6.076118
v 0.636332 7.401023 5.996860
v 0.514911 8.012688 5.996689
v 0.604717 7.395226 7.703487
v 0.483294 8.006889 7.703318
v 0.561732 7.386671 7.624059
v 0.440310 7.998335 7.623889
v 0.683455 7.410844 7.659196
v 0.562034 8.022509 7.659026
v 0.640471 7.402288 7.579767
v 0.519049 8.013953 7.579597
v 0.608854 7.396491 9.286397
v 0.487433 8.008156 9.286227
v 0.565870 7.387936 9.206967
v 0.444449 7.999600 9.206798
v 0.687593 7.412109 9.242106
v 0.566173 8.023773 9.241935
v 0.644609 7.403554 9.162677
v 0.523187 8.015218 9.162505
vn -0.8588 -0.1703 0.4831
vn -0.4738 -0.0943 -0.8756
vn 0.8588 0.1703 -0.4831
vn 0.4738 0.0943 0.8756
vn 0.1947 -0.9809 0.0003
vn -0.1947 0.9809 -0.0003
vn 0.8588 0.1704 -0.4831
vn -0.8588 -0.1704 0.4831
vn -0.8695 -0.1030 0.4831
vn -0.4797 -0.0572 -0.8756
vn 0.8695 0.1030 -0.4831
vn 0.4797 0.0572 0.8756
vn 0.1178 -0.9930 0.0003
vn -0.1178 0.9930 -0.0003
vn -0.3894 -0.8924 0.2280
vn -0.8834 -0.3022 0.3582
vn -0.8071 0.5337 0.2524
vn 0.4196 0.8760 -0.2378
vn 0.8778 0.3186 -0.3576
vn 0.8365 -0.4777 -0.2686
vn 0.3074 -0.9512 -0.0271
vn 0.6633 0.0243 0.7480
vn 0.5529 0.0052 0.8333
vn 0.5066 0.0963 0.8568
vn 0.3575 0.2243 0.9066
vn 0.4743 0.2538 0.8430
vn 0.5631 0.2628 0.7835
vn 0.6500 0.1755 0.7394
vn -0.6633 -0.0243 -0.7480
vn -0.5529 -0.0052 -0.8333
vn -0.5066 -0.0963 -0.8568
vn -0.3575 -0.2243 -0.9066
vn -0.3785 -0.1270 -0.9169
vn -0.4743 -0.2538 -0.8430
vn -0.5631 -0.2628 -0.7835
vn -0.6500 -0.1755 -0.7394
vn 0.9357 -0.0874 -0.3418
vn 0.3689 0.1725 0.9133
vn -0.3398 0.9396 0.0402
vn -0.9350 0.0990 0.3404
vn -0.8365 0.4777 0.2686
vn -0.8771 -0.3207 0.3575
vn -0.4241 -0.8734 0.2393
vn 0.3451 -0.9376 -0.0424
vn 0.8027 -0.5415 -0.2501
vn 0.8834 0.3022 -0.3582
vn 0.3894 0.8924 -0.2280
vn -0.3074 0.9512 0.0270
vn -0.4241 -0.8734 0.2392
vn -0.5528 -0.0052 -0.8333
vn -0.3074 0.9512 0.0271
vn -0.3895 -0.8924 0.2280
vn 0.3074 -0.9512 -0.0270
vn 0.3895 0.8924 -0.2280
vn 0.5528 0.0052 0.8333
vn 0.9357 -0.0874 -0.3417
vn 0.8027 -0.5415 -0.2500
vn -0.9564 0.2921 -0.0000
vn -0.0000 -0.0000 -1.0000
vn 0.9564 -0.2921 -0.0000
vn -0.0000 -0.0000 1.0000
vn -0.2921 -0.9564 -0.0000
vn 0.2921 0.9564 -0.0000
vn -0.9727 -0.2319 -0.0000
vn 0.9727 0.2319 -0.0000
vn 0.2319 -0.9727 -0.0000
vn -0.2319 0.9727 -0.0000
vn -1.0000 -0.0000 -0.0000
vn 1.0000 -0.0000 -0.0000
vn -0.0000 -1.0000 -0.0000
vn -0.0000 1.0000 -0.0000
vn 0.4797 0.0572 0.8755
vn 0.4738 0.0943 0.8755
vt 0.512238 0.264093
vt 0.512238 0.288650
vt 0.487682 0.288650
vt 0.487682 0.264093
vt 0.585909 0.264093
vt 0.585909 0.288650
vt 0.561352 0.288650
vt 0.561352 0.264093
vt 0.536795 0.288650
vt 0.536795 0.264093
vt 0.604243 0.881866
vt 0.628800 0.881866
vt 0.628800 0.906423
vt 0.604243 0.906423
vt 0.671319 0.906423
vt 0.646762 0.906423
vt 0.646762 0.881866
vt 0.671319 0.881866
vt 0.512238 0.008981
vt 0.512238 0.033538
vt 0.487682 0.033538
vt 0.487682 0.008981
vt 0.585909 0.008981
vt 0.585909 0.033538
vt 0.561352 0.033538
vt 0.561352 0.008981
vt 0.536795 0.033538
vt 0.536795 0.008981
vt 0.331169 0.881866
vt 0.331169 0.906423
vt 0.306612 0.906423
vt 0.306612 0.881866
vt 0.264093 0.906423
vt 0.264093 0.881866
vt 0.288650 0.881866
vt 0.288650 0.906423
vt 0.561352 0.118575
vt 0.561352 0.094018
vt 0.585909 0.094018
vt 0.585909 0.118575
vt 0.487682 0.118575
vt 0.487682 0.094018
vt 0.512238 0.094018
vt 0.512238 0.118575
vt 0.536795 0.094018
vt 0.536795 0.118575
vt 0.203613 0.906423
vt 0.179056 0.906423
vt 0.179056 0.881866
vt 0.203613 0.881866
vt 0.221575 0.906423
vt 0.221575 0.881866
vt 0.246131 0.881866
vt 0.246131 0.906423
vt 0.561352 0.331169
vt 0.561352 0.306612
vt 0.585909 0.306612
vt 0.585909 0.331169
vt 0.487682 0.331169
vt 0.487682 0.306612
vt 0.512238 0.306612
vt 0.512238 0.331169
vt 0.536795 0.306612
vt 0.536795 0.331169
vt 0.800289 0.863791
vt 0.800289 0.839234
vt 0.824846 0.839234
vt 0.824846 0.863791
vt 0.076056 0.906423
vt 0.051500 0.906423
vt 0.051500 0.881866
vt 0.076056 0.881866
vt 0.373586 0.391352
vt 0.349029 0.391352
vt 0.349029 0.366795
vt 0.373586 0.366795
vt 0.373586 0.465022
vt 0.349029 0.465022
vt 0.349029 0.440465
vt 0.373586 0.440465
vt 0.349029 0.415908
vt 0.373586 0.415908
vt 0.033538 0.906423
vt 0.008981 0.906423
vt 0.008981 0.881866
vt 0.033538 0.881866
vt 0.094018 0.906423
vt 0.094018 0.881866
vt 0.118575 0.881866
vt 0.118575 0.906423
vt 0.561352 0.246131
vt 0.561352 0.221575
vt 0.585909 0.221575
vt 0.585909 0.246131
vt 0.487682 0.246131
vt 0.487682 0.221575
vt 0.512238 0.221575
vt 0.512238 0.246131
vt 0.536795 0.221575
vt 0.536795 0.246131
vt 0.867365 0.839234
vt 0.867365 0.863791
vt 0.842808 0.863791
vt 0.842808 0.839234
vt 0.161094 0.906423
vt 0.136537 0.906423
vt 0.136537 0.881866
vt 0.161094 0.881866
vt 0.512238 0.051500
vt 0.512238 0.076057
vt 0.487682 0.076057
vt 0.487682 0.051500
vt 0.585909 0.051500
vt 0.585909 0.076057
vt 0.561352 0.076057
vt 0.561352 0.051500
vt 0.536795 0.076057
vt 0.536795 0.051500
vt 0.416206 0.881866
vt 0.416206 0.906423
vt 0.391650 0.906423
vt 0.391650 0.881866
vt 0.458725 0.881866
vt 0.458725 0.906423
vt 0.434168 0.906423
vt 0.434168 0.881866
vt 0.561352 0.373688
vt 0.561352 0.349131
vt 0.585908 0.349131
vt 0.585908 0.373688
vt 0.487682 0.373688
vt 0.487682 0.349131
vt 0.512238 0.349131
vt 0.512238 0.373688
vt 0.536795 0.349131
vt 0.536795 0.373688
vt 0.501244 0.881866
vt 0.501244 0.906423
vt 0.476687 0.906423
vt 0.476687 0.881866
vt 0.349131 0.906423
vt 0.349131 0.881866
vt 0.373688 0.881866
vt 0.373688 0.906423
vt 0.561352 0.161094
vt 0.561352 0.136537
vt 0.585909 0.136537
vt 0.585909 0.161094
vt 0.487682 0.161094
vt 0.487682 0.136537
vt 0.512238 0.136537
vt 0.512238 0.161094
vt 0.536795 0.136537
vt 0.536795 0.161094
vt 0.543763 0.881866
vt 0.543763 0.906422
vt 0.519206 0.906422
vt 0.519206 0.881866
vt 0.713837 0.906423
vt 0.689281 0.906423
vt 0.689281 0.881866
vt 0.713837 0.881866
vt 0.512238 0.179056
vt 0.512238 0.203613
vt 0.487682 0.203613
vt 0.487682 0.179056
vt 0.585909 0.179056
vt 0.585909 0.203613
vt 0.561352 0.203613
vt 0.561352 0.179056
vt 0.536795 0.203613
vt 0.536795 0.179056
vt 0.731799 0.906423
vt 0.731799 0.881866
vt 0.756356 0.881866
vt 0.756356 0.906423
vt 0.782327 0.863791
vt 0.757770 0.863791
vt 0.757770 0.839234
vt 0.782327 0.839234
vt 0.434067 0.440465
vt 0.458624 0.440465
vt 0.458624 0.465022
vt 0.434067 0.465022
vt 0.434067 0.366795
vt 0.458624 0.366795
vt 0.458624 0.391352
vt 0.434067 0.391352
vt 0.458624 0.415908
vt 0.434067 0.415908
vt 0.561724 0.881866
vt 0.586281 0.881866
vt 0.586281 0.906423
vt 0.561724 0.906423
vt 0.816837 0.881866
vt 0.841394 0.881866
vt 0.841394 0.906422
vt 0.816837 0.906422
vt 0.391548 0.440465
vt 0.416105 0.440465
vt 0.416105 0.465021
vt 0.391549 0.465022
vt 0.391548 0.366795
vt 0.416105 0.366795
vt 0.416105 0.391351
vt 0.391548 0.391352
vt 0.416105 0.415908
vt 0.391548 0.415908
vt 0.798875 0.881866
vt 0.798875 0.906423
vt 0.774318 0.906423
vt 0.774318 0.881866
vt 0.859356 0.881866
vt 0.883912 0.881866
vt 0.883912 0.906422
vt 0.859356 0.906422
vt 0.627744 0.074455
vt 0.627744 0.101262
vt 0.603871 0.095792
vt 0.603871 0.068984
vt 0.696223 0.068984
vt 0.696223 0.095792
vt 0.673920 0.105554
vt 0.673920 0.078747
vt 0.650047 0.111025
vt 0.650047 0.084218
vt 0.919371 0.414101
vt 0.919310 0.389755
vt 0.943802 0.389755
vt 0.943863 0.414101
vt 0.943863 0.347447
vt 0.943802 0.371793
vt 0.919310 0.371793
vt 0.919371 0.347447
vt 0.627744 0.014452
vt 0.627744 0.041259
vt 0.603871 0.035789
vt 0.603871 0.008981
vt 0.696223 0.008981
vt 0.696223 0.035789
vt 0.673920 0.045551
vt 0.673920 0.018744
vt 0.650047 0.051022
vt 0.650047 0.024214
vt 0.919371 0.498718
vt 0.919310 0.474371
vt 0.943802 0.474371
vt 0.943863 0.498718
vt 0.943863 0.305138
vt 0.943802 0.329485
vt 0.919310 0.329484
vt 0.919371 0.305138
vt 0.526371 0.539200
vt 0.499564 0.539200
vt 0.505034 0.515327
vt 0.531842 0.515327
vt 0.531842 0.607680
vt 0.505034 0.607680
vt 0.495272 0.585376
vt 0.522079 0.585376
vt 0.489801 0.561503
vt 0.516608 0.561503
vt 0.919371 0.583334
vt 0.919310 0.558988
vt 0.943802 0.558988
vt 0.943863 0.583334
vt 0.943863 0.516680
vt 0.943802 0.541026
vt 0.919310 0.541026
vt 0.919371 0.516680
vt 0.435269 0.583807
vt 0.462076 0.583807
vt 0.456605 0.607680
vt 0.429798 0.607680
vt 0.429798 0.515327
vt 0.456605 0.515327
vt 0.466368 0.537630
vt 0.439561 0.537630
vt 0.471839 0.561503
vt 0.445031 0.561503
vt 0.919371 0.625642
vt 0.919310 0.601296
vt 0.943802 0.601296
vt 0.943863 0.625642
vt 0.943863 0.178214
vt 0.943802 0.202560
vt 0.919310 0.202560
vt 0.919371 0.178214
vt 0.627744 0.254464
vt 0.627744 0.281272
vt 0.603871 0.275801
vt 0.603871 0.248993
vt 0.696223 0.248993
vt 0.696223 0.275801
vt 0.673920 0.285564
vt 0.673920 0.258756
vt 0.650047 0.291034
vt 0.650047 0.264227
vt 0.943802 0.728221
vt 0.943863 0.752567
vt 0.919371 0.752567
vt 0.919310 0.728221
vt 0.943863 0.432063
vt 0.943802 0.456409
vt 0.919310 0.456409
vt 0.919371 0.432063
vt 0.672350 0.165557
vt 0.672350 0.138750
vt 0.696223 0.144221
vt 0.696223 0.171028
vt 0.603871 0.171028
vt 0.603871 0.144221
vt 0.626174 0.134458
vt 0.626174 0.161265
vt 0.650047 0.128987
vt 0.650047 0.155795
vt 0.919371 0.160252
vt 0.919310 0.135906
vt 0.943802 0.135906
vt 0.943863 0.160252
vt 0.943863 0.855145
vt 0.943802 0.879491
vt 0.919310 0.879491
vt 0.919371 0.855145
vt 0.672350 0.225560
vt 0.672350 0.198753
vt 0.696223 0.204224
vt 0.696223 0.231031
vt 0.603871 0.231031
vt 0.603871 0.204224
vt 0.626174 0.194461
vt 0.626174 0.221269
vt 0.650047 0.188990
vt 0.650047 0.215798
vt 0.919371 0.244868
vt 0.919310 0.220522
vt 0.943802 0.220522
vt 0.943863 0.244868
vt 0.943863 0.643604
vt 0.943802 0.667950
vt 0.919310 0.667950
vt 0.919371 0.643604
vt 0.672350 0.465573
vt 0.672350 0.438766
vt 0.696223 0.444237
vt 0.696223 0.471044
vt 0.603871 0.471044
vt 0.603871 0.444237
vt 0.626174 0.434474
vt 0.626174 0.461282
vt 0.650047 0.429003
vt 0.650047 0.455811
vt 0.919371 0.794875
vt 0.919310 0.770529
vt 0.943802 0.770529
vt 0.943863 0.794875
vt 0.033327 0.948937
vt 0.008981 0.948876
vt 0.008981 0.924385
vt 0.033327 0.924446
vt 0.672350 0.525576
vt 0.672350 0.498769
vt 0.696223 0.504240
vt 0.696223 0.531047
vt 0.603871 0.531047
vt 0.603871 0.504240
vt 0.626174 0.494477
vt 0.626174 0.521285
vt 0.650047 0.489006
vt 0.650047 0.515814
vt 0.919371 0.710259
vt 0.919310 0.685912
vt 0.943802 0.685912
vt 0.943863 0.710259
vt 0.943863 0.812837
vt 0.943802 0.837183
vt 0.919310 0.837183
vt 0.919371 0.812837
vt 0.672350 0.405570
vt 0.672350 0.378762
vt 0.696223 0.384233
vt 0.696223 0.411041
vt 0.603871 0.411041
vt 0.603871 0.384234
vt 0.626174 0.374471
vt 0.626174 0.401279
vt 0.650047 0.369000
vt 0.650047 0.395807
vt 0.919371 0.117944
vt 0.919310 0.093598
vt 0.943802 0.093598
vt 0.943863 0.117944
vt 0.943863 0.262830
vt 0.943802 0.287176
vt 0.919310 0.287176
vt 0.919371 0.262830
vt 0.672350 0.585580
vt 0.672350 0.558772
vt 0.696223 0.564243
vt 0.696223 0.591051
vt 0.603871 0.591051
vt 0.603871 0.564243
vt 0.626174 0.554480
vt 0.626174 0.581288
vt 0.650047 0.549009
vt 0.650047 0.575817
vt 0.051289 0.924445
vt 0.075635 0.924385
vt 0.075635 0.948876
vt 0.051289 0.948937
vt 0.117943 0.948937
vt 0.093597 0.948877
vt 0.093597 0.924385
vt 0.117943 0.924445
vt 0.672350 0.345566
vt 0.672350 0.318759
vt 0.696223 0.324230
vt 0.696223 0.351037
vt 0.603871 0.351038
vt 0.603871 0.324230
vt 0.626174 0.314467
vt 0.626174 0.341275
vt 0.650047 0.308996
vt 0.650047 0.335804
vt 0.919372 0.075636
vt 0.919310 0.051289
vt 0.943802 0.051289
vt 0.943863 0.075636
vt 0.943864 0.008981
vt 0.943802 0.033327
vt 0.919310 0.033327
vt 0.919372 0.008981
vt 0.402434 0.069044
vt 0.409777 0.066340
vt 0.450585 0.057877
vt 0.445831 0.059908
vt 0.450850 0.058008
vt 0.450840 0.058042
vt 0.456244 0.064301
vt 0.458050 0.069759
vt 0.303900 0.081924
vt 0.299817 0.069534
vt 0.313654 0.085984
vt 0.313823 0.087289
vt 0.317840 0.085590
vt 0.314108 0.087409
vt 0.351207 0.079025
vt 0.344056 0.081691
vt 0.407778 0.065791
vt 0.447258 0.057644
vt 0.451519 0.057858
vt 0.457825 0.065376
vt 0.299794 0.066285
vt 0.312624 0.080500
vt 0.322583 0.083630
vt 0.353635 0.077520
vt 0.441775 0.061721
vt 0.400804 0.070383
vt 0.451092 0.060058
vt 0.458473 0.071957
vt 0.311930 0.088345
vt 0.301951 0.082281
vt 0.469720 0.088345
vt 0.467776 0.086736
vt 0.317298 0.087728
vt 0.346798 0.082097
vt 0.322296 0.969077
vt 0.323078 0.966899
vt 0.323078 0.972638
vt 0.322296 0.975520
vt 0.466699 0.079383
vt 0.467634 0.082381
vt 0.584730 0.966899
vt 0.585516 0.968435
vt 0.585516 0.974877
vt 0.584730 0.973342
vt 0.341195 0.339776
vt 0.311333 0.337886
vt 0.305069 0.336379
vt 0.334931 0.338270
vt 0.306058 0.341444
vt 0.299794 0.339938
vt 0.314083 0.347683
vt 0.307819 0.346177
vt 0.400437 0.329369
vt 0.414886 0.336928
vt 0.408623 0.335421
vt 0.394173 0.327862
vt 0.430364 0.345184
vt 0.424101 0.343677
vt 0.419786 0.347683
vt 0.413522 0.346177
vt 0.383438 0.344323
vt 0.377175 0.342816
vt 0.402434 0.166369
vt 0.409777 0.163666
vt 0.450585 0.155203
vt 0.445831 0.157234
vt 0.450850 0.155334
vt 0.450840 0.155368
vt 0.456244 0.161627
vt 0.458050 0.167085
vt 0.303900 0.179250
vt 0.299817 0.166860
vt 0.313654 0.183310
vt 0.313823 0.184615
vt 0.317840 0.182916
vt 0.314108 0.184735
vt 0.351207 0.176351
vt 0.344056 0.179017
vt 0.407778 0.163117
vt 0.447258 0.154970
vt 0.451519 0.155184
vt 0.457825 0.162702
vt 0.299794 0.163611
vt 0.312624 0.177826
vt 0.322583 0.180956
vt 0.353635 0.174846
vt 0.441775 0.159047
vt 0.400804 0.167709
vt 0.451092 0.157384
vt 0.458473 0.169283
vt 0.311930 0.185671
vt 0.301951 0.179607
vt 0.469720 0.185671
vt 0.467775 0.184062
vt 0.317298 0.185054
vt 0.346798 0.179423
vt 0.341040 0.969077
vt 0.341822 0.966899
vt 0.341822 0.972638
vt 0.341040 0.975520
vt 0.466699 0.176709
vt 0.467634 0.179707
vt 0.509738 0.966899
vt 0.510524 0.968435
vt 0.510524 0.974877
vt 0.509738 0.973342
vt 0.341195 0.264210
vt 0.311333 0.262319
vt 0.305069 0.260813
vt 0.334931 0.262704
vt 0.306058 0.265878
vt 0.299794 0.264371
vt 0.314083 0.272117
vt 0.307819 0.270611
vt 0.400437 0.253802
vt 0.414886 0.261362
vt 0.408623 0.259855
vt 0.394173 0.252296
vt 0.430364 0.269617
vt 0.424101 0.268111
vt 0.419786 0.272117
vt 0.413522 0.270611
vt 0.383438 0.268756
vt 0.377175 0.267250
vt 0.214546 0.263696
vt 0.221889 0.260992
vt 0.262697 0.252529
vt 0.257943 0.254561
vt 0.262962 0.252660
vt 0.262952 0.252695
vt 0.268356 0.258954
vt 0.270162 0.264412
vt 0.116012 0.276576
vt 0.111929 0.264186
vt 0.125766 0.280636
vt 0.125935 0.281941
vt 0.129952 0.280243
vt 0.126220 0.282061
vt 0.163319 0.273677
vt 0.156168 0.276343
vt 0.219890 0.260443
vt 0.259370 0.252296
vt 0.263631 0.252510
vt 0.269937 0.260029
vt 0.111906 0.260937
vt 0.124736 0.275152
vt 0.134695 0.278282
vt 0.165746 0.272172
vt 0.253887 0.256373
vt 0.212916 0.265036
vt 0.263204 0.254711
vt 0.270585 0.266609
vt 0.124042 0.282997
vt 0.114063 0.276933
vt 0.281832 0.282997
vt 0.279888 0.281388
vt 0.129410 0.282380
vt 0.158910 0.276749
vt 0.416015 0.969077
vt 0.416797 0.966899
vt 0.416797 0.972638
vt 0.416015 0.975520
vt 0.278811 0.274036
vt 0.279747 0.277033
vt 0.603478 0.966899
vt 0.604264 0.968435
vt 0.604264 0.974877
vt 0.603478 0.973342
vt 0.130237 0.408196
vt 0.132128 0.378334
vt 0.133635 0.372070
vt 0.131744 0.401932
vt 0.128570 0.373058
vt 0.130076 0.366795
vt 0.122330 0.381083
vt 0.123837 0.374820
vt 0.140645 0.467437
vt 0.133086 0.481887
vt 0.134592 0.475623
vt 0.142152 0.461174
vt 0.124830 0.497365
vt 0.126336 0.491101
vt 0.122330 0.486786
vt 0.123837 0.480523
vt 0.125691 0.450439
vt 0.127198 0.444176
vt 0.402434 0.020381
vt 0.409777 0.017677
vt 0.450585 0.009214
vt 0.445831 0.011245
vt 0.450850 0.009345
vt 0.450840 0.009379
vt 0.456244 0.015638
vt 0.458050 0.021096
vt 0.303900 0.033261
vt 0.299817 0.020871
vt 0.313654 0.037321
vt 0.313823 0.038626
vt 0.317840 0.036927
vt 0.314108 0.038746
vt 0.351207 0.030362
vt 0.344056 0.033028
vt 0.407778 0.017128
vt 0.447258 0.008981
vt 0.451519 0.009195
vt 0.457825 0.016713
vt 0.299794 0.017622
vt 0.312624 0.031837
vt 0.322583 0.034967
vt 0.353635 0.028857
vt 0.441775 0.013058
vt 0.400804 0.021720
vt 0.451092 0.011395
vt 0.458473 0.023294
vt 0.311930 0.039682
vt 0.301951 0.033618
vt 0.469720 0.039682
vt 0.467776 0.038073
vt 0.317298 0.039065
vt 0.346798 0.033434
vt 0.576386 0.602769
vt 0.577168 0.600590
vt 0.577168 0.606329
vt 0.576386 0.609211
vt 0.466699 0.030720
vt 0.467634 0.033718
vt 0.528486 0.966899
vt 0.529272 0.968435
vt 0.529272 0.974877
vt 0.528486 0.973342
vt 0.341195 0.301993
vt 0.311333 0.300103
vt 0.305069 0.298596
vt 0.334931 0.300487
vt 0.306058 0.303661
vt 0.299794 0.302155
vt 0.314083 0.309900
vt 0.307819 0.308394
vt 0.400437 0.291586
vt 0.414886 0.299145
vt 0.408623 0.297638
vt 0.394173 0.290079
vt 0.430364 0.307401
vt 0.424101 0.305894
vt 0.419786 0.309900
vt 0.413522 0.308394
vt 0.383438 0.306540
vt 0.377175 0.305033
vt 0.402434 0.215032
vt 0.409777 0.212329
vt 0.450585 0.203866
vt 0.445831 0.205897
vt 0.450850 0.203997
vt 0.450840 0.204031
vt 0.456244 0.210290
vt 0.458050 0.215748
vt 0.303900 0.227913
vt 0.299817 0.215523
vt 0.313654 0.231973
vt 0.313823 0.233278
vt 0.317840 0.231579
vt 0.314108 0.233398
vt 0.351207 0.225014
vt 0.344056 0.227680
vt 0.407778 0.211780
vt 0.447258 0.203633
vt 0.451519 0.203847
vt 0.457825 0.211365
vt 0.299794 0.212274
vt 0.312624 0.226489
vt 0.322583 0.229619
vt 0.353635 0.223508
vt 0.441775 0.207710
vt 0.400804 0.216372
vt 0.451092 0.206047
vt 0.458473 0.217946
vt 0.311930 0.234334
vt 0.301951 0.228270
vt 0.469720 0.234334
vt 0.467775 0.232725
vt 0.317299 0.233717
vt 0.346799 0.228086
vt 0.378528 0.969077
vt 0.379309 0.966899
vt 0.379309 0.972638
vt 0.378528 0.975520
vt 0.466699 0.225372
vt 0.467634 0.228370
vt 0.697218 0.966899
vt 0.698005 0.968435
vt 0.698005 0.974877
vt 0.697218 0.973342
vt 0.168020 0.408196
vt 0.169911 0.378334
vt 0.171418 0.372070
vt 0.169527 0.401932
vt 0.166353 0.373058
vt 0.167859 0.366795
vt 0.160114 0.381083
vt 0.161620 0.374820
vt 0.178428 0.467437
vt 0.170869 0.481887
vt 0.172376 0.475623
vt 0.179935 0.461174
vt 0.162613 0.497365
vt 0.164120 0.491101
vt 0.160114 0.486786
vt 0.161620 0.480523
vt 0.163474 0.450439
vt 0.164981 0.444176
vt 0.402434 0.117707
vt 0.409777 0.115003
vt 0.450585 0.106540
vt 0.445831 0.108571
vt 0.450850 0.106671
vt 0.450840 0.106705
vt 0.456244 0.112964
vt 0.458050 0.118422
vt 0.303900 0.130587
vt 0.299817 0.118197
vt 0.313654 0.134647
vt 0.313823 0.135952
vt 0.317840 0.134253
vt 0.314108 0.136072
vt 0.351207 0.127688
vt 0.344056 0.130354
vt 0.407778 0.114454
vt 0.447258 0.106307
vt 0.451519 0.106521
vt 0.457825 0.114039
vt 0.299794 0.114948
vt 0.312624 0.129163
vt 0.322583 0.132293
vt 0.353634 0.126183
vt 0.441775 0.110384
vt 0.400804 0.119046
vt 0.451092 0.108721
vt 0.458473 0.120620
vt 0.311930 0.137008
vt 0.301951 0.130944
vt 0.469720 0.137008
vt 0.467776 0.135399
vt 0.317299 0.136391
vt 0.346798 0.130760
vt 0.303553 0.969077
vt 0.304334 0.966899
vt 0.304334 0.972638
vt 0.303553 0.975520
vt 0.466699 0.128046
vt 0.467634 0.131044
vt 0.622226 0.966899
vt 0.623012 0.968435
vt 0.623012 0.974877
vt 0.622226 0.973342
vt 0.016888 0.408196
vt 0.018779 0.378334
vt 0.020285 0.372070
vt 0.018394 0.401932
vt 0.015220 0.373058
vt 0.016727 0.366795
vt 0.008981 0.381083
vt 0.010487 0.374820
vt 0.027296 0.467437
vt 0.019737 0.481887
vt 0.021243 0.475623
vt 0.028802 0.461174
vt 0.011481 0.497365
vt 0.012987 0.491101
vt 0.008981 0.486787
vt 0.010487 0.480523
vt 0.012342 0.450439
vt 0.013848 0.444176
vt 0.214546 0.312359
vt 0.221888 0.309655
vt 0.262697 0.301192
vt 0.257943 0.303224
vt 0.262962 0.301323
vt 0.262952 0.301358
vt 0.268356 0.307617
vt 0.270162 0.313075
vt 0.116012 0.325239
vt 0.111929 0.312850
vt 0.125766 0.329299
vt 0.125935 0.330604
vt 0.129952 0.328906
vt 0.126220 0.330724
vt 0.163319 0.322340
vt 0.156168 0.325006
vt 0.219889 0.309106
vt 0.259370 0.300959
vt 0.263631 0.301173
vt 0.269937 0.308692
vt 0.111906 0.309600
vt 0.124736 0.323815
vt 0.134695 0.326945
vt 0.165746 0.320835
vt 0.253887 0.305036
vt 0.212916 0.313699
vt 0.263204 0.303374
vt 0.270585 0.315272
vt 0.124042 0.331660
vt 0.114063 0.325596
vt 0.281832 0.331660
vt 0.279888 0.330051
vt 0.129410 0.331044
vt 0.158910 0.325412
vt 0.434759 0.969077
vt 0.435541 0.966899
vt 0.435541 0.972638
vt 0.434759 0.975520
vt 0.278811 0.322699
vt 0.279746 0.325696
vt 0.640974 0.966899
vt 0.641761 0.968435
vt 0.641761 0.974877
vt 0.640974 0.973342
vt 0.319153 0.408196
vt 0.321044 0.378334
vt 0.322550 0.372070
vt 0.320659 0.401932
vt 0.317485 0.373058
vt 0.318992 0.366795
vt 0.311246 0.381083
vt 0.312753 0.374820
vt 0.329561 0.467437
vt 0.322002 0.481887
vt 0.323508 0.475623
vt 0.331067 0.461174
vt 0.313746 0.497365
vt 0.315252 0.491101
vt 0.311246 0.486786
vt 0.312752 0.480523
vt 0.314607 0.450439
vt 0.316113 0.444175
vt 0.214546 0.117707
vt 0.221889 0.115003
vt 0.262697 0.106540
vt 0.257943 0.108572
vt 0.262962 0.106671
vt 0.262952 0.106706
vt 0.268356 0.112965
vt 0.270163 0.118423
vt 0.116012 0.130587
vt 0.111929 0.118197
vt 0.125766 0.134647
vt 0.125935 0.135952
vt 0.129952 0.134254
vt 0.126220 0.136072
vt 0.163319 0.127688
vt 0.156168 0.130354
vt 0.219890 0.114454
vt 0.259370 0.106307
vt 0.263631 0.106521
vt 0.269937 0.114040
vt 0.111906 0.114948
vt 0.124736 0.129163
vt 0.134695 0.132293
vt 0.165746 0.126183
vt 0.253887 0.110384
vt 0.212916 0.119047
vt 0.263204 0.108722
vt 0.270586 0.120620
vt 0.124042 0.137008
vt 0.114063 0.130944
vt 0.281832 0.137008
vt 0.279888 0.135399
vt 0.129410 0.136391
vt 0.158910 0.130760
vt 0.453503 0.969077
vt 0.454285 0.966899
vt 0.454285 0.972638
vt 0.453503 0.975520
vt 0.278811 0.128047
vt 0.279747 0.131044
vt 0.547234 0.966899
vt 0.548020 0.968435
vt 0.548020 0.974877
vt 0.547234 0.973342
vt 0.054671 0.408196
vt 0.056562 0.378334
vt 0.058068 0.372070
vt 0.056177 0.401932
vt 0.053003 0.373058
vt 0.054510 0.366795
vt 0.046764 0.381084
vt 0.048271 0.374820
vt 0.065079 0.467437
vt 0.057520 0.481887
vt 0.059026 0.475623
vt 0.066585 0.461174
vt 0.049264 0.497365
vt 0.050770 0.491101
vt 0.046764 0.486787
vt 0.048271 0.480523
vt 0.050125 0.450439
vt 0.051631 0.444176
vt 0.214546 0.166370
vt 0.221889 0.163666
vt 0.262697 0.155203
vt 0.257943 0.157235
vt 0.262962 0.155334
vt 0.262952 0.155369
vt 0.268356 0.161628
vt 0.270163 0.167086
vt 0.116012 0.179250
vt 0.111929 0.166860
vt 0.125766 0.183310
vt 0.125935 0.184615
vt 0.129952 0.182917
vt 0.126220 0.184735
vt 0.163319 0.176351
vt 0.156168 0.179017
vt 0.219890 0.163117
vt 0.259370 0.154970
vt 0.263631 0.155184
vt 0.269937 0.162703
vt 0.111906 0.163611
vt 0.124736 0.177826
vt 0.134695 0.180956
vt 0.165746 0.174846
vt 0.253887 0.159047
vt 0.212916 0.167710
vt 0.263204 0.157385
vt 0.270586 0.169283
vt 0.124042 0.185671
vt 0.114063 0.179607
vt 0.281832 0.185671
vt 0.279888 0.184062
vt 0.129411 0.185054
vt 0.158910 0.179423
vt 0.359784 0.969077
vt 0.360566 0.966899
vt 0.360566 0.972638
vt 0.359784 0.975520
vt 0.278811 0.176710
vt 0.279747 0.179707
vt 0.659723 0.966899
vt 0.660509 0.968435
vt 0.660509 0.974877
vt 0.659723 0.973342
vt 0.205804 0.408196
vt 0.207694 0.378334
vt 0.209201 0.372070
vt 0.207310 0.401932
vt 0.204136 0.373058
vt 0.205642 0.366795
vt 0.197897 0.381083
vt 0.199403 0.374820
vt 0.216211 0.467437
vt 0.208652 0.481887
vt 0.210159 0.475623
vt 0.217718 0.461174
vt 0.200396 0.497365
vt 0.201903 0.491101
vt 0.197897 0.486786
vt 0.199403 0.480523
vt 0.201257 0.450439
vt 0.202764 0.444176
vt 0.214546 0.069044
vt 0.221889 0.066340
vt 0.262697 0.057877
vt 0.257943 0.059909
vt 0.262962 0.058008
vt 0.262952 0.058043
vt 0.268356 0.064302
vt 0.270163 0.069760
vt 0.116012 0.081924
vt 0.111929 0.069534
vt 0.125766 0.085984
vt 0.125935 0.087289
vt 0.129952 0.085591
vt 0.126220 0.087409
vt 0.163319 0.079025
vt 0.156168 0.081691
vt 0.219890 0.065791
vt 0.259370 0.057644
vt 0.263631 0.057858
vt 0.269937 0.065377
vt 0.111906 0.066285
vt 0.124736 0.080500
vt 0.134695 0.083630
vt 0.165746 0.077520
vt 0.253887 0.061721
vt 0.212916 0.070384
vt 0.263204 0.060059
vt 0.270586 0.071957
vt 0.124042 0.088345
vt 0.114063 0.082281
vt 0.281832 0.088345
vt 0.279888 0.086736
vt 0.129410 0.087728
vt 0.158910 0.082097
vt 0.472247 0.969077
vt 0.473028 0.966899
vt 0.473028 0.972638
vt 0.472247 0.975520
vt 0.278811 0.079384
vt 0.279747 0.082381
vt 0.565982 0.966899
vt 0.566768 0.968435
vt 0.566768 0.974877
vt 0.565982 0.973342
vt 0.281370 0.408196
vt 0.283261 0.378334
vt 0.284767 0.372070
vt 0.282876 0.401932
vt 0.279702 0.373058
vt 0.281209 0.366795
vt 0.273463 0.381083
vt 0.274969 0.374820
vt 0.291778 0.467437
vt 0.284218 0.481887
vt 0.285725 0.475623
vt 0.293284 0.461174
vt 0.275963 0.497365
vt 0.277469 0.491101
vt 0.273463 0.486786
vt 0.274969 0.480523
vt 0.276824 0.450439
vt 0.278330 0.444175
vt 0.214546 0.215033
vt 0.221889 0.212329
vt 0.262697 0.203866
vt 0.257943 0.205898
vt 0.262962 0.203997
vt 0.262952 0.204032
vt 0.268356 0.210291
vt 0.270163 0.215749
vt 0.116012 0.227913
vt 0.111929 0.215523
vt 0.125766 0.231973
vt 0.125935 0.233278
vt 0.129952 0.231580
vt 0.126220 0.233398
vt 0.163319 0.225014
vt 0.156168 0.227680
vt 0.219890 0.211780
vt 0.259370 0.203633
vt 0.263631 0.203847
vt 0.269937 0.211366
vt 0.111906 0.212274
vt 0.124736 0.226489
vt 0.134695 0.229619
vt 0.165746 0.223509
vt 0.253887 0.207710
vt 0.212916 0.216373
vt 0.263204 0.206048
vt 0.270586 0.217946
vt 0.124042 0.234334
vt 0.114063 0.228270
vt 0.281832 0.234334
vt 0.279888 0.232725
vt 0.129411 0.233718
vt 0.158910 0.228086
vt 0.397271 0.969077
vt 0.398053 0.966899
vt 0.398053 0.972638
vt 0.397271 0.975520
vt 0.278811 0.225373
vt 0.279747 0.228370
vt 0.490990 0.966899
vt 0.491776 0.968435
vt 0.491776 0.974877
vt 0.490990 0.973342
vt 0.092454 0.408196
vt 0.094345 0.378334
vt 0.095851 0.372070
vt 0.093961 0.401932
vt 0.090786 0.373058
vt 0.092293 0.366795
vt 0.084547 0.381083
vt 0.086054 0.374820
vt 0.102862 0.467437
vt 0.095303 0.481887
vt 0.096809 0.475623
vt 0.104368 0.461174
vt 0.087047 0.497365
vt 0.088553 0.491101
vt 0.084547 0.486786
vt 0.086054 0.480523
vt 0.087908 0.450439
vt 0.089414 0.444176
vt 0.214546 0.020381
vt 0.221888 0.017677
vt 0.262697 0.009214
vt 0.257943 0.011245
vt 0.262962 0.009345
vt 0.262952 0.009379
vt 0.268356 0.015638
vt 0.270162 0.021096
vt 0.116012 0.033261
vt 0.111929 0.020871
vt 0.125766 0.037321
vt 0.125935 0.038626
vt 0.129952 0.036928
vt 0.126220 0.038746
vt 0.163319 0.030362
vt 0.156168 0.033028
vt 0.219890 0.017128
vt 0.259370 0.008981
vt 0.263631 0.009195
vt 0.269937 0.016713
vt 0.111906 0.017622
vt 0.124736 0.031837
vt 0.134695 0.034967
vt 0.165746 0.028857
vt 0.253887 0.013058
vt 0.212916 0.021720
vt 0.263204 0.011395
vt 0.270586 0.023294
vt 0.124042 0.039682
vt 0.114063 0.033618
vt 0.281832 0.039682
vt 0.279888 0.038073
vt 0.129410 0.039065
vt 0.158910 0.033434
vt 0.551982 0.601372
vt 0.549804 0.600591
vt 0.555543 0.600591
vt 0.558424 0.601372
vt 0.278811 0.030721
vt 0.279747 0.033718
vt 0.678470 0.966899
vt 0.679256 0.968435
vt 0.679256 0.974877
vt 0.678470 0.973342
vt 0.243587 0.408196
vt 0.245478 0.378334
vt 0.246984 0.372070
vt 0.245093 0.401932
vt 0.241919 0.373058
vt 0.243425 0.366795
vt 0.235680 0.381083
vt 0.237186 0.374820
vt 0.253995 0.467437
vt 0.246435 0.481887
vt 0.247942 0.475623
vt 0.255501 0.461174
vt 0.238179 0.497365
vt 0.239686 0.491101
vt 0.235680 0.486786
vt 0.237186 0.480523
vt 0.239040 0.450439
vt 0.240547 0.444175
vt 0.395737 0.753513
vt 0.438965 0.753513
vt 0.438965 0.778183
vt 0.395737 0.778183
vt 0.457952 0.792261
vt 0.414724 0.792261
vt 0.457952 0.816931
vt 0.414724 0.816931
vt 0.414724 0.739434
vt 0.457952 0.739434
vt 0.323814 0.863904
vt 0.300177 0.863904
vt 0.300177 0.839234
vt 0.323814 0.839234
vt 0.365414 0.863904
vt 0.341776 0.863904
vt 0.341776 0.839234
vt 0.365414 0.839234
vt 0.887269 0.008981
vt 0.887269 0.052209
vt 0.862600 0.052209
vt 0.862600 0.008981
vt 0.848521 0.071197
vt 0.848521 0.027968
vt 0.823851 0.071197
vt 0.823851 0.027968
vt 0.901348 0.027968
vt 0.901348 0.071196
vt 0.383376 0.839234
vt 0.407013 0.839234
vt 0.407013 0.863904
vt 0.383376 0.863904
vt 0.424975 0.839234
vt 0.448613 0.839234
vt 0.448613 0.863904
vt 0.424975 0.863904
vt 0.475914 0.753513
vt 0.519143 0.753513
vt 0.519143 0.778183
vt 0.475914 0.778183
vt 0.538130 0.792261
vt 0.494902 0.792261
vt 0.538130 0.816931
vt 0.494902 0.816931
vt 0.494902 0.739434
vt 0.538130 0.739434
vt 0.508174 0.839234
vt 0.531811 0.839234
vt 0.531811 0.863904
vt 0.508174 0.863904
vt 0.466574 0.839234
vt 0.490212 0.839234
vt 0.490212 0.863904
vt 0.466574 0.863904
vt 0.556092 0.753513
vt 0.599320 0.753513
vt 0.599320 0.778183
vt 0.556092 0.778183
vt 0.618307 0.792261
vt 0.575079 0.792261
vt 0.618307 0.816931
vt 0.575079 0.816931
vt 0.575079 0.739434
vt 0.618307 0.739434
vt 0.258577 0.839234
vt 0.282215 0.839234
vt 0.282215 0.863904
vt 0.258577 0.863904
vt 0.549773 0.839234
vt 0.573411 0.839234
vt 0.573411 0.863904
vt 0.549773 0.863904
vt 0.297598 0.802852
vt 0.254369 0.802852
vt 0.254370 0.778183
vt 0.297598 0.778183
vt 0.235382 0.764104
vt 0.278610 0.764104
vt 0.235382 0.739434
vt 0.278610 0.739434
vt 0.278610 0.816931
vt 0.235382 0.816931
vt 0.008981 0.839234
vt 0.032618 0.839234
vt 0.032618 0.863904
vt 0.008981 0.863904
vt 0.050580 0.839234
vt 0.074218 0.839234
vt 0.074218 0.863904
vt 0.050580 0.863904
vt 0.377775 0.802853
vt 0.334547 0.802852
vt 0.334547 0.778183
vt 0.377775 0.778183
vt 0.315560 0.764104
vt 0.358788 0.764104
vt 0.315560 0.739434
vt 0.358788 0.739434
vt 0.358788 0.816931
vt 0.315560 0.816931
vt 0.591373 0.839234
vt 0.615010 0.839234
vt 0.615010 0.863904
vt 0.591373 0.863904
vt 0.092180 0.839234
vt 0.115817 0.839234
vt 0.115817 0.863904
vt 0.092180 0.863904
vt 0.636269 0.753513
vt 0.679497 0.753513
vt 0.679497 0.778183
vt 0.636269 0.778183
vt 0.698485 0.792261
vt 0.655257 0.792261
vt 0.698485 0.816931
vt 0.655257 0.816931
vt 0.655257 0.739434
vt 0.698485 0.739434
vt 0.133779 0.839234
vt 0.157417 0.839234
vt 0.157417 0.863904
vt 0.133779 0.863904
vt 0.175379 0.839234
vt 0.199016 0.839234
vt 0.199016 0.863904
vt 0.175379 0.863904
vt 0.217420 0.802853
vt 0.174192 0.802853
vt 0.174192 0.778183
vt 0.217420 0.778183
vt 0.155204 0.764104
vt 0.198433 0.764104
vt 0.155204 0.739434
vt 0.198433 0.739434
vt 0.198433 0.816931
vt 0.155204 0.816931
vt 0.632972 0.839234
vt 0.656610 0.839234
vt 0.656610 0.863904
vt 0.632972 0.863904
vt 0.216978 0.839234
vt 0.240615 0.839234
vt 0.240615 0.863904
vt 0.216978 0.863904
vt 0.716447 0.753513
vt 0.759675 0.753513
vt 0.759675 0.778183
vt 0.716447 0.778183
vt 0.778662 0.792261
vt 0.735434 0.792261
vt 0.778662 0.816931
vt 0.735434 0.816931
vt 0.735434 0.739434
vt 0.778662 0.739434
vt 0.674571 0.839234
vt 0.698209 0.839234
vt 0.698209 0.863904
vt 0.674571 0.863904
vt 0.716171 0.839234
vt 0.739808 0.839234
vt 0.739808 0.863904
vt 0.716171 0.863904
vt 0.779774 0.293234
vt 0.779774 0.330688
vt 0.755104 0.330688
vt 0.755104 0.293234
vt 0.738855 0.312993
vt 0.738855 0.275539
vt 0.714185 0.312993
vt 0.714185 0.275539
vt 0.796023 0.275539
vt 0.796023 0.312993
vt 0.823851 0.527228
vt 0.823851 0.503204
vt 0.848521 0.503204
vt 0.848521 0.527228
vt 0.823851 0.569214
vt 0.823851 0.545190
vt 0.848521 0.545190
vt 0.848521 0.569214
vt 0.099788 0.755683
vt 0.137242 0.755683
vt 0.137242 0.780353
vt 0.099788 0.780353
vt 0.119547 0.796602
vt 0.082093 0.796602
vt 0.119547 0.821272
vt 0.082093 0.821272
vt 0.082093 0.739434
vt 0.119547 0.739434
vt 0.823851 0.611200
vt 0.823851 0.587176
vt 0.848521 0.587176
vt 0.848521 0.611200
vt 0.823851 0.653187
vt 0.823851 0.629162
vt 0.848521 0.629162
vt 0.848521 0.653187
vt 0.779774 0.366346
vt 0.779774 0.403800
vt 0.755104 0.403800
vt 0.755104 0.366346
vt 0.738855 0.386104
vt 0.738855 0.348650
vt 0.714185 0.386104
vt 0.714185 0.348650
vt 0.796023 0.348650
vt 0.796023 0.386104
vt 0.823851 0.737159
vt 0.823851 0.713135
vt 0.848521 0.713135
vt 0.848521 0.737159
vt 0.549804 0.557959
vt 0.573828 0.557959
vt 0.573828 0.582629
vt 0.549804 0.582629
vt 0.779774 0.585681
vt 0.779774 0.623135
vt 0.755104 0.623135
vt 0.755104 0.585681
vt 0.738855 0.605440
vt 0.738855 0.567985
vt 0.714185 0.605440
vt 0.714185 0.567985
vt 0.796023 0.567985
vt 0.796023 0.605440
vt 0.823851 0.191338
vt 0.823851 0.167314
vt 0.848521 0.167314
vt 0.848521 0.191338
vt 0.823851 0.695173
vt 0.823851 0.671148
vt 0.848521 0.671148
vt 0.848521 0.695173
vt 0.891903 0.147109
vt 0.869490 0.119560
vt 0.869771 0.118936
vt 0.891903 0.091983
vt 0.870024 0.118021
vt 0.833678 0.089158
vt 0.868907 0.118569
vt 0.823851 0.149352
vt 0.823851 0.233324
vt 0.823851 0.209300
vt 0.848521 0.209300
vt 0.848521 0.233324
vt 0.823851 0.779145
vt 0.823851 0.755121
vt 0.848521 0.755121
vt 0.848521 0.779145
vt 0.779774 0.439458
vt 0.779774 0.476912
vt 0.755104 0.476912
vt 0.755104 0.439458
vt 0.738855 0.459216
vt 0.738855 0.421762
vt 0.714185 0.459216
vt 0.714185 0.421762
vt 0.796023 0.421762
vt 0.796023 0.459216
vt 0.823851 0.821132
vt 0.823851 0.797107
vt 0.848521 0.797107
vt 0.848521 0.821132
vt 0.823851 0.317297
vt 0.823851 0.293272
vt 0.848521 0.293272
vt 0.848521 0.317297
vt 0.779774 0.512569
vt 0.779774 0.550023
vt 0.755104 0.550023
vt 0.755104 0.512569
vt 0.738855 0.532328
vt 0.738855 0.494874
vt 0.714185 0.532328
vt 0.714185 0.494874
vt 0.796023 0.494874
vt 0.796023 0.532328
vt 0.823851 0.359283
vt 0.823851 0.335259
vt 0.848521 0.335259
vt 0.848521 0.359283
vt 0.823851 0.401269
vt 0.823851 0.377245
vt 0.848521 0.377245
vt 0.848521 0.401269
vt 0.779774 0.658793
vt 0.779774 0.696247
vt 0.755104 0.696247
vt 0.755104 0.658793
vt 0.738855 0.678551
vt 0.738855 0.641097
vt 0.714185 0.678551
vt 0.714185 0.641097
vt 0.796023 0.641097
vt 0.796023 0.678551
vt 0.823851 0.443255
vt 0.823851 0.419231
vt 0.848521 0.419231
vt 0.848521 0.443255
vt 0.823851 0.485242
vt 0.823851 0.461217
vt 0.848521 0.461217
vt 0.848521 0.485242
vt 0.046435 0.805023
vt 0.008981 0.805023
vt 0.008981 0.780353
vt 0.046435 0.780353
vt 0.026677 0.764104
vt 0.064131 0.764104
vt 0.026677 0.739434
vt 0.064131 0.739434
vt 0.064131 0.821272
vt 0.026677 0.821272
vt 0.823851 0.275310
vt 0.823851 0.251286
vt 0.848521 0.251286
vt 0.848521 0.275310
vt 0.549804 0.515327
vt 0.573828 0.515327
vt 0.573828 0.539997
vt 0.549804 0.539997
vt 0.093944 0.093944
vt 0.093944 0.178907
vt 0.008981 0.178907
vt 0.008981 0.093944
vt 0.799148 0.154652
vt 0.714185 0.154652
vt 0.714185 0.069689
vt 0.799148 0.069689
vt 0.008981 0.348833
vt 0.008981 0.263870
vt 0.093944 0.263870
vt 0.093944 0.348833
vt 0.714185 0.257577
vt 0.714185 0.172614
vt 0.799148 0.172614
vt 0.799148 0.257577
vt 0.008981 0.008981
vt 0.093944 0.008981
vt 0.285591 0.539447
vt 0.261471 0.539447
vt 0.261471 0.515327
vt 0.285591 0.515327
vt 0.285591 0.611806
vt 0.261471 0.611806
vt 0.261471 0.587686
vt 0.285591 0.587686
vt 0.261471 0.563566
vt 0.285591 0.563566
vt 0.135226 0.966899
vt 0.159346 0.966899
vt 0.159346 0.991019
vt 0.135226 0.991019
vt 0.201427 0.991019
vt 0.177308 0.991019
vt 0.177308 0.966899
vt 0.201427 0.966899
vt 0.201428 0.539447
vt 0.177308 0.539447
vt 0.177308 0.515327
vt 0.201428 0.515327
vt 0.201428 0.611806
vt 0.177308 0.611806
vt 0.177308 0.587686
vt 0.201428 0.587686
vt 0.177308 0.563566
vt 0.201428 0.563566
vt 0.093144 0.966899
vt 0.117264 0.966899
vt 0.117264 0.991019
vt 0.093144 0.991019
vt 0.985945 0.850766
vt 0.985945 0.874885
vt 0.961825 0.874885
vt 0.961825 0.850766
vt 0.303553 0.587686
vt 0.327673 0.587686
vt 0.327673 0.611806
vt 0.303553 0.611806
vt 0.303553 0.515327
vt 0.327673 0.515327
vt 0.327673 0.539447
vt 0.303553 0.539447
vt 0.327673 0.563566
vt 0.303553 0.563566
vt 0.985945 0.892848
vt 0.985945 0.916967
vt 0.961825 0.916967
vt 0.961825 0.892847
vt 0.008981 0.991019
vt 0.008981 0.966899
vt 0.033101 0.966899
vt 0.033101 0.991019
vt 0.219390 0.587686
vt 0.243509 0.587686
vt 0.243509 0.611806
vt 0.219390 0.611806
vt 0.219390 0.515327
vt 0.243509 0.515327
vt 0.243509 0.539447
vt 0.219390 0.539447
vt 0.243509 0.563566
vt 0.219390 0.563566
vt 0.985945 0.327824
vt 0.961825 0.327824
vt 0.961825 0.303705
vt 0.985945 0.303704
vt 0.985945 0.429950
vt 0.985945 0.454069
vt 0.961826 0.454069
vt 0.961825 0.429950
vt 0.033101 0.539447
vt 0.008981 0.539447
vt 0.008981 0.515327
vt 0.033101 0.515327
vt 0.033101 0.611806
vt 0.008981 0.611806
vt 0.008981 0.587686
vt 0.033101 0.587686
vt 0.008981 0.563566
vt 0.033101 0.563566
vt 0.985945 0.369906
vt 0.961825 0.369906
vt 0.961825 0.345786
vt 0.985945 0.345786
vt 0.985945 0.387868
vt 0.985945 0.411988
vt 0.961826 0.411988
vt 0.961825 0.387868
vt 0.093144 0.587686
vt 0.117264 0.587686
vt 0.117264 0.611806
vt 0.093144 0.611806
vt 0.093144 0.515327
vt 0.117264 0.515327
vt 0.117264 0.539447
vt 0.093144 0.539447
vt 0.117264 0.563566
vt 0.093144 0.563566
vt 0.051063 0.966899
vt 0.075182 0.966899
vt 0.075182 0.991019
vt 0.051063 0.991019
vt 0.985945 0.808684
vt 0.985945 0.832804
vt 0.961825 0.832804
vt 0.961825 0.808684
vt 0.369754 0.539447
vt 0.345635 0.539447
vt 0.345635 0.515327
vt 0.369754 0.515327
vt 0.369754 0.611806
vt 0.345635 0.611806
vt 0.345635 0.587686
vt 0.369754 0.587686
vt 0.345635 0.563566
vt 0.369754 0.563566
vt 0.985945 0.514113
vt 0.985945 0.538233
vt 0.961825 0.538233
vt 0.961825 0.514113
vt 0.961825 0.556194
vt 0.985945 0.556194
vt 0.985945 0.580314
vt 0.961825 0.580314
vt 0.051063 0.587686
vt 0.075183 0.587686
vt 0.075183 0.611806
vt 0.051063 0.611806
vt 0.051063 0.515327
vt 0.075183 0.515327
vt 0.075183 0.539447
vt 0.051063 0.539447
vt 0.075183 0.563566
vt 0.051063 0.563566
vt 0.261471 0.966899
vt 0.285591 0.966899
vt 0.285591 0.991019
vt 0.261471 0.991019
vt 0.219389 0.966899
vt 0.243509 0.966899
vt 0.243509 0.991019
vt 0.219389 0.991019
vt 0.560041 0.457852
vt 0.560041 0.433732
vt 0.584161 0.433732
vt 0.584161 0.457852
vt 0.487682 0.457852
vt 0.487682 0.433732
vt 0.511801 0.433732
vt 0.511801 0.457852
vt 0.535921 0.433732
vt 0.535921 0.457852
vt 0.961825 0.598276
vt 0.985945 0.598276
vt 0.985945 0.622396
vt 0.961825 0.622396
vt 0.985945 0.640358
vt 0.985945 0.664477
vt 0.961825 0.664477
vt 0.961825 0.640358
vt 0.159346 0.539447
vt 0.135226 0.539447
vt 0.135226 0.515327
vt 0.159346 0.515327
vt 0.159346 0.611806
vt 0.135226 0.611806
vt 0.135226 0.587686
vt 0.159346 0.587686
vt 0.135226 0.563566
vt 0.159346 0.563566
vt 0.985945 0.706559
vt 0.961825 0.706559
vt 0.961825 0.682439
vt 0.985945 0.682439
vt 0.985945 0.766602
vt 0.985945 0.790722
vt 0.961826 0.790722
vt 0.961825 0.766602
vt 0.387716 0.587686
vt 0.411836 0.587686
vt 0.411836 0.611805
vt 0.387716 0.611805
vt 0.387716 0.515327
vt 0.411836 0.515327
vt 0.411836 0.539447
vt 0.387716 0.539447
vt 0.411836 0.563566
vt 0.387716 0.563566
vt 0.985945 0.724521
vt 0.985945 0.748640
vt 0.961825 0.748640
vt 0.961825 0.724521
vt 0.961825 0.472031
vt 0.985945 0.472031
vt 0.985945 0.496151
vt 0.961825 0.496151
vt 0.560041 0.415770
vt 0.560041 0.391650
vt 0.584160 0.391650
vt 0.584161 0.415769
vt 0.487682 0.415770
vt 0.487682 0.391650
vt 0.511801 0.391650
vt 0.511802 0.415770
vt 0.535921 0.391650
vt 0.535921 0.415770
vt 0.961825 0.219541
vt 0.985945 0.219541
vt 0.985945 0.243661
vt 0.961825 0.243661
vt 0.985945 0.261623
vt 0.985945 0.285743
vt 0.961825 0.285743
vt 0.961825 0.261623
vt 0.345772 0.653341
vt 0.317770 0.653341
vt 0.312520 0.629768
vt 0.340522 0.629768
vt 0.340522 0.721472
vt 0.312520 0.721472
vt 0.322014 0.699193
vt 0.350016 0.699193
vt 0.327264 0.675620
vt 0.355266 0.675620
vt 0.623287 0.924445
vt 0.623287 0.948663
vt 0.599137 0.948602
vt 0.599137 0.924385
vt 0.665399 0.924385
vt 0.665399 0.948602
vt 0.641249 0.948663
vt 0.641249 0.924445
vt 0.224356 0.653341
vt 0.196354 0.653341
vt 0.191105 0.629768
vt 0.219107 0.629768
vt 0.219107 0.721472
vt 0.191105 0.721472
vt 0.200599 0.699193
vt 0.228601 0.699193
vt 0.205848 0.675620
vt 0.233850 0.675620
vt 0.496951 0.924445
vt 0.496951 0.948663
vt 0.472800 0.948602
vt 0.472800 0.924385
vt 0.707511 0.924385
vt 0.707511 0.948602
vt 0.683361 0.948663
vt 0.683361 0.924445
vt 0.443430 0.697899
vt 0.471432 0.697899
vt 0.476681 0.721472
vt 0.448679 0.721472
vt 0.448679 0.629768
vt 0.476681 0.629768
vt 0.467187 0.652047
vt 0.439185 0.652047
vt 0.461937 0.675620
vt 0.433935 0.675620
vt 0.581175 0.924445
vt 0.581175 0.948663
vt 0.557024 0.948602
vt 0.557024 0.924385
vt 0.749623 0.924385
vt 0.749623 0.948602
vt 0.725473 0.948663
vt 0.725473 0.924445
vt 0.406479 0.653341
vt 0.378477 0.653340
vt 0.373228 0.629768
vt 0.401230 0.629768
vt 0.401230 0.721472
vt 0.373228 0.721472
vt 0.382722 0.699192
vt 0.410724 0.699193
vt 0.387972 0.675620
vt 0.415974 0.675620
vt 0.370615 0.924445
vt 0.370615 0.948663
vt 0.346465 0.948602
vt 0.346465 0.924385
vt 0.328503 0.924385
vt 0.328503 0.948602
vt 0.304353 0.948663
vt 0.304353 0.924445
vt 0.102940 0.653341
vt 0.074938 0.653341
vt 0.069689 0.629768
vt 0.097691 0.629768
vt 0.097691 0.721472
vt 0.069689 0.721472
vt 0.079183 0.699193
vt 0.107185 0.699193
vt 0.084433 0.675620
vt 0.112435 0.675620
vt 0.833848 0.924445
vt 0.833848 0.948663
vt 0.809697 0.948602
vt 0.809697 0.924385
vt 0.539062 0.924385
vt 0.539062 0.948603
vt 0.514912 0.948663
vt 0.514912 0.924445
vt 0.285064 0.653340
vt 0.257062 0.653340
vt 0.251812 0.629768
vt 0.279814 0.629768
vt 0.279814 0.721472
vt 0.251812 0.721472
vt 0.261307 0.699193
vt 0.289309 0.699193
vt 0.266556 0.675620
vt 0.294558 0.675620
vt 0.961886 0.093205
vt 0.986104 0.093205
vt 0.986043 0.117355
vt 0.961825 0.117355
vt 0.202166 0.924385
vt 0.202166 0.948603
vt 0.178017 0.948663
vt 0.178017 0.924445
vt 0.018475 0.697899
vt 0.046477 0.697899
vt 0.051727 0.721472
vt 0.023725 0.721472
vt 0.023725 0.629768
vt 0.051727 0.629768
vt 0.042232 0.652047
vt 0.014231 0.652047
vt 0.036983 0.675620
vt 0.008981 0.675620
vt 0.918072 0.924445
vt 0.918072 0.948663
vt 0.893922 0.948603
vt 0.893922 0.924385
vt 0.454838 0.924385
vt 0.454838 0.948602
vt 0.430688 0.948663
vt 0.430688 0.924445
vt 0.782316 0.042232
vt 0.782316 0.014230
vt 0.805889 0.008981
vt 0.805889 0.036983
vt 0.714185 0.036983
vt 0.714185 0.008981
vt 0.736465 0.018475
vt 0.736465 0.046477
vt 0.760037 0.023725
vt 0.760037 0.051727
vt 0.286391 0.924445
vt 0.286391 0.948663
vt 0.262241 0.948603
vt 0.262241 0.924385
vt 0.961825 0.051093
vt 0.986043 0.051093
vt 0.986104 0.075243
vt 0.961886 0.075243
vt 0.625553 0.697899
vt 0.653555 0.697899
vt 0.658805 0.721472
vt 0.630803 0.721472
vt 0.630803 0.629768
vt 0.658805 0.629768
vt 0.649310 0.652047
vt 0.621308 0.652047
vt 0.644061 0.675620
vt 0.616059 0.675620
vt 0.244279 0.924445
vt 0.244279 0.948663
vt 0.220128 0.948602
vt 0.220128 0.924385
vt 0.412726 0.924385
vt 0.412726 0.948603
vt 0.388577 0.948663
vt 0.388577 0.924445
vt 0.163649 0.653341
vt 0.135647 0.653341
vt 0.130397 0.629768
vt 0.158399 0.629768
vt 0.158399 0.721472
vt 0.130397 0.721472
vt 0.139891 0.699193
vt 0.167893 0.699193
vt 0.145141 0.675620
vt 0.173143 0.675620
vt 0.875960 0.924445
vt 0.875960 0.948663
vt 0.851810 0.948603
vt 0.851810 0.924385
vt 0.961825 0.177429
vt 0.986043 0.177429
vt 0.986103 0.201579
vt 0.961886 0.201579
vt 0.564846 0.697899
vt 0.592848 0.697899
vt 0.598097 0.721472
vt 0.570095 0.721472
vt 0.570095 0.629768
vt 0.598097 0.629768
vt 0.588603 0.652048
vt 0.560601 0.652048
vt 0.583353 0.675620
vt 0.555351 0.675620
vt 0.160055 0.924445
vt 0.160055 0.948663
vt 0.135905 0.948603
vt 0.135905 0.924385
vt 0.791735 0.924385
vt 0.791735 0.948603
vt 0.767585 0.948663
vt 0.767585 0.924445
vt 0.527895 0.653341
vt 0.499893 0.653341
vt 0.494644 0.629768
vt 0.522646 0.629768
vt 0.522645 0.721472
vt 0.494643 0.721472
vt 0.504138 0.699193
vt 0.532140 0.699193
vt 0.509387 0.675620
vt 0.537389 0.675620
vt 0.961886 0.008981
vt 0.986104 0.008981
vt 0.986044 0.033131
vt 0.961825 0.033131
vt 0.961825 0.135317
vt 0.986043 0.135317
vt 0.986103 0.159467
vt 0.961886 0.159467
s 0
usemtl Материал
f 1/1/1 2/2/1 4/3/1 3/4/1
f 3/5/2 4/6/2 8/7/2 7/8/2
f 7/8/3 8/7/3 6/9/3 5/10/3
f 5/10/4 6/9/4 2/2/4 1/1/4
f 3/11/5 7/12/5 5/13/5 1/14/5
f 8/15/6 4/16/6 2/17/6 6/18/6
f 9/19/1 10/20/1 12/21/1 11/22/1
f 11/23/2 12/24/2 16/25/2 15/26/2
f 15/26/7 16/25/7 14/27/7 13/28/7
f 13/28/4 14/27/4 10/20/4 9/19/4
f 11/29/5 15/30/5 13/31/5 9/32/5
f 16/33/6 12/34/6 10/35/6 14/36/6
f 17/37/1 18/38/1 20/39/1 19/40/1
f 19/41/2 20/42/2 24/43/2 23/44/2
f 23/44/7 24/43/7 22/45/7 21/46/7
f 21/46/4 22/45/4 18/38/4 17/37/4
f 19/47/5 23/48/5 21/49/5 17/50/5
f 24/51/6 20/52/6 18/53/6 22/54/6
f 25/55/8 26/56/8 28/57/8 27/58/8
f 27/59/2 28/60/2 32/61/2 31/62/2
f 31/62/7 32/61/7 30/63/7 29/64/7
f 29/64/4 30/63/4 26/56/4 25/55/4
f 27/65/5 31/66/5 29/67/5 25/68/5
f 32/69/6 28/70/6 26/71/6 30/72/6
f 33/73/8 34/74/8 36/75/8 35/76/8
f 35/77/2 36/78/2 40/79/2 39/80/2
f 39/80/7 40/79/7 38/81/7 37/82/7
f 37/82/4 38/81/4 34/74/4 33/73/4
f 35/83/5 39/84/5 37/85/5 33/86/5
f 40/87/6 36/88/6 34/89/6 38/90/6
f 41/91/8 42/92/8 44/93/8 43/94/8
f 43/95/2 44/96/2 48/97/2 47/98/2
f 47/98/7 48/97/7 46/99/7 45/100/7
f 45/100/4 46/99/4 42/92/4 41/91/4
f 43/101/5 47/102/5 45/103/5 41/104/5
f 48/105/6 44/106/6 42/107/6 46/108/6
f 49/109/8 50/110/8 52/111/8 51/112/8
f 51/113/2 52/114/2 56/115/2 55/116/2
f 55/116/3 56/115/3 54/117/3 53/118/3
f 53/118/4 54/117/4 50/110/4 49/109/4
f 51/119/5 55/120/5 53/121/5 49/122/5
f 56/123/6 52/124/6 50/125/6 54/126/6
f 57/127/8 58/128/8 60/129/8 59/130/8
f 59/131/2 60/132/2 64/133/2 63/134/2
f 63/134/3 64/133/3 62/135/3 61/136/3
f 61/136/4 62/135/4 58/128/4 57/127/4
f 59/137/5 63/138/5 61/139/5 57/140/5
f 64/141/6 60/142/6 58/143/6 62/144/6
f 65/145/8 66/146/8 68/147/8 67/148/8
f 67/149/2 68/150/2 72/151/2 71/152/2
f 71/152/7 72/151/7 70/153/7 69/154/7
f 69/154/4 70/153/4 66/146/4 65/145/4
f 67/155/5 71/156/5 69/157/5 65/158/5
f 72/159/6 68/160/6 66/161/6 70/162/6
f 73/163/8 74/164/8 76/165/8 75/166/8
f 75/167/2 76/168/2 80/169/2 79/170/2
f 79/170/3 80/169/3 78/171/3 77/172/3
f 77/172/4 78/171/4 74/164/4 73/163/4
f 75/173/5 79/174/5 77/175/5 73/176/5
f 80/177/6 76/178/6 74/179/6 78/180/6
f 81/181/8 82/182/8 84/183/8 83/184/8
f 83/185/2 84/186/2 88/187/2 87/188/2
f 87/188/7 88/187/7 86/189/7 85/190/7
f 85/190/4 86/189/4 82/182/4 81/181/4
f 83/191/5 87/192/5 85/193/5 81/194/5
f 88/195/6 84/196/6 82/197/6 86/198/6
f 89/199/1 90/200/1 92/201/1 91/202/1
f 91/203/2 92/204/2 96/205/2 95/206/2
f 95/206/7 96/205/7 94/207/7 93/208/7
f 93/208/4 94/207/4 90/200/4 89/199/4
f 91/209/5 95/210/5 93/211/5 89/212/5
f 96/213/6 92/214/6 90/215/6 94/216/6
f 97/217/9 98/218/9 100/219/9 99/220/9
f 99/221/10 100/222/10 104/223/10 103/224/10
f 103/224/11 104/223/11 102/225/11 101/226/11
f 101/226/12 102/225/12 98/218/12 97/217/12
f 99/227/13 103/228/13 101/229/13 97/230/13
f 104/231/14 100/232/14 98/233/14 102/234/14
f 105/235/9 106/236/9 108/237/9 107/238/9
f 107/239/10 108/240/10 112/241/10 111/242/10
f 111/242/11 112/241/11 110/243/11 109/244/11
f 109/244/12 110/243/12 106/236/12 105/235/12
f 107/245/13 111/246/13 109/247/13 105/248/13
f 112/249/14 108/250/14 106/251/14 110/252/14
f 113/253/9 114/254/9 116/255/9 115/256/9
f 115/257/10 116/258/10 120/259/10 119/260/10
f 119/260/11 120/259/11 118/261/11 117/262/11
f 117/262/12 118/261/12 114/254/12 113/253/12
f 115/263/13 119/264/13 117/265/13 113/266/13
f 120/267/14 116/268/14 114/269/14 118/270/14
f 121/271/9 122/272/9 124/273/9 123/274/9
f 123/275/10 124/276/10 128/277/10 127/278/10
f 127/278/11 128/277/11 126/279/11 125/280/11
f 125/280/12 126/279/12 122/272/12 121/271/12
f 123/281/13 127/282/13 125/283/13 121/284/13
f 128/285/14 124/286/14 122/287/14 126/288/14
f 129/289/9 130/290/9 132/291/9 131/292/9
f 131/293/10 132/294/10 136/295/10 135/296/10
f 135/296/11 136/295/11 134/297/11 133/298/11
f 133/298/12 134/297/12 130/290/12 129/289/12
f 131/299/13 135/300/13 133/301/13 129/302/13
f 136/303/14 132/304/14 130/305/14 134/306/14
f 137/307/9 138/308/9 140/309/9 139/310/9
f 139/311/10 140/312/10 144/313/10 143/314/10
f 143/314/11 144/313/11 142/315/11 141/316/11
f 141/316/12 142/315/12 138/308/12 137/307/12
f 139/317/13 143/318/13 141/319/13 137/320/13
f 144/321/14 140/322/14 138/323/14 142/324/14
f 145/325/9 146/326/9 148/327/9 147/328/9
f 147/329/10 148/330/10 152/331/10 151/332/10
f 151/332/11 152/331/11 150/333/11 149/334/11
f 149/334/12 150/333/12 146/326/12 145/325/12
f 147/335/13 151/336/13 149/337/13 145/338/13
f 152/339/14 148/340/14 146/341/14 150/342/14
f 153/343/9 154/344/9 156/345/9 155/346/9
f 155/347/10 156/348/10 160/349/10 159/350/10
f 159/350/11 160/349/11 158/351/11 157/352/11
f 157/352/12 158/351/12 154/344/12 153/343/12
f 155/353/13 159/354/13 157/355/13 153/356/13
f 160/357/14 156/358/14 154/359/14 158/360/14
f 161/361/9 162/362/9 164/363/9 163/364/9
f 163/365/10 164/366/10 168/367/10 167/368/10
f 167/368/11 168/367/11 166/369/11 165/370/11
f 165/370/12 166/369/12 162/362/12 161/361/12
f 163/371/13 167/372/13 165/373/13 161/374/13
f 168/375/14 164/376/14 162/377/14 166/378/14
f 169/379/9 170/380/9 172/381/9 171/382/9
f 171/383/10 172/384/10 176/385/10 175/386/10
f 175/386/11 176/385/11 174/387/11 173/388/11
f 173/388/12 174/387/12 170/380/12 169/379/12
f 171/389/13 175/390/13 173/391/13 169/392/13
f 176/393/14 172/394/14 170/395/14 174/396/14
f 177/397/9 178/398/9 180/399/9 179/400/9
f 179/401/10 180/402/10 184/403/10 183/404/10
f 183/404/11 184/403/11 182/405/11 181/406/11
f 181/406/12 182/405/12 178/398/12 177/397/12
f 179/407/13 183/408/13 181/409/13 177/410/13
f 184/411/14 180/412/14 178/413/14 182/414/14
f 185/415/9 186/416/9 188/417/9 187/418/9
f 187/419/10 188/420/10 192/421/10 191/422/10
f 191/422/11 192/421/11 190/423/11 189/424/11
f 189/424/12 190/423/12 186/416/12 185/415/12
f 187/425/13 191/426/13 189/427/13 185/428/13
f 192/429/14 188/430/14 186/431/14 190/432/14
f 211/433/15 202/434/15 201/435/15 212/436/15
f 212/436/16 201/435/16 203/437/16 213/438/16
f 213/438/17 203/437/17 204/439/17 214/440/17
f 215/441/18 205/442/18 206/443/18 216/444/18
f 216/444/19 206/443/19 207/445/19 217/446/19
f 217/446/20 207/445/20 208/447/20 218/448/20
f 218/448/21 208/447/21 202/434/21 211/433/21
f 193/449/22 194/450/22 201/435/22 202/434/22
f 194/450/23 195/451/23 203/437/23 201/435/23
f 195/451/24 196/452/24 204/439/24 203/437/24
f 197/453/25 198/454/25 206/443/25 205/442/25
f 198/454/26 199/455/26 207/445/26 206/443/26
f 199/455/27 200/456/27 208/447/27 207/445/27
f 200/456/28 193/449/28 202/434/28 208/447/28
f 211/433/29 212/436/29 221/457/29 219/458/29
f 212/436/30 213/438/30 222/459/30 221/457/30
f 213/438/31 214/440/31 223/460/31 222/459/31
f 215/441/32 216/444/32 225/461/32 224/462/32
f 214/440/33 228/463/33 227/464/33 223/460/33
f 216/444/34 217/446/34 226/465/34 225/461/34
f 217/446/35 218/448/35 220/466/35 226/465/35
f 218/448/36 211/433/36 219/458/36 220/466/36
f 227/467/37 228/468/37 209/469/37 210/470/37
f 196/452/38 210/471/38 209/472/38 204/439/38
f 214/440/39 204/439/39 209/472/39 228/463/39
f 215/473/40 224/474/40 197/475/40 205/476/40
f 200/477/41 199/478/41 226/479/41 220/480/41
f 199/478/42 198/481/42 225/482/42 226/479/42
f 198/481/43 197/483/43 224/484/43 225/482/43
f 210/485/44 196/486/44 223/487/44 227/488/44
f 196/486/45 195/489/45 222/490/45 223/487/45
f 195/489/46 194/491/46 221/492/46 222/490/46
f 194/491/47 193/493/47 219/494/47 221/492/47
f 193/493/48 200/477/48 220/480/48 219/494/48
f 247/495/15 238/496/15 237/497/15 248/498/15
f 248/498/16 237/497/16 239/499/16 249/500/16
f 249/500/17 239/499/17 240/501/17 250/502/17
f 251/503/18 241/504/18 242/505/18 252/506/18
f 252/506/19 242/505/19 243/507/19 253/508/19
f 253/508/20 243/507/20 244/509/20 254/510/20
f 254/510/21 244/509/21 238/496/21 247/495/21
f 229/511/22 230/512/22 237/497/22 238/496/22
f 230/512/23 231/513/23 239/499/23 237/497/23
f 231/513/24 232/514/24 240/501/24 239/499/24
f 233/515/25 234/516/25 242/505/25 241/504/25
f 234/516/26 235/517/26 243/507/26 242/505/26
f 235/517/27 236/518/27 244/509/27 243/507/27
f 236/518/28 229/511/28 238/496/28 244/509/28
f 247/495/29 248/498/29 257/519/29 255/520/29
f 248/498/30 249/500/30 258/521/30 257/519/30
f 249/500/31 250/502/31 259/522/31 258/521/31
f 251/503/32 252/506/32 261/523/32 260/524/32
f 250/502/33 264/525/33 263/526/33 259/522/33
f 252/506/34 253/508/34 262/527/34 261/523/34
f 253/508/35 254/510/35 256/528/35 262/527/35
f 254/510/36 247/495/36 255/520/36 256/528/36
f 263/529/37 264/530/37 245/531/37 246/532/37
f 232/514/38 246/533/38 245/534/38 240/501/38
f 250/502/39 240/501/39 245/534/39 264/525/39
f 251/535/40 260/536/40 233/537/40 241/538/40
f 236/539/41 235/540/41 262/541/41 256/542/41
f 235/540/42 234/543/42 261/544/42 262/541/42
f 234/543/49 233/545/49 260/546/49 261/544/49
f 246/547/44 232/548/44 259/549/44 263/550/44
f 232/548/45 231/551/45 258/552/45 259/549/45
f 231/551/46 230/553/46 257/554/46 258/552/46
f 230/553/47 229/555/47 255/556/47 257/554/47
f 229/555/48 236/539/48 256/542/48 255/556/48
f 283/557/15 274/558/15 273/559/15 284/560/15
f 284/560/16 273/559/16 275/561/16 285/562/16
f 285/562/17 275/561/17 276/563/17 286/564/17
f 287/565/18 277/566/18 278/567/18 288/568/18
f 288/568/19 278/567/19 279/569/19 289/570/19
f 289/570/20 279/569/20 280/571/20 290/572/20
f 290/572/21 280/571/21 274/558/21 283/557/21
f 265/573/22 266/574/22 273/559/22 274/558/22
f 266/574/23 267/575/23 275/561/23 273/559/23
f 267/575/24 268/576/24 276/563/24 275/561/24
f 269/577/25 270/578/25 278/567/25 277/566/25
f 270/578/26 271/579/26 279/569/26 278/567/26
f 271/579/27 272/580/27 280/571/27 279/569/27
f 272/580/28 265/573/28 274/558/28 280/571/28
f 283/557/29 284/560/29 293/581/29 291/582/29
f 284/560/50 285/562/50 294/583/50 293/581/50
f 285/562/31 286/564/31 295/584/31 294/583/31
f 287/565/32 288/568/32 297/585/32 296/586/32
f 286/564/33 300/587/33 299/588/33 295/584/33
f 288/568/34 289/570/34 298/589/34 297/585/34
f 289/570/35 290/572/35 292/590/35 298/589/35
f 290/572/36 283/557/36 291/582/36 292/590/36
f 299/591/37 300/592/37 281/593/37 282/594/37
f 268/576/38 282/595/38 281/596/38 276/563/38
f 286/564/39 276/563/39 281/596/39 300/587/39
f 287/597/40 296/598/40 269/599/40 277/600/40
f 272/601/41 271/602/41 298/603/41 292/604/41
f 271/602/42 270/605/42 297/606/42 298/603/42
f 270/605/43 269/607/43 296/608/43 297/606/43
f 282/609/44 268/610/44 295/611/44 299/612/44
f 268/610/45 267/613/45 294/614/45 295/611/45
f 267/613/46 266/615/46 293/616/46 294/614/46
f 266/615/47 265/617/47 291/618/47 293/616/47
f 265/617/51 272/601/51 292/604/51 291/618/51
f 319/619/15 310/620/15 309/621/15 320/622/15
f 320/622/16 309/621/16 311/623/16 321/624/16
f 321/624/17 311/623/17 312/625/17 322/626/17
f 323/627/18 313/628/18 314/629/18 324/630/18
f 324/630/19 314/629/19 315/631/19 325/632/19
f 325/632/20 315/631/20 316/633/20 326/634/20
f 326/634/21 316/633/21 310/620/21 319/619/21
f 301/635/22 302/636/22 309/621/22 310/620/22
f 302/636/23 303/637/23 311/623/23 309/621/23
f 303/637/24 304/638/24 312/625/24 311/623/24
f 305/639/25 306/640/25 314/629/25 313/628/25
f 306/640/26 307/641/26 315/631/26 314/629/26
f 307/641/27 308/642/27 316/633/27 315/631/27
f 308/642/28 301/635/28 310/620/28 316/633/28
f 319/619/29 320/622/29 329/643/29 327/644/29
f 320/622/50 321/624/50 330/645/50 329/643/50
f 321/624/31 322/626/31 331/646/31 330/645/31
f 323/627/32 324/630/32 333/647/32 332/648/32
f 322/626/33 336/649/33 335/650/33 331/646/33
f 324/630/34 325/632/34 334/651/34 333/647/34
f 325/632/35 326/634/35 328/652/35 334/651/35
f 326/634/36 319/619/36 327/644/36 328/652/36
f 335/653/37 336/654/37 317/655/37 318/656/37
f 304/638/38 318/657/38 317/658/38 312/625/38
f 322/626/39 312/625/39 317/658/39 336/649/39
f 323/659/40 332/660/40 305/661/40 313/662/40
f 308/663/41 307/664/41 334/665/41 328/666/41
f 307/664/42 306/667/42 333/668/42 334/665/42
f 306/667/43 305/669/43 332/670/43 333/668/43
f 318/671/44 304/672/44 331/673/44 335/674/44
f 304/672/45 303/675/45 330/676/45 331/673/45
f 303/675/46 302/677/46 329/678/46 330/676/46
f 302/677/47 301/679/47 327/680/47 329/678/47
f 301/679/51 308/663/51 328/666/51 327/680/51
f 355/681/15 346/682/15 345/683/15 356/684/15
f 356/684/16 345/683/16 347/685/16 357/686/16
f 357/686/17 347/685/17 348/687/17 358/688/17
f 359/689/18 349/690/18 350/691/18 360/692/18
f 360/692/19 350/691/19 351/693/19 361/694/19
f 361/694/20 351/693/20 352/695/20 362/696/20
f 362/696/21 352/695/21 346/682/21 355/681/21
f 337/697/22 338/698/22 345/683/22 346/682/22
f 338/698/23 339/699/23 347/685/23 345/683/23
f 339/699/24 340/700/24 348/687/24 347/685/24
f 341/701/25 342/702/25 350/691/25 349/690/25
f 342/702/26 343/703/26 351/693/26 350/691/26
f 343/703/27 344/704/27 352/695/27 351/693/27
f 344/704/28 337/697/28 346/682/28 352/695/28
f 355/681/29 356/684/29 365/705/29 363/706/29
f 356/684/30 357/686/30 366/707/30 365/705/30
f 357/686/31 358/688/31 367/708/31 366/707/31
f 359/689/32 360/692/32 369/709/32 368/710/32
f 358/688/33 372/711/33 371/712/33 367/708/33
f 360/692/34 361/694/34 370/713/34 369/709/34
f 361/694/35 362/696/35 364/714/35 370/713/35
f 362/696/36 355/681/36 363/706/36 364/714/36
f 371/715/37 372/716/37 353/717/37 354/718/37
f 340/700/38 354/719/38 353/720/38 348/687/38
f 358/688/39 348/687/39 353/720/39 372/711/39
f 359/721/40 368/722/40 341/723/40 349/724/40
f 344/725/41 343/726/41 370/727/41 364/728/41
f 343/726/42 342/729/42 369/730/42 370/727/42
f 342/729/49 341/731/49 368/732/49 369/730/49
f 354/733/44 340/734/44 367/735/44 371/736/44
f 340/734/45 339/737/45 366/738/45 367/735/45
f 339/737/46 338/739/46 365/740/46 366/738/46
f 338/739/47 337/741/47 363/742/47 365/740/47
f 337/741/51 344/725/51 364/728/51 363/742/51
f 391/743/52 382/744/52 381/745/52 392/746/52
f 392/746/16 381/745/16 383/747/16 393/748/16
f 393/748/17 383/747/17 384/749/17 394/750/17
f 395/751/18 385/752/18 386/753/18 396/754/18
f 396/754/19 386/753/19 387/755/19 397/756/19
f 397/756/20 387/755/20 388/757/20 398/758/20
f 398/758/21 388/757/21 382/744/21 391/743/21
f 373/759/22 374/760/22 381/745/22 382/744/22
f 374/760/23 375/761/23 383/747/23 381/745/23
f 375/761/24 376/762/24 384/749/24 383/747/24
f 377/763/25 378/764/25 386/753/25 385/752/25
f 378/764/26 379/765/26 387/755/26 386/753/26
f 379/765/27 380/766/27 388/757/27 387/755/27
f 380/766/28 373/759/28 382/744/28 388/757/28
f 391/743/29 392/746/29 401/767/29 399/768/29
f 392/746/30 393/748/30 402/769/30 401/767/30
f 393/748/31 394/750/31 403/770/31 402/769/31
f 395/751/32 396/754/32 405/771/32 404/772/32
f 394/750/33 408/773/33 407/774/33 403/770/33
f 396/754/34 397/756/34 406/775/34 405/771/34
f 397/756/35 398/758/35 400/776/35 406/775/35
f 398/758/36 391/743/36 399/768/36 400/776/36
f 407/777/37 408/778/37 389/779/37 390/780/37
f 376/762/38 390/781/38 389/782/38 384/749/38
f 394/750/39 384/749/39 389/782/39 408/773/39
f 395/783/40 404/784/40 377/785/40 385/786/40
f 380/787/41 379/788/41 406/789/41 400/790/41
f 379/788/42 378/791/42 405/792/42 406/789/42
f 378/791/49 377/793/49 404/794/49 405/792/49
f 390/795/44 376/796/44 403/797/44 407/798/44
f 376/796/45 375/799/45 402/800/45 403/797/45
f 375/799/46 374/801/46 401/802/46 402/800/46
f 374/801/47 373/803/47 399/804/47 401/802/47
f 373/803/51 380/787/51 400/790/51 399/804/51
f 427/805/15 418/806/15 417/807/15 428/808/15
f 428/808/16 417/807/16 419/809/16 429/810/16
f 429/810/17 419/809/17 420/811/17 430/812/17
f 431/813/18 421/814/18 422/815/18 432/816/18
f 432/816/19 422/815/19 423/817/19 433/818/19
f 433/818/20 423/817/20 424/819/20 434/820/20
f 434/820/53 424/819/53 418/806/53 427/805/53
f 409/821/22 410/822/22 417/807/22 418/806/22
f 410/822/23 411/823/23 419/809/23 417/807/23
f 411/823/24 412/824/24 420/811/24 419/809/24
f 413/825/25 414/826/25 422/815/25 421/814/25
f 414/826/26 415/827/26 423/817/26 422/815/26
f 415/827/27 416/828/27 424/819/27 423/817/27
f 416/828/28 409/821/28 418/806/28 424/819/28
f 427/805/29 428/808/29 437/829/29 435/830/29
f 428/808/30 429/810/30 438/831/30 437/829/30
f 429/810/31 430/812/31 439/832/31 438/831/31
f 431/813/32 432/816/32 441/833/32 440/834/32
f 430/812/33 444/835/33 443/836/33 439/832/33
f 432/816/34 433/818/34 442/837/34 441/833/34
f 433/818/35 434/820/35 436/838/35 442/837/35
f 434/820/36 427/805/36 435/830/36 436/838/36
f 443/839/37 444/840/37 425/841/37 426/842/37
f 412/824/38 426/843/38 425/844/38 420/811/38
f 430/812/39 420/811/39 425/844/39 444/835/39
f 431/845/40 440/846/40 413/847/40 421/848/40
f 416/849/41 415/850/41 442/851/41 436/852/41
f 415/850/42 414/853/42 441/854/42 442/851/42
f 414/853/43 413/855/43 440/856/43 441/854/43
f 426/857/44 412/858/44 439/859/44 443/860/44
f 412/858/45 411/861/45 438/862/45 439/859/45
f 411/861/46 410/863/46 437/864/46 438/862/46
f 410/863/47 409/865/47 435/866/47 437/864/47
f 409/865/51 416/849/51 436/852/51 435/866/51
f 463/867/15 454/868/15 453/869/15 464/870/15
f 464/870/16 453/869/16 455/871/16 465/872/16
f 465/872/17 455/871/17 456/873/17 466/874/17
f 467/875/18 457/876/18 458/877/18 468/878/18
f 468/878/19 458/877/19 459/879/19 469/880/19
f 469/880/20 459/879/20 460/881/20 470/882/20
f 470/882/53 460/881/53 454/868/53 463/867/53
f 445/883/22 446/884/22 453/869/22 454/868/22
f 446/884/23 447/885/23 455/871/23 453/869/23
f 447/885/24 448/886/24 456/873/24 455/871/24
f 449/887/25 450/888/25 458/877/25 457/876/25
f 450/888/26 451/889/26 459/879/26 458/877/26
f 451/889/27 452/890/27 460/881/27 459/879/27
f 452/890/28 445/883/28 454/868/28 460/881/28
f 463/867/29 464/870/29 473/891/29 471/892/29
f 464/870/30 465/872/30 474/893/30 473/891/30
f 465/872/31 466/874/31 475/894/31 474/893/31
f 467/875/32 468/878/32 477/895/32 476/896/32
f 466/874/33 480/897/33 479/898/33 475/894/33
f 468/878/34 469/880/34 478/899/34 477/895/34
f 469/880/35 470/882/35 472/900/35 478/899/35
f 470/882/36 463/867/36 471/892/36 472/900/36
f 479/901/37 480/902/37 461/903/37 462/904/37
f 448/886/38 462/905/38 461/906/38 456/873/38
f 466/874/39 456/873/39 461/906/39 480/897/39
f 467/907/40 476/908/40 449/909/40 457/910/40
f 452/911/41 451/912/41 478/913/41 472/914/41
f 451/912/42 450/915/42 477/916/42 478/913/42
f 450/915/49 449/917/49 476/918/49 477/916/49
f 462/919/44 448/920/44 475/921/44 479/922/44
f 448/920/45 447/923/45 474/924/45 475/921/45
f 447/923/46 446/925/46 473/926/46 474/924/46
f 446/925/54 445/927/54 471/928/54 473/926/54
f 445/927/51 452/911/51 472/914/51 471/928/51
f 499/929/15 490/930/15 489/931/15 500/932/15
f 500/932/16 489/931/16 491/933/16 501/934/16
f 501/934/17 491/933/17 492/935/17 502/936/17
f 503/937/18 493/938/18 494/939/18 504/940/18
f 504/940/19 494/939/19 495/941/19 505/942/19
f 505/942/20 495/941/20 496/943/20 506/944/20
f 506/944/53 496/943/53 490/930/53 499/929/53
f 481/945/22 482/946/22 489/931/22 490/930/22
f 482/946/23 483/947/23 491/933/23 489/931/23
f 483/947/24 484/948/24 492/935/24 491/933/24
f 485/949/25 486/950/25 494/939/25 493/938/25
f 486/950/26 487/951/26 495/941/26 494/939/26
f 487/951/27 488/952/27 496/943/27 495/941/27
f 488/952/28 481/945/28 490/930/28 496/943/28
f 499/929/29 500/932/29 509/953/29 507/954/29
f 500/932/50 501/934/50 510/955/50 509/953/50
f 501/934/31 502/936/31 511/956/31 510/955/31
f 503/937/32 504/940/32 513/957/32 512/958/32
f 502/936/33 516/959/33 515/960/33 511/956/33
f 504/940/34 505/942/34 514/961/34 513/957/34
f 505/942/35 506/944/35 508/962/35 514/961/35
f 506/944/36 499/929/36 507/954/36 508/962/36
f 515/963/37 516/964/37 497/965/37 498/966/37
f 484/948/38 498/967/38 497/968/38 492/935/38
f 502/936/39 492/935/39 497/968/39 516/959/39
f 503/969/40 512/970/40 485/971/40 493/972/40
f 488/973/41 487/974/41 514/975/41 508/976/41
f 487/974/42 486/977/42 513/978/42 514/975/42
f 486/977/49 485/979/49 512/980/49 513/978/49
f 498/981/44 484/982/44 511/983/44 515/984/44
f 484/982/45 483/985/45 510/986/45 511/983/45
f 483/985/46 482/987/46 509/988/46 510/986/46
f 482/987/47 481/989/47 507/990/47 509/988/47
f 481/989/48 488/973/48 508/976/48 507/990/48
f 535/991/15 526/992/15 525/993/15 536/994/15
f 536/994/16 525/993/16 527/995/16 537/996/16
f 537/996/17 527/995/17 528/997/17 538/998/17
f 539/999/18 529/1000/18 530/1001/18 540/1002/18
f 540/1002/19 530/1001/19 531/1003/19 541/1004/19
f 541/1004/20 531/1003/20 532/1005/20 542/1006/20
f 542/1006/21 532/1005/21 526/992/21 535/991/21
f 517/1007/22 518/1008/22 525/993/22 526/992/22
f 518/1008/55 519/1009/55 527/995/55 525/993/55
f 519/1009/24 520/1010/24 528/997/24 527/995/24
f 521/1011/25 522/1012/25 530/1001/25 529/1000/25
f 522/1012/26 523/1013/26 531/1003/26 530/1001/26
f 523/1013/27 524/1014/27 532/1005/27 531/1003/27
f 524/1014/28 517/1007/28 526/992/28 532/1005/28
f 535/991/29 536/994/29 545/1015/29 543/1016/29
f 536/994/30 537/996/30 546/1017/30 545/1015/30
f 537/996/31 538/998/31 547/1018/31 546/1017/31
f 539/999/32 540/1002/32 549/1019/32 548/1020/32
f 538/998/33 552/1021/33 551/1022/33 547/1018/33
f 540/1002/34 541/1004/34 550/1023/34 549/1019/34
f 541/1004/35 542/1006/35 544/1024/35 550/1023/35
f 542/1006/36 535/991/36 543/1016/36 544/1024/36
f 551/1025/56 552/1026/56 533/1027/56 534/1028/56
f 520/1010/38 534/1029/38 533/1030/38 528/997/38
f 538/998/39 528/997/39 533/1030/39 552/1021/39
f 539/1031/40 548/1032/40 521/1033/40 529/1034/40
f 524/1035/41 523/1036/41 550/1037/41 544/1038/41
f 523/1036/42 522/1039/42 549/1040/42 550/1037/42
f 522/1039/49 521/1041/49 548/1042/49 549/1040/49
f 534/1043/44 520/1044/44 547/1045/44 551/1046/44
f 520/1044/57 519/1047/57 546/1048/57 547/1045/57
f 519/1047/46 518/1049/46 545/1050/46 546/1048/46
f 518/1049/54 517/1051/54 543/1052/54 545/1050/54
f 517/1051/48 524/1035/48 544/1038/48 543/1052/48
f 571/1053/15 562/1054/15 561/1055/15 572/1056/15
f 572/1056/16 561/1055/16 563/1057/16 573/1058/16
f 573/1058/17 563/1057/17 564/1059/17 574/1060/17
f 575/1061/18 565/1062/18 566/1063/18 576/1064/18
f 576/1064/19 566/1063/19 567/1065/19 577/1066/19
f 577/1066/20 567/1065/20 568/1067/20 578/1068/20
f 578/1068/21 568/1067/21 562/1054/21 571/1053/21
f 553/1069/22 554/1070/22 561/1055/22 562/1054/22
f 554/1070/23 555/1071/23 563/1057/23 561/1055/23
f 555/1071/24 556/1072/24 564/1059/24 563/1057/24
f 557/1073/25 558/1074/25 566/1063/25 565/1062/25
f 558/1074/26 559/1075/26 567/1065/26 566/1063/26
f 559/1075/27 560/1076/27 568/1067/27 567/1065/27
f 560/1076/28 553/1069/28 562/1054/28 568/1067/28
f 571/1053/29 572/1056/29 581/1077/29 579/1078/29
f 572/1056/30 573/1058/30 582/1079/30 581/1077/30
f 573/1058/31 574/1060/31 583/1080/31 582/1079/31
f 575/1061/32 576/1064/32 585/1081/32 584/1082/32
f 574/1060/33 588/1083/33 587/1084/33 583/1080/33
f 576/1064/34 577/1066/34 586/1085/34 585/1081/34
f 577/1066/35 578/1068/35 580/1086/35 586/1085/35
f 578/1068/36 571/1053/36 579/1078/36 580/1086/36
f 587/1087/37 588/1088/37 569/1089/37 570/1090/37
f 556/1072/38 570/1091/38 569/1092/38 564/1059/38
f 574/1060/39 564/1059/39 569/1092/39 588/1083/39
f 575/1093/40 584/1094/40 557/1095/40 565/1096/40
f 560/1097/41 559/1098/41 586/1099/41 580/1100/41
f 559/1098/42 558/1101/42 585/1102/42 586/1099/42
f 558/1101/43 557/1103/43 584/1104/43 585/1102/43
f 570/1105/44 556/1106/44 583/1107/44 587/1108/44
f 556/1106/45 555/1109/45 582/1110/45 583/1107/45
f 555/1109/46 554/1111/46 581/1112/46 582/1110/46
f 554/1111/47 553/1113/47 579/1114/47 581/1112/47
f 553/1113/48 560/1097/48 580/1100/48 579/1114/48
f 607/1115/15 598/1116/15 597/1117/15 608/1118/15
f 608/1118/16 597/1117/16 599/1119/16 609/1120/16
f 609/1120/17 599/1119/17 600/1121/17 610/1122/17
f 611/1123/18 601/1124/18 602/1125/18 612/1126/18
f 612/1126/19 602/1125/19 603/1127/19 613/1128/19
f 613/1128/20 603/1127/20 604/1129/20 614/1130/20
f 614/1130/21 604/1129/21 598/1116/21 607/1115/21
f 589/1131/22 590/1132/22 597/1117/22 598/1116/22
f 590/1132/55 591/1133/55 599/1119/55 597/1117/55
f 591/1133/24 592/1134/24 600/1121/24 599/1119/24
f 593/1135/25 594/1136/25 602/1125/25 601/1124/25
f 594/1136/26 595/1137/26 603/1127/26 602/1125/26
f 595/1137/27 596/1138/27 604/1129/27 603/1127/27
f 596/1138/28 589/1131/28 598/1116/28 604/1129/28
f 607/1115/29 608/1118/29 617/1139/29 615/1140/29
f 608/1118/30 609/1120/30 618/1141/30 617/1139/30
f 609/1120/31 610/1122/31 619/1142/31 618/1141/31
f 611/1123/32 612/1126/32 621/1143/32 620/1144/32
f 610/1122/33 624/1145/33 623/1146/33 619/1142/33
f 612/1126/34 613/1128/34 622/1147/34 621/1143/34
f 613/1128/35 614/1130/35 616/1148/35 622/1147/35
f 614/1130/36 607/1115/36 615/1140/36 616/1148/36
f 623/1149/56 624/1150/56 605/1151/56 606/1152/56
f 592/1134/38 606/1153/38 605/1154/38 600/1121/38
f 610/1122/39 600/1121/39 605/1154/39 624/1145/39
f 611/1155/40 620/1156/40 593/1157/40 601/1158/40
f 596/1159/41 595/1160/41 622/1161/41 616/1162/41
f 595/1160/42 594/1163/42 621/1164/42 622/1161/42
f 594/1163/43 593/1165/43 620/1166/43 621/1164/43
f 606/1167/44 592/1168/44 619/1169/44 623/1170/44
f 592/1168/57 591/1171/57 618/1172/57 619/1169/57
f 591/1171/46 590/1173/46 617/1174/46 618/1172/46
f 590/1173/47 589/1175/47 615/1176/47 617/1174/47
f 589/1175/51 596/1159/51 616/1162/51 615/1176/51
f 625/1177/58 626/1178/58 628/1179/58 627/1180/58
f 627/1180/59 628/1179/59 632/1181/59 631/1182/59
f 631/1182/60 632/1181/60 630/1183/60 629/1184/60
f 629/1185/61 630/1186/61 626/1178/61 625/1177/61
f 627/1187/62 631/1188/62 629/1189/62 625/1190/62
f 632/1191/63 628/1192/63 626/1193/63 630/1194/63
f 633/1195/58 634/1196/58 636/1197/58 635/1198/58
f 635/1198/59 636/1197/59 640/1199/59 639/1200/59
f 639/1200/60 640/1199/60 638/1201/60 637/1202/60
f 637/1203/61 638/1204/61 634/1196/61 633/1195/61
f 635/1205/62 639/1206/62 637/1207/62 633/1208/62
f 640/1209/63 636/1210/63 634/1211/63 638/1212/63
f 641/1213/58 642/1214/58 644/1215/58 643/1216/58
f 643/1216/59 644/1215/59 648/1217/59 647/1218/59
f 647/1218/60 648/1217/60 646/1219/60 645/1220/60
f 645/1221/61 646/1222/61 642/1214/61 641/1213/61
f 643/1223/62 647/1224/62 645/1225/62 641/1226/62
f 648/1227/63 644/1228/63 642/1229/63 646/1230/63
f 649/1231/58 650/1232/58 652/1233/58 651/1234/58
f 651/1234/59 652/1233/59 656/1235/59 655/1236/59
f 655/1236/60 656/1235/60 654/1237/60 653/1238/60
f 653/1239/61 654/1240/61 650/1232/61 649/1231/61
f 651/1241/62 655/1242/62 653/1243/62 649/1244/62
f 656/1245/63 652/1246/63 650/1247/63 654/1248/63
f 657/1249/58 658/1250/58 660/1251/58 659/1252/58
f 659/1252/59 660/1251/59 664/1253/59 663/1254/59
f 663/1254/60 664/1253/60 662/1255/60 661/1256/60
f 661/1257/61 662/1258/61 658/1250/61 657/1249/61
f 659/1259/62 663/1260/62 661/1261/62 657/1262/62
f 664/1263/63 660/1264/63 658/1265/63 662/1266/63
f 665/1267/58 666/1268/58 668/1269/58 667/1270/58
f 667/1270/59 668/1269/59 672/1271/59 671/1272/59
f 671/1272/60 672/1271/60 670/1273/60 669/1274/60
f 669/1275/61 670/1276/61 666/1268/61 665/1267/61
f 667/1277/62 671/1278/62 669/1279/62 665/1280/62
f 672/1281/63 668/1282/63 666/1283/63 670/1284/63
f 673/1285/58 674/1286/58 676/1287/58 675/1288/58
f 675/1288/59 676/1287/59 680/1289/59 679/1290/59
f 679/1290/60 680/1289/60 678/1291/60 677/1292/60
f 677/1293/61 678/1294/61 674/1286/61 673/1285/61
f 675/1295/62 679/1296/62 677/1297/62 673/1298/62
f 680/1299/63 676/1300/63 674/1301/63 678/1302/63
f 681/1303/58 682/1304/58 684/1305/58 683/1306/58
f 683/1306/59 684/1305/59 688/1307/59 687/1308/59
f 687/1308/60 688/1307/60 686/1309/60 685/1310/60
f 685/1311/61 686/1312/61 682/1304/61 681/1303/61
f 683/1313/62 687/1314/62 685/1315/62 681/1316/62
f 688/1317/63 684/1318/63 682/1319/63 686/1320/63
f 689/1321/58 690/1322/58 692/1323/58 691/1324/58
f 691/1324/59 692/1323/59 696/1325/59 695/1326/59
f 695/1326/60 696/1325/60 694/1327/60 693/1328/60
f 693/1329/61 694/1330/61 690/1322/61 689/1321/61
f 691/1331/62 695/1332/62 693/1333/62 689/1334/62
f 696/1335/63 692/1336/63 690/1337/63 694/1338/63
f 697/1339/64 698/1340/64 700/1341/64 699/1342/64
f 699/1342/59 700/1341/59 704/1343/59 703/1344/59
f 703/1344/65 704/1343/65 702/1345/65 701/1346/65
f 701/1347/61 702/1348/61 698/1340/61 697/1339/61
f 699/1349/66 703/1350/66 701/1351/66 697/1352/66
f 704/1353/67 700/1354/67 698/1355/67 702/1356/67
f 705/1357/64 706/1358/64 708/1359/64 707/1360/64
f 707/1360/59 708/1359/59 712/1361/59 711/1362/59
f 711/1362/65 712/1361/65 710/1363/65 709/1364/65
f 709/1365/61 710/1366/61 706/1358/61 705/1357/61
f 707/1367/66 711/1368/66 709/1369/66 705/1370/66
f 712/1371/67 708/1372/67 706/1373/67 710/1374/67
f 713/1375/64 714/1376/64 716/1377/64 715/1378/64
f 715/1378/59 716/1377/59 720/1379/59 719/1380/59
f 719/1380/65 720/1379/65 718/1381/65 717/1382/65
f 717/1383/61 718/1384/61 714/1376/61 713/1375/61
f 715/1385/66 719/1386/66 717/1387/66 713/1388/66
f 720/1389/67 716/1390/67 714/1391/67 718/1392/67
f 721/1393/64 722/1394/64 724/1395/64 723/1396/64
f 723/1396/59 724/1395/59 728/1397/59 727/1398/59
f 727/1398/65 728/1397/65 726/1399/65 725/1400/65
f 725/1401/61 726/1402/61 722/1394/61 721/1393/61
f 723/1403/66 727/1404/66 725/1405/66 721/1406/66
f 728/1407/67 724/1408/67 722/1409/67 726/1410/67
f 729/1411/64 730/1412/64 732/1413/64 731/1414/64
f 731/1414/59 732/1413/59 736/1415/59 735/1416/59
f 735/1416/65 736/1415/65 734/1417/65 733/1418/65
f 733/1418/61 734/1417/61 730/1412/61 729/1411/61
f 731/1419/66 735/1420/66 733/1421/66 729/1422/66
f 736/1423/67 732/1424/67 730/1425/67 734/1426/67
f 737/1427/64 738/1428/64 740/1429/64 739/1430/64
f 739/1430/59 740/1429/59 744/1431/59 743/1432/59
f 743/1432/65 744/1431/65 742/1433/65 741/1434/65
f 741/1435/61 742/1436/61 738/1428/61 737/1427/61
f 739/1437/66 743/1438/66 741/1439/66 737/1440/66
f 744/1441/67 740/1442/67 738/1443/67 742/1444/67
f 745/1445/64 746/1446/64 748/1447/64 747/1448/64
f 747/1448/59 748/1447/59 752/1449/59 751/1450/59
f 751/1450/65 752/1449/65 750/1451/65 749/1452/65
f 749/1453/61 750/1454/61 746/1446/61 745/1445/61
f 747/1455/66 751/1456/66 749/1457/66 745/1458/66
f 752/1459/67 748/1460/67 746/1461/67 750/1462/67
f 753/1463/64 754/1464/64 756/1465/64 755/1466/64
f 755/1466/59 756/1465/59 760/1467/59 759/1468/59
f 759/1468/65 760/1467/65 758/1469/65 757/1470/65
f 757/1471/61 758/1472/61 754/1464/61 753/1463/61
f 755/1473/66 759/1474/66 757/1475/66 753/1476/66
f 760/1477/67 756/1478/67 754/1479/67 758/1480/67
f 761/1481/64 762/1482/64 764/1483/64 763/1484/64
f 763/1484/59 764/1483/59 768/1485/59 767/1486/59
f 767/1486/65 768/1485/65 766/1487/65 765/1488/65
f 765/1489/61 766/1490/61 762/1482/61 761/1481/61
f 763/1491/66 767/1492/66 765/1493/66 761/1494/66
f 768/1495/67 764/1496/67 762/1497/67 766/1498/67
f 769/1499/68 770/1500/68 772/1501/68 771/1502/68
f 771/1503/59 772/1504/59 776/1505/59 775/1506/59
f 775/1507/69 776/1508/69 774/1509/69 773/1510/69
f 773/1511/61 774/1512/61 770/1513/61 769/1514/61
f 771/1502/70 775/1515/70 773/1516/70 769/1499/70
f 776/1508/71 772/1501/71 770/1500/71 774/1509/71
f 777/1517/9 778/1518/9 780/1519/9 779/1520/9
f 779/1521/10 780/1522/10 784/1523/10 783/1524/10
f 783/1524/11 784/1523/11 782/1525/11 781/1526/11
f 781/1526/12 782/1525/12 778/1518/12 777/1517/12
f 779/1527/13 783/1528/13 781/1529/13 777/1530/13
f 784/1531/14 780/1532/14 778/1533/14 782/1534/14
f 785/1535/9 786/1536/9 788/1537/9 787/1538/9
f 787/1539/10 788/1540/10 792/1541/10 791/1542/10
f 791/1542/11 792/1541/11 790/1543/11 789/1544/11
f 789/1544/12 790/1543/12 786/1536/12 785/1535/12
f 787/1545/13 791/1546/13 789/1547/13 785/1548/13
f 792/1549/14 788/1550/14 786/1551/14 790/1552/14
f 793/1553/9 794/1554/9 796/1555/9 795/1556/9
f 795/1557/10 796/1558/10 800/1559/10 799/1560/10
f 799/1560/11 800/1559/11 798/1561/11 797/1562/11
f 797/1562/12 798/1561/12 794/1554/12 793/1553/12
f 795/1563/13 799/1564/13 797/1565/13 793/1566/13
f 800/1567/14 796/1568/14 794/1569/14 798/1570/14
f 801/1571/9 802/1572/9 804/1573/9 803/1574/9
f 803/1575/10 804/1576/10 808/1577/10 807/1578/10
f 807/1578/11 808/1577/11 806/1579/11 805/1580/11
f 805/1580/12 806/1579/12 802/1572/12 801/1571/12
f 803/1581/13 807/1582/13 805/1583/13 801/1584/13
f 808/1585/14 804/1586/14 802/1587/14 806/1588/14
f 809/1589/9 810/1590/9 812/1591/9 811/1592/9
f 811/1593/10 812/1594/10 816/1595/10 815/1596/10
f 815/1596/11 816/1595/11 814/1597/11 813/1598/11
f 813/1598/12 814/1597/12 810/1590/12 809/1589/12
f 811/1599/13 815/1600/13 813/1601/13 809/1602/13
f 816/1603/14 812/1604/14 810/1605/14 814/1606/14
f 817/1607/9 818/1608/9 820/1609/9 819/1610/9
f 819/1611/10 820/1612/10 824/1613/10 823/1614/10
f 823/1614/11 824/1613/11 822/1615/11 821/1616/11
f 821/1616/12 822/1615/12 818/1608/12 817/1607/12
f 819/1617/13 823/1618/13 821/1619/13 817/1620/13
f 824/1621/14 820/1622/14 818/1623/14 822/1624/14
f 825/1625/9 826/1626/9 828/1627/9 827/1628/9
f 827/1629/10 828/1630/10 832/1631/10 831/1632/10
f 831/1632/11 832/1631/11 830/1633/11 829/1634/11
f 829/1634/12 830/1633/12 826/1626/12 825/1625/12
f 827/1635/13 831/1636/13 829/1637/13 825/1638/13
f 832/1639/14 828/1640/14 826/1641/14 830/1642/14
f 833/1643/9 834/1644/9 836/1645/9 835/1646/9
f 835/1647/10 836/1648/10 840/1649/10 839/1650/10
f 839/1650/11 840/1649/11 838/1651/11 837/1652/11
f 837/1652/12 838/1651/12 834/1644/12 833/1643/12
f 835/1653/13 839/1654/13 837/1655/13 833/1656/13
f 840/1657/14 836/1658/14 834/1659/14 838/1660/14
f 841/1661/9 842/1662/9 844/1663/9 843/1664/9
f 843/1665/10 844/1666/10 848/1667/10 847/1668/10
f 847/1668/11 848/1667/11 846/1669/11 845/1670/11
f 845/1670/12 846/1669/12 842/1662/12 841/1661/12
f 843/1671/13 847/1672/13 845/1673/13 841/1674/13
f 848/1675/14 844/1676/14 842/1677/14 846/1678/14
f 849/1679/9 850/1680/9 852/1681/9 851/1682/9
f 851/1683/10 852/1684/10 856/1685/10 855/1686/10
f 855/1686/11 856/1685/11 854/1687/11 853/1688/11
f 853/1688/12 854/1687/12 850/1680/12 849/1679/12
f 851/1689/13 855/1690/13 853/1691/13 849/1692/13
f 856/1693/14 852/1694/14 850/1695/14 854/1696/14
f 857/1697/9 858/1698/9 860/1699/9 859/1700/9
f 859/1701/10 860/1702/10 864/1703/10 863/1704/10
f 863/1704/11 864/1703/11 862/1705/11 861/1706/11
f 861/1706/12 862/1705/12 858/1698/12 857/1697/12
f 859/1707/13 863/1708/13 861/1709/13 857/1710/13
f 864/1711/14 860/1712/14 858/1713/14 862/1714/14
f 865/1715/9 866/1716/9 868/1717/9 867/1718/9
f 867/1719/10 868/1720/10 872/1721/10 871/1722/10
f 871/1722/11 872/1721/11 870/1723/11 869/1724/11
f 869/1724/72 870/1723/72 866/1716/72 865/1715/72
f 867/1725/13 871/1726/13 869/1727/13 865/1728/13
f 872/1729/14 868/1730/14 866/1731/14 870/1732/14
f 873/1733/8 874/1734/8 876/1735/8 875/1736/8
f 875/1737/2 876/1738/2 880/1739/2 879/1740/2
f 879/1740/7 880/1739/7 878/1741/7 877/1742/7
f 877/1742/4 878/1741/4 874/1734/4 873/1733/4
f 875/1743/5 879/1744/5 877/1745/5 873/1746/5
f 880/1747/6 876/1748/6 874/1749/6 878/1750/6
f 881/1751/1 882/1752/1 884/1753/1 883/1754/1
f 883/1755/2 884/1756/2 888/1757/2 887/1758/2
f 887/1758/3 888/1757/3 886/1759/3 885/1760/3
f 885/1760/4 886/1759/4 882/1752/4 881/1751/4
f 883/1761/5 887/1762/5 885/1763/5 881/1764/5
f 888/1765/6 884/1766/6 882/1767/6 886/1768/6
f 889/1769/1 890/1770/1 892/1771/1 891/1772/1
f 891/1773/2 892/1774/2 896/1775/2 895/1776/2
f 895/1776/7 896/1775/7 894/1777/7 893/1778/7
f 893/1778/4 894/1777/4 890/1770/4 889/1769/4
f 891/1779/5 895/1780/5 893/1781/5 889/1782/5
f 896/1783/6 892/1784/6 890/1785/6 894/1786/6
f 897/1787/8 898/1788/8 900/1789/8 899/1790/8
f 899/1791/2 900/1792/2 904/1793/2 903/1794/2
f 903/1794/7 904/1793/7 902/1795/7 901/1796/7
f 901/1796/4 902/1795/4 898/1788/4 897/1787/4
f 899/1797/5 903/1798/5 901/1799/5 897/1800/5
f 904/1801/6 900/1802/6 898/1803/6 902/1804/6
f 905/1805/8 906/1806/8 908/1807/8 907/1808/8
f 907/1809/2 908/1810/2 912/1811/2 911/1812/2
f 911/1812/7 912/1811/7 910/1813/7 909/1814/7
f 909/1814/4 910/1813/4 906/1806/4 905/1805/4
f 907/1815/5 911/1816/5 909/1817/5 905/1818/5
f 912/1819/6 908/1820/6 906/1821/6 910/1822/6
f 913/1823/8 914/1824/8 916/1825/8 915/1826/8
f 915/1827/2 916/1828/2 920/1829/2 919/1830/2
f 919/1830/7 920/1829/7 918/1831/7 917/1832/7
f 917/1832/4 918/1831/4 914/1824/4 913/1823/4
f 915/1833/5 919/1834/5 917/1835/5 913/1836/5
f 920/1837/6 916/1838/6 914/1839/6 918/1840/6
f 921/1841/8 922/1842/8 924/1843/8 923/1844/8
f 923/1845/2 924/1846/2 928/1847/2 927/1848/2
f 927/1848/7 928/1847/7 926/1849/7 925/1850/7
f 925/1850/4 926/1849/4 922/1842/4 921/1841/4
f 923/1851/5 927/1852/5 925/1853/5 921/1854/5
f 928/1855/6 924/1856/6 922/1857/6 926/1858/6
f 929/1859/8 930/1860/8 932/1861/8 931/1862/8
f 931/1863/2 932/1864/2 936/1865/2 935/1866/2
f 935/1866/7 936/1865/7 934/1867/7 933/1868/7
f 933/1868/4 934/1867/4 930/1860/4 929/1859/4
f 931/1869/5 935/1870/5 933/1871/5 929/1872/5
f 936/1873/6 932/1874/6 930/1875/6 934/1876/6
f 937/1877/8 938/1878/8 940/1879/8 939/1880/8
f 939/1881/2 940/1882/2 944/1883/2 943/1884/2
f 943/1884/7 944/1883/7 942/1885/7 941/1886/7
f 941/1886/73 942/1885/73 938/1878/73 937/1877/73
f 939/1887/5 943/1888/5 941/1889/5 937/1890/5
f 944/1891/6 940/1892/6 938/1893/6 942/1894/6
f 945/1895/8 946/1896/8 948/1897/8 947/1898/8
f 947/1899/2 948/1900/2 952/1901/2 951/1902/2
f 951/1902/7 952/1901/7 950/1903/7 949/1904/7
f 949/1904/4 950/1903/4 946/1896/4 945/1895/4
f 947/1905/5 951/1906/5 949/1907/5 945/1908/5
f 952/1909/6 948/1910/6 946/1911/6 950/1912/6
f 953/1913/8 954/1914/8 956/1915/8 955/1916/8
f 955/1917/2 956/1918/2 960/1919/2 959/1920/2
f 959/1920/7 960/1919/7 958/1921/7 957/1922/7
f 957/1922/4 958/1921/4 954/1914/4 953/1913/4
f 955/1923/5 959/1924/5 957/1925/5 953/1926/5
f 960/1927/6 956/1928/6 954/1929/6 958/1930/6
f 961/1931/8 962/1932/8 964/1933/8 963/1934/8
f 963/1935/2 964/1936/2 968/1937/2 967/1938/2
f 967/1938/3 968/1937/3 966/1939/3 965/1940/3
f 965/1940/4 966/1939/4 962/1932/4 961/1931/4
f 963/1941/5 967/1942/5 965/1943/5 961/1944/5
f 968/1945/6 964/1946/6 962/1947/6 966/1948/6
