# Blender 4.2.2 LTS
# www.blender.org
mtllib bunk bed.mtl
o bunk_bed
v -2.530647 10.118397 -6.524752
v -2.630647 10.218397 -6.524752
v -2.530647 10.218397 -6.624752
v -2.601358 10.147686 -6.524752
v -2.588382 10.160662 -6.582487
v -2.601358 10.218397 -6.595462
v -2.530647 10.147686 -6.595462
v -2.630647 11.052177 -6.524752
v -2.530647 11.152177 -6.524752
v -2.530647 11.052177 -6.624752
v -2.601358 11.122888 -6.524752
v -2.588382 11.109912 -6.582487
v -2.530647 11.122888 -6.595462
v -2.601358 11.052177 -6.595462
v 2.582470 10.118397 -6.524752
v 2.582470 10.218397 -6.624752
v 2.682470 10.218397 -6.524752
v 2.582470 10.147686 -6.595462
v 2.640205 10.160662 -6.582487
v 2.653181 10.218397 -6.595462
v 2.653181 10.147686 -6.524752
v 2.582470 11.152177 -6.524752
v 2.682470 11.052177 -6.524752
v 2.582470 11.052177 -6.624752
v 2.653181 11.122888 -6.524752
v 2.640205 11.109912 -6.582487
v 2.653181 11.052177 -6.595462
v 2.582470 11.122888 -6.595462
v -2.530648 10.118397 6.119273
v -2.530648 10.218397 6.219273
v -2.630647 10.218397 6.119273
v -2.530648 10.147686 6.189983
v -2.588382 10.160662 6.177007
v -2.601358 10.218397 6.189983
v -2.601358 10.147686 6.119272
v -2.530648 11.152177 6.119273
v -2.630647 11.052177 6.119273
v -2.530648 11.052177 6.219273
v -2.601358 11.122888 6.119272
v -2.588382 11.109912 6.177007
v -2.601358 11.052177 6.189983
v -2.530648 11.122888 6.189983
v 2.582470 10.118397 6.119273
v 2.682470 10.218397 6.119273
v 2.582470 10.218397 6.219273
v 2.653180 10.147686 6.119272
v 2.640205 10.160662 6.177007
v 2.653180 10.218397 6.189983
v 2.582470 10.147686 6.189983
v 2.582470 11.152177 6.119273
v 2.582470 11.052177 6.219273
v 2.682470 11.052177 6.119273
v 2.582470 11.122888 6.189983
v 2.640205 11.109912 6.177007
v 2.653180 11.052177 6.189983
v 2.653180 11.122888 6.119272
v -2.246189 11.271152 -6.128189
v -2.574575 11.556490 4.181307
v 2.477739 11.362826 -6.082942
v 2.495359 11.515568 4.100904
v 0.052790 11.353105 -6.189416
v 0.018181 12.487494 3.837263
v -2.473789 11.289498 -1.423140
v 2.282747 11.267582 -1.340917
v 0.052790 11.645741 -1.600256
v -2.574575 11.346837 1.367471
v 2.459318 11.261702 1.378384
v 0.040555 11.910029 1.143972
v 2.547035 11.464305 -4.020117
v 0.250961 11.574621 -3.981301
v -2.574575 11.261702 -4.020117
v -1.260892 11.261702 -6.181312
v -1.274236 12.041228 4.112061
v -1.431136 11.477600 -1.423140
v -1.207630 11.494984 1.389433
v -1.464175 11.385207 -3.804315
v 1.366472 12.035492 3.986233
v 1.370162 11.265505 -6.128309
v 1.366472 11.582523 -1.600256
v 1.635539 11.738075 1.361013
v 1.366472 11.261702 -4.020117
v 2.458596 11.397431 -5.424380
v 0.250961 11.714132 -5.255618
v -2.574575 11.261776 -5.366609
v -1.410672 11.206388 -5.363949
v 1.366472 11.428915 -5.075169
v -2.574575 11.261702 -2.652291
v 2.526488 11.261702 -2.676242
v 0.147337 11.907954 -2.944131
v -1.273190 11.466726 -2.977567
v 1.339783 11.886519 -2.944131
v 2.408125 11.345287 0.011508
v 0.053404 11.605921 0.004854
v -2.574575 11.261702 0.011508
v -1.684476 11.751502 -0.063619
v 1.534218 11.810730 -0.213811
v -2.574575 11.526935 3.053771
v 2.477799 11.749334 3.143044
v 0.032706 12.129162 2.900634
v -1.260893 11.566094 3.053771
v 1.366472 11.632026 3.029595
v -2.574575 11.549114 3.617539
v 2.486579 11.632451 3.621974
v 0.037428 12.293543 3.368949
v -1.258488 11.800898 3.582916
v 1.366472 11.830379 3.507914
v 2.468559 11.505518 2.260714
v 0.032804 11.997442 2.019587
v -1.207630 11.811331 2.221602
v 1.496958 11.691438 2.192430
v -2.574575 11.327591 2.210621
v -2.574575 11.372398 0.689489
v 2.433722 11.303494 0.694946
v 0.043153 11.737883 0.571696
v -1.472685 11.582539 0.662907
v 1.580831 11.780790 0.570727
v 2.345436 11.306022 -0.664705
v 0.053097 11.625832 -0.797701
v -1.557806 11.614552 -0.743380
v 1.450345 11.637280 -0.907034
v -2.524182 11.275600 -0.705816
v -2.524182 11.275600 -2.037716
v 2.404617 11.264229 -2.008580
v 0.100064 11.776848 -2.272194
v -1.387494 11.502965 -2.205158
v 1.353127 11.678093 -2.272194
v 2.536762 11.363003 -3.348180
v 0.199149 11.741287 -3.482124
v -1.282853 11.356916 -3.393591
v 1.353127 11.574110 -3.482124
v -2.574575 11.261702 -3.336204
v -2.574575 11.261739 -4.693363
v 2.502816 11.430868 -4.722248
v 0.250961 11.644377 -4.529861
v -1.448154 11.419477 -4.643402
v 1.366472 11.345308 -4.692055
v 2.468168 11.380129 -5.753661
v 0.151876 11.533619 -5.675265
v -1.335782 11.279886 -5.770128
v 1.368317 11.347210 -5.310520
v -2.410382 11.266464 -5.747399
v -1.753541 11.266427 -6.184500
v -1.907472 11.806009 4.146684
v -1.952462 11.383549 -1.423140
v -1.917734 11.438859 1.378451
v -2.023942 11.343678 -3.953099
v -1.992624 11.288666 -5.365300
v -1.954435 11.390850 -2.819084
v -2.129526 11.506601 -0.026055
v -1.917734 11.541739 3.053771
v -1.912603 11.676054 3.600228
v -1.917734 11.549387 2.216111
v -2.023630 11.494299 0.676198
v -2.040994 11.445076 -0.724598
v -1.955838 11.389282 -2.121437
v -1.940191 11.331112 -3.395703
v -2.001742 11.378466 -4.689678
v -1.873082 11.261953 -5.826962
v -0.726218 12.209358 3.974662
v -0.689173 11.561670 -1.511698
v -0.560733 11.889095 1.263986
v -0.605237 11.512477 -3.995717
v -0.604051 11.307404 -6.128759
v -0.579856 11.614861 -5.182649
v -0.598170 11.718065 -2.965642
v -0.815536 11.678711 -0.029383
v -0.614093 11.834587 2.977203
v -0.664545 12.033552 3.475932
v -0.560782 11.818831 2.120594
v -0.714766 11.728038 0.617302
v -0.752355 11.620192 -0.770540
v -0.643715 11.639906 -2.238676
v -0.582272 11.603258 -3.490252
v -0.587605 11.577829 -4.671665
v -0.591953 11.472992 -5.501628
v 0.711476 11.309305 -6.059699
v 0.709631 12.260382 3.911748
v 0.709631 11.568836 -1.600256
v 0.913090 11.678317 1.305769
v 0.808717 11.418161 -4.015057
v 0.808717 11.571524 -5.209279
v 0.743560 11.897237 -2.944131
v 0.793811 11.708325 -0.104479
v 0.699589 11.881589 2.965115
v 0.704610 12.118011 3.438431
v 0.769164 11.837681 2.109049
v 0.832267 11.726746 0.585606
v 0.751721 11.614714 -0.852367
v 0.726595 11.709375 -2.272194
v 0.776138 11.657700 -3.482124
v 0.808717 11.494843 -4.627159
v 0.760096 11.440414 -5.483455
v 1.930915 11.732514 4.043568
v 1.824609 11.430078 -1.470587
v 2.043380 11.506276 1.366825
v 1.956753 11.363003 -4.020117
v 1.923950 11.314166 -6.120616
v 1.912534 11.413174 -5.280087
v 1.933136 11.574110 -2.810187
v 1.971171 11.578009 -0.101151
v 1.922136 11.690680 3.086319
v 1.926525 11.711597 3.564944
v 1.982758 11.598478 2.226572
v 2.007276 11.542142 0.632837
v 1.897890 11.455143 -0.785869
v 1.878873 11.482625 -2.140387
v 1.944945 11.468557 -3.415152
v 1.934644 11.388088 -4.707151
v 1.918242 11.363669 -5.598169
v -2.250028 11.221375 -6.152214
v -2.504373 11.521182 4.306152
v 2.498878 11.317461 -5.978535
v 2.428532 11.477375 3.994147
v 0.051273 11.326735 -5.961082
v 0.022319 12.465679 4.078959
v -2.407547 11.246765 -1.389899
v 2.191728 11.231539 -1.345622
v 0.056756 11.598698 -1.690944
v -2.511638 11.302992 1.357007
v 2.356867 11.231722 1.426686
v 0.027416 11.867525 1.282939
v 2.567608 11.414924 -4.017737
v 0.227146 11.527914 -3.898671
v -2.525730 11.215561 -4.047237
v -1.239763 11.218680 -6.051351
v -1.222456 12.022118 4.336702
v -1.381002 11.433323 -1.351927
v -1.135855 11.454174 1.439962
v -1.426589 11.338554 -3.862914
v 1.303718 12.013842 4.191683
v 1.367335 11.224022 -5.978375
v 1.316991 11.536770 -1.638968
v 1.573229 11.694163 1.344666
v 1.345904 11.214205 -3.947449
v 2.467532 11.349559 -5.349001
v 0.232421 11.667078 -5.173017
v -2.546658 11.214913 -5.292315
v -1.386384 11.160202 -5.273781
v 1.329769 11.381678 -5.029082
v -2.517325 11.217113 -2.619537
v 2.434028 11.228354 -2.741980
v 0.168163 11.858886 -2.914954
v -1.211753 11.428417 -2.859110
v 1.287603 11.840889 -2.918100
v 2.304456 11.315910 0.059638
v 0.057856 11.559807 0.108331
v -2.480189 11.228705 0.070565
v -1.634792 11.705271 -0.051484
v 1.499456 11.765543 -0.123362
v -2.535035 11.487545 3.198207
v 2.469020 11.699826 3.176078
v 0.041244 12.100059 3.118486
v -1.199341 11.523340 3.113441
v 1.318774 11.589535 3.132290
v -2.524716 11.511400 3.761535
v 2.443777 11.590645 3.503368
v 0.041534 12.272160 3.611760
v -1.212345 11.780656 3.809824
v 1.312119 11.807062 3.718065
v 2.415120 11.473202 2.434233
v 0.035122 11.951351 2.123672
v -1.136897 11.769220 2.228987
v 1.446056 11.645397 2.204326
v -2.513883 11.286695 2.302780
v -2.498682 11.331749 0.669944
v 2.325626 11.275455 0.670251
v 0.036490 11.699190 0.741387
v -1.422822 11.543703 0.527809
v 1.534226 11.734707 0.528510
v 2.256656 11.275145 -0.556548
v 0.055315 11.576427 -0.756613
v -1.519305 11.578738 -0.573160
v 1.409595 11.600127 -0.747655
v -2.437385 11.240391 -0.635942
v -2.463513 11.231252 -2.037433
v 2.315261 11.232368 -2.105961
v 0.115411 11.740883 -2.456257
v -1.330196 11.458035 -2.217995
v 1.311328 11.646454 -2.461929
v 2.479756 11.317956 -3.347972
v 0.206058 11.715965 -3.250799
v -1.230240 11.314332 -3.302748
v 1.323964 11.554573 -3.242020
v -2.527245 11.215215 -3.315761
v -2.526403 11.215567 -4.662969
v 2.529347 11.381903 -4.718763
v 0.229517 11.601550 -4.661450
v -1.404644 11.373672 -4.582651
v 1.343528 11.303470 -4.831532
v 2.483806 11.335462 -5.637197
v 0.146520 11.511448 -5.434608
v -1.302634 11.233822 -5.690597
v 1.362700 11.312718 -5.116275
v -2.405598 11.216814 -5.717188
v -1.751881 11.216497 -6.170658
v -1.853124 11.778982 4.343580
v -1.887555 11.341398 -1.365991
v -1.860451 11.393868 1.382089
v -1.986065 11.296545 -3.998293
v -1.985608 11.241416 -5.278566
v -1.906074 11.346623 -2.742075
v -2.035282 11.472389 0.009142
v -1.872048 11.499630 3.164534
v -1.869083 11.644990 3.791091
v -1.857241 11.507766 2.298958
v -1.959818 11.455124 0.572042
v -1.961604 11.412154 -0.604022
v -1.898131 11.344379 -2.115378
v -1.903619 11.283499 -3.362048
v -1.972940 11.330981 -4.629561
v -1.878145 11.212197 -5.851362
v -0.670689 12.191223 4.197887
v -0.655284 11.513377 -1.517996
v -0.506343 11.848926 1.379005
v -0.554360 11.466382 -3.998587
v -0.576809 11.276278 -5.925929
v -0.525180 11.574999 -5.065132
v -0.528320 11.677707 -2.896725
v -0.820677 11.630001 0.030354
v -0.535055 11.801461 3.097122
v -0.607411 12.015379 3.697362
v -0.484957 11.778631 2.159021
v -0.673899 11.681929 0.679049
v -0.748911 11.573963 -0.668362
v -0.587510 11.598240 -2.332755
v -0.530691 11.571863 -3.309639
v -0.537274 11.532330 -4.714261
v -0.545929 11.442936 -5.308572
v 0.679476 11.277837 -5.861356
v 0.656665 12.239227 4.129844
v 0.697718 11.520938 -1.673404
v 0.891731 11.629813 1.354229
v 0.738688 11.378859 -3.930932
v 0.734834 11.533077 -5.127570
v 0.722343 11.848137 -2.917818
v 0.820741 11.663323 -0.001114
v 0.627575 11.850269 3.114069
v 0.651961 12.098487 3.661192
v 0.702101 11.796495 2.175370
v 0.839694 11.677599 0.632681
v 0.761349 11.567925 -0.759656
v 0.714024 11.677671 -2.478430
v 0.756886 11.638190 -3.237808
v 0.742800 11.459765 -4.763165
v 0.724666 11.415936 -5.260583
v 1.848520 11.695012 4.099988
v 1.733748 11.393976 -1.475306
v 1.942777 11.474968 1.406207
v 1.978714 11.314729 -3.966444
v 1.947241 11.269814 -6.006038
v 1.925048 11.364985 -5.213131
v 1.837897 11.539692 -2.816525
v 1.868821 11.550002 -0.025494
v 1.909228 11.644234 3.182271
v 1.875900 11.666381 3.614271
v 1.928250 11.556843 2.325118
v 1.899322 11.513876 0.613621
v 1.809767 11.425506 -0.666070
v 1.795821 11.450992 -2.260601
v 1.896775 11.429821 -3.276700
v 1.957389 11.340184 -4.768498
v 1.937927 11.321940 -5.455687
v -2.569127 2.789751 -6.311984
v -2.574575 2.988564 3.901682
v 2.463107 2.899570 -6.070230
v 2.495359 3.624104 3.549984
v 0.052790 2.881154 -6.707863
v 0.052789 3.291997 3.627435
v -2.473789 2.817547 -1.423136
v 2.282747 2.794337 -1.606900
v 0.052790 3.068204 -1.600252
v -2.574575 3.038496 1.355387
v 2.459318 2.789751 1.355387
v 0.032903 3.395495 1.118255
v 2.547035 2.992354 -4.020113
v 0.250961 3.203661 -4.020113
v -2.574575 2.789751 -4.020113
v -1.260892 2.789751 -6.707863
v -1.240369 3.081141 3.855018
v -1.431136 3.100971 -1.423136
v -1.520837 3.266397 1.355387
v -1.441669 2.908070 -4.020113
v 1.366472 3.542101 3.435313
v 1.370162 2.793554 -6.384714
v 1.366472 2.818796 -1.601990
v 1.627443 3.278899 1.353251
v 1.366472 2.828336 -4.020113
v 2.381700 2.971169 -5.357594
v 0.250961 3.242181 -5.320385
v -2.574575 2.789751 -5.363988
v -1.410672 3.096745 -5.363988
v 1.366472 2.956964 -5.363988
v -2.574575 2.789751 -2.652287
v 2.526488 2.789751 -2.676238
v 0.147337 3.213737 -2.944127
v -1.343852 3.056379 -2.987173
v 1.339783 2.862832 -2.944127
v 2.408125 2.873336 0.011512
v 0.053404 3.132978 0.004857
v -2.574575 2.789751 0.011512
v -1.684476 3.257269 -0.063615
v 1.534218 2.990960 -0.213807
v -2.574575 2.862134 2.699262
v 2.477799 3.573475 2.592124
v 0.032706 3.467498 2.704591
v -1.260893 2.862134 2.699262
v 1.366472 3.453751 2.478677
v -0.593790 3.186569 3.741226
v -0.689173 3.084587 -1.511694
v -0.684365 3.241882 1.236821
v -0.595354 3.011360 -4.020113
v -0.604051 2.835452 -6.707863
v -0.579856 3.169463 -5.342186
v -0.598257 3.135058 -2.965650
v -0.815536 3.184478 -0.029379
v -0.614093 3.164816 2.701926
v 0.711476 2.837354 -6.546288
v 0.709631 3.417049 3.531374
v 0.709631 2.943500 -1.601121
v 0.830173 3.337197 1.235753
v 0.808717 3.047201 -4.020113
v 0.808717 3.099573 -5.342186
v 0.743560 3.038284 -2.944127
v 0.793811 3.062465 -0.104475
v 0.699589 3.460625 2.591634
v 1.930915 3.583103 3.492649
v 1.824609 2.806567 -1.604445
v 2.043380 3.034325 1.354319
v 1.956753 2.891052 -4.020113
v 1.916634 2.846562 -6.227472
v 1.874086 2.964067 -5.360791
v 1.933136 2.826291 -2.810183
v 1.971171 2.932148 -0.101148
v 1.922136 3.513613 2.535400
v -1.915010 2.789751 -6.509923
v -1.907472 3.034852 3.878350
v -1.952462 2.959259 -1.423136
v -1.976413 3.047594 1.355387
v -2.008121 2.848910 -4.020113
v -1.992624 2.943248 -5.363988
v -1.959213 2.923065 -2.819730
v -2.129526 3.023823 -0.026052
v -1.917734 2.862134 2.699262
v 2.422403 2.935369 -5.713912
v 0.151876 3.061667 -6.014124
v -1.335782 2.943248 -6.035925
v 1.368317 2.875259 -5.874351
v -2.571851 2.789751 -5.837986
v -0.591953 3.002458 -6.025024
v 0.760096 2.968463 -5.944237
v 1.895360 2.905314 -5.794132
v -1.953817 2.866499 -5.936955
v -2.574575 2.789751 -4.692050
v 2.464367 2.981762 -4.688853
v 0.250961 3.200348 -4.670249
v -1.426170 3.002407 -4.692050
v 1.366472 2.877611 -4.692050
v -0.587605 3.087417 -4.681149
v 0.808717 3.049236 -4.681149
v 1.915420 2.927559 -4.690452
v -2.000373 2.896079 -4.692050
v 2.536762 2.891052 -3.348176
v 0.199149 3.202152 -3.482120
v -1.392760 2.982224 -3.503643
v 1.353127 2.839357 -3.482120
v -2.574575 2.789751 -3.336200
v -0.596806 3.070214 -3.492882
v 0.776138 3.036554 -3.482120
v 1.944945 2.858672 -3.415148
v -1.983668 2.885987 -3.419922
v -2.524182 2.803649 -2.037712
v 2.404617 2.792044 -2.141569
v 0.100064 3.140970 -2.272190
v -1.387494 3.078675 -2.205155
v 1.353127 2.840814 -2.273058
v -0.643715 3.109823 -2.238672
v 0.726595 2.990892 -2.272624
v 1.878873 2.816429 -2.207314
v -1.955838 2.941162 -2.121433
v 2.345436 2.833837 -0.797694
v 0.053097 3.195807 -0.797697
v -1.557806 3.185369 -0.743376
v 1.450345 2.904878 -0.907898
v -2.524182 2.803649 -0.705812
v -0.752355 3.142100 -0.770537
v 0.751721 3.097702 -0.852798
v 1.897890 2.869357 -0.852796
v -2.040994 2.994689 -0.724594
v -2.574575 2.933599 0.683449
v 2.433722 2.831543 0.683449
v 0.043153 3.264733 0.561556
v -1.513513 3.151674 0.645886
v 1.580831 3.134930 0.569722
v -0.718119 3.182394 0.603721
v 0.811992 3.199831 0.565639
v 2.007276 2.983236 0.626586
v -2.023630 3.013171 0.664667
v 2.468559 3.181613 1.973755
v 0.032804 3.431497 1.911423
v -1.308319 2.987874 2.027324
v 1.496958 3.366325 1.915964
v -2.574575 2.969099 2.027324
v -0.621778 3.172252 1.969373
v 0.764881 3.398911 1.913693
v 1.982758 3.273969 1.944860
v -1.917737 2.930007 2.027324
v -2.574575 2.925349 3.300472
v 2.486579 3.598790 3.071054
v 0.042748 3.379747 3.166013
v -1.250631 2.971637 3.277140
v 1.366472 3.497926 2.956995
v -0.603942 3.175693 3.221576
v 0.704610 3.438837 3.061503
v 1.926525 3.548358 3.014024
v -1.912603 2.948493 3.288806
v -2.544611 2.744312 -6.211664
v -2.558793 2.947401 4.050805
v 2.477399 2.858178 -5.922320
v 2.519522 3.577455 3.633139
v 0.047777 2.851443 -6.491928
v 0.104920 3.251357 3.512813
v -2.394402 2.778209 -1.389339
v 2.267308 2.745100 -1.572428
v 0.026056 3.019723 -1.563743
v -2.564432 2.988793 1.334712
v 2.367110 2.760401 1.463826
v 0.056819 3.350905 1.229577
v 2.586834 2.947392 -4.104938
v 0.234175 3.154120 -4.031991
v -2.529063 2.742857 -4.025245
v -1.241184 2.757653 -6.505765
v -1.195961 3.042760 4.001374
v -1.394141 3.055688 -1.337930
v -1.474494 3.220740 1.300481
v -1.398863 2.860809 -4.025415
v 1.400259 3.495738 3.508436
v 1.357525 2.757181 -6.202117
v 1.327103 2.772241 -1.546110
v 1.573477 3.245832 1.521933
v 1.334630 2.780643 -4.067746
v 2.396336 2.922659 -5.299770
v 0.230633 3.193995 -5.261924
v -2.511038 2.746310 -5.335501
v -1.364923 3.050454 -5.324498
v 1.332513 2.909421 -5.318176
v -2.510569 2.746338 -2.627129
v 2.520305 2.742183 -2.758076
v 0.126955 3.164527 -2.967057
v -1.299209 3.011708 -2.908211
v 1.290436 2.816733 -2.969422
v 2.350394 2.829604 0.066521
v 0.038549 3.085209 0.078192
v -2.482126 2.756133 0.073217
v -1.634698 3.210999 -0.065559
v 1.489150 2.951544 -0.076532
v -2.576437 2.812140 2.697133
v 2.492697 3.535706 2.765584
v 0.080681 3.421371 2.671082
v -1.210615 2.815955 2.705424
v 1.372296 3.410422 2.612281
v -0.523694 3.144320 3.750985
v -0.687076 3.035468 -1.461662
v -0.637110 3.195363 1.255820
v -0.547920 2.964734 -4.019233
v -0.588831 2.805254 -6.495922
v -0.548785 3.121874 -5.289672
v -0.566367 3.087131 -2.925551
v -0.823527 3.134716 -0.008976
v -0.519800 3.130152 2.684608
v 0.679691 2.806555 -6.344790
v 0.751319 3.371286 3.464667
v 0.648234 2.900413 -1.548068
v 0.808790 3.297716 1.394763
v 0.724890 3.008952 -4.043594
v 0.739419 3.058914 -5.276090
v 0.665999 2.998829 -2.989667
v 0.757842 3.018899 0.004976
v 0.701623 3.410994 2.623991
v 1.954429 3.537134 3.586804
v 1.808956 2.757662 -1.558550
v 1.964950 3.008644 1.519949
v 1.990791 2.844722 -4.093357
v 1.929574 2.806583 -6.068242
v 1.888207 2.915077 -5.315448
v 1.924411 2.777405 -2.863701
v 1.917511 2.890751 0.002138
v 1.932639 3.477046 2.717443
v -1.889831 2.750096 -6.354527
v -1.892363 2.995838 4.043582
v -1.874587 2.920675 -1.361202
v -1.926815 3.003195 1.284827
v -1.962334 2.802061 -4.026462
v -1.928653 2.900124 -5.326929
v -1.895049 2.880432 -2.769876
v -2.034997 2.989638 0.006613
v -1.913268 2.812167 2.702722
v 2.433458 2.893785 -5.566400
v 0.141702 3.032190 -5.798027
v -1.309917 2.911507 -5.835109
v 1.353312 2.838786 -5.693085
v -2.530034 2.746107 -5.738593
v -0.576158 2.972301 -5.813090
v 0.722370 2.938159 -5.744875
v 1.905404 2.865044 -5.636157
v -1.914907 2.827405 -5.789509
v -2.518326 2.745304 -4.735771
v 2.498257 2.934026 -4.728685
v 0.232719 3.152915 -4.746633
v -1.384801 2.962041 -4.826185
v 1.335474 2.832175 -4.784595
v -0.550006 3.045121 -4.802101
v 0.730332 3.010559 -4.738556
v 1.943548 2.880518 -4.761045
v -1.946028 2.853222 -4.774539
v 2.557053 2.847885 -3.477295
v 0.181836 3.153088 -3.444391
v -1.351037 2.941025 -3.377532
v 1.311068 2.792042 -3.494131
v -2.522412 2.744293 -3.302431
v -0.555863 3.028094 -3.374736
v 0.692717 2.998013 -3.495766
v 1.959871 2.811025 -3.490686
v -1.932218 2.841918 -3.348918
v -2.453580 2.761610 -2.020211
v 2.388917 2.742537 -2.161263
v 0.073565 3.096200 -2.378877
v -1.344096 3.031649 -2.183844
v 1.310961 2.794429 -2.324303
v -0.630171 3.060832 -2.284690
v 0.660441 2.950889 -2.360252
v 1.864097 2.767027 -2.235694
v -1.884978 2.899409 -2.092334
v 2.316794 2.788453 -0.701308
v 0.035391 3.147572 -0.736893
v -1.521626 3.143495 -0.616516
v 1.410348 2.864313 -0.773756
v -2.430850 2.769764 -0.654841
v -0.757663 3.094841 -0.683447
v 0.703016 3.054272 -0.764440
v 1.870500 2.825553 -0.735946
v -1.952060 2.961905 -0.634731
v -2.516349 2.892859 0.783903
v 2.342937 2.795672 0.707086
v 0.047263 3.227996 0.743686
v -1.462985 3.105521 0.646690
v 1.528110 3.101598 0.738549
v -0.705997 3.136696 0.709934
v 0.792630 3.166875 0.763847
v 1.921957 2.948368 0.708049
v -1.949981 2.972354 0.701977
v 2.437281 3.164995 2.219040
v 0.075612 3.384947 1.955640
v -1.264329 2.955015 1.845830
v 1.474110 3.329962 2.094422
v -2.582033 2.928623 1.870268
v -0.547275 3.135550 1.868962
v 0.751381 3.353941 2.027888
v 1.945883 3.251115 2.171699
v -1.907784 2.893248 1.846273
v -2.564133 2.884026 3.450274
v 2.513201 3.552308 3.153765
v 0.095637 3.339724 3.046668
v -1.202965 2.934078 3.425351
v 1.394972 3.450896 3.027186
v -0.521005 3.136950 3.230303
v 0.731513 3.391140 3.002578
v 1.952650 3.502631 3.108704
v -1.902449 2.909200 3.453712
v -2.191896 11.440674 6.295441
v -2.191896 12.148563 6.295441
v 2.291768 11.440674 6.295441
v 2.291768 12.148563 6.295441
v -2.191896 11.440674 6.086835
v -2.191896 12.148563 6.086835
v 2.291768 11.440674 6.086835
v 2.291768 12.148563 6.086835
v -2.191896 12.856454 6.295441
v -2.191896 13.564344 6.295441
v 2.291768 12.856454 6.295441
v 2.291768 13.564344 6.295441
v -2.191896 12.856454 6.086835
v -2.191896 13.564344 6.086835
v 2.291768 12.856454 6.086835
v 2.291768 13.564344 6.086835
v 2.028111 -0.023379 -6.717567
v 2.028111 14.051429 -6.717567
v 2.977378 -0.023379 -6.717567
v 2.977378 14.051429 -6.717567
v 2.028111 -0.023379 -6.472192
v 2.028111 14.051429 -6.472192
v 2.977378 -0.023379 -6.472192
v 2.977378 14.051429 -6.472192
v 2.028111 -0.023379 6.312088
v 2.028111 14.051429 6.312088
v 2.977378 -0.023379 6.312088
v 2.977378 14.051429 6.312088
v 2.028111 -0.023379 6.066714
v 2.028111 14.051429 6.066714
v 2.977378 -0.023379 6.066714
v 2.977378 14.051429 6.066714
v -1.976291 -0.023379 -6.717567
v -1.976291 14.051429 -6.717567
v -2.925558 -0.023379 -6.717567
v -2.925558 14.051429 -6.717567
v -1.976291 -0.023379 -6.472193
v -1.976291 14.051429 -6.472193
v -2.925558 -0.023379 -6.472193
v -2.925558 14.051429 -6.472193
v -1.976292 -0.023379 6.312088
v -1.976292 14.051429 6.312088
v -2.925559 -0.023379 6.312088
v -2.925559 14.051429 6.312088
v -1.976292 -0.023379 6.066714
v -1.976292 14.051429 6.066714
v -2.925559 -0.023379 6.066714
v -2.925559 14.051429 6.066714
v -2.951478 1.074506 -6.721721
v -2.951478 1.781822 -6.721721
v 3.003298 1.074506 -6.721721
v 3.003298 1.781822 -6.721721
v -2.951478 1.074506 6.316245
v -2.951478 1.781822 6.316245
v 3.003298 1.074506 6.316245
v 3.003298 1.781822 6.316245
v -2.951478 9.562293 -6.721721
v -2.951478 10.269609 -6.721721
v 3.003298 9.562293 -6.721721
v 3.003298 10.269609 -6.721721
v -2.951478 9.562293 6.316245
v -2.951478 10.269609 6.316245
v 3.003298 9.562293 6.316245
v 3.003298 10.269609 6.316245
v -2.191896 3.154912 -6.700918
v -2.191896 3.862803 -6.700918
v 2.291769 3.154912 -6.700918
v 2.291769 3.862803 -6.700918
v -2.191896 3.154912 -6.492312
v -2.191896 3.862803 -6.492312
v 2.291769 3.154912 -6.492312
v 2.291769 3.862803 -6.492312
v -2.191896 3.154912 6.295441
v -2.191896 3.862803 6.295441
v 2.291768 3.154912 6.295441
v 2.291768 3.862803 6.295441
v -2.191896 3.154912 6.086835
v -2.191896 3.862803 6.086835
v 2.291768 3.154912 6.086835
v 2.291768 3.862803 6.086835
v -2.191896 4.570693 -6.700918
v -2.191896 5.278584 -6.700918
v 2.291769 4.570693 -6.700918
v 2.291769 5.278584 -6.700918
v -2.191896 4.570693 -6.492312
v -2.191896 5.278584 -6.492312
v 2.291769 4.570693 -6.492312
v 2.291769 5.278584 -6.492312
v -2.191896 4.570693 6.295441
v -2.191896 5.278584 6.295441
v 2.291768 4.570693 6.295441
v 2.291768 5.278584 6.295441
v -2.191896 4.570693 6.086835
v -2.191896 5.278584 6.086835
v 2.291768 4.570693 6.086835
v 2.291768 5.278584 6.086835
v -2.191896 11.440674 -6.700918
v -2.191896 12.148563 -6.700918
v 2.291769 11.440674 -6.700918
v 2.291769 12.148563 -6.700918
v -2.191896 11.440674 -6.492312
v -2.191896 12.148563 -6.492312
v 2.291769 11.440674 -6.492312
v 2.291769 12.148563 -6.492312
v -2.191896 12.856454 -6.700918
v -2.191896 13.564344 -6.700918
v 2.291769 12.856454 -6.700918
v 2.291769 13.564344 -6.700918
v -2.191896 12.856454 -6.492312
v -2.191896 13.564344 -6.492312
v 2.291769 12.856454 -6.492312
v 2.291769 13.564344 -6.492312
v -2.893461 11.440675 6.221905
v -2.893461 12.148563 6.221905
v -2.893461 11.440675 -6.666205
v -2.893461 12.148563 -6.666205
v -2.684855 11.440675 6.221905
v -2.684855 12.148563 6.221905
v -2.684855 11.440675 -6.666205
v -2.684855 12.148563 -6.666205
v -2.893461 12.856454 6.221905
v -2.893461 13.564344 6.221905
v -2.893461 12.856454 -6.666205
v -2.893461 13.564344 -6.666205
v -2.684855 12.856454 6.221905
v -2.684855 13.564344 6.221905
v -2.684855 12.856454 -6.666205
v -2.684855 13.564344 -6.666205
v 2.945281 11.440674 6.181757
v 2.945281 12.148563 6.181757
v 2.945281 11.440674 -2.953546
v 2.945281 12.148563 -2.953546
v 2.736675 11.440674 6.181757
v 2.736675 12.148563 6.181757
v 2.736675 11.440674 -2.953546
v 2.736675 12.148563 -2.953546
v 2.945281 12.856454 6.181757
v 2.945281 13.564344 6.181757
v 2.945281 12.856454 -2.953546
v 2.945281 13.564344 -2.953546
v 2.736675 12.856454 6.181757
v 2.736675 13.564344 6.181757
v 2.736675 12.856454 -2.953546
v 2.736675 13.564344 -2.953546
v 2.945281 3.153430 6.176670
v 2.945281 3.861321 6.176670
v 2.945281 3.153430 0.700805
v 2.945281 3.861321 0.700805
v 2.736675 3.153430 6.176670
v 2.736675 3.861321 6.176670
v 2.736675 3.153430 0.700805
v 2.736675 3.861321 0.700805
v -2.893461 3.094592 6.221905
v -2.893461 3.802482 6.221905
v -2.893461 3.094592 -6.666205
v -2.893461 3.802482 -6.666205
v -2.684855 3.094592 6.221905
v -2.684855 3.802482 6.221905
v -2.684855 3.094592 -6.666205
v -2.684855 3.802482 -6.666205
v 2.781524 2.022023 -6.380732
v 2.781524 2.022023 -3.131586
v 3.375202 2.022023 -6.380732
v 3.375202 2.022023 -3.131586
v 2.781524 1.846247 -6.380732
v 2.781524 1.846247 -3.131586
v 3.375202 1.846247 -6.380732
v 3.375202 1.846247 -3.131586
v 2.781524 4.131335 -6.380732
v 2.781524 4.131335 -3.131587
v 3.375202 4.131335 -6.380732
v 3.375202 4.131335 -3.131587
v 2.781524 3.955559 -6.380732
v 2.781524 3.955560 -3.131587
v 3.375202 3.955559 -6.380732
v 3.375202 3.955560 -3.131587
v 2.781524 6.240648 -6.380732
v 2.781524 6.240648 -3.131587
v 3.375202 6.240648 -6.380732
v 3.375202 6.240648 -3.131587
v 2.781524 6.064872 -6.380732
v 2.781524 6.064872 -3.131587
v 3.375202 6.064872 -6.380732
v 3.375202 6.064872 -3.131587
v 2.781524 8.349961 -6.380732
v 2.781524 8.349961 -3.131587
v 3.375202 8.349961 -6.380732
v 3.375202 8.349961 -3.131587
v 2.781524 8.174185 -6.380732
v 2.781524 8.174185 -3.131587
v 3.375202 8.174185 -6.380732
v 3.375202 8.174185 -3.131587
v 2.806228 1.188349 -6.531644
v 2.806228 14.128819 -6.531644
v 3.423168 1.188349 -6.531644
v 3.423168 14.128819 -6.531644
v 2.806228 1.188349 -6.209648
v 2.806228 14.128819 -6.209648
v 3.423168 1.188349 -6.209648
v 3.423168 14.128819 -6.209648
v 2.806228 1.188349 -3.274701
v 2.806228 14.128819 -3.274701
v 3.423168 1.188349 -3.274701
v 3.423168 14.128819 -3.274701
v 2.806228 1.188349 -2.952705
v 2.806228 14.128819 -2.952705
v 3.423168 1.188349 -2.952705
v 3.423168 14.128819 -2.952705
v 2.651397 1.473629 0.471761
v 2.651397 4.047545 0.471761
v 2.961635 1.473629 0.471761
v 2.961635 4.047545 0.471761
v 2.651397 1.473629 0.768603
v 2.651397 4.047545 0.768603
v 2.961635 1.473629 0.768603
v 2.961635 4.047545 0.768603
v 0.128893 11.614927 6.159327
v 0.128893 11.647072 3.638075
v -1.041681 11.560571 3.865157
v -1.125867 11.344641 4.189702
v -1.611724 11.653252 4.233514
v -1.172893 11.420555 3.973388
v -1.458145 11.493988 4.029437
v -1.492808 11.481027 4.216967
v -1.691807 11.603848 3.829613
v -1.041681 11.745932 3.865156
v -1.125867 11.961863 4.189702
v -1.691807 11.696528 3.829614
v -1.458145 11.812515 4.029437
v -1.492808 11.825476 4.216967
v -1.172893 11.885947 3.973388
v 1.299467 11.560571 3.865156
v 1.853791 11.653252 4.233514
v 1.383653 11.344641 4.189702
v 1.899866 11.606911 3.823375
v 1.711291 11.493988 4.038997
v 1.750594 11.481027 4.216967
v 1.430679 11.420555 3.973388
v 1.299467 11.745932 3.865156
v 1.383653 11.961863 4.189702
v 1.430679 11.885947 3.973388
v 1.711292 11.812515 4.038997
v 1.750594 11.825476 4.216967
v 1.899865 11.699592 3.823376
v -1.041681 11.560571 5.932245
v -1.598438 11.653252 5.563888
v -1.125867 11.344641 5.607700
v -1.615348 11.606911 5.925702
v -1.458145 11.493988 5.758405
v -1.492808 11.481027 5.580435
v -1.172893 11.420555 5.824014
v -1.041681 11.745932 5.932245
v -1.125867 11.961863 5.607699
v -1.172893 11.885947 5.824014
v -1.458145 11.812515 5.758405
v -1.492808 11.825476 5.580435
v -1.615348 11.699592 5.925702
v 1.383653 11.344641 5.607699
v 1.848009 11.653252 5.563888
v 1.299467 11.560571 5.932245
v 1.750594 11.481027 5.580435
v 1.704136 11.493988 5.758405
v 1.901577 11.606911 5.896120
v 1.430679 11.420555 5.824014
v 1.383653 11.961863 5.607699
v 1.299467 11.745932 5.932245
v 1.750594 11.825476 5.580435
v 1.704136 11.812515 5.758405
v 1.430679 11.885947 5.824014
v 1.901577 11.699592 5.896120
v 0.128893 11.355589 3.740108
v 0.551777 11.152556 4.148754
v -0.293991 11.152556 4.148754
v 0.403362 11.224358 3.894409
v 0.128893 11.192181 3.941750
v 0.128893 11.128691 4.148754
v -0.145576 11.224358 3.894409
v 0.128893 11.914560 3.740108
v -0.293991 12.151859 4.148754
v 0.551777 12.151859 4.148754
v -0.145576 12.061406 3.894409
v 0.128893 12.087087 3.941750
v 0.128893 12.166109 4.148754
v 0.403362 12.061406 3.894409
v 0.128893 11.268367 6.057293
v -0.293992 11.147753 5.648648
v 0.551777 11.147753 5.648648
v -0.145576 11.176632 5.902993
v 0.128893 11.129504 5.855651
v 0.128893 11.101757 5.648648
v 0.403362 11.176632 5.902993
v 0.128893 11.941702 6.057293
v 0.551777 12.153439 5.648648
v -0.293991 12.153439 5.648648
v 0.403361 12.077105 5.902993
v 0.128893 12.107703 5.855651
v 0.128893 12.174969 5.648648
v -0.145576 12.077105 5.902993
v -1.056804 11.653252 3.815973
v -1.728840 11.648623 3.776400
v 1.314590 11.653252 3.815973
v 1.929183 11.653252 3.769327
v 1.314590 11.653252 5.981428
v 1.938181 11.653252 5.928389
v -1.056805 11.653252 5.981428
v -1.616765 11.653252 5.974617
v 1.316945 11.361048 4.898701
v 1.664378 11.490183 4.898701
v 1.812216 11.653252 4.898701
v 1.420323 11.945456 4.898701
v 1.664378 11.816320 4.898701
v -1.059159 11.361048 4.898701
v -1.406592 11.490183 4.898701
v -1.554430 11.653252 4.898701
v -1.162537 11.945456 4.898701
v -1.406592 11.816320 4.898701
v -0.369154 12.212326 4.898701
v 0.128893 12.294464 4.898701
v 0.626939 12.212326 4.898701
v -0.271509 11.174627 4.898701
v 0.128893 11.131077 4.898701
v 0.529295 11.174627 4.898701
v -2.530647 1.749146 -6.524752
v -2.630647 1.849145 -6.524752
v -2.530647 1.849145 -6.624752
v -2.601358 1.778435 -6.524752
v -2.588382 1.791410 -6.582487
v -2.601358 1.849145 -6.595462
v -2.530647 1.778435 -6.595462
v -2.630647 2.682926 -6.524752
v -2.530647 2.782926 -6.524752
v -2.530647 2.682926 -6.624752
v -2.601358 2.753636 -6.524752
v -2.588382 2.740661 -6.582487
v -2.530647 2.753636 -6.595462
v -2.601358 2.682926 -6.595462
v 2.582470 1.749146 -6.524752
v 2.582470 1.849145 -6.624752
v 2.682470 1.849145 -6.524752
v 2.582470 1.778435 -6.595462
v 2.640205 1.791410 -6.582487
v 2.653181 1.849145 -6.595462
v 2.653181 1.778435 -6.524752
v 2.582470 2.782926 -6.524752
v 2.682470 2.682926 -6.524752
v 2.582470 2.682926 -6.624752
v 2.653181 2.753636 -6.524752
v 2.640205 2.740661 -6.582487
v 2.653181 2.682926 -6.595462
v 2.582470 2.753636 -6.595462
v -2.530648 1.749146 6.119273
v -2.530648 1.849145 6.219273
v -2.630647 1.849145 6.119273
v -2.530648 1.778435 6.189983
v -2.588382 1.791410 6.177007
v -2.601358 1.849145 6.189983
v -2.601358 1.778435 6.119272
v -2.530648 2.782926 6.119273
v -2.630647 2.682926 6.119273
v -2.530648 2.682926 6.219273
v -2.601358 2.753636 6.119272
v -2.588382 2.740661 6.177007
v -2.601358 2.682926 6.189983
v -2.530648 2.753636 6.189983
v 2.582470 1.749146 6.119273
v 2.682470 1.849145 6.119273
v 2.582470 1.849145 6.219273
v 2.653180 1.778435 6.119272
v 2.640205 1.791410 6.177007
v 2.653180 1.849145 6.189983
v 2.582470 1.778435 6.189983
v 2.582470 2.782926 6.119273
v 2.582470 2.682926 6.219273
v 2.682470 2.682926 6.119273
v 2.582470 2.753636 6.189983
v 2.640205 2.740661 6.177007
v 2.653180 2.682926 6.189983
v 2.653180 2.753636 6.119272
v 0.128893 3.245676 6.159327
v 0.128893 3.277820 3.638075
v -1.041681 3.191319 3.865157
v -1.125867 2.975389 4.189702
v -1.611724 3.283999 4.233514
v -1.172893 3.051303 3.973388
v -1.458145 3.124736 4.029437
v -1.492808 3.111774 4.216967
v -1.691807 3.234595 3.829613
v -1.041681 3.376680 3.865156
v -1.611724 3.283999 4.233514
v -1.125867 3.592610 4.189702
v -1.691807 3.327276 3.829614
v -1.458145 3.443263 4.029437
v -1.492808 3.456224 4.216967
v -1.172893 3.516695 3.973388
v 1.299467 3.191319 3.865156
v 1.853791 3.283999 4.233514
v 1.383653 2.975389 4.189702
v 1.899866 3.237659 3.823375
v 1.711291 3.124736 4.038997
v 1.750594 3.111774 4.216967
v 1.430679 3.051303 3.973388
v 1.299467 3.376680 3.865156
v 1.383653 3.592610 4.189702
v 1.853791 3.283999 4.233514
v 1.430679 3.516695 3.973388
v 1.711292 3.443263 4.038997
v 1.750594 3.456224 4.216967
v 1.899865 3.330339 3.823376
v -1.041681 3.191319 5.932245
v -1.598438 3.283999 5.563888
v -1.125867 2.975389 5.607700
v -1.615348 3.237659 5.925702
v -1.458145 3.124736 5.758405
v -1.492808 3.111774 5.580435
v -1.172893 3.051303 5.824014
v -1.041681 3.376680 5.932245
v -1.125867 3.592610 5.607699
v -1.598438 3.283999 5.563888
v -1.172893 3.516695 5.824014
v -1.458145 3.443263 5.758405
v -1.492808 3.456224 5.580435
v -1.615348 3.330339 5.925702
v 1.383653 2.975389 5.607699
v 1.848008 3.283999 5.563888
v 1.299467 3.191319 5.932245
v 1.750594 3.111774 5.580435
v 1.704136 3.124736 5.758405
v 1.901577 3.237659 5.896120
v 1.430679 3.051303 5.824014
v 1.848008 3.283999 5.563888
v 1.383653 3.592610 5.607699
v 1.299467 3.376680 5.932245
v 1.750594 3.456224 5.580435
v 1.704136 3.443263 5.758405
v 1.430679 3.516695 5.824014
v 1.901577 3.330339 5.896120
v 0.128893 2.986337 3.740108
v 0.551777 2.783305 4.148754
v -0.293991 2.783305 4.148754
v 0.403362 2.855105 3.894409
v 0.128893 2.822928 3.941750
v 0.128893 2.759438 4.148754
v -0.145576 2.855105 3.894409
v 0.128893 3.545309 3.740108
v -0.293991 3.782607 4.148754
v 0.551777 3.782607 4.148754
v -0.145576 3.692154 3.894409
v 0.128893 3.717834 3.941750
v 0.128893 3.796857 4.148754
v 0.403362 3.692154 3.894409
v 0.128893 2.899115 6.057293
v -0.293992 2.778501 5.648648
v 0.551777 2.778501 5.648648
v -0.145576 2.807380 5.902993
v 0.128893 2.760252 5.855651
v 0.128893 2.732505 5.648648
v 0.403362 2.807380 5.902993
v 0.128893 3.572450 6.057293
v 0.551777 3.784187 5.648648
v -0.293991 3.784187 5.648648
v 0.403361 3.707853 5.902993
v 0.128893 3.738451 5.855651
v 0.128893 3.805716 5.648648
v -0.145576 3.707853 5.902993
v -1.056804 3.283999 3.815973
v -1.611724 3.283999 4.233514
v -1.728840 3.279371 3.776400
v 1.314590 3.283999 3.815973
v 1.853791 3.283999 4.233514
v 1.929183 3.283999 3.769327
v 1.848008 3.283999 5.563888
v 1.314590 3.283999 5.981428
v 1.938181 3.283999 5.928389
v -1.056805 3.283999 5.981428
v -1.598438 3.283999 5.563888
v -1.616765 3.283999 5.974617
v 1.316945 2.991796 4.898701
v 1.664378 3.120931 4.898701
v 1.812216 3.283999 4.898701
v 1.420323 3.576203 4.898701
v 1.664378 3.447068 4.898701
v 1.812216 3.283999 4.898701
v -1.059159 2.991796 4.898701
v -1.406592 3.120931 4.898701
v -1.554430 3.283999 4.898701
v -1.162537 3.576203 4.898701
v -1.406592 3.447068 4.898701
v -1.554430 3.283999 4.898701
v -0.369154 3.843074 4.898701
v 0.128893 3.925212 4.898701
v 0.626939 3.843074 4.898701
v -0.271509 2.805376 4.898701
v 0.128893 2.761825 4.898701
v 0.529295 2.805376 4.898701
v -1.554430 3.283999 4.898701
v 1.812216 3.283999 4.898701
vn -1.0000 -0.0000 -0.0000
vn -0.0000 -0.0000 1.0000
vn -0.0000 1.0000 -0.0000
vn -0.0000 -0.0000 -1.0000
vn 1.0000 -0.0000 -0.0000
vn -0.3251 -0.8881 -0.3251
vn -0.8881 -0.3251 -0.3251
vn -0.3251 -0.3251 -0.8881
vn -0.8881 0.3251 -0.3251
vn -0.3250 0.8881 -0.3251
vn -0.3251 0.3251 -0.8881
vn 0.3251 -0.8881 -0.3251
vn 0.3251 -0.3251 -0.8881
vn 0.8881 -0.3251 -0.3251
vn 0.3250 0.8881 -0.3251
vn 0.8881 0.3251 -0.3251
vn 0.3251 0.3251 -0.8881
vn -0.3251 -0.8881 0.3251
vn -0.3251 -0.3251 0.8881
vn -0.8881 -0.3251 0.3251
vn -0.3250 0.8881 0.3251
vn -0.8881 0.3251 0.3251
vn -0.3251 0.3251 0.8881
vn 0.3251 -0.8881 0.3251
vn 0.8881 -0.3251 0.3251
vn 0.3251 -0.3251 0.8881
vn 0.3250 0.8881 0.3251
vn 0.3251 0.3251 0.8881
vn 0.8881 0.3251 0.3251
vn -0.0000 -0.9239 -0.3827
vn -0.0000 -0.3827 -0.9239
vn -0.9239 -0.0000 -0.3827
vn -0.3827 -0.0000 -0.9239
vn -0.0000 0.9239 -0.3827
vn -0.0000 0.3827 -0.9239
vn 0.9239 -0.0000 -0.3827
vn 0.3827 -0.0000 -0.9239
vn 0.3827 -0.9239 -0.0000
vn 0.9239 -0.3827 -0.0000
vn 0.3827 0.9239 -0.0000
vn 0.9239 0.3827 -0.0000
vn 0.3827 -0.0000 0.9239
vn 0.9239 -0.0000 0.3827
vn -0.0000 -0.9239 0.3827
vn -0.0000 -0.3827 0.9239
vn -0.0000 0.9239 0.3827
vn -0.0000 0.3827 0.9239
vn -0.9239 -0.0000 0.3827
vn -0.3827 -0.0000 0.9239
vn -0.3827 -0.9239 -0.0000
vn -0.9239 -0.3827 -0.0000
vn -0.3827 0.9239 -0.0000
vn -0.9239 0.3827 -0.0000
vn -0.0000 -1.0000 -0.0000
vn 0.1773 0.9822 -0.0627
vn 0.3070 0.7576 0.5759
vn 0.5781 0.3051 0.7568
vn 0.9211 0.3873 -0.0392
vn -0.3867 0.8487 -0.3608
vn -0.3501 0.9281 -0.1263
vn -0.0343 0.9906 -0.1322
vn -0.0380 0.9282 -0.3702
vn -0.1896 0.9785 0.0810
vn -0.1017 0.9948 0.0075
vn -0.0094 0.9970 0.0774
vn -0.0455 0.9831 0.1774
vn 0.3536 0.9266 0.1282
vn 0.3435 0.9391 0.0027
vn 0.9989 -0.0172 0.0440
vn 0.9752 -0.0360 0.2185
vn -0.1141 0.9917 -0.0594
vn -0.2155 0.9725 -0.0888
vn 0.0484 0.9901 -0.1320
vn 0.0189 0.9874 -0.1570
vn 0.4842 0.8747 0.0205
vn 0.4232 0.9055 -0.0303
vn 0.9938 -0.1019 -0.0447
vn 0.9910 -0.1214 -0.0561
vn -0.0683 0.9965 0.0472
vn -0.0556 0.9961 -0.0683
vn 0.6243 0.7808 -0.0246
vn 0.5352 0.8431 -0.0529
vn -0.1645 0.9861 0.0249
vn -0.1481 0.9888 -0.0182
vn 0.0733 0.9918 -0.1049
vn 0.0884 0.9902 0.1079
vn -0.0823 0.9950 -0.0570
vn -0.1135 0.9930 0.0334
vn -0.1247 0.9914 0.0399
vn -0.1261 0.9902 -0.0605
vn -0.2364 0.9675 0.0902
vn -0.1825 0.9830 -0.0221
vn -0.2598 0.9638 -0.0592
vn -0.1863 0.9754 0.1181
vn -0.1836 0.9830 -0.0039
vn -0.2209 0.9737 -0.0564
vn -0.1581 0.9852 -0.0657
vn -0.1832 0.9830 0.0085
vn -0.1919 0.9553 -0.2251
vn -0.3171 0.9482 0.0171
vn -0.3220 0.9436 -0.0773
vn -0.2916 0.8908 -0.3485
vn 0.2607 0.9572 0.1258
vn 0.2377 0.9609 -0.1422
vn 0.0906 0.9853 -0.1447
vn 0.0965 0.9881 0.1200
vn -0.0192 0.9991 -0.0368
vn 0.0897 0.9948 -0.0472
vn 0.2257 0.9741 0.0102
vn 0.2039 0.9786 0.0287
vn 0.0545 0.9733 0.2229
vn 0.0407 0.9965 0.0731
vn 0.1602 0.9862 0.0408
vn 0.1848 0.9616 0.2032
vn 0.3414 0.8726 -0.3492
vn 0.3321 0.9393 -0.0865
vn 0.3968 0.9176 0.0256
vn 0.3005 0.9085 -0.2904
vn 0.2085 0.9243 -0.3196
vn 0.2725 0.9487 -0.1602
vn 0.1167 0.9917 -0.0544
vn 0.0579 0.9686 -0.2420
vn 0.0117 0.9999 0.0127
vn -0.0146 0.9977 -0.0665
vn -0.1241 0.9876 -0.0961
vn -0.1010 0.9926 -0.0673
vn -0.1971 0.9513 -0.2371
vn -0.2176 0.9661 -0.1387
vn 0.0829 0.9808 -0.1763
vn 0.0354 0.9386 -0.3432
vn -0.0677 0.9906 -0.1186
vn -0.0462 0.9963 -0.0724
vn 0.5705 0.8204 -0.0381
vn 0.5309 0.8462 -0.0458
vn 0.1289 0.9078 -0.3991
vn 0.0640 0.9952 -0.0740
vn 0.2085 0.9742 -0.0868
vn 0.1642 0.9051 -0.3922
vn -0.1103 0.9933 -0.0332
vn -0.1553 0.9860 -0.0606
vn -0.2203 0.9688 -0.1137
vn -0.1966 0.9759 -0.0948
vn 0.1858 0.9680 -0.1688
vn 0.3706 0.9287 0.0124
vn 0.9951 -0.0474 0.0863
vn 0.9234 0.3816 -0.0423
vn -0.2218 0.9569 -0.1877
vn -0.2563 0.9625 -0.0888
vn -0.0695 0.9959 -0.0585
vn -0.0156 0.9522 -0.3052
vn -0.0345 0.9965 -0.0763
vn -0.0860 0.9933 -0.0773
vn 0.1927 0.9747 -0.1130
vn 0.1779 0.9737 -0.1422
vn -0.3336 0.9344 -0.1250
vn -0.3717 0.9279 -0.0287
vn -0.2054 0.9786 -0.0154
vn -0.1681 0.9722 -0.1629
vn 0.4017 0.9045 -0.1430
vn 0.4615 0.8831 -0.0845
vn 0.9960 -0.0540 -0.0705
vn 0.9909 -0.0357 -0.1296
vn -0.0121 0.9966 -0.0821
vn 0.0162 0.9988 -0.0458
vn -0.0145 0.9962 -0.0863
vn -0.0082 0.9995 -0.0291
vn 0.2224 0.9733 -0.0568
vn 0.3190 0.9252 -0.2055
vn 0.1974 0.9693 -0.1466
vn 0.1741 0.9847 -0.0053
vn -0.2068 0.9759 -0.0690
vn -0.1517 0.9824 -0.1089
vn -0.2328 0.9653 -0.1183
vn -0.2311 0.9727 -0.0218
vn -0.2723 0.9614 -0.0401
vn -0.3418 0.9245 -0.1689
vn -0.0455 0.9701 -0.2386
vn 0.0043 0.9970 -0.0777
vn 0.1975 0.9761 -0.0903
vn 0.0433 0.9950 -0.0895
vn 0.7884 0.6151 -0.0009
vn 0.9674 0.2529 -0.0113
vn 0.0248 0.1356 -0.9904
vn 0.5373 0.1841 -0.8231
vn -0.0841 -0.0323 -0.9959
vn 0.0374 -0.0378 -0.9986
vn -0.0087 0.6183 -0.7859
vn 0.0206 0.1606 -0.9868
vn 0.1796 -0.0532 -0.9823
vn 0.0122 0.0216 -0.9997
vn -0.5178 0.5981 -0.6116
vn -0.7184 0.6320 -0.2907
vn -0.8816 0.3732 -0.2891
vn -0.9396 0.3419 -0.0154
vn -0.9537 0.3001 0.0223
vn -0.9554 0.2947 -0.0175
vn -0.9702 0.2423 0.0090
vn -0.9711 0.2229 0.0858
vn -0.9822 0.1880 0.0004
vn -0.9903 0.0288 -0.1360
vn -0.9972 -0.0652 -0.0374
vn -0.9823 0.1737 0.0703
vn -0.9838 0.1776 -0.0233
vn -0.9849 0.1589 -0.0689
vn -0.9110 0.4122 -0.0149
vn -0.9546 0.2799 -0.1020
vn -0.9768 0.1826 0.1116
vn -0.1767 -0.9824 0.0607
vn 0.4398 -0.8884 -0.1317
vn 0.2777 -0.9200 0.2764
vn -0.0302 -0.6240 0.7808
vn 0.3883 -0.8531 0.3484
vn 0.0384 -0.9305 0.3643
vn 0.0673 0.3425 0.9371
vn 0.1736 0.1676 0.9704
vn 0.1874 -0.9787 -0.0836
vn 0.0445 -0.9788 -0.2000
vn 0.0096 -0.9969 -0.0777
vn 0.1011 -0.9948 -0.0079
vn -0.3549 -0.9252 -0.1341
vn -0.0411 -0.9989 -0.0210
vn -0.0278 -0.9993 0.0244
vn -0.3510 -0.9364 -0.0005
vn 0.1233 -0.9906 0.0601
vn -0.0283 -0.9869 0.1586
vn -0.0503 -0.9904 0.1286
vn 0.2155 -0.9721 0.0923
vn -0.4973 -0.8673 -0.0232
vn -0.1254 -0.9907 -0.0522
vn 0.0199 -0.9957 0.0904
vn -0.4254 -0.9045 0.0292
vn 0.0653 -0.9965 -0.0527
vn 0.8445 -0.5314 -0.0663
vn 0.7407 -0.6716 -0.0167
vn 0.0542 -0.9968 0.0585
vn 0.1693 -0.9853 -0.0222
vn -0.0914 -0.9892 -0.1147
vn -0.0727 -0.9924 0.0998
vn 0.1488 -0.9888 0.0096
vn 0.0840 -0.9948 0.0570
vn 0.1256 -0.9903 0.0597
vn 0.1277 -0.9912 -0.0363
vn 0.1154 -0.9927 -0.0339
vn 0.2403 -0.9667 -0.0883
vn 0.1804 -0.9756 -0.1249
vn 0.2639 -0.9625 0.0628
vn 0.1837 -0.9827 0.0220
vn 0.1850 -0.9827 0.0043
vn 0.1800 -0.9836 -0.0076
vn 0.1579 -0.9852 0.0670
vn 0.2213 -0.9737 0.0548
vn 0.1959 -0.9567 0.2151
vn 0.2895 -0.8980 0.3313
vn 0.0407 0.1300 0.9907
vn -0.1521 -0.0472 0.9872
vn -0.2621 -0.9539 -0.1462
vn -0.0956 -0.9848 -0.1452
vn -0.0868 -0.9874 0.1320
vn -0.2373 -0.9628 0.1293
vn 0.0300 -0.9989 0.0358
vn -0.2164 -0.9758 -0.0296
vn -0.2285 -0.9735 -0.0094
vn -0.0881 -0.9949 0.0496
vn -0.0525 -0.9636 -0.2622
vn -0.1851 -0.9534 -0.2385
vn -0.1605 -0.9862 -0.0413
vn -0.0381 -0.9967 -0.0715
vn -0.3451 -0.8754 0.3385
vn -0.3014 -0.9110 0.2815
vn 0.0338 0.0243 0.9991
vn -0.0756 0.1175 0.9902
vn -0.2179 -0.8813 0.4194
vn -0.0229 -0.9449 0.3266
vn -0.1344 -0.9832 0.1239
vn -0.2907 -0.9284 0.2316
vn -0.0061 -1.0000 -0.0073
vn 0.0973 -0.9927 0.0710
vn 0.1248 -0.9866 0.1051
vn 0.0185 -0.9974 0.0697
vn 0.2050 -0.9445 0.2568
vn -0.0303 -0.9164 0.3992
vn -0.0938 -0.9676 0.2346
vn 0.2207 -0.9632 0.1532
vn 0.0722 -0.9880 0.1368
vn 0.8260 -0.5559 0.0937
vn 0.7930 -0.6092 -0.0003
vn 0.0581 -0.9939 0.0941
vn -0.1287 -0.8834 0.4506
vn -0.1677 -0.8894 0.4253
vn -0.1979 -0.9733 0.1158
vn -0.0641 -0.9923 0.1055
vn 0.1099 -0.9934 0.0325
vn 0.1918 -0.9766 0.0970
vn 0.2193 -0.9695 0.1092
vn 0.1543 -0.9862 0.0596
vn -0.1828 -0.9676 0.1744
vn 0.3087 -0.9507 -0.0304
vn 0.0430 -0.9971 -0.0628
vn -0.3727 -0.9279 -0.0014
vn 0.2244 -0.9545 0.1966
vn 0.0103 -0.9414 0.3371
vn 0.0670 -0.9948 0.0769
vn 0.2561 -0.9621 0.0937
vn 0.0385 -0.9967 0.0716
vn -0.1813 -0.9727 0.1447
vn -0.2042 -0.9720 0.1161
vn 0.0913 -0.9929 0.0761
vn 0.3378 -0.9323 0.1292
vn 0.1695 -0.9711 0.1677
vn 0.2128 -0.9769 0.0193
vn 0.3762 -0.9262 0.0241
vn -0.4099 -0.9007 0.1439
vn -0.0312 -0.9963 0.0803
vn -0.0904 -0.9959 0.0080
vn -0.4759 -0.8755 0.0841
vn 0.0126 -0.9966 0.0812
vn 0.0083 -0.9996 0.0274
vn 0.0130 -0.9960 0.0886
vn -0.0149 -0.9991 0.0406
vn -0.2334 -0.9706 0.0594
vn -0.1812 -0.9834 0.0092
vn -0.1911 -0.9717 0.1391
vn -0.3254 -0.9249 0.1968
vn 0.2034 -0.9771 0.0624
vn 0.2323 -0.9720 0.0355
vn 0.2293 -0.9688 0.0943
vn 0.1499 -0.9828 0.1080
vn 0.2802 -0.9591 0.0394
vn 0.0021 -0.9969 0.0786
vn 0.0451 -0.9685 0.2449
vn 0.3521 -0.9220 0.1612
vn -0.1959 -0.9763 0.0920
vn 0.3992 -0.8993 0.1784
vn 0.5888 -0.8083 -0.0011
vn -0.0431 -0.9960 0.0785
vn 0.0836 -0.9860 -0.1445
vn 0.8260 -0.5508 -0.1199
vn 0.1042 -0.9937 0.0419
vn 0.0001 -0.9980 0.0632
vn 0.0019 -0.8610 -0.5085
vn 0.0808 -0.9885 -0.1281
vn -0.1168 -0.9920 0.0481
vn -0.0168 -0.9970 -0.0753
vn -0.4174 -0.6173 -0.6669
vn -0.4964 -0.8482 -0.1847
vn -0.4434 -0.8962 -0.0130
vn -0.3192 -0.9475 0.0156
vn -0.2989 -0.9542 -0.0121
vn -0.2931 -0.9560 0.0109
vn -0.2544 -0.9663 0.0387
vn -0.2179 -0.9752 0.0378
vn -0.1298 -0.9914 0.0164
vn -0.0125 -0.9998 0.0145
vn -0.0087 -0.9971 0.0761
vn -0.1180 -0.9926 0.0287
vn -0.1845 -0.9826 -0.0211
vn -0.2993 -0.9486 0.1026
vn -0.3463 -0.9330 0.0980
vn -0.2148 -0.9731 0.0829
vn -0.5147 -0.2741 0.8124
vn -0.0823 0.9940 -0.0714
vn -0.1000 0.9693 0.2245
vn 0.4262 0.8913 0.1547
vn 0.5375 0.8406 -0.0671
vn -0.3001 0.9539 -0.0087
vn -0.1047 0.9396 0.3258
vn 0.1148 0.3864 0.9152
vn -0.1871 0.9773 0.0998
vn -0.0401 0.9986 0.0334
vn -0.0062 0.9992 -0.0390
vn 0.0809 0.9962 -0.0310
vn 0.0962 0.9919 0.0832
vn 0.0433 0.9989 0.0199
vn 0.0469 0.9983 -0.0355
vn 0.7995 0.5952 0.0811
vn 0.8063 0.5631 0.1810
vn -0.0464 0.9956 -0.0815
vn -0.1392 0.9903 -0.0000
vn -0.0731 0.9915 -0.1078
vn -0.0052 0.9850 -0.1724
vn 0.3408 0.9367 -0.0799
vn 0.3878 0.8974 -0.2103
vn 0.9757 -0.1167 -0.1856
vn 0.9937 0.0204 -0.1105
vn -0.0862 0.9949 0.0524
vn -0.1059 0.9929 0.0543
vn 0.4640 0.8831 0.0693
vn 0.3833 0.9222 -0.0512
vn -0.1245 0.9872 0.0999
vn -0.1493 0.9888 -0.0011
vn 0.0501 0.9987 0.0072
vn 0.0594 0.9968 0.0543
vn -0.1812 0.9812 0.0667
vn -0.1403 0.9901 0.0053
vn -0.1281 0.9918 0.0044
vn -0.1428 0.9833 0.1133
vn -0.2723 0.9619 -0.0244
vn -0.1652 0.9838 0.0691
vn -0.1796 0.9789 0.0978
vn -0.1649 0.9863 -0.0018
vn -0.2388 0.9708 -0.0235
vn -0.2825 0.9576 -0.0573
vn -0.1296 0.9893 -0.0669
vn -0.1400 0.9900 -0.0168
vn -0.0370 0.9888 -0.1447
vn -0.0581 0.9968 0.0547
vn -0.0911 0.9884 0.1217
vn -0.1730 0.9759 -0.1329
vn 0.2817 0.9582 0.0493
vn 0.3042 0.9524 0.0204
vn 0.1271 0.9913 0.0343
vn 0.1146 0.9908 0.0721
vn 0.0831 0.9756 -0.2033
vn 0.0792 0.9864 -0.1440
vn 0.2482 0.9546 -0.1645
vn 0.2134 0.9625 -0.1673
vn 0.2328 0.9697 0.0743
vn 0.1984 0.9787 -0.0532
vn 0.1333 0.9896 -0.0541
vn 0.1386 0.9896 0.0388
vn -0.0814 0.9956 0.0474
vn 0.0195 0.5442 0.8387
vn -0.0936 0.8992 0.4274
vn -0.0848 0.9950 -0.0523
vn 0.1731 0.9598 -0.2207
vn 0.2360 0.9691 -0.0714
vn 0.1022 0.9938 -0.0429
vn 0.0695 0.9828 -0.1710
vn -0.1437 0.9803 -0.1358
vn -0.2093 0.9772 -0.0353
vn -0.1504 0.9873 -0.0515
vn -0.1093 0.9709 -0.2130
vn -0.0735 0.9690 -0.2357
vn -0.0914 0.9938 -0.0634
vn 0.0746 0.9940 -0.0794
vn 0.0494 0.9681 -0.2455
vn -0.0358 0.9902 -0.1349
vn -0.0406 0.9984 -0.0388
vn 0.4857 0.8739 -0.0190
vn 0.5017 0.8642 -0.0373
vn 0.2995 0.9540 0.0118
vn 0.2738 0.9611 0.0376
vn 0.1580 0.9873 0.0185
vn 0.1488 0.9888 0.0079
vn -0.1674 0.9843 -0.0559
vn -0.2125 0.9764 -0.0377
vn -0.1490 0.9867 -0.0647
vn -0.1401 0.9846 -0.1050
vn -0.0475 0.9972 0.0576
vn 0.0242 0.9988 0.0417
vn 0.8281 0.5261 0.1934
vn 0.6377 0.7630 0.1055
vn -0.1365 0.9859 -0.0968
vn -0.0964 0.9947 -0.0348
vn 0.0809 0.9964 0.0236
vn 0.0574 0.9980 -0.0252
vn 0.1672 0.9820 -0.0880
vn 0.1115 0.9889 -0.0981
vn 0.1549 0.9804 -0.1216
vn 0.1423 0.9833 -0.1131
vn -0.3673 0.9258 -0.0897
vn -0.3750 0.9267 -0.0261
vn -0.1998 0.9798 0.0008
vn -0.1573 0.9816 -0.1086
vn 0.0907 0.9916 -0.0925
vn 0.1879 0.9781 -0.0900
vn 0.9573 0.2795 -0.0739
vn 0.8856 0.4541 -0.0974
vn 0.0164 0.9977 -0.0665
vn 0.0205 0.9996 -0.0176
vn 0.0433 0.9966 -0.0703
vn 0.0599 0.9967 -0.0550
vn 0.0432 0.9951 -0.0885
vn -0.0057 0.9997 -0.0234
vn -0.0126 0.9924 -0.1226
vn 0.1156 0.9775 -0.1763
vn -0.0613 0.9806 0.1860
vn -0.0134 0.9999 -0.0042
vn -0.1944 0.9809 -0.0044
vn -0.1715 0.9643 0.2015
vn -0.2762 0.9565 0.0940
vn -0.3668 0.9302 0.0171
vn -0.1924 0.9807 0.0342
vn -0.1504 0.9882 -0.0278
vn 0.2027 0.9170 -0.3434
vn -0.0163 0.9749 -0.2221
vn 0.6671 0.7211 -0.1872
vn 0.9000 0.3807 -0.2124
vn -0.6668 0.7384 0.1008
vn -0.7338 0.6793 0.0130
vn -0.9929 -0.0108 -0.1183
vn -0.9984 -0.0372 -0.0420
vn -0.9613 0.2744 -0.0238
vn -0.9804 0.1963 0.0146
vn -0.9258 0.3720 -0.0664
vn -0.9731 0.2297 -0.0202
vn -0.7493 0.6577 -0.0778
vn -0.7639 0.6414 0.0708
vn -0.9848 0.1599 0.0680
vn -0.9941 0.1081 -0.0058
vn -0.9610 0.2714 0.0527
vn -0.7405 0.6716 0.0253
vn -0.9661 0.2561 0.0324
vn -0.9544 0.2984 0.0034
vn -0.7223 0.0459 -0.6900
vn -0.3649 0.0395 -0.9302
vn 0.2894 -0.0406 -0.9563
vn 0.2732 0.0771 -0.9589
vn 0.1091 -0.0115 -0.9940
vn 0.2842 -0.0582 -0.9570
vn -0.1747 -0.0465 -0.9835
vn 0.0006 -0.0450 -0.9990
vn 0.6477 0.1310 -0.7506
vn 0.0824 -0.9944 0.0669
vn 0.8622 -0.5064 0.0145
vn 0.5979 -0.1015 0.7951
vn -0.0708 -0.2248 0.9718
vn 0.2980 -0.9545 0.0066
vn 0.1903 -0.9761 -0.1048
vn 0.2234 -0.9453 0.2377
vn 0.3226 -0.7957 0.5126
vn 0.0394 -0.9987 -0.0320
vn -0.0966 -0.9920 -0.0808
vn -0.0822 -0.9961 0.0328
vn 0.0063 -0.9992 0.0396
vn -0.0445 -0.9988 -0.0192
vn 0.5345 -0.8371 0.1164
vn 0.4882 -0.8718 0.0393
vn -0.0479 -0.9982 0.0354
vn 0.0375 -0.9951 0.0912
vn 0.0033 -0.9849 0.1731
vn 0.0728 -0.9915 0.1081
vn 0.1408 -0.9900 -0.0107
vn -0.3436 -0.9355 0.0828
vn 0.0048 -0.9998 -0.0183
vn 0.1940 -0.9547 0.2257
vn -0.3865 -0.8975 0.2123
vn 0.0819 -0.9950 -0.0566
vn 0.8818 -0.4469 -0.1507
vn 0.9418 -0.3081 -0.1343
vn 0.1017 -0.9933 -0.0546
vn 0.1287 -0.9854 -0.1114
vn -0.0605 -0.9961 -0.0644
vn -0.0523 -0.9986 -0.0082
vn 0.1552 -0.9879 0.0007
vn 0.1811 -0.9810 -0.0697
vn 0.1448 -0.9819 -0.1219
vn 0.1277 -0.9918 -0.0052
vn 0.1403 -0.9901 -0.0055
vn 0.2804 -0.9592 0.0361
vn 0.1617 -0.9868 0.0051
vn 0.1815 -0.9777 -0.1058
vn 0.1722 -0.9825 -0.0714
vn 0.2410 -0.9702 0.0238
vn 0.1394 -0.9901 0.0169
vn 0.1314 -0.9890 0.0679
vn 0.2858 -0.9566 0.0567
vn 0.0391 -0.9899 0.1361
vn 0.1714 -0.9771 0.1264
vn 0.2191 -0.1191 0.9684
vn -0.0032 -0.0523 0.9986
vn -0.2844 -0.9569 -0.0579
vn -0.1142 -0.9900 -0.0824
vn -0.1248 -0.9916 -0.0342
vn -0.3057 -0.9519 -0.0211
vn -0.0861 -0.9756 0.2019
vn -0.2192 -0.9613 0.1668
vn -0.2472 -0.9547 0.1655
vn -0.0809 -0.9862 0.1447
vn -0.2348 -0.9695 -0.0705
vn -0.1382 -0.9897 -0.0363
vn -0.1342 -0.9895 0.0542
vn -0.2002 -0.9781 0.0563
vn 0.0807 -0.9954 -0.0514
vn 0.0882 -0.9948 0.0512
vn 0.0372 -0.4832 0.8747
vn 0.1524 -0.8581 0.4903
vn -0.1733 -0.9564 0.2351
vn -0.0675 -0.9809 0.1825
vn -0.1047 -0.9933 0.0479
vn -0.2391 -0.9680 0.0757
vn 0.1440 -0.9792 0.1430
vn 0.1089 -0.9674 0.2287
vn 0.1497 -0.9872 0.0553
vn 0.2099 -0.9770 0.0374
vn 0.0729 -0.9645 0.2539
vn -0.0497 -0.9635 0.2631
vn -0.0770 -0.9933 0.0867
vn 0.0936 -0.9933 0.0671
vn 0.0335 -0.9889 0.1446
vn 0.8430 -0.5080 0.1769
vn 0.8358 -0.5482 -0.0287
vn 0.0374 -0.9984 0.0434
vn -0.3031 -0.9529 -0.0128
vn -0.1488 -0.9888 -0.0080
vn -0.1582 -0.9872 -0.0190
vn -0.2783 -0.9597 -0.0387
vn 0.1670 -0.9845 0.0537
vn 0.1416 -0.9848 0.1010
vn 0.1492 -0.9867 0.0653
vn 0.2134 -0.9762 0.0381
vn 0.0440 -0.9974 -0.0573
vn 0.8378 -0.5458 -0.0162
vn 0.6902 -0.7236 0.0120
vn -0.0259 -0.9988 -0.0405
vn 0.1422 -0.9851 0.0968
vn -0.0597 -0.9979 0.0254
vn -0.0817 -0.9964 -0.0231
vn 0.0992 -0.9944 0.0359
vn -0.1679 -0.9821 0.0854
vn -0.1423 -0.9838 0.1094
vn -0.1546 -0.9804 0.1219
vn -0.1112 -0.9891 0.0963
vn 0.3748 -0.9224 0.0928
vn 0.1606 -0.9807 0.1120
vn 0.2062 -0.9785 0.0107
vn 0.3798 -0.9247 0.0242
vn -0.0902 -0.9917 0.0916
vn 0.3692 -0.9288 0.0337
vn 0.1933 -0.9811 -0.0006
vn -0.1879 -0.9782 0.0885
vn -0.0181 -0.9977 0.0651
vn -0.0594 -0.9967 0.0556
vn -0.0435 -0.9970 0.0645
vn -0.0225 -0.9996 0.0176
vn -0.0473 -0.9948 0.0902
vn -0.1251 -0.9758 0.1793
vn 0.0096 -0.9922 0.1244
vn 0.0019 -0.9998 0.0191
vn 0.0596 -0.9797 -0.1913
vn 0.1701 -0.9611 -0.2176
vn 0.1939 -0.9810 0.0039
vn 0.0155 -0.9999 0.0028
vn 0.2860 -0.9527 -0.1026
vn 0.1537 -0.9877 0.0275
vn 0.1928 -0.9806 -0.0359
vn 0.3664 -0.9302 -0.0201
vn -0.1988 -0.9163 0.3477
vn 0.5416 -0.7572 0.3650
vn 0.8581 -0.4918 0.1475
vn 0.0173 -0.9744 0.2243
vn -0.7255 -0.6808 -0.1010
vn -0.6854 -0.7281 0.0076
vn 0.0176 -0.9998 0.0052
vn -0.0729 -0.9940 0.0810
vn -0.2608 -0.9652 0.0168
vn -0.2066 -0.9778 0.0346
vn -0.2990 -0.9529 0.0503
vn -0.2161 -0.9763 0.0145
vn -0.6167 -0.7815 0.0941
vn -0.5324 -0.0788 0.8428
vn -0.1506 -0.9876 0.0435
vn -0.0584 -0.9981 0.0170
vn -0.3303 -0.9382 0.1035
vn -0.5693 -0.8221 0.0024
vn -0.2396 -0.9706 -0.0217
vn -0.3008 -0.9537 -0.0030
vn -0.4085 -0.9108 -0.0597
vn 0.0167 -0.9984 -0.0533
vn 0.0030 -0.9999 -0.0138
vn 0.1033 -0.9930 -0.0572
vn -0.0012 -0.9993 0.0377
vn -0.0904 -0.9953 0.0332
vn 0.0463 -0.9989 0.0060
vn 0.0726 -0.9963 0.0459
vn 0.8566 -0.5158 0.0101
vn -0.0000 -0.5658 0.8245
vn -0.0000 0.0001 1.0000
vn -0.1025 0.0071 0.9947
vn -0.1524 -0.5269 0.8362
vn -0.0000 0.0096 -1.0000
vn -0.0000 0.5455 -0.8381
vn 0.1102 0.5557 -0.8240
vn 0.0564 0.0063 -0.9984
vn 0.1650 -0.5088 0.8449
vn 0.1293 0.0070 0.9916
vn -0.1951 0.9808 -0.0018
vn -0.1640 0.9593 -0.2297
vn -0.2960 0.9426 -0.1547
vn -0.3378 0.9412 -0.0002
vn -0.0000 -0.5482 -0.8364
vn 0.1172 -0.5513 -0.8260
vn 0.3378 0.9412 -0.0002
vn 0.2971 0.9419 -0.1564
vn 0.1640 0.9593 -0.2297
vn 0.1951 0.9808 -0.0018
vn -0.1608 -0.9870 -0.0063
vn -0.1860 -0.9779 0.0952
vn -0.2854 -0.9538 0.0937
vn -0.2847 -0.9586 -0.0009
vn 0.1454 0.5097 0.8480
vn -0.0000 0.5333 0.8459
vn -0.0634 0.0054 -0.9980
vn -0.1116 0.5518 -0.8265
vn -0.1327 0.5277 0.8390
vn 0.2847 -0.9586 -0.0009
vn 0.2868 -0.9532 0.0956
vn 0.1860 -0.9779 0.0952
vn 0.1608 -0.9870 -0.0063
vn -0.1164 -0.5503 -0.8268
vn -0.2102 -0.8461 -0.4898
vn -0.3840 -0.8843 -0.2655
vn -0.5584 -0.7572 -0.3390
vn -0.2780 -0.9536 -0.1157
vn -0.5538 -0.8324 0.0203
vn -0.9915 0.0006 0.1300
vn -0.5675 0.7459 -0.3487
vn -0.3880 0.8807 -0.2718
vn -0.2067 0.8412 -0.4996
vn -0.5669 0.8237 0.0118
vn 0.5766 -0.7202 -0.3859
vn 0.4253 -0.8646 -0.2675
vn 0.2148 -0.8444 -0.4908
vn 0.9961 -0.0000 0.0884
vn 0.5815 -0.8135 0.0037
vn 0.2792 -0.9530 -0.1174
vn 0.2097 0.8417 -0.4975
vn 0.4253 0.8646 -0.2675
vn 0.5766 0.7202 -0.3859
vn 0.5927 0.8054 -0.0026
vn -0.7422 -0.5153 0.4284
vn -0.4468 -0.8403 0.3070
vn -0.2395 -0.8337 0.4975
vn -0.9979 -0.0000 -0.0654
vn -0.5872 -0.8094 0.0049
vn -0.2258 0.8265 0.5156
vn -0.4468 0.8403 0.3070
vn -0.7422 0.5153 0.4284
vn -0.2988 0.9427 0.1484
vn -0.5982 0.8013 0.0112
vn 0.5833 -0.8123 -0.0054
vn 0.4224 -0.8444 0.3295
vn 0.2480 -0.8245 0.5086
vn 0.9953 -0.0000 -0.0966
vn 0.5707 -0.7202 0.3944
vn 0.5944 0.8042 0.0009
vn 0.4224 0.8444 0.3295
vn 0.5707 0.7202 0.3944
vn 0.3001 0.9420 0.1503
vn 0.2342 0.8171 0.5267
vn 0.1280 -0.8014 -0.5843
vn -0.0000 -0.8927 -0.4506
vn -0.1280 -0.8014 -0.5843
vn 0.1597 -0.9756 -0.1505
vn -0.0000 -0.9900 -0.1414
vn -0.1597 -0.9756 -0.1505
vn -0.1109 0.7860 -0.6082
vn -0.0000 0.8713 -0.4907
vn 0.1109 0.7860 -0.6082
vn -0.0000 0.9701 -0.2429
vn -0.1704 -0.8358 0.5220
vn -0.0000 -0.9388 0.3444
vn 0.1704 -0.8358 0.5220
vn -0.0000 -0.9982 0.0604
vn 0.1237 0.7975 0.5905
vn -0.0000 0.8874 0.4610
vn -0.1237 0.7975 0.5905
vn 0.1725 0.9618 0.2126
vn -0.0000 0.9759 0.2182
vn -0.1725 0.9618 0.2126
vn -0.6486 -0.0062 -0.7611
vn 0.6037 -0.0000 -0.7972
vn 0.5847 -0.8112 0.0007
vn 1.0000 -0.0000 0.0020
vn 0.6085 0.7935 0.0007
vn 0.7791 -0.0000 0.6269
vn -0.5478 -0.0000 0.8366
vn -0.5760 -0.8175 0.0015
vn -1.0000 -0.0000 0.0044
vn -0.6000 0.8000 0.0015
vn -0.0000 1.0000 -0.0032
vn -0.0000 -0.9999 -0.0108
vn -0.3251 0.8881 -0.3251
vn 0.3251 0.8881 -0.3251
vn -0.3251 0.8881 0.3251
vn 0.3251 0.8881 0.3251
vn -0.9436 -0.3309 0.0087
vn -0.7052 0.7089 0.0093
vn -0.9233 0.3344 0.1890
vn -0.8678 -0.4769 0.1398
vn 0.7060 0.7082 0.0041
vn 0.4535 0.8913 0.0009
vn 0.6375 0.7648 -0.0928
vn 0.9229 0.3466 -0.1675
vn -0.4447 0.8957 0.0020
vn -0.6328 0.7667 0.1084
vn 0.9479 -0.3185 0.0038
vn 0.8751 -0.4711 -0.1103
vn -0.2068 0.8412 -0.4996
vn 0.8935 -0.4389 0.0950
vn 0.6651 0.7428 0.0762
vn -0.9452 -0.3206 -0.0624
vn -0.7460 0.6645 -0.0431
vn 0.9345 0.3331 0.1255
vn -0.9470 0.3163 -0.0559
vt 0.023549 0.287762
vt 0.004625 0.286161
vt 0.037988 0.006163
vt 0.056305 0.008982
vt 0.056105 0.402636
vt 0.037596 0.408601
vt 0.005432 0.295813
vt 0.023833 0.291204
vt 0.140321 0.707207
vt 0.140346 0.423360
vt 0.255719 0.422855
vt 0.255694 0.706702
vt 0.781011 0.723024
vt 0.780362 0.703917
vt 0.895661 0.703917
vt 0.895057 0.722556
vt 0.069407 0.366046
vt 0.068753 0.346930
vt 0.352767 0.346929
vt 0.352131 0.365585
vt 0.484206 0.121904
vt 0.484128 0.123626
vt 0.482739 0.123379
vt 0.482479 0.121992
vt 0.056619 0.007308
vt 0.057935 0.007738
vt 0.058001 0.009122
vt 0.780956 0.724774
vt 0.779550 0.724545
vt 0.779264 0.723149
vt 0.259239 0.422209
vt 0.257437 0.422735
vt 0.257141 0.421424
vt 0.258178 0.420387
vt 0.255821 0.421143
vt 0.256343 0.419295
vt 0.483541 0.006240
vt 0.481773 0.006164
vt 0.482030 0.004739
vt 0.483454 0.004477
vt 0.896767 0.722667
vt 0.896496 0.724033
vt 0.895124 0.724266
vt 0.069349 0.367799
vt 0.067942 0.367568
vt 0.067657 0.366170
vt 0.138636 0.423252
vt 0.138919 0.421935
vt 0.140229 0.421640
vt 0.136801 0.422729
vt 0.137883 0.420902
vt 0.139700 0.419835
vt 0.767843 0.121864
vt 0.769611 0.121940
vt 0.769354 0.123364
vt 0.767931 0.123626
vt 0.023465 0.289501
vt 0.024876 0.289385
vt 0.025487 0.290662
vt 0.025270 0.288024
vt 0.257404 0.706810
vt 0.257122 0.708127
vt 0.255812 0.708422
vt 0.259239 0.707333
vt 0.258157 0.709160
vt 0.256341 0.710227
vt 0.767178 0.006199
vt 0.767256 0.004477
vt 0.768645 0.004725
vt 0.768905 0.006111
vt 0.353843 0.365700
vt 0.353569 0.367067
vt 0.352194 0.367298
vt 0.057832 0.402202
vt 0.058001 0.403641
vt 0.056715 0.404311
vt 0.140219 0.708919
vt 0.138899 0.708638
vt 0.138603 0.707327
vt 0.139697 0.710767
vt 0.137863 0.709675
vt 0.136801 0.707853
vt 0.038248 0.004477
vt 0.778565 0.703981
vt 0.066955 0.346993
vt 0.897377 0.703973
vt 0.038159 0.410341
vt 0.354485 0.346988
vt 0.004477 0.287941
vt 0.005008 0.294119
vt 0.956524 0.177120
vt 0.964692 0.178753
vt 0.960015 0.198728
vt 0.953325 0.195141
vt 0.964108 0.073084
vt 0.981934 0.073008
vt 0.991914 0.100043
vt 0.979312 0.101280
vt 0.854939 0.095899
vt 0.866512 0.089766
vt 0.869700 0.114401
vt 0.857284 0.118629
vt 0.858851 0.172163
vt 0.870109 0.175847
vt 0.868069 0.198650
vt 0.855637 0.198158
vt 0.905004 0.082693
vt 0.921468 0.088811
vt 0.924964 0.107103
vt 0.907725 0.109384
vt 0.905578 0.179850
vt 0.916003 0.184910
vt 0.911077 0.207096
vt 0.901967 0.202613
vt 0.810623 0.170768
vt 0.821525 0.170748
vt 0.819750 0.188535
vt 0.810778 0.188466
vt 0.814364 0.100524
vt 0.824012 0.097500
vt 0.824287 0.123376
vt 0.815676 0.121516
vt 0.806917 0.057334
vt 0.816894 0.054025
vt 0.821555 0.070104
vt 0.810007 0.073031
vt 0.890798 0.040072
vt 0.902627 0.037053
vt 0.908550 0.056494
vt 0.896599 0.056388
vt 0.845813 0.050612
vt 0.856086 0.047642
vt 0.860757 0.065433
vt 0.849637 0.070526
vt 0.944708 0.029873
vt 0.958130 0.029226
vt 0.972649 0.052941
vt 0.952352 0.049601
vt 0.812559 0.137869
vt 0.820205 0.141514
vt 0.819546 0.155217
vt 0.811415 0.154907
vt 0.910516 0.136216
vt 0.921581 0.141068
vt 0.918886 0.162347
vt 0.908094 0.158569
vt 0.861341 0.133291
vt 0.873710 0.133713
vt 0.871668 0.154112
vt 0.859491 0.149278
vt 0.973006 0.126287
vt 0.987051 0.123486
vt 0.977880 0.148289
vt 0.961285 0.155225
vt 0.795769 0.135590
vt 0.805078 0.133921
vt 0.803337 0.153241
vt 0.796042 0.154600
vt 0.788671 0.060740
vt 0.795582 0.057321
vt 0.793745 0.071953
vt 0.788200 0.075646
vt 0.797371 0.098691
vt 0.807818 0.102236
vt 0.807481 0.120244
vt 0.797178 0.118652
vt 0.795891 0.171260
vt 0.802014 0.170493
vt 0.800443 0.187276
vt 0.795569 0.186965
vt 0.834853 0.135786
vt 0.848568 0.132762
vt 0.848792 0.142287
vt 0.835307 0.150062
vt 0.825474 0.054724
vt 0.835611 0.053606
vt 0.838059 0.075341
vt 0.828429 0.073180
vt 0.834605 0.169275
vt 0.846954 0.165707
vt 0.845040 0.197931
vt 0.833041 0.192171
vt 0.833985 0.099892
vt 0.844850 0.102358
vt 0.847824 0.121989
vt 0.837534 0.122209
vt 0.884636 0.134122
vt 0.898725 0.135288
vt 0.899483 0.155903
vt 0.884284 0.156243
vt 0.867885 0.044229
vt 0.879754 0.041600
vt 0.884802 0.059263
vt 0.874865 0.062002
vt 0.881146 0.178034
vt 0.895560 0.174707
vt 0.892282 0.197678
vt 0.881078 0.197686
vt 0.879149 0.085873
vt 0.892285 0.081193
vt 0.894031 0.110619
vt 0.881959 0.112267
vt 0.938204 0.134288
vt 0.953093 0.133604
vt 0.946549 0.159196
vt 0.933129 0.160729
vt 0.919124 0.035680
vt 0.931854 0.031455
vt 0.936811 0.046711
vt 0.928544 0.059024
vt 0.931917 0.078250
vt 0.945146 0.070403
vt 0.963284 0.102020
vt 0.942633 0.103810
vt 0.931239 0.179243
vt 0.947350 0.175873
vt 0.947065 0.189297
vt 0.930696 0.197937
vt 0.787413 0.172533
vt 0.791405 0.185889
vt 0.782686 0.096629
vt 0.783458 0.116100
vt 0.783539 0.063659
vt 0.782233 0.077383
vt 0.782536 0.135977
vt 0.782856 0.156664
vt 0.785258 0.050920
vt 0.789684 0.045866
vt 0.794273 0.041984
vt 0.802753 0.039504
vt 0.812127 0.037141
vt 0.821993 0.034756
vt 0.831748 0.032209
vt 0.840987 0.030829
vt 0.850948 0.029058
vt 0.861633 0.024208
vt 0.871146 0.019384
vt 0.883983 0.021325
vt 0.893321 0.015952
vt 0.905605 0.008759
vt 0.926961 0.013015
vt 0.935011 0.010867
vt 0.942133 0.008865
vt 0.594923 0.895213
vt 0.616656 0.895710
vt 0.619079 0.907035
vt 0.592471 0.903654
vt 0.490989 0.904037
vt 0.517056 0.924407
vt 0.514923 0.943169
vt 0.489654 0.921622
vt 0.517837 0.790327
vt 0.538913 0.791605
vt 0.534155 0.804598
vt 0.510789 0.802811
vt 0.585198 0.793071
vt 0.609189 0.790735
vt 0.608831 0.802809
vt 0.589346 0.805021
vt 0.503540 0.841774
vt 0.528869 0.846685
vt 0.524489 0.863511
vt 0.508907 0.859356
vt 0.594836 0.839129
vt 0.617113 0.832779
vt 0.624103 0.842151
vt 0.601235 0.850177
vt 0.590537 0.747390
vt 0.608260 0.748645
vt 0.610464 0.758548
vt 0.590448 0.760071
vt 0.520513 0.750490
vt 0.539664 0.751373
vt 0.541724 0.762090
vt 0.517932 0.760931
vt 0.477751 0.746998
vt 0.493190 0.749433
vt 0.490810 0.759197
vt 0.475329 0.755416
vt 0.464115 0.824363
vt 0.478902 0.830592
vt 0.478103 0.844132
vt 0.459467 0.836636
vt 0.473713 0.783649
vt 0.492716 0.786648
vt 0.487441 0.798616
vt 0.471064 0.794171
vt 0.447334 0.880453
vt 0.467341 0.890265
vt 0.469264 0.911065
vt 0.446689 0.894164
vt 0.554400 0.748112
vt 0.573365 0.746736
vt 0.573604 0.757518
vt 0.558362 0.758217
vt 0.556117 0.844915
vt 0.575949 0.842146
vt 0.579609 0.853203
vt 0.558257 0.856518
vt 0.551751 0.795154
vt 0.565318 0.793202
vt 0.570612 0.806568
vt 0.552359 0.808499
vt 0.541580 0.914747
vt 0.572171 0.901591
vt 0.565017 0.919075
vt 0.539098 0.928769
vt 0.553310 0.735705
vt 0.573269 0.735728
vt 0.571083 0.740887
vt 0.550790 0.743084
vt 0.479853 0.727676
vt 0.495429 0.728746
vt 0.491758 0.734340
vt 0.476802 0.736272
vt 0.519156 0.737215
vt 0.537306 0.736758
vt 0.538634 0.745196
vt 0.523266 0.745633
vt 0.590746 0.735310
vt 0.607403 0.735180
vt 0.606380 0.739378
vt 0.589699 0.740324
vt 0.553656 0.774562
vt 0.566887 0.775155
vt 0.559156 0.785482
vt 0.551139 0.785310
vt 0.476040 0.764677
vt 0.494280 0.767451
vt 0.497023 0.777258
vt 0.475802 0.774969
vt 0.586099 0.774846
vt 0.605971 0.769983
vt 0.610146 0.780339
vt 0.579282 0.784240
vt 0.520882 0.773723
vt 0.541706 0.776975
vt 0.541910 0.784697
vt 0.524015 0.782650
vt 0.553423 0.821371
vt 0.573439 0.821755
vt 0.573882 0.834800
vt 0.555356 0.835465
vt 0.468293 0.806455
vt 0.483646 0.813305
vt 0.481304 0.821005
vt 0.466293 0.816357
vt 0.592281 0.817427
vt 0.610507 0.815196
vt 0.611423 0.825015
vt 0.589577 0.830945
vt 0.505666 0.816735
vt 0.531790 0.818549
vt 0.530344 0.831546
vt 0.500592 0.828671
vt 0.549885 0.875045
vt 0.578700 0.868593
vt 0.577225 0.884120
vt 0.548973 0.892135
vt 0.456508 0.853609
vt 0.479606 0.864114
vt 0.466094 0.871943
vt 0.450406 0.865864
vt 0.498796 0.868461
vt 0.521209 0.880415
vt 0.518676 0.905286
vt 0.490141 0.882716
vt 0.598770 0.867963
vt 0.617389 0.865516
vt 0.618618 0.886561
vt 0.597689 0.886663
vt 0.592389 0.726405
vt 0.608579 0.730202
vt 0.514939 0.723654
vt 0.534492 0.721941
vt 0.482975 0.723445
vt 0.496572 0.723711
vt 0.554455 0.722001
vt 0.575760 0.721941
vt 0.469290 0.723826
vt 0.464919 0.729825
vt 0.460829 0.735322
vt 0.460851 0.743717
vt 0.459365 0.751969
vt 0.457477 0.761924
vt 0.455853 0.771410
vt 0.455518 0.779790
vt 0.454940 0.789052
vt 0.450858 0.798786
vt 0.445623 0.807252
vt 0.446679 0.818289
vt 0.440976 0.826502
vt 0.433629 0.838333
vt 0.431239 0.858995
vt 0.428449 0.867335
vt 0.424660 0.874706
vt 0.779878 0.063366
vt 0.781760 0.049181
vt 0.935814 0.006788
vt 0.943899 0.005475
vt 0.968639 0.181148
vt 0.961892 0.201973
vt 0.795385 0.191220
vt 0.788836 0.189379
vt 0.778565 0.135437
vt 0.779723 0.116103
vt 0.985637 0.071534
vt 0.995523 0.099802
vt 0.840177 0.026893
vt 0.850117 0.024841
vt 0.881633 0.201830
vt 0.867806 0.203342
vt 0.882173 0.017702
vt 0.891552 0.012139
vt 0.931682 0.201458
vt 0.910827 0.210898
vt 0.834426 0.196640
vt 0.820117 0.191939
vt 0.802116 0.035686
vt 0.810781 0.033437
vt 0.778877 0.097116
vt 0.778565 0.077668
vt 0.961350 0.026451
vt 0.976273 0.050979
vt 0.990730 0.124556
vt 0.981564 0.149888
vt 0.783755 0.173581
vt 0.779012 0.157017
vt 0.809888 0.192094
vt 0.800189 0.191407
vt 0.787261 0.042686
vt 0.793416 0.038584
vt 0.821321 0.030777
vt 0.831386 0.028268
vt 0.854900 0.202267
vt 0.844634 0.201820
vt 0.900301 0.206275
vt 0.891645 0.201709
vt 0.860809 0.020125
vt 0.870373 0.015558
vt 0.904875 0.004477
vt 0.927030 0.009049
vt 0.952583 0.198708
vt 0.947085 0.191670
vt 0.948049 0.231491
vt 0.947862 0.224187
vt 0.961490 0.223218
vt 0.962694 0.228255
vt 0.854954 0.235412
vt 0.855303 0.226457
vt 0.880033 0.226376
vt 0.883882 0.236207
vt 0.858117 0.336767
vt 0.858028 0.324391
vt 0.884457 0.329398
vt 0.882464 0.342464
vt 0.950628 0.350972
vt 0.950632 0.340057
vt 0.969041 0.342845
vt 0.970252 0.354313
vt 0.857802 0.285980
vt 0.857863 0.272111
vt 0.887129 0.268266
vt 0.886516 0.282125
vt 0.961374 0.297328
vt 0.964984 0.284048
vt 0.987919 0.295779
vt 0.980582 0.304303
vt 0.941337 0.393805
vt 0.945416 0.383038
vt 0.962923 0.390269
vt 0.959030 0.399367
vt 0.854195 0.376814
vt 0.852509 0.366218
vt 0.880997 0.369866
vt 0.879645 0.379151
vt 0.810125 0.377187
vt 0.807965 0.365977
vt 0.826602 0.365150
vt 0.829659 0.377038
vt 0.809927 0.286328
vt 0.812387 0.274174
vt 0.833454 0.274594
vt 0.830668 0.285807
vt 0.810559 0.333993
vt 0.810572 0.322366
vt 0.832373 0.320848
vt 0.833198 0.333840
vt 0.807959 0.237207
vt 0.807793 0.225550
vt 0.830528 0.224350
vt 0.827219 0.236757
vt 0.900353 0.383521
vt 0.902326 0.373308
vt 0.927030 0.377133
vt 0.923566 0.387681
vt 0.913343 0.286107
vt 0.913007 0.269141
vt 0.941550 0.269527
vt 0.941539 0.288908
vt 0.906959 0.345032
vt 0.910227 0.333660
vt 0.934647 0.337886
vt 0.931943 0.348823
vt 0.906558 0.235590
vt 0.905357 0.227450
vt 0.929983 0.227306
vt 0.930113 0.235760
vt 0.895025 0.407889
vt 0.895602 0.393247
vt 0.918715 0.400784
vt 0.917442 0.413376
vt 0.810377 0.398406
vt 0.812546 0.387963
vt 0.832889 0.387771
vt 0.830171 0.401903
vt 0.852573 0.403779
vt 0.855682 0.387711
vt 0.877801 0.388187
vt 0.875077 0.403043
vt 0.936121 0.413148
vt 0.937218 0.404786
vt 0.953346 0.408646
vt 0.952281 0.414788
vt 0.903412 0.364727
vt 0.903657 0.356228
vt 0.928880 0.359949
vt 0.928053 0.369010
vt 0.809213 0.355802
vt 0.810632 0.345522
vt 0.833799 0.346426
vt 0.829992 0.355766
vt 0.947761 0.372504
vt 0.950300 0.361979
vt 0.972251 0.364502
vt 0.967676 0.378332
vt 0.855141 0.357849
vt 0.858094 0.348841
vt 0.880785 0.353892
vt 0.880883 0.361851
vt 0.908352 0.315472
vt 0.913245 0.303411
vt 0.940875 0.308740
vt 0.937571 0.323595
vt 0.809097 0.310252
vt 0.807731 0.297967
vt 0.829251 0.297941
vt 0.830682 0.307891
vt 0.954316 0.325417
vt 0.957933 0.311024
vt 0.973462 0.313054
vt 0.970722 0.326426
vt 0.856842 0.310067
vt 0.854549 0.296660
vt 0.886417 0.297462
vt 0.884498 0.312014
vt 0.910519 0.256401
vt 0.907538 0.243985
vt 0.930840 0.244587
vt 0.936437 0.256912
vt 0.810544 0.259511
vt 0.808403 0.248461
vt 0.824377 0.246379
vt 0.828175 0.256672
vt 0.855122 0.256916
vt 0.854338 0.244319
vt 0.887213 0.244886
vt 0.886835 0.256458
vt 0.955194 0.261164
vt 0.948938 0.239147
vt 0.962573 0.234237
vt 0.974477 0.263326
vt 0.791610 0.265338
vt 0.784637 0.249995
vt 0.785345 0.312024
vt 0.782751 0.300868
vt 0.787827 0.356218
vt 0.787194 0.345374
vt 0.791103 0.396312
vt 0.790193 0.389047
vt 0.788076 0.237542
vt 0.790850 0.229274
vt 0.787603 0.335279
vt 0.787737 0.324367
vt 0.789963 0.286931
vt 0.794792 0.275126
vt 0.789310 0.378216
vt 0.788546 0.367319
vt 0.793348 0.401811
vt 0.808195 0.410661
vt 0.916489 0.425229
vt 0.935558 0.422694
vt 0.870813 0.420702
vt 0.893129 0.423214
vt 0.827606 0.417890
vt 0.848895 0.420828
vt 0.950267 0.419432
vt 0.970006 0.470764
vt 0.976274 0.453147
vt 0.983892 0.454766
vt 0.978052 0.472216
vt 0.963502 0.559595
vt 0.959967 0.532885
vt 0.969572 0.536242
vt 0.972234 0.559398
vt 0.862505 0.562861
vt 0.855850 0.540351
vt 0.871054 0.537807
vt 0.876410 0.562906
vt 0.849462 0.473763
vt 0.848474 0.456232
vt 0.858305 0.459049
vt 0.860658 0.473924
vt 0.915411 0.562127
vt 0.920157 0.533709
vt 0.932334 0.532407
vt 0.927915 0.559867
vt 0.902278 0.464411
vt 0.893381 0.446637
vt 0.902678 0.438708
vt 0.916809 0.460041
vt 0.805786 0.478508
vt 0.801189 0.459324
vt 0.810018 0.453201
vt 0.817021 0.474488
vt 0.821570 0.566490
vt 0.819756 0.542704
vt 0.829889 0.541156
vt 0.833858 0.567774
vt 0.822558 0.610666
vt 0.821483 0.591030
vt 0.835404 0.593980
vt 0.835274 0.612666
vt 0.915429 0.608177
vt 0.914536 0.587807
vt 0.924883 0.584911
vt 0.925837 0.606423
vt 0.867429 0.607836
vt 0.866907 0.586434
vt 0.880993 0.587121
vt 0.879477 0.607212
vt 0.968940 0.607952
vt 0.966224 0.587215
vt 0.977705 0.583033
vt 0.980710 0.606066
vt 0.816151 0.523919
vt 0.811460 0.498849
vt 0.823046 0.495528
vt 0.826922 0.522081
vt 0.916228 0.508286
vt 0.912467 0.481939
vt 0.931709 0.481273
vt 0.931964 0.508344
vt 0.853783 0.517477
vt 0.850778 0.492249
vt 0.862883 0.489405
vt 0.867115 0.513688
vt 0.960640 0.512313
vt 0.964206 0.489394
vt 0.972989 0.489711
vt 0.968120 0.512846
vt 0.795659 0.526916
vt 0.790254 0.503223
vt 0.800209 0.503097
vt 0.808144 0.527870
vt 0.803950 0.611783
vt 0.800547 0.591270
vt 0.812642 0.588035
vt 0.813132 0.608383
vt 0.798736 0.568550
vt 0.799787 0.546310
vt 0.812480 0.544253
vt 0.812699 0.565217
vt 0.789096 0.483375
vt 0.787672 0.464978
vt 0.792983 0.465163
vt 0.796287 0.482537
vt 0.835606 0.521102
vt 0.831842 0.494970
vt 0.840498 0.495073
vt 0.843510 0.520877
vt 0.846653 0.610723
vt 0.846720 0.590104
vt 0.855232 0.586036
vt 0.856383 0.608436
vt 0.827848 0.473742
vt 0.823585 0.453529
vt 0.838462 0.452951
vt 0.838850 0.473299
vt 0.843683 0.564849
vt 0.838670 0.541252
vt 0.845674 0.541743
vt 0.851821 0.562230
vt 0.885433 0.514851
vt 0.877877 0.486395
vt 0.892277 0.482913
vt 0.897455 0.509415
vt 0.892066 0.608103
vt 0.894518 0.588507
vt 0.902826 0.589522
vt 0.903325 0.609415
vt 0.875190 0.470223
vt 0.872110 0.455332
vt 0.884058 0.451429
vt 0.888875 0.466644
vt 0.891319 0.564072
vt 0.888598 0.537195
vt 0.903045 0.534974
vt 0.903356 0.566250
vt 0.943583 0.510317
vt 0.944514 0.484912
vt 0.956177 0.489523
vt 0.954327 0.512627
vt 0.939805 0.607785
vt 0.941632 0.587751
vt 0.955061 0.591189
vt 0.954821 0.609061
vt 0.940750 0.560565
vt 0.942971 0.531309
vt 0.952597 0.530601
vt 0.954564 0.560000
vt 0.940916 0.466718
vt 0.937790 0.448876
vt 0.970079 0.452203
vt 0.963225 0.470051
vt 0.937200 0.630150
vt 0.954506 0.630591
vt 0.888938 0.630915
vt 0.899703 0.634670
vt 0.846712 0.631939
vt 0.857522 0.631861
vt 0.807872 0.633067
vt 0.814117 0.631594
vt 0.968671 0.629985
vt 0.980112 0.629175
vt 0.867326 0.630065
vt 0.877527 0.628244
vt 0.914546 0.628863
vt 0.926920 0.628866
vt 0.823717 0.631601
vt 0.835121 0.632064
vt 0.800537 0.634670
vt 0.792868 0.614507
vt 0.778565 0.504179
vt 0.780084 0.484218
vt 0.781271 0.549980
vt 0.780247 0.527934
vt 0.784091 0.594445
vt 0.781290 0.572410
vt 0.780761 0.464846
vt 0.806836 0.414460
vt 0.789838 0.403924
vt 0.784155 0.235690
vt 0.788521 0.226514
vt 0.947566 0.219852
vt 0.963523 0.220361
vt 0.956370 0.415862
vt 0.953277 0.422543
vt 0.892490 0.427671
vt 0.870601 0.425079
vt 0.856231 0.222011
vt 0.880388 0.221860
vt 0.783275 0.334989
vt 0.783110 0.324267
vt 0.975132 0.326665
vt 0.974247 0.342846
vt 0.785716 0.286455
vt 0.791281 0.275728
vt 0.978462 0.262016
vt 0.992184 0.296308
vt 0.971984 0.379161
vt 0.966641 0.391811
vt 0.785068 0.379233
vt 0.784197 0.367697
vt 0.848622 0.425159
vt 0.826713 0.422061
vt 0.806940 0.221259
vt 0.830932 0.219852
vt 0.904917 0.223043
vt 0.929360 0.223080
vt 0.936239 0.426739
vt 0.916465 0.429754
vt 0.962545 0.401914
vt 0.957335 0.410535
vt 0.786749 0.395816
vt 0.785766 0.389011
vt 0.783449 0.355924
vt 0.782925 0.345030
vt 0.974679 0.353901
vt 0.976803 0.364551
vt 0.984554 0.306116
vt 0.977524 0.314151
vt 0.780896 0.312216
vt 0.778565 0.300697
vt 0.787956 0.266929
vt 0.779763 0.249863
vt 0.966743 0.227368
vt 0.966144 0.233880
vt 0.778565 0.884340
vt 0.778565 0.877846
vt 0.785059 0.877846
vt 0.785059 0.884340
vt 0.175281 0.969802
vt 0.168787 0.969802
vt 0.168787 0.963309
vt 0.175281 0.963309
vt 0.798046 0.877846
vt 0.798046 0.884340
vt 0.791553 0.884340
vt 0.791553 0.877846
vt 0.082595 0.963309
vt 0.082595 0.969802
vt 0.076101 0.969802
vt 0.076101 0.963309
vt 0.804540 0.877846
vt 0.804540 0.884340
vt 0.804540 0.924189
vt 0.804540 0.930683
vt 0.798046 0.930683
vt 0.798046 0.924189
vt 0.184235 0.963309
vt 0.190729 0.963309
vt 0.190729 0.969802
vt 0.184235 0.969802
vt 0.785059 0.930683
vt 0.785059 0.924189
vt 0.791553 0.924189
vt 0.791553 0.930683
vt 0.091549 0.969802
vt 0.091549 0.963309
vt 0.098042 0.963309
vt 0.098042 0.969802
vt 0.778565 0.930683
vt 0.778565 0.924189
vt 0.526005 0.641084
vt 0.623980 0.640150
vt 0.623991 0.641555
vt 0.526089 0.642188
vt 0.623991 0.649968
vt 0.481773 0.649968
vt 0.778565 0.653953
vt 0.907679 0.653953
vt 0.907679 0.655328
vt 0.778565 0.655328
vt 0.481932 0.637552
vt 0.623770 0.631978
vt 0.915318 0.653953
vt 0.915318 0.655328
vt 0.526005 0.667807
vt 0.526089 0.666702
vt 0.623991 0.667336
vt 0.623980 0.668741
vt 0.481773 0.658922
vt 0.623991 0.658922
vt 0.778565 0.675986
vt 0.778565 0.674611
vt 0.907679 0.674611
vt 0.907679 0.675986
vt 0.481932 0.671339
vt 0.623770 0.676913
vt 0.915318 0.674611
vt 0.915318 0.675986
vt 0.526005 0.613918
vt 0.526089 0.612814
vt 0.623991 0.613447
vt 0.623980 0.614852
vt 0.481773 0.605034
vt 0.623991 0.605034
vt 0.778565 0.665657
vt 0.778565 0.664282
vt 0.907679 0.664282
vt 0.907679 0.665657
vt 0.481932 0.617450
vt 0.623770 0.623024
vt 0.915318 0.664282
vt 0.915318 0.665657
vt 0.526005 0.694972
vt 0.623980 0.694038
vt 0.623991 0.695444
vt 0.526089 0.696077
vt 0.623991 0.703857
vt 0.481773 0.703857
vt 0.778565 0.643624
vt 0.907680 0.643624
vt 0.907680 0.644999
vt 0.778565 0.644999
vt 0.481932 0.691440
vt 0.623770 0.685867
vt 0.915319 0.643624
vt 0.915319 0.644999
vt 0.076569 0.139088
vt 0.066955 0.131397
vt 0.077970 0.120544
vt 0.082071 0.128542
vt 0.454736 0.125323
vt 0.450625 0.131278
vt 0.461926 0.133678
vt 0.455640 0.139088
vt 0.066955 0.043657
vt 0.066955 0.037168
vt 0.472819 0.037168
vt 0.472819 0.043657
vt 0.066955 0.028544
vt 0.472819 0.028544
vt 0.076569 0.166585
vt 0.066955 0.158894
vt 0.077970 0.148042
vt 0.082071 0.156039
vt 0.454736 0.152820
vt 0.450625 0.158776
vt 0.461926 0.161175
vt 0.455640 0.166585
vt 0.066955 0.019590
vt 0.066955 0.013101
vt 0.472819 0.013101
vt 0.472819 0.019590
vt 0.066955 0.004477
vt 0.472819 0.004477
vt 0.804540 0.899787
vt 0.798046 0.899787
vt 0.798046 0.893293
vt 0.804540 0.893293
vt 0.237072 0.963309
vt 0.237072 0.969802
vt 0.230579 0.969802
vt 0.230579 0.963309
vt 0.785059 0.893293
vt 0.791553 0.893293
vt 0.791553 0.899787
vt 0.785059 0.899787
vt 0.283415 0.969802
vt 0.276922 0.969802
vt 0.276922 0.963309
vt 0.283415 0.963309
vt 0.778565 0.893293
vt 0.778565 0.899787
vt 0.026418 0.989284
vt 0.019925 0.989284
vt 0.019925 0.982790
vt 0.026419 0.982790
vt 0.106996 0.963309
vt 0.113490 0.963309
vt 0.113490 0.969802
vt 0.106996 0.969802
vt 0.019925 0.969802
vt 0.026419 0.969802
vt 0.026419 0.976296
vt 0.019925 0.976296
vt 0.122444 0.969802
vt 0.122444 0.963309
vt 0.128938 0.963309
vt 0.128938 0.969802
vt 0.019925 0.963309
vt 0.026419 0.963309
vt 0.804540 0.946131
vt 0.798046 0.946131
vt 0.798046 0.939637
vt 0.804540 0.939637
vt 0.314311 0.963309
vt 0.314311 0.969802
vt 0.307817 0.969802
vt 0.307817 0.963309
vt 0.785059 0.939637
vt 0.791553 0.939637
vt 0.791553 0.946131
vt 0.785059 0.946131
vt 0.298863 0.969802
vt 0.292369 0.969802
vt 0.292369 0.963309
vt 0.298863 0.963309
vt 0.778565 0.939637
vt 0.778565 0.946131
vt 0.778565 0.868892
vt 0.778565 0.862398
vt 0.785059 0.862398
vt 0.785059 0.868892
vt 0.137892 0.963309
vt 0.144386 0.963309
vt 0.144386 0.969802
vt 0.137892 0.969802
vt 0.798046 0.862398
vt 0.798046 0.868892
vt 0.791553 0.868892
vt 0.791553 0.862398
vt 0.153340 0.969802
vt 0.153340 0.963309
vt 0.159833 0.963309
vt 0.159833 0.969802
vt 0.804540 0.862398
vt 0.804540 0.868892
vt 0.004477 0.989284
vt 0.004477 0.982790
vt 0.010971 0.982790
vt 0.010971 0.989284
vt 0.252520 0.963309
vt 0.252520 0.969802
vt 0.246026 0.969802
vt 0.246026 0.963309
vt 0.010971 0.969802
vt 0.010971 0.976296
vt 0.004477 0.976296
vt 0.004477 0.969802
vt 0.199683 0.969802
vt 0.199683 0.963309
vt 0.206177 0.963309
vt 0.206177 0.969802
vt 0.010971 0.963309
vt 0.004477 0.963309
vt 0.804540 0.915235
vt 0.798046 0.915235
vt 0.798046 0.908741
vt 0.804540 0.908741
vt 0.261474 0.963309
vt 0.267968 0.963309
vt 0.267968 0.969802
vt 0.261474 0.969802
vt 0.785059 0.908741
vt 0.791553 0.908741
vt 0.791553 0.915235
vt 0.785059 0.915235
vt 0.215131 0.963309
vt 0.221625 0.963309
vt 0.221625 0.969802
vt 0.215131 0.969802
vt 0.778565 0.908741
vt 0.778565 0.915235
vt 0.066955 0.066301
vt 0.066955 0.059854
vt 0.465261 0.059854
vt 0.465261 0.066301
vt 0.416128 0.963309
vt 0.416128 0.969802
vt 0.415826 0.969802
vt 0.415826 0.963309
vt 0.465262 0.053009
vt 0.465262 0.059456
vt 0.066955 0.059456
vt 0.066955 0.053009
vt 0.425384 0.963309
vt 0.425384 0.969802
vt 0.425082 0.969802
vt 0.425082 0.963309
vt 0.465262 0.052611
vt 0.066955 0.052611
vt 0.465262 0.075255
vt 0.465262 0.081702
vt 0.066955 0.081702
vt 0.066955 0.075255
vt 0.379104 0.963309
vt 0.379104 0.969802
vt 0.378802 0.969802
vt 0.378802 0.963309
vt 0.066955 0.088548
vt 0.066955 0.082101
vt 0.465261 0.082101
vt 0.465261 0.088548
vt 0.388360 0.963309
vt 0.388360 0.969802
vt 0.388058 0.969802
vt 0.388058 0.963309
vt 0.066955 0.088946
vt 0.465261 0.088946
vt 0.481773 0.132580
vt 0.766150 0.132580
vt 0.766150 0.139074
vt 0.481773 0.139074
vt 0.323265 0.963309
vt 0.323567 0.963309
vt 0.323567 0.969802
vt 0.323265 0.969802
vt 0.766150 0.145870
vt 0.481773 0.145870
vt 0.481773 0.139376
vt 0.766150 0.139376
vt 0.332521 0.963309
vt 0.332823 0.963309
vt 0.332823 0.969802
vt 0.332521 0.969802
vt 0.766150 0.146172
vt 0.481773 0.146172
vt 0.066955 0.376753
vt 0.351331 0.376753
vt 0.351331 0.383247
vt 0.066955 0.383247
vt 0.341777 0.963309
vt 0.342079 0.963309
vt 0.342079 0.969802
vt 0.341777 0.969802
vt 0.351331 0.390043
vt 0.066955 0.390043
vt 0.066955 0.383549
vt 0.351331 0.383549
vt 0.351033 0.963309
vt 0.351335 0.963309
vt 0.351335 0.969802
vt 0.351033 0.969802
vt 0.351331 0.390345
vt 0.066955 0.390345
vt 0.481773 0.582488
vt 0.652234 0.582488
vt 0.652234 0.588982
vt 0.481773 0.588982
vt 0.360289 0.963309
vt 0.360592 0.963309
vt 0.360592 0.969802
vt 0.360289 0.969802
vt 0.652234 0.595778
vt 0.481773 0.595778
vt 0.481773 0.589284
vt 0.652234 0.589284
vt 0.397314 0.963309
vt 0.397616 0.963309
vt 0.397616 0.969802
vt 0.397314 0.969802
vt 0.652234 0.596080
vt 0.481773 0.596080
vt 0.465262 0.097900
vt 0.465262 0.104347
vt 0.066955 0.104347
vt 0.066955 0.097900
vt 0.406872 0.963309
vt 0.406872 0.969802
vt 0.406570 0.969802
vt 0.406570 0.963309
vt 0.066955 0.111192
vt 0.066955 0.104745
vt 0.465261 0.104745
vt 0.465261 0.111192
vt 0.369848 0.963309
vt 0.369848 0.969802
vt 0.369545 0.969802
vt 0.369545 0.963309
vt 0.066955 0.111590
vt 0.465261 0.111590
vt 0.780032 0.850712
vt 0.873442 0.850857
vt 0.872965 0.851866
vt 0.780682 0.851559
vt 0.873880 0.853444
vt 0.779605 0.853444
vt 0.734089 0.707317
vt 0.632945 0.707317
vt 0.632945 0.706457
vt 0.734089 0.706457
vt 0.632945 0.704844
vt 0.734089 0.704844
vt 0.778565 0.852662
vt 0.875015 0.852638
vt 0.780032 0.827339
vt 0.873442 0.827484
vt 0.872965 0.828493
vt 0.780682 0.828187
vt 0.873880 0.830071
vt 0.779605 0.830071
vt 0.778565 0.804226
vt 0.879709 0.804226
vt 0.879709 0.805086
vt 0.778565 0.805086
vt 0.879709 0.806699
vt 0.778565 0.806699
vt 0.778565 0.829289
vt 0.875015 0.829265
vt 0.873548 0.818385
vt 0.780138 0.818240
vt 0.780615 0.817230
vt 0.872898 0.817537
vt 0.779700 0.815653
vt 0.873975 0.815653
vt 0.879709 0.783846
vt 0.778565 0.783846
vt 0.778565 0.782986
vt 0.879709 0.782986
vt 0.778565 0.781374
vt 0.879709 0.781374
vt 0.875015 0.816435
vt 0.778565 0.816459
vt 0.780032 0.839025
vt 0.873442 0.839170
vt 0.872965 0.840180
vt 0.780682 0.839873
vt 0.873880 0.841758
vt 0.779605 0.841758
vt 0.879709 0.795272
vt 0.778565 0.795272
vt 0.778565 0.794413
vt 0.879709 0.794413
vt 0.778565 0.792800
vt 0.879709 0.792800
vt 0.778565 0.840976
vt 0.875015 0.840951
vt 0.778565 0.757551
vt 0.891456 0.757551
vt 0.891454 0.758676
vt 0.779638 0.758435
vt 0.891104 0.771574
vt 0.779539 0.766931
vt 0.891068 0.772420
vt 0.778723 0.767730
vt 0.778565 0.684940
vt 0.897273 0.684940
vt 0.897273 0.694963
vt 0.778565 0.694963
vt 0.898167 0.684940
vt 0.898167 0.694963
vt 0.778565 0.733728
vt 0.891456 0.733728
vt 0.891454 0.734853
vt 0.779638 0.734612
vt 0.891104 0.747751
vt 0.779538 0.743108
vt 0.891068 0.748597
vt 0.778723 0.743906
vt 0.632945 0.685867
vt 0.751653 0.685867
vt 0.751653 0.695890
vt 0.632945 0.695890
vt 0.752547 0.685867
vt 0.752547 0.695890
vt 0.063249 0.963309
vt 0.067147 0.986431
vt 0.066568 0.986527
vt 0.062886 0.963836
vt 0.053989 0.986527
vt 0.055821 0.964649
vt 0.053567 0.986491
vt 0.055445 0.964317
vt 0.044613 0.963309
vt 0.044613 0.986920
vt 0.035372 0.986920
vt 0.035372 0.963309
vt 0.044613 0.987370
vt 0.035372 0.987370
vt 0.318350 0.762138
vt 0.320132 0.721941
vt 0.381969 0.739516
vt 0.376420 0.751436
vt 0.481773 0.477187
vt 0.515610 0.475320
vt 0.513238 0.533394
vt 0.500943 0.537827
vt 0.261361 0.746377
vt 0.256927 0.733970
vt 0.595024 0.451776
vt 0.551596 0.457837
vt 0.544508 0.419438
vt 0.593036 0.409670
vt 0.311986 0.912792
vt 0.310359 0.948315
vt 0.249855 0.930271
vt 0.254350 0.918119
vt 0.599592 0.532280
vt 0.550396 0.527594
vt 0.553264 0.488781
vt 0.597091 0.490192
vt 0.331835 0.835014
vt 0.332396 0.790234
vt 0.370041 0.787445
vt 0.371176 0.836545
vt 0.696845 0.526632
vt 0.684190 0.523010
vt 0.673447 0.466765
vt 0.714395 0.464428
vt 0.494151 0.414863
vt 0.506839 0.417929
vt 0.677771 0.409735
vt 0.689887 0.404670
vt 0.259498 0.831940
vt 0.264506 0.782902
vt 0.301943 0.788951
vt 0.298812 0.833631
vt 0.369010 0.923356
vt 0.369322 0.903390
vt 0.386343 0.903479
vt 0.400292 0.921695
vt 0.366493 0.886001
vt 0.389447 0.888930
vt 0.411994 0.892040
vt 0.507330 0.386304
vt 0.526327 0.400025
vt 0.526939 0.417046
vt 0.536825 0.373710
vt 0.540818 0.396423
vt 0.225454 0.914643
vt 0.239397 0.896362
vt 0.256081 0.898325
vt 0.214911 0.884186
vt 0.237376 0.882514
vt 0.260292 0.881408
vt 0.533268 0.531811
vt 0.535128 0.548661
vt 0.516544 0.562635
vt 0.549124 0.550781
vt 0.547320 0.573534
vt 0.402802 0.758292
vt 0.390412 0.772911
vt 0.374141 0.770859
vt 0.414741 0.783701
vt 0.392424 0.786188
vt 0.658228 0.411402
vt 0.656627 0.395088
vt 0.671699 0.383048
vt 0.641546 0.415282
vt 0.643308 0.392751
vt 0.646347 0.370239
vt 0.242281 0.779925
vt 0.245464 0.766445
vt 0.261909 0.766078
vt 0.220040 0.775839
vt 0.232533 0.752026
vt 0.656732 0.566152
vt 0.651528 0.543883
vt 0.664906 0.540040
vt 0.680117 0.552254
vt 0.647456 0.521655
vt 0.664432 0.523575
vt 0.302437 0.895444
vt 0.312906 0.892035
vt 0.323047 0.896342
vt 0.298351 0.878746
vt 0.313481 0.878632
vt 0.328562 0.880028
vt 0.533908 0.463521
vt 0.538107 0.474087
vt 0.535077 0.485043
vt 0.552924 0.473285
vt 0.327385 0.775591
vt 0.317609 0.779329
vt 0.308182 0.774776
vt 0.317138 0.790489
vt 0.656686 0.478113
vt 0.652299 0.467944
vt 0.655544 0.457358
vt 0.640160 0.483946
vt 0.638560 0.468697
vt 0.638491 0.453375
vt 0.501042 0.381628
vt 0.220527 0.920345
vt 0.236983 0.830922
vt 0.214911 0.829895
vt 0.600836 0.551452
vt 0.602306 0.573534
vt 0.227720 0.747093
vt 0.407062 0.752687
vt 0.393651 0.837251
vt 0.415706 0.837860
vt 0.592319 0.390543
vt 0.591569 0.368464
vt 0.596094 0.470979
vt 0.315321 0.834381
vt 0.404871 0.927543
vt 0.372324 0.935910
vt 0.510735 0.567580
vt 0.685365 0.556834
vt 0.677489 0.378922
vt 0.090329 0.196361
vt 0.086006 0.175539
vt 0.379241 0.180104
vt 0.374816 0.200142
vt 0.089505 0.314966
vt 0.068312 0.319731
vt 0.066955 0.194731
vt 0.087487 0.199122
vt 0.008023 0.709400
vt 0.008049 0.423391
vt 0.124301 0.422882
vt 0.124275 0.708892
vt 0.377595 0.202825
vt 0.398062 0.197969
vt 0.399068 0.318904
vt 0.379147 0.314681
vt 0.376386 0.317396
vt 0.380921 0.337976
vt 0.087708 0.337976
vt 0.092275 0.317799
vt 0.269928 0.421746
vt 0.268193 0.421668
vt 0.268442 0.420268
vt 0.269840 0.420007
vt 0.376702 0.200979
vt 0.375666 0.202063
vt 0.374393 0.201898
vt 0.375921 0.203292
vt 0.127847 0.422231
vt 0.126032 0.422762
vt 0.125733 0.421441
vt 0.126778 0.420395
vt 0.124403 0.421157
vt 0.124929 0.419295
vt 0.386474 0.421077
vt 0.386551 0.419295
vt 0.387986 0.419554
vt 0.388250 0.420989
vt 0.378275 0.316549
vt 0.377217 0.315478
vt 0.377443 0.314246
vt 0.375958 0.315667
vt 0.006326 0.423282
vt 0.006611 0.421956
vt 0.007930 0.421658
vt 0.004477 0.422755
vt 0.005567 0.420915
vt 0.007397 0.419839
vt 0.269969 0.707544
vt 0.269892 0.709326
vt 0.268457 0.709067
vt 0.268193 0.707633
vt 0.088398 0.197204
vt 0.089473 0.198306
vt 0.089240 0.199569
vt 0.090758 0.198114
vt 0.125998 0.709000
vt 0.125714 0.710327
vt 0.124394 0.710625
vt 0.127847 0.709528
vt 0.126757 0.711368
vt 0.124927 0.712444
vt 0.386515 0.706875
vt 0.388250 0.706954
vt 0.388001 0.708353
vt 0.386603 0.708615
vt 0.090374 0.316895
vt 0.091466 0.315814
vt 0.092740 0.316049
vt 0.091263 0.314513
vt 0.007921 0.711125
vt 0.006591 0.710842
vt 0.006293 0.709521
vt 0.007395 0.712987
vt 0.005546 0.711887
vt 0.004477 0.710052
vt 0.381120 0.180509
vt 0.397605 0.196016
vt 0.382883 0.337552
vt 0.398680 0.320777
vt 0.068759 0.321751
vt 0.085812 0.337557
vt 0.084020 0.175940
vt 0.067359 0.192800
vt 0.103502 0.912206
vt 0.102528 0.954355
vt 0.037647 0.936918
vt 0.043475 0.924298
vt 0.481773 0.258585
vt 0.517104 0.258165
vt 0.512485 0.318061
vt 0.499451 0.322379
vt 0.163167 0.927027
vt 0.168336 0.940019
vt 0.598898 0.237908
vt 0.554836 0.241976
vt 0.549932 0.202536
vt 0.598714 0.195552
vt 0.004599 0.837688
vt 0.004548 0.837688
vt 0.004477 0.785994
vt 0.004520 0.785995
vt 0.106433 0.758944
vt 0.107304 0.721941
vt 0.170476 0.739668
vt 0.165858 0.752455
vt 0.600658 0.359510
vt 0.600657 0.359459
vt 0.651835 0.357743
vt 0.651839 0.357782
vt 0.599866 0.319089
vt 0.551126 0.312859
vt 0.555157 0.273510
vt 0.599277 0.276754
vt 0.599020 0.155126
vt 0.599019 0.155178
vt 0.547066 0.155428
vt 0.547065 0.155385
vt 0.088222 0.838472
vt 0.088541 0.883591
vt 0.050163 0.886729
vt 0.048548 0.837845
vt 0.699672 0.320381
vt 0.686416 0.315676
vt 0.678222 0.256494
vt 0.721536 0.255855
vt 0.497895 0.194428
vt 0.511021 0.198431
vt 0.684795 0.197323
vt 0.697765 0.192194
vt 0.161206 0.839793
vt 0.158158 0.888913
vt 0.119643 0.884186
vt 0.121556 0.839080
vt 0.205201 0.840610
vt 0.205252 0.840611
vt 0.204588 0.891812
vt 0.204549 0.891811
vt 0.047188 0.749670
vt 0.047741 0.770557
vt 0.030098 0.771423
vt 0.014401 0.752706
vt 0.051419 0.788351
vt 0.027834 0.786804
vt 0.513677 0.165304
vt 0.532806 0.181279
vt 0.532054 0.198897
vt 0.548169 0.178880
vt 0.196152 0.756014
vt 0.181280 0.775354
vt 0.164077 0.773138
vt 0.205915 0.789307
vt 0.183101 0.789753
vt 0.159800 0.790539
vt 0.533446 0.316815
vt 0.535253 0.334220
vt 0.515325 0.348795
vt 0.549764 0.336388
vt 0.548821 0.359467
vt 0.015705 0.916987
vt 0.029069 0.901472
vt 0.045931 0.903871
vt 0.004516 0.888451
vt 0.027324 0.887523
vt 0.664159 0.198790
vt 0.662496 0.181823
vt 0.678745 0.169041
vt 0.646837 0.202505
vt 0.648515 0.179519
vt 0.650327 0.156499
vt 0.181167 0.890418
vt 0.178880 0.904946
vt 0.161678 0.906245
vt 0.193476 0.919778
vt 0.650071 0.334514
vt 0.664546 0.332019
vt 0.679772 0.346600
vt 0.648085 0.311483
vt 0.665480 0.314779
vt 0.116622 0.776587
vt 0.105969 0.780294
vt 0.095471 0.776149
vt 0.121096 0.793584
vt 0.105697 0.794006
vt 0.090306 0.792991
vt 0.536481 0.246889
vt 0.540275 0.257901
vt 0.536718 0.268989
vt 0.555443 0.257743
vt 0.093921 0.898509
vt 0.103874 0.894472
vt 0.113665 0.898905
vt 0.104097 0.883024
vt 0.660322 0.267435
vt 0.656304 0.256766
vt 0.660080 0.246013
vt 0.643051 0.272553
vt 0.642176 0.256920
vt 0.642721 0.241286
vt 0.507418 0.159613
vt 0.205957 0.789306
vt 0.201620 0.750062
vt 0.183610 0.840201
vt 0.600198 0.338043
vt 0.199195 0.924749
vt 0.004477 0.888453
vt 0.010846 0.922818
vt 0.026190 0.837691
vt 0.598808 0.176643
vt 0.599127 0.257330
vt 0.104890 0.838719
vt 0.009016 0.746760
vt 0.043254 0.736606
vt 0.548820 0.359510
vt 0.509161 0.354189
vt 0.685082 0.352332
vt 0.650330 0.156459
vt 0.684865 0.164390
s 0
usemtl Материал
f 31/1/1 37/2/1 8/3/1 2/4/1
f 45/5/2 51/6/2 38/7/2 30/8/2
f 50/9/3 22/10/3 9/11/3 36/12/3
f 3/13/4 10/14/4 24/15/4 16/16/4
f 17/17/5 23/18/5 52/19/5 44/20/5
f 1/21/6 4/22/6 5/23/6 7/24/6
f 2/4/7 6/25/7 5/26/7 4/27/7
f 3/13/8 7/28/8 5/29/8 6/30/8
f 8/31/9 11/32/9 12/33/9 14/34/9
f 9/11/10 13/35/10 12/33/10 11/32/10
f 10/36/11 14/34/11 12/33/11 13/35/11
f 15/37/12 18/38/12 19/39/12 21/40/12
f 16/16/13 20/41/13 19/42/13 18/43/13
f 17/17/14 21/44/14 19/45/14 20/46/14
f 22/10/15 25/47/15 26/48/15 28/49/15
f 23/50/16 27/51/16 26/48/16 25/47/16
f 24/52/17 28/49/17 26/48/17 27/51/17
f 29/53/18 32/54/18 33/55/18 35/56/18
f 30/8/19 34/57/19 33/58/19 32/59/19
f 31/1/20 35/60/20 33/58/20 34/57/20
f 36/12/21 39/61/21 40/62/21 42/63/21
f 37/64/22 41/65/22 40/62/22 39/61/22
f 38/66/23 42/63/23 40/62/23 41/65/23
f 43/67/24 46/68/24 47/69/24 49/70/24
f 44/20/25 48/71/25 47/72/25 46/73/25
f 45/5/26 49/74/26 47/75/26 48/76/26
f 50/9/27 53/77/27 54/78/27 56/79/27
f 51/80/28 55/81/28 54/78/28 53/77/28
f 52/82/29 56/79/29 54/78/29 55/81/29
f 15/37/30 1/21/30 7/24/30 18/38/30
f 18/43/31 7/28/31 3/13/31 16/16/31
f 2/4/32 8/3/32 14/83/32 6/25/32
f 6/30/33 14/84/33 10/14/33 3/13/33
f 9/11/34 22/10/34 28/49/34 13/35/34
f 13/35/35 28/49/35 24/52/35 10/36/35
f 23/18/36 17/17/36 20/46/36 27/85/36
f 27/86/37 20/41/37 16/16/37 24/15/37
f 43/67/38 15/37/38 21/40/38 46/68/38
f 46/73/39 21/44/39 17/17/39 44/20/39
f 22/10/40 50/9/40 56/79/40 25/47/40
f 25/47/41 56/79/41 52/82/41 23/50/41
f 51/6/42 45/5/42 48/76/42 55/87/42
f 55/88/43 48/71/43 44/20/43 52/19/43
f 29/53/44 43/67/44 49/70/44 32/54/44
f 32/59/45 49/74/45 45/5/45 30/8/45
f 50/9/46 36/12/46 42/63/46 53/77/46
f 53/77/47 42/63/47 38/66/47 51/80/47
f 37/2/48 31/1/48 34/57/48 41/89/48
f 41/90/49 34/57/49 30/8/49 38/7/49
f 1/21/50 29/53/50 35/56/50 4/22/50
f 4/27/51 35/60/51 31/1/51 2/4/51
f 36/12/52 9/11/52 11/32/52 39/61/52
f 39/61/53 11/32/53 8/31/53 37/64/53
f 15/37/54 43/67/54 29/53/54 1/21/54
s 1
f 202/91/55 193/92/56 60/93/57 103/94/58
f 168/95/59 159/96/60 62/97/61 104/98/62
f 172/99/63 160/100/64 65/101/65 124/102/66
f 206/103/67 194/104/68 64/105/69 123/106/70
f 170/107/71 161/108/72 68/109/73 114/110/74
f 204/111/75 195/112/76 67/113/77 113/114/78
f 208/115/79 196/116/80 69/117/81 133/118/82
f 174/119/83 162/120/84 70/121/85 134/122/86
f 157/123/87 146/124/88 76/125/89 135/126/90
f 153/127/91 145/128/92 75/129/93 115/130/94
f 155/131/95 144/132/96 74/133/97 125/134/98
f 151/135/99 143/136/100 73/137/101 105/138/102
f 191/139/103 180/140/104 81/141/105 136/142/106
f 187/143/107 179/144/108 80/145/109 116/146/110
f 189/147/111 178/148/112 79/149/113 126/150/114
f 185/151/115 177/152/116 77/153/117 106/154/118
f 192/155/119 181/156/120 86/157/121 140/158/122
f 158/159/123 147/160/124 85/161/125 139/162/126
f 175/163/127 164/164/128 83/165/129 138/166/130
f 209/167/131 198/168/132 82/169/133 137/170/134
f 190/171/135 182/172/136 91/173/137 130/174/138
f 156/175/139 148/176/140 90/177/141 129/178/142
f 207/179/143 199/180/144 88/181/145 127/182/146
f 173/183/147 165/184/148 89/185/149 128/186/150
f 188/187/151 183/188/152 96/189/153 120/190/154
f 154/191/155 149/192/156 95/193/157 119/194/158
f 205/195/159 200/196/160 92/197/161 117/198/162
f 171/199/163 166/200/164 93/201/165 118/202/166
f 186/203/167 184/204/168 101/205/169 110/206/170
f 152/207/171 150/208/172 100/209/173 109/210/174
f 169/211/175 167/212/176 99/213/177 108/214/178
f 203/215/179 201/216/180 98/217/181 107/218/182
f 184/204/168 185/151/115 106/154/118 101/205/169
f 150/208/172 151/135/99 105/138/102 100/209/173
f 167/212/176 168/95/59 104/98/62 99/213/177
f 201/216/180 202/91/55 103/94/58 98/217/181
f 195/112/76 203/215/179 107/218/182 67/113/77
f 161/108/72 169/211/175 108/214/178 68/109/73
f 145/128/92 152/207/171 109/210/174 75/129/93
f 179/144/108 186/203/167 110/206/170 80/145/109
f 183/188/152 187/143/107 116/146/110 96/189/153
f 149/192/156 153/127/91 115/130/94 95/193/157
f 200/196/160 204/111/75 113/114/78 92/197/161
f 166/200/164 170/107/71 114/110/74 93/201/165
f 160/100/64 171/199/163 118/202/166 65/101/65
f 194/104/68 205/195/159 117/198/162 64/105/69
f 144/132/96 154/191/155 119/194/158 74/133/97
f 178/148/112 188/187/151 120/190/154 79/149/113
f 182/172/136 189/147/111 126/150/114 91/173/137
f 148/176/140 155/131/95 125/134/98 90/177/141
f 199/180/144 206/103/67 123/106/70 88/181/145
f 165/184/148 172/99/63 124/102/66 89/185/149
f 162/120/84 173/183/147 128/186/150 70/121/85
f 196/116/80 207/179/143 127/182/146 69/117/81
f 146/124/88 156/175/139 129/178/142 76/125/89
f 180/140/104 190/171/135 130/174/138 81/141/105
f 181/156/120 191/139/103 136/142/106 86/157/121
f 147/160/124 157/123/87 135/126/90 85/161/125
f 164/164/128 174/119/83 134/122/86 83/165/129
f 198/168/132 208/115/79 133/118/82 82/169/133
f 197/219/183 209/167/131 137/170/134 59/220/184
f 163/221/185 175/163/127 138/166/130 61/222/186
f 142/223/187 158/159/123 139/162/126 72/224/188
f 176/225/189 192/155/119 140/158/122 78/226/190
f 57/227/191 141/228/192 158/159/123 142/223/187
f 84/229/193 132/230/194 157/123/87 147/160/124
f 71/231/195 131/232/196 156/175/139 146/124/88
f 87/233/197 122/234/198 155/131/95 148/176/140
f 63/235/199 121/236/200 154/191/155 144/132/96
f 94/237/201 112/238/202 153/127/91 149/192/156
f 66/239/203 111/240/204 152/207/171 145/128/92
f 97/241/205 102/242/206 151/135/99 150/208/172
f 111/240/204 97/241/205 150/208/172 152/207/171
f 121/236/200 94/237/201 149/192/156 154/191/155
f 131/232/196 87/233/197 148/176/140 156/175/139
f 141/228/192 84/229/193 147/160/124 158/159/123
f 102/242/206 58/243/207 143/136/100 151/135/99
f 122/234/198 63/235/199 144/132/96 155/131/95
f 112/238/202 66/239/203 145/128/92 153/127/91
f 132/230/194 71/231/195 146/124/88 157/123/87
f 72/224/188 139/162/126 175/163/127 163/221/185
f 85/161/125 135/126/90 174/119/83 164/164/128
f 76/125/89 129/178/142 173/183/147 162/120/84
f 90/177/141 125/134/98 172/99/63 165/184/148
f 74/133/97 119/194/158 171/199/163 160/100/64
f 95/193/157 115/130/94 170/107/71 166/200/164
f 75/129/93 109/210/174 169/211/175 161/108/72
f 100/209/173 105/138/102 168/95/59 167/212/176
f 109/210/174 100/209/173 167/212/176 169/211/175
f 119/194/158 95/193/157 166/200/164 171/199/163
f 129/178/142 90/177/141 165/184/148 173/183/147
f 139/162/126 85/161/125 164/164/128 175/163/127
f 135/126/90 76/125/89 162/120/84 174/119/83
f 115/130/94 75/129/93 161/108/72 170/107/71
f 125/134/98 74/133/97 160/100/64 172/99/63
f 105/138/102 73/137/101 159/96/60 168/95/59
f 61/222/186 138/166/130 192/155/119 176/225/189
f 83/165/129 134/122/86 191/139/103 181/156/120
f 70/121/85 128/186/150 190/171/135 180/140/104
f 89/185/149 124/102/66 189/147/111 182/172/136
f 65/101/65 118/202/166 188/187/151 178/148/112
f 93/201/165 114/110/74 187/143/107 183/188/152
f 68/109/73 108/214/178 186/203/167 179/144/108
f 99/213/177 104/98/62 185/151/115 184/204/168
f 108/214/178 99/213/177 184/204/168 186/203/167
f 118/202/166 93/201/165 183/188/152 188/187/151
f 128/186/150 89/185/149 182/172/136 190/171/135
f 138/166/130 83/165/129 181/156/120 192/155/119
f 104/98/62 62/97/61 177/152/116 185/151/115
f 124/102/66 65/101/65 178/148/112 189/147/111
f 114/110/74 68/109/73 179/144/108 187/143/107
f 134/122/86 70/121/85 180/140/104 191/139/103
f 78/226/190 140/158/122 209/167/131 197/219/183
f 86/157/121 136/142/106 208/115/79 198/168/132
f 81/141/105 130/174/138 207/179/143 196/116/80
f 91/173/137 126/150/114 206/103/67 199/180/144
f 79/149/113 120/190/154 205/195/159 194/104/68
f 96/189/153 116/146/110 204/111/75 200/196/160
f 80/145/109 110/206/170 203/215/179 195/112/76
f 101/205/169 106/154/118 202/91/55 201/216/180
f 110/206/170 101/205/169 201/216/180 203/215/179
f 120/190/154 96/189/153 200/196/160 205/195/159
f 130/174/138 91/173/137 199/180/144 207/179/143
f 140/158/122 86/157/121 198/168/132 209/167/131
f 136/142/106 81/141/105 196/116/80 208/115/79
f 116/146/110 80/145/109 195/112/76 204/111/75
f 126/150/114 79/149/113 194/104/68 206/103/67
f 106/154/118 77/153/117 193/92/56 202/91/55
f 355/244/208 256/245/209 213/246/210 346/247/211
f 321/248/212 257/249/213 215/250/214 312/251/215
f 325/252/216 277/253/217 218/254/218 313/255/219
f 359/256/220 276/257/221 217/258/222 347/259/223
f 323/260/224 267/261/225 221/262/226 314/263/227
f 357/264/228 266/265/229 220/266/230 348/267/231
f 361/268/232 286/269/233 222/270/234 349/271/235
f 327/272/236 287/273/237 223/274/238 315/275/239
f 310/276/240 288/277/241 229/278/242 299/279/243
f 306/280/244 268/281/245 228/282/246 298/283/247
f 308/284/248 278/285/249 227/286/250 297/287/251
f 304/288/252 258/289/253 226/290/254 296/291/255
f 344/292/256 289/293/257 234/294/258 333/295/259
f 340/296/260 269/297/261 233/298/262 332/299/263
f 342/300/264 279/301/265 232/302/266 331/303/267
f 338/304/268 259/305/269 230/306/270 330/307/271
f 345/308/272 293/309/273 239/310/274 334/311/275
f 311/312/276 292/313/277 238/314/278 300/315/279
f 328/316/280 291/317/281 236/318/282 317/319/283
f 362/320/284 290/321/285 235/322/286 351/323/287
f 343/324/288 283/325/289 244/326/290 335/327/291
f 309/328/292 282/329/293 243/330/294 301/331/295
f 360/332/296 280/333/297 241/334/298 352/335/299
f 326/336/300 281/337/301 242/338/302 318/339/303
f 341/340/304 273/341/305 249/342/306 336/343/307
f 307/344/308 272/345/309 248/346/310 302/347/311
f 358/348/312 270/349/313 245/350/314 353/351/315
f 324/352/316 271/353/317 246/354/318 319/355/319
f 339/356/320 263/357/321 254/358/322 337/359/323
f 305/360/324 262/361/325 253/362/326 303/363/327
f 322/364/328 261/365/329 252/366/330 320/367/331
f 356/368/332 260/369/333 251/370/334 354/371/335
f 337/359/323 254/358/322 259/305/269 338/304/268
f 303/363/327 253/362/326 258/289/253 304/288/252
f 320/367/331 252/366/330 257/249/213 321/248/212
f 354/371/335 251/370/334 256/245/209 355/244/208
f 348/267/231 220/266/230 260/369/333 356/368/332
f 314/263/227 221/262/226 261/365/329 322/364/328
f 298/283/247 228/282/246 262/361/325 305/360/324
f 332/299/263 233/298/262 263/357/321 339/356/320
f 336/343/307 249/342/306 269/297/261 340/296/260
f 302/347/311 248/346/310 268/281/245 306/280/244
f 353/351/315 245/350/314 266/265/229 357/264/228
f 319/355/319 246/354/318 267/261/225 323/260/224
f 313/255/219 218/254/218 271/353/317 324/352/316
f 347/259/223 217/258/222 270/349/313 358/348/312
f 297/287/251 227/286/250 272/345/309 307/344/308
f 331/303/267 232/302/266 273/341/305 341/340/304
f 335/327/291 244/326/290 279/301/265 342/300/264
f 301/331/295 243/330/294 278/285/249 308/284/248
f 352/335/299 241/334/298 276/257/221 359/256/220
f 318/339/303 242/338/302 277/253/217 325/252/216
f 315/275/239 223/274/238 281/337/301 326/336/300
f 349/271/235 222/270/234 280/333/297 360/332/296
f 299/279/243 229/278/242 282/329/293 309/328/292
f 333/295/259 234/294/258 283/325/289 343/324/288
f 334/311/275 239/310/274 289/293/257 344/292/256
f 300/315/279 238/314/278 288/277/241 310/276/240
f 317/319/283 236/318/282 287/273/237 327/272/236
f 351/323/287 235/322/286 286/269/233 361/268/232
f 350/372/336 212/373/337 290/321/285 362/320/284
f 316/374/338 214/375/339 291/317/281 328/316/280
f 295/376/340 225/377/341 292/313/277 311/312/276
f 329/378/342 231/379/343 293/309/273 345/308/272
f 210/380/344 295/376/340 311/312/276 294/381/345
f 237/382/346 300/315/279 310/276/240 285/383/347
f 224/384/348 299/279/243 309/328/292 284/385/349
f 240/386/350 301/331/295 308/284/248 275/387/351
f 216/388/352 297/287/251 307/344/308 274/389/353
f 247/390/354 302/347/311 306/280/244 265/391/355
f 219/392/356 298/283/247 305/360/324 264/393/357
f 250/394/358 303/363/327 304/288/252 255/395/359
f 264/393/357 305/360/324 303/363/327 250/394/358
f 274/389/353 307/344/308 302/347/311 247/390/354
f 284/385/349 309/328/292 301/331/295 240/386/350
f 294/381/345 311/312/276 300/315/279 237/382/346
f 255/395/359 304/288/252 296/291/255 211/396/360
f 275/387/351 308/284/248 297/287/251 216/388/352
f 265/391/355 306/280/244 298/283/247 219/392/356
f 285/383/347 310/276/240 299/279/243 224/384/348
f 225/377/341 316/374/338 328/316/280 292/313/277
f 238/314/278 317/319/283 327/272/236 288/277/241
f 229/278/242 315/275/239 326/336/300 282/329/293
f 243/330/294 318/339/303 325/252/216 278/285/249
f 227/286/250 313/255/219 324/352/316 272/345/309
f 248/346/310 319/355/319 323/260/224 268/281/245
f 228/282/246 314/263/227 322/364/328 262/361/325
f 253/362/326 320/367/331 321/248/212 258/289/253
f 262/361/325 322/364/328 320/367/331 253/362/326
f 272/345/309 324/352/316 319/355/319 248/346/310
f 282/329/293 326/336/300 318/339/303 243/330/294
f 292/313/277 328/316/280 317/319/283 238/314/278
f 288/277/241 327/272/236 315/275/239 229/278/242
f 268/281/245 323/260/224 314/263/227 228/282/246
f 278/285/249 325/252/216 313/255/219 227/286/250
f 258/289/253 321/248/212 312/251/215 226/290/254
f 214/375/339 329/378/342 345/308/272 291/317/281
f 236/318/282 334/311/275 344/292/256 287/273/237
f 223/274/238 333/295/259 343/324/288 281/337/301
f 242/338/302 335/327/291 342/300/264 277/253/217
f 218/254/218 331/303/267 341/340/304 271/353/317
f 246/354/318 336/343/307 340/296/260 267/261/225
f 221/262/226 332/299/263 339/356/320 261/365/329
f 252/366/330 337/359/323 338/304/268 257/249/213
f 261/365/329 339/356/320 337/359/323 252/366/330
f 271/353/317 341/340/304 336/343/307 246/354/318
f 281/337/301 343/324/288 335/327/291 242/338/302
f 291/317/281 345/308/272 334/311/275 236/318/282
f 257/249/213 338/304/268 330/307/271 215/250/214
f 277/253/217 342/300/264 331/303/267 218/254/218
f 267/261/225 340/296/260 332/299/263 221/262/226
f 287/273/237 344/292/256 333/295/259 223/274/238
f 231/379/343 350/372/336 362/320/284 293/309/273
f 239/310/274 351/323/287 361/268/232 289/293/257
f 234/294/258 349/271/235 360/332/296 283/325/289
f 244/326/290 352/335/299 359/256/220 279/301/265
f 232/302/266 347/259/223 358/348/312 273/341/305
f 249/342/306 353/351/315 357/264/228 269/297/261
f 233/298/262 348/267/231 356/368/332 263/357/321
f 254/358/322 354/371/335 355/244/208 259/305/269
f 263/357/321 356/368/332 354/371/335 254/358/322
f 273/341/305 358/348/312 353/351/315 249/342/306
f 283/325/289 360/332/296 352/335/299 244/326/290
f 293/309/273 362/320/284 351/323/287 239/310/274
f 289/293/257 361/268/232 349/271/235 234/294/258
f 269/297/261 357/264/228 348/267/231 233/298/262
f 279/301/265 359/256/220 347/259/223 232/302/266
f 259/305/269 355/244/208 346/247/211 230/306/270
f 57/227/191 142/223/187 295/397/340 210/398/344
f 58/243/207 102/242/206 255/399/359 211/400/360
f 60/93/57 193/92/56 346/401/211 213/402/210
f 59/220/184 137/170/134 290/403/285 212/404/337
f 61/222/186 176/225/189 329/405/342 214/406/339
f 62/97/61 159/96/60 312/407/215 215/408/214
f 63/235/199 122/234/198 275/409/351 216/410/352
f 64/105/69 117/198/162 270/411/313 217/412/222
f 66/239/203 112/238/202 265/413/355 219/414/356
f 67/113/77 107/218/182 260/415/333 220/416/230
f 69/117/81 127/182/146 280/417/297 222/418/234
f 71/231/195 132/230/194 285/419/347 224/420/348
f 72/224/188 163/221/185 316/421/338 225/422/341
f 73/137/101 143/136/100 296/423/255 226/424/254
f 77/153/117 177/152/116 330/425/271 230/426/270
f 78/226/190 197/219/183 350/427/336 231/428/343
f 82/169/133 133/118/82 286/429/233 235/430/286
f 84/229/193 141/228/192 294/431/345 237/432/346
f 87/233/197 131/232/196 284/433/349 240/434/350
f 88/181/145 123/106/70 276/435/221 241/436/298
f 92/197/161 113/114/78 266/437/229 245/438/314
f 94/237/201 121/236/200 274/439/353 247/440/354
f 97/241/205 111/240/204 264/441/357 250/442/358
f 98/217/181 103/94/58 256/443/209 251/444/334
f 102/242/206 97/241/205 250/442/358 255/399/359
f 103/94/58 60/93/57 213/402/210 256/443/209
f 107/218/182 98/217/181 251/444/334 260/415/333
f 111/240/204 66/239/203 219/414/356 264/441/357
f 112/238/202 94/237/201 247/440/354 265/413/355
f 113/114/78 67/113/77 220/416/230 266/437/229
f 117/198/162 92/197/161 245/438/314 270/411/313
f 121/236/200 63/235/199 216/410/352 274/439/353
f 122/234/198 87/233/197 240/434/350 275/409/351
f 123/106/70 64/105/69 217/412/222 276/435/221
f 127/182/146 88/181/145 241/436/298 280/417/297
f 131/232/196 71/231/195 224/420/348 284/433/349
f 132/230/194 84/229/193 237/432/346 285/419/347
f 133/118/82 69/117/81 222/418/234 286/429/233
f 137/170/134 82/169/133 235/430/286 290/403/285
f 141/228/192 57/227/191 210/398/344 294/431/345
f 142/223/187 72/224/188 225/422/341 295/397/340
f 143/136/100 58/243/207 211/400/360 296/423/255
f 159/96/60 73/137/101 226/424/254 312/407/215
f 163/221/185 61/222/186 214/406/339 316/421/338
f 176/225/189 78/226/190 231/428/343 329/405/342
f 177/152/116 62/97/61 215/408/214 330/425/271
f 193/92/56 77/153/117 230/426/270 346/401/211
f 197/219/183 59/220/184 212/404/337 350/427/336
f 514/445/361 426/446/362 366/447/363 508/448/364
f 512/449/365 408/450/366 368/451/367 509/452/368
f 476/453/369 409/454/370 371/455/371 473/456/372
f 478/457/373 427/458/374 370/459/375 472/460/376
f 494/461/377 410/462/378 374/463/379 491/464/380
f 496/465/381 428/466/382 373/467/383 490/468/384
f 460/469/385 429/470/386 375/471/387 454/472/388
f 458/473/389 411/474/390 376/475/391 455/476/392
f 461/477/393 439/478/394 382/479/395 456/480/396
f 497/481/397 438/482/398 381/483/399 492/484/400
f 479/485/401 437/486/402 380/487/403 474/488/404
f 515/489/405 436/490/406 379/491/407 510/492/408
f 459/493/409 421/494/410 387/495/411 457/496/412
f 495/497/413 420/498/414 386/499/415 493/500/416
f 477/501/417 419/502/418 385/503/419 475/504/420
f 513/505/421 418/506/422 383/507/423 511/508/424
f 450/509/425 422/510/426 392/511/427 447/512/428
f 452/513/429 440/514/430 391/515/431 446/516/432
f 449/517/433 413/518/434 389/519/435 445/520/436
f 451/521/437 431/522/438 388/523/439 444/524/440
f 468/525/441 423/526/442 397/527/443 465/528/444
f 470/529/445 441/530/446 396/531/447 464/532/448
f 469/533/449 432/534/450 394/535/451 462/536/452
f 467/537/453 414/538/454 395/539/455 463/540/456
f 486/541/457 424/542/458 402/543/459 483/544/460
f 488/545/461 442/546/462 401/547/463 482/548/464
f 487/549/465 433/550/466 398/551/467 480/552/468
f 485/553/469 415/554/470 399/555/471 481/556/472
f 504/557/473 425/558/474 407/559/475 501/560/476
f 506/561/477 443/562/478 406/563/479 500/564/480
f 503/565/481 416/566/482 405/567/483 499/568/484
f 505/569/485 434/570/486 404/571/487 498/572/488
f 500/564/480 406/563/479 416/566/482 503/565/481
f 482/548/464 401/547/463 415/554/470 485/553/469
f 464/532/448 396/531/447 414/538/454 467/537/453
f 446/516/432 391/515/431 413/518/434 449/517/433
f 456/480/396 382/479/395 411/474/390 458/473/389
f 492/484/400 381/483/399 410/462/378 494/461/377
f 474/488/404 380/487/403 409/454/370 476/453/369
f 510/492/408 379/491/407 408/450/366 512/449/365
f 499/568/484 405/567/483 425/558/474 504/557/473
f 481/556/472 399/555/471 424/542/458 486/541/457
f 463/540/456 395/539/455 423/526/442 468/525/441
f 445/520/436 389/519/435 422/510/426 450/509/425
f 509/452/368 368/451/367 418/506/422 513/505/421
f 473/456/372 371/455/371 419/502/418 477/501/417
f 491/464/380 374/463/379 420/498/414 495/497/413
f 455/476/392 376/475/391 421/494/410 459/493/409
f 501/560/476 407/559/475 434/570/486 505/569/485
f 483/544/460 402/543/459 433/550/466 487/549/465
f 465/528/444 397/527/443 432/534/450 469/533/449
f 447/512/428 392/511/427 431/522/438 451/521/437
f 457/496/412 387/495/411 429/470/386 460/469/385
f 493/500/416 386/499/415 428/466/382 496/465/381
f 475/504/420 385/503/419 427/458/374 478/457/373
f 511/508/424 383/507/423 426/446/362 514/445/361
f 502/573/489 403/574/490 443/562/478 506/561/477
f 484/575/491 400/576/492 442/546/462 488/545/461
f 466/577/493 393/578/494 441/530/446 470/529/445
f 448/579/495 390/580/496 440/514/430 452/513/429
f 507/581/497 364/582/498 436/490/406 515/489/405
f 471/583/499 369/584/500 437/486/402 479/485/401
f 489/585/501 372/586/502 438/482/398 497/481/397
f 453/587/503 377/588/504 439/478/394 461/477/393
f 363/589/505 448/579/495 452/513/429 435/590/506
f 384/591/507 447/512/428 451/521/437 430/592/508
f 367/593/509 445/520/436 450/509/425 417/594/510
f 378/595/511 446/516/432 449/517/433 412/596/512
f 430/592/508 451/521/437 444/524/440 365/597/513
f 412/596/512 449/517/433 445/520/436 367/593/509
f 435/590/506 452/513/429 446/516/432 378/595/511
f 417/594/510 450/509/425 447/512/428 384/591/507
f 390/580/496 453/587/503 461/477/393 440/514/430
f 392/511/427 457/496/412 460/469/385 431/522/438
f 389/519/435 455/476/392 459/493/409 422/510/426
f 391/515/431 456/480/396 458/473/389 413/518/434
f 422/510/426 459/493/409 457/496/412 392/511/427
f 440/514/430 461/477/393 456/480/396 391/515/431
f 413/518/434 458/473/389 455/476/392 389/519/435
f 431/522/438 460/469/385 454/472/388 388/523/439
f 377/588/504 466/577/493 470/529/445 439/478/394
f 387/495/411 465/528/444 469/533/449 429/470/386
f 376/475/391 463/540/456 468/525/441 421/494/410
f 382/479/395 464/532/448 467/537/453 411/474/390
f 411/474/390 467/537/453 463/540/456 376/475/391
f 429/470/386 469/533/449 462/536/452 375/471/387
f 439/478/394 470/529/445 464/532/448 382/479/395
f 421/494/410 468/525/441 465/528/444 387/495/411
f 393/578/494 471/583/499 479/485/401 441/530/446
f 397/527/443 475/504/420 478/457/373 432/534/450
f 395/539/455 473/456/372 477/501/417 423/526/442
f 396/531/447 474/488/404 476/453/369 414/538/454
f 423/526/442 477/501/417 475/504/420 397/527/443
f 441/530/446 479/485/401 474/488/404 396/531/447
f 432/534/450 478/457/373 472/460/376 394/535/451
f 414/538/454 476/453/369 473/456/372 395/539/455
f 369/584/500 484/575/491 488/545/461 437/486/402
f 385/503/419 483/544/460 487/549/465 427/458/374
f 371/455/371 481/556/472 486/541/457 419/502/418
f 380/487/403 482/548/464 485/553/469 409/454/370
f 409/454/370 485/553/469 481/556/472 371/455/371
f 427/458/374 487/549/465 480/552/468 370/459/375
f 437/486/402 488/545/461 482/548/464 380/487/403
f 419/502/418 486/541/457 483/544/460 385/503/419
f 400/576/492 489/585/501 497/481/397 442/546/462
f 402/543/459 493/500/416 496/465/381 433/550/466
f 399/555/471 491/464/380 495/497/413 424/542/458
f 401/547/463 492/484/400 494/461/377 415/554/470
f 424/542/458 495/497/413 493/500/416 402/543/459
f 442/546/462 497/481/397 492/484/400 401/547/463
f 433/550/466 496/465/381 490/468/384 398/551/467
f 415/554/470 494/461/377 491/464/380 399/555/471
f 372/586/502 502/573/489 506/561/477 438/482/398
f 386/499/415 501/560/476 505/569/485 428/466/382
f 374/463/379 499/568/484 504/557/473 420/498/414
f 381/483/399 500/564/480 503/565/481 410/462/378
f 428/466/382 505/569/485 498/572/488 373/467/383
f 410/462/378 503/565/481 499/568/484 374/463/379
f 438/482/398 506/561/477 500/564/480 381/483/399
f 420/498/414 504/557/473 501/560/476 386/499/415
f 403/574/490 507/581/497 515/489/405 443/562/478
f 407/559/475 511/508/424 514/445/361 434/570/486
f 405/567/483 509/452/368 513/505/421 425/558/474
f 406/563/479 510/492/408 512/449/365 416/566/482
f 425/558/474 513/505/421 511/508/424 407/559/475
f 443/562/478 515/489/405 510/492/408 406/563/479
f 416/566/482 512/449/365 509/452/368 405/567/483
f 434/570/486 514/445/361 508/448/364 404/571/487
f 667/598/514 661/599/515 519/600/516 579/601/517
f 665/602/518 662/603/519 521/604/520 561/605/521
f 629/606/522 626/607/523 524/608/524 562/609/525
f 631/610/526 625/611/527 523/612/528 580/613/529
f 647/614/530 644/615/531 527/616/532 563/617/533
f 649/618/534 643/619/535 526/620/536 581/621/537
f 613/622/538 607/623/539 528/624/540 582/625/541
f 611/626/542 608/627/543 529/628/544 564/629/545
f 614/630/546 609/631/547 535/632/548 592/633/549
f 650/634/550 645/635/551 534/636/552 591/637/553
f 632/638/554 627/639/555 533/640/556 590/641/557
f 668/642/558 663/643/559 532/644/560 589/645/561
f 612/646/562 610/647/563 540/648/564 574/649/565
f 648/650/566 646/651/567 539/652/568 573/653/569
f 630/654/570 628/655/571 538/656/572 572/657/573
f 666/658/574 664/659/575 536/660/576 571/661/577
f 603/662/578 600/663/579 545/664/580 575/665/581
f 605/666/582 599/667/583 544/668/584 593/669/585
f 602/670/586 598/671/587 542/672/588 566/673/589
f 604/674/590 597/675/591 541/676/592 584/677/593
f 621/678/594 618/679/595 550/680/596 576/681/597
f 623/682/598 617/683/599 549/684/600 594/685/601
f 622/686/602 615/687/603 547/688/604 585/689/605
f 620/690/606 616/691/607 548/692/608 567/693/609
f 639/694/610 636/695/611 555/696/612 577/697/613
f 641/698/614 635/699/615 554/700/616 595/701/617
f 640/702/618 633/703/619 551/704/620 586/705/621
f 638/706/622 634/707/623 552/708/624 568/709/625
f 657/710/626 654/711/627 560/712/628 578/713/629
f 659/714/630 653/715/631 559/716/632 596/717/633
f 656/718/634 652/719/635 558/720/636 569/721/637
f 658/722/638 651/723/639 557/724/640 587/725/641
f 653/715/631 656/718/634 569/721/637 559/716/632
f 635/699/615 638/706/622 568/709/625 554/700/616
f 617/683/599 620/690/606 567/693/609 549/684/600
f 599/667/583 602/670/586 566/673/589 544/668/584
f 609/631/547 611/626/542 564/629/545 535/632/548
f 645/635/551 647/614/530 563/617/533 534/636/552
f 627/639/555 629/606/522 562/609/525 533/640/556
f 663/643/559 665/602/518 561/605/521 532/644/560
f 652/719/635 657/710/626 578/713/629 558/720/636
f 634/707/623 639/694/610 577/697/613 552/708/624
f 616/691/607 621/678/594 576/681/597 548/692/608
f 598/671/587 603/662/578 575/665/581 542/672/588
f 662/603/519 666/658/574 571/661/577 521/604/520
f 626/607/523 630/654/570 572/657/573 524/608/524
f 644/615/531 648/650/566 573/653/569 527/616/532
f 608/627/543 612/646/562 574/649/565 529/628/544
f 654/711/627 658/722/638 587/725/641 560/712/628
f 636/695/611 640/702/618 586/705/621 555/696/612
f 618/679/595 622/686/602 585/689/605 550/680/596
f 600/663/579 604/674/590 584/677/593 545/664/580
f 610/647/563 613/622/538 582/625/541 540/648/564
f 646/651/567 649/618/534 581/621/537 539/652/568
f 628/655/571 631/610/526 580/613/529 538/656/572
f 664/659/575 667/598/514 579/601/517 536/660/576
f 655/726/642 659/714/630 596/717/633 556/727/643
f 637/728/644 641/698/614 595/701/617 553/729/645
f 619/730/646 623/682/598 594/685/601 546/731/647
f 601/732/648 605/666/582 593/669/585 543/733/649
f 660/734/650 668/642/558 589/645/561 517/735/651
f 624/736/652 632/638/554 590/641/557 522/737/653
f 642/738/654 650/634/550 591/637/553 525/739/655
f 606/740/656 614/630/546 592/633/549 530/741/657
f 516/742/658 588/743/659 605/666/582 601/732/648
f 537/744/660 583/745/661 604/674/590 600/663/579
f 520/746/662 570/747/663 603/662/578 598/671/587
f 531/748/664 565/749/665 602/670/586 599/667/583
f 583/745/661 518/750/666 597/675/591 604/674/590
f 565/749/665 520/746/662 598/671/587 602/670/586
f 588/743/659 531/748/664 599/667/583 605/666/582
f 570/747/663 537/744/660 600/663/579 603/662/578
f 543/733/649 593/669/585 614/630/546 606/740/656
f 545/664/580 584/677/593 613/622/538 610/647/563
f 542/672/588 575/665/581 612/646/562 608/627/543
f 544/668/584 566/673/589 611/626/542 609/631/547
f 575/665/581 545/664/580 610/647/563 612/646/562
f 593/669/585 544/668/584 609/631/547 614/630/546
f 566/673/589 542/672/588 608/627/543 611/626/542
f 584/677/593 541/676/592 607/623/539 613/622/538
f 530/741/657 592/633/549 623/682/598 619/730/646
f 540/648/564 582/625/541 622/686/602 618/679/595
f 529/628/544 574/649/565 621/678/594 616/691/607
f 535/632/548 564/629/545 620/690/606 617/683/599
f 564/629/545 529/628/544 616/691/607 620/690/606
f 582/625/541 528/624/540 615/687/603 622/686/602
f 592/633/549 535/632/548 617/683/599 623/682/598
f 574/649/565 540/648/564 618/679/595 621/678/594
f 546/731/647 594/685/601 632/638/554 624/736/652
f 550/680/596 585/689/605 631/610/526 628/655/571
f 548/692/608 576/681/597 630/654/570 626/607/523
f 549/684/600 567/693/609 629/606/522 627/639/555
f 576/681/597 550/680/596 628/655/571 630/654/570
f 594/685/601 549/684/600 627/639/555 632/638/554
f 585/689/605 547/688/604 625/611/527 631/610/526
f 567/693/609 548/692/608 626/607/523 629/606/522
f 522/737/653 590/641/557 641/698/614 637/728/644
f 538/656/572 580/613/529 640/702/618 636/695/611
f 524/608/524 572/657/573 639/694/610 634/707/623
f 533/640/556 562/609/525 638/706/622 635/699/615
f 562/609/525 524/608/524 634/707/623 638/706/622
f 580/613/529 523/612/528 633/703/619 640/702/618
f 590/641/557 533/640/556 635/699/615 641/698/614
f 572/657/573 538/656/572 636/695/611 639/694/610
f 553/729/645 595/701/617 650/634/550 642/738/654
f 555/696/612 586/705/621 649/618/534 646/651/567
f 552/708/624 577/697/613 648/650/566 644/615/531
f 554/700/616 568/709/625 647/614/530 645/635/551
f 577/697/613 555/696/612 646/651/567 648/650/566
f 595/701/617 554/700/616 645/635/551 650/634/550
f 586/705/621 551/704/620 643/619/535 649/618/534
f 568/709/625 552/708/624 644/615/531 647/614/530
f 525/739/655 591/637/553 659/714/630 655/726/642
f 539/652/568 581/621/537 658/722/638 654/711/627
f 527/616/532 573/653/569 657/710/626 652/719/635
f 534/636/552 563/617/533 656/718/634 653/715/631
f 581/621/537 526/620/536 651/723/639 658/722/638
f 563/617/533 527/616/532 652/719/635 656/718/634
f 591/637/553 534/636/552 653/715/631 659/714/630
f 573/653/569 539/652/568 654/711/627 657/710/626
f 556/727/643 596/717/633 668/642/558 660/734/650
f 560/712/628 587/725/641 667/598/514 664/659/575
f 558/720/636 578/713/629 666/658/574 662/603/519
f 559/716/632 569/721/637 665/602/518 663/643/559
f 578/713/629 560/712/628 664/659/575 666/658/574
f 596/717/633 559/716/632 663/643/559 668/642/558
f 569/721/637 558/720/636 662/603/519 665/602/518
f 587/725/641 557/724/640 661/599/515 667/598/514
f 363/589/505 435/590/506 588/751/659 516/752/658
f 364/582/498 507/581/497 660/753/650 517/754/651
f 366/447/363 426/446/362 579/755/517 519/756/516
f 365/597/513 444/524/440 597/757/591 518/758/666
f 367/593/509 417/594/510 570/759/663 520/760/662
f 368/451/367 408/450/366 561/761/521 521/762/520
f 369/584/500 471/583/499 624/763/652 522/764/653
f 370/459/375 480/552/468 633/765/619 523/766/528
f 372/586/502 489/585/501 642/767/654 525/768/655
f 373/467/383 498/572/488 651/769/639 526/770/536
f 375/471/387 462/536/452 615/771/603 528/772/540
f 377/588/504 453/587/503 606/773/656 530/774/657
f 378/595/511 412/596/512 565/775/665 531/776/664
f 379/491/407 436/490/406 589/777/561 532/778/560
f 383/507/423 418/506/422 571/779/577 536/780/576
f 384/591/507 430/592/508 583/781/661 537/782/660
f 388/523/439 454/472/388 607/783/539 541/784/592
f 390/580/496 448/579/495 601/785/648 543/786/649
f 393/578/494 466/577/493 619/787/646 546/788/647
f 394/535/451 472/460/376 625/789/527 547/790/604
f 398/551/467 490/468/384 643/791/535 551/792/620
f 400/576/492 484/575/491 637/793/644 553/794/645
f 403/574/490 502/573/489 655/795/642 556/796/643
f 404/571/487 508/448/364 661/797/515 557/798/640
f 408/450/366 379/491/407 532/778/560 561/761/521
f 412/596/512 367/593/509 520/760/662 565/775/665
f 417/594/510 384/591/507 537/782/660 570/759/663
f 418/506/422 368/451/367 521/762/520 571/779/577
f 426/446/362 383/507/423 536/780/576 579/755/517
f 430/592/508 365/597/513 518/758/666 583/781/661
f 435/590/506 378/595/511 531/776/664 588/751/659
f 436/490/406 364/582/498 517/754/651 589/777/561
f 444/524/440 388/523/439 541/784/592 597/757/591
f 448/579/495 363/589/505 516/752/658 601/785/648
f 453/587/503 390/580/496 543/786/649 606/773/656
f 454/472/388 375/471/387 528/772/540 607/783/539
f 462/536/452 394/535/451 547/790/604 615/771/603
f 466/577/493 377/588/504 530/774/657 619/787/646
f 471/583/499 393/578/494 546/788/647 624/763/652
f 472/460/376 370/459/375 523/766/528 625/789/527
f 480/552/468 398/551/467 551/792/620 633/765/619
f 484/575/491 369/584/500 522/764/653 637/793/644
f 489/585/501 400/576/492 553/794/645 642/767/654
f 490/468/384 373/467/383 526/770/536 643/791/535
f 498/572/488 404/571/487 557/798/640 651/769/639
f 502/573/489 372/586/502 525/768/655 655/795/642
f 507/581/497 403/574/490 556/796/643 660/753/650
f 508/448/364 366/447/363 519/756/516 661/797/515
s 0
f 669/799/2 671/800/2 672/801/2 670/802/2
f 671/803/5 675/804/5 676/805/5 672/806/5
f 675/807/4 673/808/4 674/809/4 676/810/4
f 673/811/1 669/812/1 670/813/1 674/814/1
f 671/815/54 669/816/54 673/808/54 675/807/54
f 676/810/3 674/809/3 670/802/3 672/801/3
f 677/817/2 679/818/2 680/819/2 678/820/2
f 679/821/5 683/822/5 684/823/5 680/824/5
f 683/825/4 681/826/4 682/827/4 684/828/4
f 681/829/1 677/830/1 678/831/1 682/832/1
f 679/833/54 677/834/54 681/826/54 683/825/54
f 684/828/3 682/827/3 678/820/3 680/819/3
f 685/835/4 686/836/4 688/837/4 687/838/4
f 687/838/5 688/837/5 692/839/5 691/840/5
f 691/841/2 692/842/2 690/843/2 689/844/2
f 689/845/1 690/846/1 686/836/1 685/835/1
f 687/838/54 691/840/54 689/845/54 685/835/54
f 692/842/3 688/847/3 686/848/3 690/843/3
f 693/849/2 695/850/2 696/851/2 694/852/2
f 695/850/5 699/853/5 700/854/5 696/851/5
f 699/855/4 697/856/4 698/857/4 700/858/4
f 697/859/1 693/849/1 694/852/1 698/860/1
f 695/850/54 693/849/54 697/859/54 699/853/54
f 700/858/3 698/857/3 694/861/3 696/862/3
f 701/863/4 703/864/4 704/865/4 702/866/4
f 703/864/1 707/867/1 708/868/1 704/865/1
f 707/869/2 705/870/2 706/871/2 708/872/2
f 705/873/5 701/863/5 702/866/5 706/874/5
f 703/864/54 701/863/54 705/873/54 707/867/54
f 708/872/3 706/871/3 702/875/3 704/876/3
f 709/877/2 710/878/2 712/879/2 711/880/2
f 711/880/1 712/879/1 716/881/1 715/882/1
f 715/883/4 716/884/4 714/885/4 713/886/4
f 713/887/5 714/888/5 710/878/5 709/877/5
f 711/880/54 715/882/54 713/887/54 709/877/54
f 716/884/3 712/889/3 710/890/3 714/885/3
f 717/891/4 718/892/4 720/893/4 719/894/4
f 719/894/5 720/893/5 724/895/5 723/896/5
f 723/896/2 724/895/2 722/897/2 721/898/2
f 721/899/1 722/900/1 718/901/1 717/902/1
f 719/894/54 723/896/54 721/898/54 717/891/54
f 724/903/3 720/904/3 718/901/3 722/900/3
f 725/905/4 726/906/4 728/907/4 727/908/4
f 727/908/5 728/907/5 732/909/5 731/910/5
f 731/910/2 732/909/2 730/911/2 729/912/2
f 729/913/1 730/914/1 726/915/1 725/916/1
f 727/908/54 731/910/54 729/912/54 725/905/54
f 732/917/3 728/918/3 726/915/3 730/914/3
f 733/919/4 734/920/4 736/921/4 735/922/4
f 735/923/5 736/924/5 740/925/5 739/926/5
f 739/927/2 740/928/2 738/929/2 737/930/2
f 737/931/1 738/932/1 734/933/1 733/934/1
f 735/935/54 739/927/54 737/930/54 733/936/54
f 740/928/3 736/921/3 734/920/3 738/929/3
f 741/937/2 743/938/2 744/939/2 742/940/2
f 743/941/5 747/942/5 748/943/5 744/944/5
f 747/945/4 745/946/4 746/947/4 748/948/4
f 745/949/1 741/950/1 742/951/1 746/952/1
f 743/953/54 741/954/54 745/946/54 747/945/54
f 748/948/3 746/947/3 742/940/3 744/939/3
f 749/955/4 750/956/4 752/957/4 751/958/4
f 751/959/5 752/960/5 756/961/5 755/962/5
f 755/963/2 756/964/2 754/965/2 753/966/2
f 753/967/1 754/968/1 750/969/1 749/970/1
f 751/971/54 755/963/54 753/966/54 749/972/54
f 756/964/3 752/957/3 750/956/3 754/965/3
f 757/973/2 759/974/2 760/975/2 758/976/2
f 759/977/5 763/978/5 764/979/5 760/980/5
f 763/981/4 761/982/4 762/983/4 764/984/4
f 761/985/1 757/986/1 758/987/1 762/988/1
f 759/989/54 757/990/54 761/982/54 763/981/54
f 764/984/3 762/983/3 758/976/3 760/975/3
f 765/991/4 766/992/4 768/993/4 767/994/4
f 767/995/5 768/996/5 772/997/5 771/998/5
f 771/999/2 772/1000/2 770/1001/2 769/1002/2
f 769/1003/1 770/1004/1 766/1005/1 765/1006/1
f 767/1007/54 771/999/54 769/1002/54 765/1008/54
f 772/1000/3 768/993/3 766/992/3 770/1001/3
f 773/1009/4 774/1010/4 776/1011/4 775/1012/4
f 775/1013/5 776/1014/5 780/1015/5 779/1016/5
f 779/1017/2 780/1018/2 778/1019/2 777/1020/2
f 777/1021/1 778/1022/1 774/1023/1 773/1024/1
f 775/1025/54 779/1017/54 777/1020/54 773/1026/54
f 780/1018/3 776/1011/3 774/1010/3 778/1019/3
f 781/1027/1 782/1028/1 784/1029/1 783/1030/1
f 783/1031/4 784/1032/4 788/1033/4 787/1034/4
f 787/1035/5 788/1036/5 786/1037/5 785/1038/5
f 785/1039/2 786/1040/2 782/1041/2 781/1042/2
f 783/1043/54 787/1035/54 785/1038/54 781/1044/54
f 788/1036/3 784/1029/3 782/1028/3 786/1037/3
f 789/1045/1 790/1046/1 792/1047/1 791/1048/1
f 791/1049/4 792/1050/4 796/1051/4 795/1052/4
f 795/1053/5 796/1054/5 794/1055/5 793/1056/5
f 793/1057/2 794/1058/2 790/1059/2 789/1060/2
f 791/1061/54 795/1053/54 793/1056/54 789/1062/54
f 796/1054/3 792/1047/3 790/1046/3 794/1055/3
f 797/1063/5 799/1064/5 800/1065/5 798/1066/5
f 799/1067/4 803/1068/4 804/1069/4 800/1070/4
f 803/1071/1 801/1072/1 802/1073/1 804/1074/1
f 801/1075/2 797/1076/2 798/1077/2 802/1078/2
f 799/1079/54 797/1080/54 801/1072/54 803/1071/54
f 804/1074/3 802/1073/3 798/1066/3 800/1065/3
f 805/1081/5 807/1082/5 808/1083/5 806/1084/5
f 807/1085/4 811/1086/4 812/1087/4 808/1088/4
f 811/1089/1 809/1090/1 810/1091/1 812/1092/1
f 809/1093/2 805/1094/2 806/1095/2 810/1096/2
f 807/1097/54 805/1098/54 809/1090/54 811/1089/54
f 812/1092/3 810/1091/3 806/1084/3 808/1083/3
f 813/1099/5 815/1100/5 816/1101/5 814/1102/5
f 815/1103/4 819/1104/4 820/1105/4 816/1106/4
f 819/1107/1 817/1108/1 818/1109/1 820/1110/1
f 817/1111/2 813/1112/2 814/1113/2 818/1114/2
f 815/1115/54 813/1116/54 817/1108/54 819/1107/54
f 820/1110/3 818/1109/3 814/1102/3 816/1101/3
f 821/1117/1 822/1118/1 824/1119/1 823/1120/1
f 823/1121/4 824/1122/4 828/1123/4 827/1124/4
f 827/1125/5 828/1126/5 826/1127/5 825/1128/5
f 825/1129/2 826/1130/2 822/1131/2 821/1132/2
f 823/1133/54 827/1125/54 825/1128/54 821/1134/54
f 828/1126/3 824/1119/3 822/1118/3 826/1127/3
f 829/1135/3 830/1136/3 832/1137/3 831/1138/3
f 831/1138/5 832/1137/5 836/1139/5 835/1140/5
f 835/1141/54 836/1142/54 834/1143/54 833/1144/54
f 833/1144/1 834/1143/1 830/1145/1 829/1146/1
f 831/1138/4 835/1140/4 833/1147/4 829/1135/4
f 836/1139/2 832/1137/2 830/1136/2 834/1148/2
f 837/1149/3 838/1150/3 840/1151/3 839/1152/3
f 839/1152/5 840/1151/5 844/1153/5 843/1154/5
f 843/1155/54 844/1156/54 842/1157/54 841/1158/54
f 841/1158/1 842/1157/1 838/1159/1 837/1160/1
f 839/1152/4 843/1154/4 841/1161/4 837/1149/4
f 844/1153/2 840/1151/2 838/1150/2 842/1162/2
f 845/1163/3 846/1164/3 848/1165/3 847/1166/3
f 847/1166/5 848/1165/5 852/1167/5 851/1168/5
f 851/1169/54 852/1170/54 850/1171/54 849/1172/54
f 849/1172/1 850/1171/1 846/1173/1 845/1174/1
f 847/1166/4 851/1168/4 849/1175/4 845/1163/4
f 852/1167/2 848/1165/2 846/1164/2 850/1176/2
f 853/1177/3 854/1178/3 856/1179/3 855/1180/3
f 855/1180/5 856/1179/5 860/1181/5 859/1182/5
f 859/1183/54 860/1184/54 858/1185/54 857/1186/54
f 857/1186/1 858/1185/1 854/1187/1 853/1188/1
f 855/1180/4 859/1182/4 857/1189/4 853/1177/4
f 860/1181/2 856/1179/2 854/1178/2 858/1190/2
f 861/1191/4 862/1192/4 864/1193/4 863/1194/4
f 863/1194/5 864/1193/5 868/1195/5 867/1196/5
f 867/1196/2 868/1195/2 866/1197/2 865/1198/2
f 865/1199/1 866/1200/1 862/1201/1 861/1202/1
f 863/1194/54 867/1196/54 865/1198/54 861/1191/54
f 868/1203/3 864/1204/3 862/1201/3 866/1200/3
f 869/1205/4 870/1206/4 872/1207/4 871/1208/4
f 871/1208/5 872/1207/5 876/1209/5 875/1210/5
f 875/1210/2 876/1209/2 874/1211/2 873/1212/2
f 873/1213/1 874/1214/1 870/1215/1 869/1216/1
f 871/1208/54 875/1210/54 873/1212/54 869/1205/54
f 876/1217/3 872/1218/3 870/1215/3 874/1214/3
f 877/1219/4 878/1220/4 880/1221/4 879/1222/4
f 879/1222/5 880/1221/5 884/1223/5 883/1224/5
f 883/1224/2 884/1223/2 882/1225/2 881/1226/2
f 881/1227/1 882/1228/1 878/1229/1 877/1230/1
f 879/1222/54 883/1224/54 881/1226/54 877/1219/54
f 884/1231/3 880/1232/3 878/1229/3 882/1228/3
s 1
f 953/1233/667 885/1234/668 973/1235/669 913/1236/670
f 886/1237/671 946/1238/672 907/1239/673 969/1240/674
f 928/1241/675 971/1242/676 885/1234/668 953/1233/667
f 985/1243/677 947/1244/678 895/1245/679 983/1246/680
f 939/1247/681 886/1248/671 969/1249/674 900/1250/682
f 978/1251/683 908/1252/684 948/1253/685 987/1254/686
f 988/1255/687 954/1256/688 915/1257/689 980/1258/690
f 971/1259/676 934/1260/691 960/1261/692 885/1262/668
f 967/1263/693 894/1264/694 946/1238/672 886/1237/671
f 885/1262/668 960/1261/692 920/1265/695 973/1266/669
f 975/1267/696 926/1268/697 955/1269/698 990/1270/699
f 887/1271/700 890/1272/701 891/1273/702 893/1274/703
f 888/1275/704 892/1276/705 891/1273/702 890/1272/701
f 889/1277/706 893/1274/703 891/1273/702 892/1276/705
f 894/1264/694 896/1278/707 897/1279/708 899/1280/709
f 889/1281/706 898/1282/710 897/1279/708 896/1278/707
f 895/1245/679 899/1280/709 897/1279/708 898/1282/710
f 900/1250/682 903/1283/711 904/1284/712 906/1285/713
f 901/1286/714 905/1287/715 904/1284/712 903/1283/711
f 902/1288/716 906/1285/713 904/1284/712 905/1287/715
f 907/1239/673 909/1289/717 910/1290/718 912/1291/719
f 908/1252/684 911/1292/720 910/1290/718 909/1289/717
f 901/1293/714 912/1291/719 910/1290/718 911/1292/720
f 913/1236/670 916/1294/721 917/1295/722 919/1296/723
f 914/1297/724 918/1298/725 917/1295/722 916/1294/721
f 915/1257/689 919/1296/723 917/1295/722 918/1298/725
f 920/1265/695 922/1299/726 923/1300/727 925/1301/728
f 921/1302/729 924/1303/730 923/1300/727 922/1299/726
f 914/1304/724 925/1301/728 923/1300/727 924/1303/730
f 926/1268/697 929/1305/731 930/1306/732 932/1307/733
f 927/1308/734 931/1309/735 930/1306/732 929/1305/731
f 928/1241/675 932/1307/733 930/1306/732 931/1309/735
f 927/1310/734 935/1311/736 936/1312/737 938/1313/738
f 933/1314/739 937/1315/740 936/1312/737 935/1311/736
f 934/1260/691 938/1313/738 936/1312/737 937/1315/740
f 939/1247/681 942/1316/741 943/1317/742 945/1318/743
f 940/1319/744 944/1320/745 943/1317/742 942/1316/741
f 941/1321/746 945/1318/743 943/1317/742 944/1320/745
f 946/1238/672 949/1322/747 950/1323/748 952/1324/749
f 947/1244/678 951/1325/750 950/1323/748 949/1322/747
f 948/1253/685 952/1324/749 950/1323/748 951/1325/750
f 953/1233/667 956/1326/751 957/1327/752 959/1328/753
f 954/1256/688 958/1329/754 957/1327/752 956/1326/751
f 955/1269/698 959/1328/753 957/1327/752 958/1329/754
f 960/1261/692 963/1330/755 964/1331/756 966/1332/757
f 961/1333/758 965/1334/759 964/1331/756 963/1330/755
f 962/1335/760 966/1332/757 964/1331/756 965/1334/759
f 941/1321/746 888/1275/704 890/1272/701 945/1318/743
f 945/1318/743 890/1272/701 887/1271/700 939/1247/681
f 889/1281/706 896/1278/707 968/1336/761
f 968/1336/761 896/1278/707 894/1264/694 967/1263/693
f 948/1253/685 908/1252/684 909/1289/717 952/1324/749
f 952/1324/749 909/1289/717 907/1239/673 946/1238/672
f 901/1286/714 903/1283/711 970/1337/762
f 970/1337/762 903/1283/711 900/1250/682 969/1249/674
f 975/1267/696 902/1288/716 905/1287/715 976/1338/763
f 976/1338/763 905/1287/715 901/1286/714 977/1339/764
f 978/1251/683 933/1314/739 935/1311/736 979/1340/765
f 979/1340/765 935/1311/736 927/1310/734 977/1341/764
f 971/1242/676 928/1241/675 931/1309/735 972/1342/766
f 972/1342/766 931/1309/735 927/1308/734
f 955/1269/698 926/1268/697 932/1307/733 959/1328/753
f 959/1328/753 932/1307/733 928/1241/675 953/1233/667
f 962/1335/760 921/1302/729 922/1299/726 966/1332/757
f 966/1332/757 922/1299/726 920/1265/695 960/1261/692
f 914/1297/724 916/1294/721 974/1343/767
f 974/1343/767 916/1294/721 913/1236/670 973/1235/669
f 980/1258/690 915/1257/689 918/1298/725 981/1344/768
f 981/1344/768 918/1298/725 914/1297/724 982/1345/769
f 983/1246/680 895/1245/679 898/1282/710 984/1346/770
f 984/1346/770 898/1282/710 889/1281/706 982/1347/769
f 902/1288/716 940/1319/744 942/1316/741 906/1285/713
f 906/1285/713 942/1316/741 939/1247/681 900/1250/682
f 895/1245/679 947/1244/678 949/1322/747 899/1280/709
f 899/1280/709 949/1322/747 946/1238/672 894/1264/694
f 915/1257/689 954/1256/688 956/1326/751 919/1296/723
f 919/1296/723 956/1326/751 953/1233/667 913/1236/670
f 933/1314/739 961/1333/758 963/1330/755 937/1315/740
f 937/1315/740 963/1330/755 960/1261/692 934/1260/691
f 985/1243/677 962/1335/760 965/1334/759 986/1348/771
f 986/1348/771 965/1334/759 961/1333/758 987/1254/686
f 988/1255/687 941/1321/746 944/1320/745 989/1349/772
f 989/1349/772 944/1320/745 940/1319/744 990/1270/699
f 889/1277/706 968/1350/761 893/1274/703
f 893/1274/703 968/1350/761 967/1351/693 887/1271/700
f 901/1293/714 970/1352/762 912/1291/719
f 912/1291/719 970/1352/762 969/1240/674 907/1239/673
f 934/1260/691 971/1259/676 972/1353/766 938/1313/738
f 938/1313/738 972/1353/766 927/1310/734
f 914/1304/724 974/1354/767 925/1301/728
f 925/1301/728 974/1354/767 973/1266/669 920/1265/695
f 887/1271/700 967/1351/693 886/1248/671 939/1247/681
f 958/1329/754 989/1349/772 990/1270/699 955/1269/698
f 954/1256/688 988/1255/687 989/1349/772 958/1329/754
f 951/1325/750 986/1348/771 987/1254/686 948/1253/685
f 947/1244/678 985/1243/677 986/1348/771 951/1325/750
f 924/1303/730 984/1346/770 982/1347/769 914/1304/724
f 921/1302/729 983/1246/680 984/1346/770 924/1303/730
f 892/1276/705 981/1344/768 982/1345/769 889/1277/706
f 888/1275/704 980/1258/690 981/1344/768 892/1276/705
f 911/1292/720 979/1340/765 977/1341/764 901/1293/714
f 908/1252/684 978/1251/683 979/1340/765 911/1292/720
f 929/1305/731 976/1338/763 977/1339/764 927/1308/734
f 926/1268/697 975/1267/696 976/1338/763 929/1305/731
f 902/1288/716 975/1267/696 990/1270/699 940/1319/744
f 941/1321/746 988/1255/687 980/1258/690 888/1275/704
f 933/1314/739 978/1251/683 987/1254/686 961/1333/758
f 962/1335/760 985/1243/677 983/1246/680 921/1302/729
s 0
f 1021/1355/1 1027/1356/1 998/1357/1 992/1358/1
f 1035/1359/2 1041/1360/2 1028/1361/2 1020/1362/2
f 1040/1363/3 1012/1364/3 999/1365/3 1026/1366/3
f 993/1367/4 1000/1368/4 1014/1369/4 1006/1370/4
f 1007/1371/5 1013/1372/5 1042/1373/5 1034/1374/5
f 991/1375/6 994/1376/6 995/1377/6 997/1378/6
f 992/1358/7 996/1379/7 995/1380/7 994/1381/7
f 993/1367/8 997/1382/8 995/1380/8 996/1379/8
f 998/1383/9 1001/1384/9 1002/1385/9 1004/1386/9
f 999/1365/773 1003/1387/773 1002/1385/773 1001/1384/773
f 1000/1388/11 1004/1386/11 1002/1385/11 1003/1387/11
f 1005/1389/12 1008/1390/12 1009/1391/12 1011/1392/12
f 1006/1370/13 1010/1393/13 1009/1394/13 1008/1395/13
f 1007/1371/14 1011/1396/14 1009/1394/14 1010/1393/14
f 1012/1364/774 1015/1397/774 1016/1398/774 1018/1399/774
f 1013/1400/16 1017/1401/16 1016/1398/16 1015/1397/16
f 1014/1402/17 1018/1399/17 1016/1398/17 1017/1401/17
f 1019/1403/18 1022/1404/18 1023/1405/18 1025/1406/18
f 1020/1362/19 1024/1407/19 1023/1408/19 1022/1409/19
f 1021/1355/20 1025/1410/20 1023/1408/20 1024/1407/20
f 1026/1366/775 1029/1411/775 1030/1412/775 1032/1413/775
f 1027/1414/22 1031/1415/22 1030/1412/22 1029/1411/22
f 1028/1416/23 1032/1413/23 1030/1412/23 1031/1415/23
f 1033/1417/24 1036/1418/24 1037/1419/24 1039/1420/24
f 1034/1374/25 1038/1421/25 1037/1422/25 1036/1423/25
f 1035/1359/26 1039/1424/26 1037/1422/26 1038/1421/26
f 1040/1363/776 1043/1425/776 1044/1426/776 1046/1427/776
f 1041/1428/28 1045/1429/28 1044/1426/28 1043/1425/28
f 1042/1430/29 1046/1427/29 1044/1426/29 1045/1429/29
f 1005/1389/30 991/1375/30 997/1378/30 1008/1390/30
f 1008/1395/31 997/1382/31 993/1367/31 1006/1370/31
f 992/1358/32 998/1357/32 1004/1431/32 996/1379/32
f 996/1379/33 1004/1432/33 1000/1368/33 993/1367/33
f 999/1365/34 1012/1364/34 1018/1399/34 1003/1387/34
f 1003/1387/35 1018/1399/35 1014/1402/35 1000/1388/35
f 1013/1372/36 1007/1371/36 1010/1393/36 1017/1433/36
f 1017/1434/37 1010/1393/37 1006/1370/37 1014/1369/37
f 1033/1417/38 1005/1389/38 1011/1392/38 1036/1418/38
f 1036/1423/39 1011/1396/39 1007/1371/39 1034/1374/39
f 1012/1364/40 1040/1363/40 1046/1427/40 1015/1397/40
f 1015/1397/41 1046/1427/41 1042/1430/41 1013/1400/41
f 1041/1360/42 1035/1359/42 1038/1421/42 1045/1435/42
f 1045/1436/43 1038/1421/43 1034/1374/43 1042/1373/43
f 1019/1403/44 1033/1417/44 1039/1420/44 1022/1404/44
f 1022/1409/45 1039/1424/45 1035/1359/45 1020/1362/45
f 1040/1363/46 1026/1366/46 1032/1413/46 1043/1425/46
f 1043/1425/47 1032/1413/47 1028/1416/47 1041/1428/47
f 1027/1356/48 1021/1355/48 1024/1407/48 1031/1437/48
f 1031/1438/49 1024/1407/49 1020/1362/49 1028/1361/49
f 991/1375/50 1019/1403/50 1025/1406/50 994/1376/50
f 994/1381/51 1025/1410/51 1021/1355/51 992/1358/51
f 1026/1366/52 999/1365/52 1001/1384/52 1029/1411/52
f 1029/1411/53 1001/1384/53 998/1383/53 1027/1414/53
f 1005/1389/54 1033/1417/54 1019/1403/54 991/1375/54
s 1
f 1119/1439/667 1047/1440/668 1142/1441/669 1077/1442/670
f 1048/1443/671 1112/1444/672 1070/1445/673 1136/1446/674
f 1093/1447/675 1140/1448/676 1047/1440/668 1119/1439/667
f 1157/1449/677 1113/1450/678 1058/1451/679 1154/1452/680
f 1153/1453/777 1163/1454/778 1134/1455/779 1051/1456/780
f 1105/1457/681 1048/1458/671 1136/1459/674 1063/1460/682
f 1164/1461/781 1150/1462/782 1098/1463/783 1139/1464/784
f 1148/1465/683 1071/1466/684 1114/1467/685 1159/1468/686
f 1163/1469/778 1156/1470/785 1057/1471/786 1134/1472/779
f 1160/1473/687 1120/1474/688 1079/1475/689 1151/1476/690
f 1140/1477/676 1100/1478/691 1126/1479/692 1047/1480/668
f 1133/1481/693 1056/1482/694 1112/1444/672 1048/1443/671
f 1047/1480/668 1126/1479/692 1084/1483/695 1142/1484/669
f 1145/1485/696 1091/1486/697 1121/1487/698 1162/1488/699
f 1147/1489/787 1164/1490/781 1139/1491/784 1092/1492/788
f 1049/1493/700 1052/1494/701 1053/1495/702 1055/1496/703
f 1050/1497/704 1054/1498/705 1053/1495/702 1052/1494/701
f 1051/1456/780 1055/1496/703 1053/1495/702 1054/1498/705
f 1056/1482/694 1059/1499/707 1060/1500/708 1062/1501/789
f 1057/1471/786 1061/1502/710 1060/1500/708 1059/1499/707
f 1058/1451/679 1062/1501/789 1060/1500/708 1061/1502/710
f 1063/1460/682 1066/1503/711 1067/1504/712 1069/1505/713
f 1064/1506/790 1068/1507/715 1067/1504/712 1066/1503/711
f 1065/1508/716 1069/1505/713 1067/1504/712 1068/1507/715
f 1070/1445/673 1073/1509/717 1074/1510/718 1076/1511/719
f 1071/1466/684 1075/1512/720 1074/1510/718 1073/1509/717
f 1072/1513/791 1076/1511/719 1074/1510/718 1075/1512/720
f 1077/1442/670 1080/1514/721 1081/1515/722 1083/1516/723
f 1078/1517/792 1082/1518/725 1081/1515/722 1080/1514/721
f 1079/1475/689 1083/1516/723 1081/1515/722 1082/1518/725
f 1084/1483/695 1087/1519/726 1088/1520/727 1090/1521/728
f 1085/1522/729 1089/1523/730 1088/1520/727 1087/1519/726
f 1086/1524/793 1090/1521/728 1088/1520/727 1089/1523/730
f 1091/1486/697 1094/1525/731 1095/1526/732 1097/1527/733
f 1092/1492/788 1096/1528/735 1095/1526/732 1094/1525/731
f 1093/1447/675 1097/1527/733 1095/1526/732 1096/1528/735
f 1098/1463/783 1101/1529/736 1102/1530/737 1104/1531/738
f 1099/1532/739 1103/1533/740 1102/1530/737 1101/1529/736
f 1100/1478/691 1104/1531/738 1102/1530/737 1103/1533/740
f 1105/1457/681 1108/1534/741 1109/1535/742 1111/1536/743
f 1106/1537/744 1110/1538/745 1109/1535/742 1108/1534/741
f 1107/1539/746 1111/1536/743 1109/1535/742 1110/1538/745
f 1112/1444/672 1115/1540/747 1116/1541/748 1118/1542/749
f 1113/1450/678 1117/1543/750 1116/1541/748 1115/1540/747
f 1114/1467/685 1118/1542/749 1116/1541/748 1117/1543/750
f 1119/1439/667 1122/1544/751 1123/1545/752 1125/1546/753
f 1120/1474/688 1124/1547/754 1123/1545/752 1122/1544/751
f 1121/1487/698 1125/1546/753 1123/1545/752 1124/1547/754
f 1126/1479/692 1129/1548/755 1130/1549/756 1132/1550/757
f 1127/1551/758 1131/1552/759 1130/1549/756 1129/1548/755
f 1128/1553/760 1132/1550/757 1130/1549/756 1131/1552/759
f 1107/1539/746 1050/1497/704 1052/1494/701 1111/1536/743
f 1111/1536/743 1052/1494/701 1049/1493/700 1105/1457/681
f 1134/1472/779 1057/1471/786 1059/1499/707 1135/1554/761
f 1135/1554/761 1059/1499/707 1056/1482/694 1133/1481/693
f 1114/1467/685 1071/1466/684 1073/1509/717 1118/1542/749
f 1118/1542/749 1073/1509/717 1070/1445/673 1112/1444/672
f 1137/1555/794 1064/1506/790 1066/1503/711 1138/1556/762
f 1138/1556/762 1066/1503/711 1063/1460/682 1136/1459/674
f 1145/1485/696 1065/1508/716 1068/1507/715 1146/1557/763
f 1146/1557/763 1068/1507/715 1064/1506/790 1147/1489/787
f 1148/1465/683 1099/1532/739 1101/1529/736 1149/1558/765
f 1149/1558/765 1101/1529/736 1098/1463/783 1150/1462/782
f 1140/1448/676 1093/1447/675 1096/1528/735 1141/1559/766
f 1141/1559/766 1096/1528/735 1092/1492/788 1139/1491/784
f 1121/1487/698 1091/1486/697 1097/1527/733 1125/1546/753
f 1125/1546/753 1097/1527/733 1093/1447/675 1119/1439/667
f 1128/1553/760 1085/1522/729 1087/1519/726 1132/1550/757
f 1132/1550/757 1087/1519/726 1084/1483/695 1126/1479/692
f 1143/1560/795 1078/1517/792 1080/1514/721 1144/1561/767
f 1144/1561/767 1080/1514/721 1077/1442/670 1142/1441/669
f 1151/1476/690 1079/1475/689 1082/1518/725 1152/1562/768
f 1152/1562/768 1082/1518/725 1078/1517/792 1153/1453/777
f 1154/1452/680 1058/1451/679 1061/1502/710 1155/1563/770
f 1155/1563/770 1061/1502/710 1057/1471/786 1156/1470/785
f 1065/1508/716 1106/1537/744 1108/1534/741 1069/1505/713
f 1069/1505/713 1108/1534/741 1105/1457/681 1063/1460/682
f 1058/1451/679 1113/1450/678 1115/1540/747 1062/1501/789
f 1062/1501/789 1115/1540/747 1112/1444/672 1056/1482/694
f 1079/1475/689 1120/1474/688 1122/1544/751 1083/1516/723
f 1083/1516/723 1122/1544/751 1119/1439/667 1077/1442/670
f 1099/1532/739 1127/1551/758 1129/1548/755 1103/1533/740
f 1103/1533/740 1129/1548/755 1126/1479/692 1100/1478/691
f 1157/1449/677 1128/1553/760 1131/1552/759 1158/1564/771
f 1158/1564/771 1131/1552/759 1127/1551/758 1159/1468/686
f 1160/1473/687 1107/1539/746 1110/1538/745 1161/1565/772
f 1161/1565/772 1110/1538/745 1106/1537/744 1162/1488/699
f 1051/1456/780 1134/1455/779 1135/1566/761 1055/1496/703
f 1055/1496/703 1135/1566/761 1133/1567/693 1049/1493/700
f 1072/1513/791 1137/1568/794 1138/1569/762 1076/1511/719
f 1076/1511/719 1138/1569/762 1136/1446/674 1070/1445/673
f 1100/1478/691 1140/1477/676 1141/1570/766 1104/1531/738
f 1104/1531/738 1141/1570/766 1139/1464/784 1098/1463/783
f 1086/1524/793 1143/1571/795 1144/1572/767 1090/1521/728
f 1090/1521/728 1144/1572/767 1142/1484/669 1084/1483/695
f 1049/1493/700 1133/1567/693 1048/1458/671 1105/1457/681
f 1124/1547/754 1161/1565/772 1162/1488/699 1121/1487/698
f 1120/1474/688 1160/1473/687 1161/1565/772 1124/1547/754
f 1117/1543/750 1158/1564/771 1159/1468/686 1114/1467/685
f 1113/1450/678 1157/1449/677 1158/1564/771 1117/1543/750
f 1089/1523/730 1155/1563/770 1156/1470/785 1086/1524/793
f 1085/1522/729 1154/1452/680 1155/1563/770 1089/1523/730
f 1054/1498/705 1152/1562/768 1153/1453/777 1051/1456/780
f 1050/1497/704 1151/1476/690 1152/1562/768 1054/1498/705
f 1075/1512/720 1149/1558/765 1150/1462/782 1072/1513/791
f 1071/1466/684 1148/1465/683 1149/1558/765 1075/1512/720
f 1094/1525/731 1146/1557/763 1147/1489/787 1092/1492/788
f 1091/1486/697 1145/1485/696 1146/1557/763 1094/1525/731
f 1064/1506/790 1137/1555/794 1164/1490/781 1147/1489/787
f 1065/1508/716 1145/1485/696 1162/1488/699 1106/1537/744
f 1107/1539/746 1160/1473/687 1151/1476/690 1050/1497/704
f 1143/1571/795 1086/1524/793 1156/1470/785 1163/1469/778
f 1099/1532/739 1148/1465/683 1159/1468/686 1127/1551/758
f 1137/1568/794 1072/1513/791 1150/1462/782 1164/1461/781
f 1078/1517/792 1143/1560/795 1163/1454/778 1153/1453/777
f 1128/1553/760 1157/1449/677 1154/1452/680 1085/1522/729
