# Blender 4.2.2 LTS
# www.blender.org
mtllib fence 2.mtl
o fence_2
v 0.063768 11.883443 8.966120
v 0.063768 12.626984 8.222579
v 0.063768 13.370524 8.966120
v 0.182781 11.883443 8.966120
v 0.182781 12.626984 8.222579
v 0.182781 13.370524 8.966120
v 0.182781 13.453140 8.966120
v 0.182781 12.626984 8.139963
v 0.182781 11.800827 8.966120
v 0.063768 12.626984 8.139963
v 0.063768 11.800827 8.966120
v 0.063768 13.453140 8.966120
v 0.063768 11.883443 7.313807
v 0.063768 12.626984 8.057347
v 0.063768 12.626984 6.570266
v 0.063768 13.370524 7.313807
v 0.182781 11.883443 7.313807
v 0.182781 12.626984 8.057347
v 0.182781 12.626984 6.570266
v 0.182781 13.370524 7.313807
v 0.182781 13.453140 7.313807
v 0.182781 12.626984 6.487650
v 0.182781 11.800827 7.313807
v 0.182781 12.626984 8.139963
v 0.063768 12.626984 6.487650
v 0.063768 11.800827 7.313807
v 0.063768 12.626984 8.139963
v 0.063768 13.453140 7.313807
v 0.063768 11.883443 5.661493
v 0.063768 12.626984 6.405034
v 0.063768 12.626984 4.917953
v 0.063768 13.370524 5.661493
v 0.182781 11.883443 5.661493
v 0.182781 12.626984 6.405034
v 0.182781 12.626984 4.917953
v 0.182781 13.370524 5.661493
v 0.182781 13.453140 5.661493
v 0.182781 12.626984 4.835337
v 0.182781 11.800827 5.661493
v 0.182781 12.626984 6.487650
v 0.063768 12.626984 4.835337
v 0.063768 11.800827 5.661493
v 0.063768 12.626984 6.487650
v 0.063768 13.453140 5.661493
v 0.063768 11.883443 4.009180
v 0.063768 12.626984 4.752721
v 0.063768 12.626984 3.265639
v 0.063768 13.370524 4.009180
v 0.182781 11.883443 4.009180
v 0.182781 12.626984 4.752721
v 0.182781 12.626984 3.265639
v 0.182781 13.370524 4.009180
v 0.182781 13.453140 4.009180
v 0.182781 12.626984 3.183023
v 0.182781 11.800827 4.009180
v 0.182781 12.626984 4.835337
v 0.063768 12.626984 3.183023
v 0.063768 11.800827 4.009180
v 0.063768 12.626984 4.835337
v 0.063768 13.453140 4.009180
v 0.063768 11.883443 2.356867
v 0.063768 12.626984 3.100408
v 0.063768 12.626983 1.613326
v 0.063768 13.370523 2.356867
v 0.182781 11.883443 2.356867
v 0.182781 12.626984 3.100408
v 0.182781 12.626983 1.613326
v 0.182781 13.370523 2.356867
v 0.182781 13.453140 2.356867
v 0.182781 12.626984 1.530711
v 0.182781 11.800827 2.356867
v 0.182781 12.626984 3.183023
v 0.063768 12.626984 1.530711
v 0.063768 11.800827 2.356867
v 0.063768 12.626984 3.183023
v 0.063768 13.453140 2.356867
v 0.063768 11.883443 0.704554
v 0.063768 12.626984 1.448094
v 0.063768 12.626984 -0.038987
v 0.063768 13.370524 0.704554
v 0.182781 11.883443 0.704554
v 0.182781 12.626984 1.448094
v 0.182781 12.626984 -0.038987
v 0.182781 13.370524 0.704554
v 0.182781 13.453140 0.704554
v 0.182781 12.626984 -0.121603
v 0.182781 11.800827 0.704554
v 0.182781 12.626984 1.530710
v 0.063768 12.626984 -0.121603
v 0.063768 11.800827 0.704554
v 0.063768 12.626984 1.530710
v 0.063768 13.453140 0.704554
v 0.063768 11.883443 -0.947760
v 0.063768 12.626984 -0.204219
v 0.063768 12.626984 -1.691299
v 0.063768 13.370523 -0.947760
v 0.182781 11.883443 -0.947760
v 0.182781 12.626984 -0.204219
v 0.182781 12.626984 -1.691299
v 0.182781 13.370523 -0.947760
v 0.182781 13.453140 -0.947760
v 0.182781 12.626984 -1.773916
v 0.182781 11.800827 -0.947760
v 0.182781 12.626984 -0.121603
v 0.063768 12.626984 -1.773916
v 0.063768 11.800827 -0.947760
v 0.063768 12.626984 -0.121603
v 0.063768 13.453140 -0.947760
v 0.063768 11.883443 -2.600073
v 0.063768 12.626984 -1.856531
v 0.063768 12.626984 -3.343614
v 0.063768 13.370525 -2.600073
v 0.182781 11.883443 -2.600073
v 0.182781 12.626984 -1.856531
v 0.182781 12.626984 -3.343614
v 0.182781 13.370525 -2.600073
v 0.182781 13.453140 -2.600073
v 0.182781 12.626984 -3.426229
v 0.182781 11.800827 -2.600073
v 0.182781 12.626984 -1.773916
v 0.063768 12.626984 -3.426229
v 0.063768 11.800827 -2.600073
v 0.063768 12.626984 -1.773916
v 0.063768 13.453140 -2.600073
v 0.063768 11.883444 -4.252386
v 0.063768 12.626984 -3.508845
v 0.063768 12.626984 -4.995926
v 0.063768 13.370523 -4.252386
v 0.182781 11.883444 -4.252386
v 0.182781 12.626984 -3.508845
v 0.182781 12.626984 -4.995926
v 0.182781 13.370523 -4.252386
v 0.182781 13.453140 -4.252386
v 0.182781 12.626984 -5.078542
v 0.182781 11.800827 -4.252386
v 0.182781 12.626984 -3.426229
v 0.063768 12.626984 -5.078542
v 0.063768 11.800827 -4.252386
v 0.063768 12.626984 -3.426229
v 0.063768 13.453140 -4.252386
v 0.063768 11.883443 -5.904699
v 0.063768 12.626984 -5.161160
v 0.063768 12.626984 -6.648240
v 0.063768 13.370523 -5.904699
v 0.182781 11.883443 -5.904699
v 0.182781 12.626984 -5.161160
v 0.182781 12.626984 -6.648240
v 0.182781 13.370523 -5.904699
v 0.182781 13.453139 -5.904699
v 0.182781 12.626984 -6.730856
v 0.182781 11.800827 -5.904699
v 0.182781 12.626984 -5.078544
v 0.063768 12.626984 -6.730856
v 0.063768 11.800827 -5.904699
v 0.063768 12.626984 -5.078544
v 0.063768 13.453139 -5.904699
v 0.063768 11.883444 -7.557013
v 0.063768 12.626984 -6.813473
v 0.063768 12.626984 -8.300554
v 0.063768 13.370523 -7.557013
v 0.182781 11.883444 -7.557013
v 0.182781 12.626984 -6.813473
v 0.182781 12.626984 -8.300554
v 0.182781 13.370523 -7.557013
v 0.182781 13.453140 -7.557013
v 0.182781 12.626984 -8.383169
v 0.182781 11.800827 -7.557013
v 0.182781 12.626984 -6.730857
v 0.063768 12.626984 -8.383169
v 0.063768 11.800827 -7.557013
v 0.063768 12.626984 -6.730857
v 0.063768 13.453140 -7.557013
v 0.063768 11.883443 -9.209328
v 0.063768 12.626984 -8.465788
v 0.063768 13.370524 -9.209328
v 0.182781 11.883443 -9.209328
v 0.182781 12.626984 -8.465788
v 0.182781 13.370524 -9.209328
v 0.182781 13.453139 -9.209328
v 0.182781 11.800827 -9.209326
v 0.182781 12.626983 -8.383171
v 0.063768 11.800827 -9.209326
v 0.063768 12.626983 -8.383171
v 0.063768 13.453139 -9.209328
v 0.063768 10.297222 8.966120
v 0.063768 11.040763 8.222579
v 0.063768 11.784304 8.966120
v 0.182781 10.297222 8.966120
v 0.182781 11.040763 8.222579
v 0.182781 11.784304 8.966120
v 0.182781 11.866920 8.966120
v 0.182781 11.040763 8.139963
v 0.182781 10.214606 8.966120
v 0.063768 11.040763 8.139963
v 0.063768 10.214606 8.966120
v 0.063768 11.866920 8.966120
v 0.063768 10.297222 7.313807
v 0.063768 11.040763 8.057347
v 0.063768 11.040763 6.570266
v 0.063768 11.784304 7.313807
v 0.182781 10.297222 7.313807
v 0.182781 11.040763 8.057347
v 0.182781 11.040763 6.570266
v 0.182781 11.784304 7.313807
v 0.182781 11.866920 7.313807
v 0.182781 11.040763 6.487650
v 0.182781 10.214606 7.313807
v 0.182781 11.040763 8.139963
v 0.063768 11.040763 6.487650
v 0.063768 10.214606 7.313807
v 0.063768 11.040763 8.139963
v 0.063768 11.866920 7.313807
v 0.063768 10.297222 5.661493
v 0.063768 11.040763 6.405034
v 0.063768 11.040763 4.917953
v 0.063768 11.784304 5.661493
v 0.182781 10.297222 5.661493
v 0.182781 11.040763 6.405034
v 0.182781 11.040763 4.917953
v 0.182781 11.784304 5.661493
v 0.182781 11.866920 5.661493
v 0.182781 11.040763 4.835337
v 0.182781 10.214606 5.661493
v 0.182781 11.040763 6.487650
v 0.063768 11.040763 4.835337
v 0.063768 10.214606 5.661493
v 0.063768 11.040763 6.487650
v 0.063768 11.866920 5.661493
v 0.063768 10.297222 4.009180
v 0.063768 11.040763 4.752721
v 0.063768 11.040763 3.265639
v 0.063768 11.784304 4.009180
v 0.182781 10.297222 4.009180
v 0.182781 11.040763 4.752721
v 0.182781 11.040763 3.265639
v 0.182781 11.784304 4.009180
v 0.182781 11.866920 4.009180
v 0.182781 11.040763 3.183023
v 0.182781 10.214606 4.009180
v 0.182781 11.040763 4.835337
v 0.063768 11.040763 3.183023
v 0.063768 10.214606 4.009180
v 0.063768 11.040763 4.835337
v 0.063768 11.866920 4.009180
v 0.063768 10.297222 2.356867
v 0.063768 11.040763 3.100408
v 0.063768 11.040762 1.613327
v 0.063768 11.784304 2.356868
v 0.182781 10.297222 2.356867
v 0.182781 11.040763 3.100408
v 0.182781 11.040762 1.613327
v 0.182781 11.784304 2.356868
v 0.182781 11.866919 2.356867
v 0.182781 11.040762 1.530711
v 0.182781 10.214606 2.356867
v 0.182781 11.040763 3.183023
v 0.063768 11.040762 1.530711
v 0.063768 10.214606 2.356867
v 0.063768 11.040763 3.183023
v 0.063768 11.866919 2.356867
v 0.063768 10.297222 0.704553
v 0.063768 11.040763 1.448094
v 0.063768 11.040762 -0.038988
v 0.063768 11.784304 0.704554
v 0.182781 10.297222 0.704553
v 0.182781 11.040763 1.448094
v 0.182781 11.040762 -0.038988
v 0.182781 11.784304 0.704554
v 0.182781 11.866920 0.704554
v 0.182781 11.040762 -0.121603
v 0.182781 10.214606 0.704553
v 0.182781 11.040763 1.530710
v 0.063768 11.040762 -0.121603
v 0.063768 10.214606 0.704553
v 0.063768 11.040763 1.530710
v 0.063768 11.866920 0.704554
v 0.063768 10.297222 -0.947760
v 0.063768 11.040762 -0.204218
v 0.063768 11.040762 -1.691299
v 0.063768 11.784304 -0.947760
v 0.182781 10.297222 -0.947760
v 0.182781 11.040762 -0.204218
v 0.182781 11.040762 -1.691299
v 0.182781 11.784304 -0.947760
v 0.182781 11.866919 -0.947760
v 0.182781 11.040762 -1.773916
v 0.182781 10.214606 -0.947760
v 0.182781 11.040762 -0.121603
v 0.063768 11.040762 -1.773916
v 0.063768 10.214606 -0.947760
v 0.063768 11.040762 -0.121603
v 0.063768 11.866919 -0.947760
v 0.063768 10.297222 -2.600073
v 0.063768 11.040763 -1.856532
v 0.063768 11.040762 -3.343615
v 0.063768 11.784304 -2.600073
v 0.182781 10.297222 -2.600073
v 0.182781 11.040763 -1.856532
v 0.182781 11.040762 -3.343615
v 0.182781 11.784304 -2.600073
v 0.182781 11.866920 -2.600073
v 0.182781 11.040763 -3.426229
v 0.182781 10.214606 -2.600073
v 0.182781 11.040763 -1.773916
v 0.063768 11.040763 -3.426229
v 0.063768 10.214606 -2.600073
v 0.063768 11.040763 -1.773916
v 0.063768 11.866920 -2.600073
v 0.063768 10.297222 -4.252386
v 0.063768 11.040762 -3.508844
v 0.063768 11.040762 -4.995926
v 0.063768 11.784304 -4.252386
v 0.182781 10.297222 -4.252386
v 0.182781 11.040762 -3.508844
v 0.182781 11.040762 -4.995926
v 0.182781 11.784304 -4.252386
v 0.182781 11.866919 -4.252386
v 0.182781 11.040762 -5.078543
v 0.182781 10.214606 -4.252386
v 0.182781 11.040763 -3.426229
v 0.063768 11.040762 -5.078543
v 0.063768 10.214606 -4.252386
v 0.063768 11.040763 -3.426229
v 0.063768 11.866919 -4.252386
v 0.063768 10.297222 -5.904699
v 0.063768 11.040762 -5.161160
v 0.063768 11.040762 -6.648241
v 0.063768 11.784304 -5.904699
v 0.182781 10.297222 -5.904699
v 0.182781 11.040762 -5.161160
v 0.182781 11.040762 -6.648241
v 0.182781 11.784304 -5.904699
v 0.182781 11.866919 -5.904699
v 0.182781 11.040762 -6.730856
v 0.182781 10.214606 -5.904699
v 0.182781 11.040762 -5.078543
v 0.063768 11.040762 -6.730856
v 0.063768 10.214606 -5.904699
v 0.063768 11.040762 -5.078543
v 0.063768 11.866919 -5.904699
v 0.063768 10.297222 -7.557013
v 0.063768 11.040763 -6.813473
v 0.063768 11.040763 -8.300554
v 0.063768 11.784304 -7.557013
v 0.182781 10.297222 -7.557013
v 0.182781 11.040763 -6.813473
v 0.182781 11.040763 -8.300554
v 0.182781 11.784304 -7.557013
v 0.182781 11.866919 -7.557013
v 0.182781 11.040763 -8.383169
v 0.182781 10.214607 -7.557013
v 0.182781 11.040762 -6.730858
v 0.063768 11.040763 -8.383169
v 0.063768 10.214607 -7.557013
v 0.063768 11.040762 -6.730858
v 0.063768 11.866919 -7.557013
v 0.063768 10.297222 -9.209326
v 0.063768 11.040762 -8.465788
v 0.063768 11.784303 -9.209328
v 0.182781 10.297222 -9.209326
v 0.182781 11.040762 -8.465788
v 0.182781 11.784303 -9.209328
v 0.182781 11.866919 -9.209326
v 0.182781 10.214606 -9.209328
v 0.182781 11.040763 -8.383171
v 0.063768 10.214606 -9.209328
v 0.063768 11.040763 -8.383171
v 0.063768 11.866919 -9.209326
v 0.063768 8.711001 8.966120
v 0.063768 9.454542 8.222579
v 0.063768 10.198083 8.966120
v 0.182781 8.711001 8.966120
v 0.182781 9.454542 8.222579
v 0.182781 10.198083 8.966120
v 0.182781 10.280699 8.966120
v 0.182781 9.454542 8.139963
v 0.182781 8.628386 8.966120
v 0.063768 9.454542 8.139963
v 0.063768 8.628386 8.966120
v 0.063768 10.280699 8.966120
v 0.063768 8.711001 7.313807
v 0.063768 9.454542 8.057347
v 0.063768 9.454542 6.570266
v 0.063768 10.198083 7.313807
v 0.182781 8.711001 7.313807
v 0.182781 9.454542 8.057347
v 0.182781 9.454542 6.570266
v 0.182781 10.198083 7.313807
v 0.182781 10.280699 7.313807
v 0.182781 9.454542 6.487650
v 0.182781 8.628386 7.313807
v 0.182781 9.454542 8.139963
v 0.063768 9.454542 6.487650
v 0.063768 8.628386 7.313807
v 0.063768 9.454542 8.139963
v 0.063768 10.280699 7.313807
v 0.063768 8.711000 5.661493
v 0.063768 9.454542 6.405034
v 0.063768 9.454542 4.917953
v 0.063768 10.198083 5.661493
v 0.182781 8.711000 5.661493
v 0.182781 9.454542 6.405034
v 0.182781 9.454542 4.917953
v 0.182781 10.198083 5.661493
v 0.182781 10.280699 5.661493
v 0.182781 9.454542 4.835337
v 0.182781 8.628386 5.661493
v 0.182781 9.454542 6.487650
v 0.063768 9.454542 4.835337
v 0.063768 8.628386 5.661493
v 0.063768 9.454542 6.487650
v 0.063768 10.280699 5.661493
v 0.063768 8.711001 4.009180
v 0.063768 9.454542 4.752721
v 0.063768 9.454542 3.265639
v 0.063768 10.198083 4.009180
v 0.182781 8.711001 4.009180
v 0.182781 9.454542 4.752721
v 0.182781 9.454542 3.265639
v 0.182781 10.198083 4.009180
v 0.182781 10.280699 4.009180
v 0.182781 9.454542 3.183024
v 0.182781 8.628386 4.009181
v 0.182781 9.454542 4.835337
v 0.063768 9.454542 3.183024
v 0.063768 8.628386 4.009181
v 0.063768 9.454542 4.835337
v 0.063768 10.280699 4.009180
v 0.063768 8.711001 2.356867
v 0.063768 9.454542 3.100408
v 0.063768 9.454542 1.613326
v 0.063768 10.198083 2.356868
v 0.182781 8.711001 2.356867
v 0.182781 9.454542 3.100408
v 0.182781 9.454542 1.613326
v 0.182781 10.198083 2.356868
v 0.182781 10.280699 2.356868
v 0.182781 9.454542 1.530710
v 0.182781 8.628386 2.356867
v 0.182781 9.454542 3.183024
v 0.063768 9.454542 1.530710
v 0.063768 8.628386 2.356867
v 0.063768 9.454542 3.183024
v 0.063768 10.280699 2.356868
v 0.063768 8.711001 0.704554
v 0.063768 9.454542 1.448095
v 0.063768 9.454542 -0.038987
v 0.063768 10.198084 0.704554
v 0.182781 8.711001 0.704554
v 0.182781 9.454542 1.448095
v 0.182781 9.454542 -0.038987
v 0.182781 10.198084 0.704554
v 0.182781 10.280699 0.704554
v 0.182781 9.454542 -0.121603
v 0.182781 8.628386 0.704554
v 0.182781 9.454542 1.530711
v 0.063768 9.454542 -0.121603
v 0.063768 8.628386 0.704554
v 0.063768 9.454542 1.530711
v 0.063768 10.280699 0.704554
v 0.063768 8.711001 -0.947760
v 0.063768 9.454542 -0.204219
v 0.063768 9.454542 -1.691299
v 0.063768 10.198082 -0.947760
v 0.182781 8.711001 -0.947760
v 0.182781 9.454542 -0.204219
v 0.182781 9.454542 -1.691299
v 0.182781 10.198082 -0.947760
v 0.182781 10.280699 -0.947760
v 0.182781 9.454542 -1.773916
v 0.182781 8.628386 -0.947760
v 0.182781 9.454542 -0.121603
v 0.063768 9.454542 -1.773916
v 0.063768 8.628386 -0.947760
v 0.063768 9.454542 -0.121603
v 0.063768 10.280699 -0.947760
v 0.063768 8.711002 -2.600073
v 0.063768 9.454543 -1.856531
v 0.063768 9.454542 -3.343613
v 0.063768 10.198084 -2.600072
v 0.182781 8.711002 -2.600073
v 0.182781 9.454543 -1.856531
v 0.182781 9.454542 -3.343613
v 0.182781 10.198084 -2.600072
v 0.182781 10.280699 -2.600073
v 0.182781 9.454542 -3.426229
v 0.182781 8.628386 -2.600073
v 0.182781 9.454542 -1.773916
v 0.063768 9.454542 -3.426229
v 0.063768 8.628386 -2.600073
v 0.063768 9.454542 -1.773916
v 0.063768 10.280699 -2.600073
v 0.063768 8.711001 -4.252386
v 0.063768 9.454542 -3.508844
v 0.063768 9.454542 -4.995926
v 0.063768 10.198083 -4.252385
v 0.182781 8.711001 -4.252386
v 0.182781 9.454542 -3.508844
v 0.182781 9.454542 -4.995926
v 0.182781 10.198083 -4.252385
v 0.182781 10.280697 -4.252386
v 0.182781 9.454542 -5.078541
v 0.182781 8.628386 -4.252386
v 0.182781 9.454542 -3.426229
v 0.063768 9.454542 -5.078541
v 0.063768 8.628386 -4.252386
v 0.063768 9.454542 -3.426229
v 0.063768 10.280697 -4.252386
v 0.063768 8.711001 -5.904699
v 0.063768 9.454542 -5.161159
v 0.063768 9.454542 -6.648241
v 0.063768 10.198084 -5.904699
v 0.182781 8.711001 -5.904699
v 0.182781 9.454542 -5.161159
v 0.182781 9.454542 -6.648241
v 0.182781 10.198084 -5.904699
v 0.182781 10.280698 -5.904699
v 0.182781 9.454542 -6.730855
v 0.182781 8.628386 -5.904699
v 0.182781 9.454542 -5.078544
v 0.063768 9.454542 -6.730855
v 0.063768 8.628386 -5.904699
v 0.063768 9.454542 -5.078544
v 0.063768 10.280698 -5.904699
v 0.063768 8.711000 -7.557013
v 0.063768 9.454542 -6.813472
v 0.063768 9.454542 -8.300554
v 0.063768 10.198084 -7.557013
v 0.182781 8.711000 -7.557013
v 0.182781 9.454542 -6.813472
v 0.182781 9.454542 -8.300554
v 0.182781 10.198084 -7.557013
v 0.182781 10.280697 -7.557014
v 0.182781 9.454542 -8.383169
v 0.182781 8.628387 -7.557013
v 0.182781 9.454542 -6.730858
v 0.063768 9.454542 -8.383169
v 0.063768 8.628387 -7.557013
v 0.063768 9.454542 -6.730858
v 0.063768 10.280697 -7.557014
v 0.063768 8.711000 -9.209328
v 0.063768 9.454542 -8.465786
v 0.063768 10.198083 -9.209328
v 0.182781 8.711000 -9.209328
v 0.182781 9.454542 -8.465786
v 0.182781 10.198083 -9.209328
v 0.182781 10.280698 -9.209328
v 0.182781 8.628386 -9.209328
v 0.182781 9.454542 -8.383173
v 0.063768 8.628386 -9.209328
v 0.063768 9.454542 -8.383173
v 0.063768 10.280698 -9.209328
v 0.063768 7.124781 8.966120
v 0.063768 7.868321 8.222579
v 0.063768 8.611862 8.966120
v 0.182781 7.124781 8.966120
v 0.182781 7.868321 8.222579
v 0.182781 8.611862 8.966120
v 0.182781 8.694478 8.966120
v 0.182781 7.868321 8.139963
v 0.182781 7.042165 8.966120
v 0.063768 7.868321 8.139963
v 0.063768 7.042165 8.966120
v 0.063768 8.694478 8.966120
v 0.063768 7.124781 7.313807
v 0.063768 7.868321 8.057347
v 0.063768 7.868321 6.570266
v 0.063768 8.611862 7.313807
v 0.182781 7.124781 7.313807
v 0.182781 7.868321 8.057347
v 0.182781 7.868321 6.570266
v 0.182781 8.611862 7.313807
v 0.182781 8.694478 7.313807
v 0.182781 7.868321 6.487650
v 0.182781 7.042165 7.313807
v 0.182781 7.868321 8.139963
v 0.063768 7.868321 6.487650
v 0.063768 7.042165 7.313807
v 0.063768 7.868321 8.139963
v 0.063768 8.694478 7.313807
v 0.063768 7.124781 5.661493
v 0.063768 7.868321 6.405035
v 0.063768 7.868321 4.917953
v 0.063768 8.611862 5.661493
v 0.182781 7.124781 5.661493
v 0.182781 7.868321 6.405035
v 0.182781 7.868321 4.917953
v 0.182781 8.611862 5.661493
v 0.182781 8.694478 5.661493
v 0.182781 7.868321 4.835337
v 0.182781 7.042165 5.661493
v 0.182781 7.868321 6.487650
v 0.063768 7.868321 4.835337
v 0.063768 7.042165 5.661493
v 0.063768 7.868321 6.487650
v 0.063768 8.694478 5.661493
v 0.063768 7.124781 4.009180
v 0.063768 7.868321 4.752721
v 0.063768 7.868321 3.265639
v 0.063768 8.611862 4.009180
v 0.182781 7.124781 4.009180
v 0.182781 7.868321 4.752721
v 0.182781 7.868321 3.265639
v 0.182781 8.611862 4.009180
v 0.182781 8.694478 4.009180
v 0.182781 7.868321 3.183023
v 0.182781 7.042165 4.009180
v 0.182781 7.868321 4.835337
v 0.063768 7.868321 3.183023
v 0.063768 7.042165 4.009180
v 0.063768 7.868321 4.835337
v 0.063768 8.694478 4.009180
v 0.063768 7.124780 2.356866
v 0.063768 7.868321 3.100408
v 0.063768 7.868320 1.613326
v 0.063768 8.611862 2.356867
v 0.182781 7.124780 2.356866
v 0.182781 7.868321 3.100408
v 0.182781 7.868320 1.613326
v 0.182781 8.611862 2.356867
v 0.182781 8.694478 2.356867
v 0.182781 7.868321 1.530710
v 0.182781 7.042165 2.356867
v 0.182781 7.868321 3.183023
v 0.063768 7.868321 1.530710
v 0.063768 7.042165 2.356867
v 0.063768 7.868321 3.183023
v 0.063768 8.694478 2.356867
v 0.063768 7.124781 0.704554
v 0.063768 7.868322 1.448095
v 0.063768 7.868321 -0.038987
v 0.063768 8.611863 0.704554
v 0.182781 7.124781 0.704554
v 0.182781 7.868322 1.448095
v 0.182781 7.868321 -0.038987
v 0.182781 8.611863 0.704554
v 0.182781 8.694479 0.704554
v 0.182781 7.868321 -0.121603
v 0.182781 7.042165 0.704554
v 0.182781 7.868322 1.530711
v 0.063768 7.868321 -0.121603
v 0.063768 7.042165 0.704554
v 0.063768 7.868322 1.530711
v 0.063768 8.694479 0.704554
v 0.063768 7.124780 -0.947760
v 0.063768 7.868321 -0.204219
v 0.063768 7.868321 -1.691301
v 0.063768 8.611862 -0.947760
v 0.182781 7.124780 -0.947760
v 0.182781 7.868321 -0.204219
v 0.182781 7.868321 -1.691301
v 0.182781 8.611862 -0.947760
v 0.182781 8.694478 -0.947760
v 0.182781 7.868321 -1.773916
v 0.182781 7.042165 -0.947760
v 0.182781 7.868321 -0.121603
v 0.063768 7.868321 -1.773916
v 0.063768 7.042165 -0.947760
v 0.063768 7.868321 -0.121603
v 0.063768 8.694478 -0.947760
v 0.063768 7.124781 -2.600072
v 0.063768 7.868321 -1.856531
v 0.063768 7.868322 -3.343614
v 0.063768 8.611863 -2.600073
v 0.182781 7.124781 -2.600072
v 0.182781 7.868321 -1.856531
v 0.182781 7.868322 -3.343614
v 0.182781 8.611863 -2.600073
v 0.182781 8.694479 -2.600073
v 0.182781 7.868321 -3.426229
v 0.182781 7.042165 -2.600073
v 0.182781 7.868321 -1.773915
v 0.063768 7.868321 -3.426229
v 0.063768 7.042165 -2.600073
v 0.063768 7.868321 -1.773915
v 0.063768 8.694479 -2.600073
v 0.063768 7.124781 -4.252386
v 0.063768 7.868322 -3.508844
v 0.063768 7.868322 -4.995926
v 0.063768 8.611862 -4.252386
v 0.182781 7.124781 -4.252386
v 0.182781 7.868322 -3.508844
v 0.182781 7.868322 -4.995926
v 0.182781 8.611862 -4.252386
v 0.182781 8.694478 -4.252386
v 0.182781 7.868322 -5.078542
v 0.182781 7.042166 -4.252385
v 0.182781 7.868321 -3.426229
v 0.063768 7.868322 -5.078542
v 0.063768 7.042166 -4.252385
v 0.063768 7.868321 -3.426229
v 0.063768 8.694478 -4.252386
v 0.063768 7.124782 -5.904699
v 0.063768 7.868321 -5.161160
v 0.063768 7.868322 -6.648239
v 0.063768 8.611862 -5.904699
v 0.182781 7.124782 -5.904699
v 0.182781 7.868321 -5.161160
v 0.182781 7.868322 -6.648239
v 0.182781 8.611862 -5.904699
v 0.182781 8.694478 -5.904699
v 0.182781 7.868321 -6.730856
v 0.182781 7.042165 -5.904699
v 0.182781 7.868322 -5.078543
v 0.063768 7.868321 -6.730856
v 0.063768 7.042165 -5.904699
v 0.063768 7.868322 -5.078543
v 0.063768 8.694478 -5.904699
v 0.063768 7.124781 -7.557014
v 0.063768 7.868322 -6.813473
v 0.063768 7.868321 -8.300554
v 0.063768 8.611862 -7.557013
v 0.182781 7.124781 -7.557014
v 0.182781 7.868322 -6.813473
v 0.182781 7.868321 -8.300554
v 0.182781 8.611862 -7.557013
v 0.182781 8.694479 -7.557013
v 0.182781 7.868322 -8.383169
v 0.182781 7.042166 -7.557013
v 0.182781 7.868322 -6.730857
v 0.063768 7.868322 -8.383169
v 0.063768 7.042166 -7.557013
v 0.063768 7.868322 -6.730857
v 0.063768 8.694479 -7.557013
v 0.063768 7.124781 -9.209328
v 0.063768 7.868322 -8.465786
v 0.063768 8.611862 -9.209328
v 0.182781 7.124781 -9.209328
v 0.182781 7.868322 -8.465786
v 0.182781 8.611862 -9.209328
v 0.182781 8.694478 -9.209328
v 0.182781 7.042166 -9.209326
v 0.182781 7.868321 -8.383171
v 0.063768 7.042166 -9.209326
v 0.063768 7.868321 -8.383171
v 0.063768 8.694478 -9.209328
v 0.063768 5.538560 8.966120
v 0.063768 6.282101 8.222579
v 0.063768 7.025641 8.966120
v 0.182781 5.538560 8.966120
v 0.182781 6.282101 8.222579
v 0.182781 7.025641 8.966120
v 0.182781 7.108257 8.966120
v 0.182781 6.282101 8.139963
v 0.182781 5.455944 8.966120
v 0.063768 6.282101 8.139963
v 0.063768 5.455944 8.966120
v 0.063768 7.108257 8.966120
v 0.063768 5.538560 7.313807
v 0.063768 6.282101 8.057347
v 0.063768 6.282101 6.570265
v 0.063768 7.025642 7.313807
v 0.182781 5.538560 7.313807
v 0.182781 6.282101 8.057347
v 0.182781 6.282101 6.570265
v 0.182781 7.025642 7.313807
v 0.182781 7.108257 7.313807
v 0.182781 6.282101 6.487650
v 0.182781 5.455944 7.313807
v 0.182781 6.282101 8.139963
v 0.063768 6.282101 6.487650
v 0.063768 5.455944 7.313807
v 0.063768 6.282101 8.139963
v 0.063768 7.108257 7.313807
v 0.063768 5.538560 5.661493
v 0.063768 6.282101 6.405034
v 0.063768 6.282101 4.917953
v 0.063768 7.025641 5.661493
v 0.182781 5.538560 5.661493
v 0.182781 6.282101 6.405034
v 0.182781 6.282101 4.917953
v 0.182781 7.025641 5.661493
v 0.182781 7.108257 5.661493
v 0.182781 6.282101 4.835337
v 0.182781 5.455945 5.661494
v 0.182781 6.282101 6.487650
v 0.063768 6.282101 4.835337
v 0.063768 5.455945 5.661494
v 0.063768 6.282101 6.487650
v 0.063768 7.108257 5.661493
v 0.063768 5.538560 4.009180
v 0.063768 6.282101 4.752721
v 0.063768 6.282101 3.265639
v 0.063768 7.025642 4.009181
v 0.182781 5.538560 4.009180
v 0.182781 6.282101 4.752721
v 0.182781 6.282101 3.265639
v 0.182781 7.025642 4.009181
v 0.182781 7.108258 4.009181
v 0.182781 6.282101 3.183023
v 0.182781 5.455944 4.009180
v 0.182781 6.282101 4.835337
v 0.063768 6.282101 3.183023
v 0.063768 5.455944 4.009180
v 0.063768 6.282101 4.835337
v 0.063768 7.108258 4.009181
v 0.063768 5.538559 2.356866
v 0.063768 6.282101 3.100408
v 0.063768 6.282100 1.613326
v 0.063768 7.025641 2.356867
v 0.182781 5.538559 2.356866
v 0.182781 6.282101 3.100408
v 0.182781 6.282100 1.613326
v 0.182781 7.025641 2.356867
v 0.182781 7.108257 2.356867
v 0.182781 6.282101 1.530711
v 0.182781 5.455945 2.356867
v 0.182781 6.282101 3.183023
v 0.063768 6.282101 1.530711
v 0.063768 5.455945 2.356867
v 0.063768 6.282101 3.183023
v 0.063768 7.108257 2.356867
v 0.063768 5.538560 0.704554
v 0.063768 6.282101 1.448095
v 0.063768 6.282101 -0.038987
v 0.063768 7.025642 0.704554
v 0.182781 5.538560 0.704554
v 0.182781 6.282101 1.448095
v 0.182781 6.282101 -0.038987
v 0.182781 7.025642 0.704554
v 0.182781 7.108258 0.704554
v 0.182781 6.282101 -0.121603
v 0.182781 5.455944 0.704554
v 0.182781 6.282101 1.530711
v 0.063768 6.282101 -0.121603
v 0.063768 5.455944 0.704554
v 0.063768 6.282101 1.530711
v 0.063768 7.108258 0.704554
v 0.063768 5.538560 -0.947760
v 0.063768 6.282101 -0.204219
v 0.063768 6.282101 -1.691300
v 0.063768 7.025641 -0.947760
v 0.182781 5.538560 -0.947760
v 0.182781 6.282101 -0.204219
v 0.182781 6.282101 -1.691300
v 0.182781 7.025641 -0.947760
v 0.182781 7.108257 -0.947760
v 0.182781 6.282100 -1.773916
v 0.182781 5.455944 -0.947761
v 0.182781 6.282101 -0.121603
v 0.063768 6.282100 -1.773916
v 0.063768 5.455944 -0.947761
v 0.063768 6.282101 -0.121603
v 0.063768 7.108257 -0.947760
v 0.063768 5.538560 -2.600073
v 0.063768 6.282101 -1.856532
v 0.063768 6.282101 -3.343614
v 0.063768 7.025641 -2.600073
v 0.182781 5.538560 -2.600073
v 0.182781 6.282101 -1.856532
v 0.182781 6.282101 -3.343614
v 0.182781 7.025641 -2.600073
v 0.182781 7.108258 -2.600073
v 0.182781 6.282101 -3.426229
v 0.182781 5.455945 -2.600073
v 0.182781 6.282101 -1.773916
v 0.063768 6.282101 -3.426229
v 0.063768 5.455945 -2.600073
v 0.063768 6.282101 -1.773916
v 0.063768 7.108258 -2.600073
v 0.063768 5.538560 -4.252386
v 0.063768 6.282101 -3.508845
v 0.063768 6.282100 -4.995926
v 0.063768 7.025641 -4.252386
v 0.182781 5.538560 -4.252386
v 0.182781 6.282101 -3.508845
v 0.182781 6.282100 -4.995926
v 0.182781 7.025641 -4.252386
v 0.182781 7.108257 -4.252385
v 0.182781 6.282101 -5.078542
v 0.182781 5.455945 -4.252386
v 0.182781 6.282101 -3.426229
v 0.063768 6.282101 -5.078542
v 0.063768 5.455945 -4.252386
v 0.063768 6.282101 -3.426229
v 0.063768 7.108257 -4.252385
v 0.063768 5.538560 -5.904699
v 0.063768 6.282101 -5.161160
v 0.063768 6.282101 -6.648240
v 0.063768 7.025641 -5.904699
v 0.182781 5.538560 -5.904699
v 0.182781 6.282101 -5.161160
v 0.182781 6.282101 -6.648240
v 0.182781 7.025641 -5.904699
v 0.182781 7.108257 -5.904699
v 0.182781 6.282101 -6.730856
v 0.182781 5.455945 -5.904699
v 0.182781 6.282101 -5.078544
v 0.063768 6.282101 -6.730856
v 0.063768 5.455945 -5.904699
v 0.063768 6.282101 -5.078544
v 0.063768 7.108257 -5.904699
v 0.063768 5.538560 -7.557013
v 0.063768 6.282100 -6.813473
v 0.063768 6.282101 -8.300554
v 0.063768 7.025641 -7.557014
v 0.182781 5.538560 -7.557013
v 0.182781 6.282100 -6.813473
v 0.182781 6.282101 -8.300554
v 0.182781 7.025641 -7.557014
v 0.182781 7.108257 -7.557013
v 0.182781 6.282101 -8.383169
v 0.182781 5.455944 -7.557013
v 0.182781 6.282101 -6.730857
v 0.063768 6.282101 -8.383169
v 0.063768 5.455944 -7.557013
v 0.063768 6.282101 -6.730857
v 0.063768 7.108257 -7.557013
v 0.063768 5.538561 -9.209326
v 0.063768 6.282101 -8.465788
v 0.063768 7.025641 -9.209328
v 0.182781 5.538561 -9.209326
v 0.182781 6.282101 -8.465788
v 0.182781 7.025641 -9.209328
v 0.182781 7.108257 -9.209326
v 0.182781 5.455945 -9.209328
v 0.182781 6.282101 -8.383171
v 0.063768 5.455945 -9.209328
v 0.063768 6.282101 -8.383171
v 0.063768 7.108257 -9.209326
v 0.063768 3.952339 8.966120
v 0.063768 4.695879 8.222579
v 0.063768 5.439420 8.966120
v 0.182781 3.952339 8.966120
v 0.182781 4.695879 8.222579
v 0.182781 5.439420 8.966120
v 0.182781 5.522036 8.966120
v 0.182781 4.695879 8.139963
v 0.182781 3.869723 8.966120
v 0.063768 4.695879 8.139963
v 0.063768 3.869723 8.966120
v 0.063768 5.522036 8.966120
v 0.063768 3.952338 7.313807
v 0.063768 4.695879 8.057348
v 0.063768 4.695879 6.570265
v 0.063768 5.439421 7.313807
v 0.182781 3.952338 7.313807
v 0.182781 4.695879 8.057348
v 0.182781 4.695879 6.570265
v 0.182781 5.439421 7.313807
v 0.182781 5.522037 7.313807
v 0.182781 4.695879 6.487650
v 0.182781 3.869722 7.313807
v 0.182781 4.695880 8.139963
v 0.063768 4.695879 6.487650
v 0.063768 3.869722 7.313807
v 0.063768 4.695880 8.139963
v 0.063768 5.522037 7.313807
v 0.063768 3.952339 5.661493
v 0.063768 4.695880 6.405034
v 0.063768 4.695880 4.917953
v 0.063768 5.439421 5.661493
v 0.182781 3.952339 5.661493
v 0.182781 4.695880 6.405034
v 0.182781 4.695880 4.917953
v 0.182781 5.439421 5.661493
v 0.182781 5.522036 5.661493
v 0.182781 4.695880 4.835337
v 0.182781 3.869723 5.661493
v 0.182781 4.695879 6.487650
v 0.063768 4.695880 4.835337
v 0.063768 3.869723 5.661493
v 0.063768 4.695879 6.487650
v 0.063768 5.522036 5.661493
v 0.063768 3.952338 4.009180
v 0.063768 4.695880 4.752721
v 0.063768 4.695879 3.265639
v 0.063768 5.439421 4.009180
v 0.182781 3.952338 4.009180
v 0.182781 4.695880 4.752721
v 0.182781 4.695879 3.265639
v 0.182781 5.439421 4.009180
v 0.182781 5.522037 4.009180
v 0.182781 4.695880 3.183023
v 0.182781 3.869723 4.009180
v 0.182781 4.695880 4.835337
v 0.063768 4.695880 3.183023
v 0.063768 3.869723 4.009180
v 0.063768 4.695880 4.835337
v 0.063768 5.522037 4.009180
v 0.063768 3.952339 2.356867
v 0.063768 4.695880 3.100408
v 0.063768 4.695879 1.613327
v 0.063768 5.439420 2.356867
v 0.182781 3.952339 2.356867
v 0.182781 4.695880 3.100408
v 0.182781 4.695879 1.613327
v 0.182781 5.439420 2.356867
v 0.182781 5.522036 2.356867
v 0.182781 4.695879 1.530710
v 0.182781 3.869723 2.356866
v 0.182781 4.695880 3.183023
v 0.063768 4.695879 1.530710
v 0.063768 3.869723 2.356866
v 0.063768 4.695880 3.183023
v 0.063768 5.522036 2.356867
v 0.063768 3.952339 0.704554
v 0.063768 4.695880 1.448095
v 0.063768 4.695879 -0.038988
v 0.063768 5.439421 0.704554
v 0.182781 3.952339 0.704554
v 0.182781 4.695880 1.448095
v 0.182781 4.695879 -0.038988
v 0.182781 5.439421 0.704554
v 0.182781 5.522037 0.704554
v 0.182781 4.695880 -0.121603
v 0.182781 3.869723 0.704554
v 0.182781 4.695880 1.530710
v 0.063768 4.695880 -0.121603
v 0.063768 3.869723 0.704554
v 0.063768 4.695880 1.530710
v 0.063768 5.522037 0.704554
v 0.063768 3.952339 -0.947760
v 0.063768 4.695879 -0.204219
v 0.063768 4.695879 -1.691300
v 0.063768 5.439420 -0.947760
v 0.182781 3.952339 -0.947760
v 0.182781 4.695879 -0.204219
v 0.182781 4.695879 -1.691300
v 0.182781 5.439420 -0.947760
v 0.182781 5.522036 -0.947760
v 0.182781 4.695879 -1.773916
v 0.182781 3.869723 -0.947760
v 0.182781 4.695880 -0.121603
v 0.063768 4.695879 -1.773916
v 0.063768 3.869723 -0.947760
v 0.063768 4.695880 -0.121603
v 0.063768 5.522036 -0.947760
v 0.063768 3.952338 -2.600073
v 0.063768 4.695880 -1.856531
v 0.063768 4.695879 -3.343615
v 0.063768 5.439421 -2.600073
v 0.182781 3.952338 -2.600073
v 0.182781 4.695880 -1.856531
v 0.182781 4.695879 -3.343615
v 0.182781 5.439421 -2.600073
v 0.182781 5.522037 -2.600073
v 0.182781 4.695880 -3.426229
v 0.182781 3.869723 -2.600073
v 0.182781 4.695880 -1.773916
v 0.063768 4.695880 -3.426229
v 0.063768 3.869723 -2.600073
v 0.063768 4.695880 -1.773916
v 0.063768 5.522037 -2.600073
v 0.063768 3.952339 -4.252385
v 0.063768 4.695879 -3.508845
v 0.063768 4.695880 -4.995926
v 0.063768 5.439420 -4.252386
v 0.182781 3.952339 -4.252385
v 0.182781 4.695879 -3.508845
v 0.182781 4.695880 -4.995926
v 0.182781 5.439420 -4.252386
v 0.182781 5.522036 -4.252386
v 0.182781 4.695879 -5.078543
v 0.182781 3.869723 -4.252386
v 0.182781 4.695880 -3.426229
v 0.063768 4.695879 -5.078543
v 0.063768 3.869723 -4.252386
v 0.063768 4.695880 -3.426229
v 0.063768 5.522036 -4.252386
v 0.063768 3.952339 -5.904699
v 0.063768 4.695879 -5.161160
v 0.063768 4.695879 -6.648241
v 0.063768 5.439420 -5.904699
v 0.182781 3.952339 -5.904699
v 0.182781 4.695879 -5.161160
v 0.182781 4.695879 -6.648241
v 0.182781 5.439420 -5.904699
v 0.182781 5.522037 -5.904699
v 0.182781 4.695880 -6.730856
v 0.182781 3.869723 -5.904699
v 0.182781 4.695880 -5.078543
v 0.063768 4.695880 -6.730856
v 0.063768 3.869723 -5.904699
v 0.063768 4.695880 -5.078543
v 0.063768 5.522037 -5.904699
v 0.063768 3.952339 -7.557013
v 0.063768 4.695880 -6.813473
v 0.063768 4.695879 -8.300554
v 0.063768 5.439420 -7.557013
v 0.182781 3.952339 -7.557013
v 0.182781 4.695880 -6.813473
v 0.182781 4.695879 -8.300554
v 0.182781 5.439420 -7.557013
v 0.182781 5.522036 -7.557013
v 0.182781 4.695880 -8.383169
v 0.182781 3.869724 -7.557013
v 0.182781 4.695879 -6.730858
v 0.063768 4.695880 -8.383169
v 0.063768 3.869724 -7.557013
v 0.063768 4.695879 -6.730858
v 0.063768 5.522036 -7.557013
v 0.063768 3.952340 -9.209328
v 0.063768 4.695879 -8.465788
v 0.063768 5.439420 -9.209328
v 0.182781 3.952340 -9.209328
v 0.182781 4.695879 -8.465788
v 0.182781 5.439420 -9.209328
v 0.182781 5.522036 -9.209328
v 0.182781 3.869724 -9.209326
v 0.182781 4.695880 -8.383171
v 0.063768 3.869724 -9.209326
v 0.063768 4.695880 -8.383171
v 0.063768 5.522036 -9.209328
v 0.063768 2.366118 8.966120
v 0.063768 3.109658 8.222579
v 0.063768 3.853199 8.966120
v 0.182781 2.366118 8.966120
v 0.182781 3.109658 8.222579
v 0.182781 3.853199 8.966120
v 0.182781 3.935815 8.966120
v 0.182781 3.109658 8.139963
v 0.182781 2.283502 8.966120
v 0.063768 3.109658 8.139963
v 0.063768 2.283502 8.966120
v 0.063768 3.935815 8.966120
v 0.063768 2.366117 7.313807
v 0.063768 3.109658 8.057348
v 0.063768 3.109658 6.570265
v 0.063768 3.853200 7.313807
v 0.182781 2.366117 7.313807
v 0.182781 3.109658 8.057348
v 0.182781 3.109658 6.570265
v 0.182781 3.853200 7.313807
v 0.182781 3.935816 7.313807
v 0.182781 3.109658 6.487650
v 0.182781 2.283502 7.313807
v 0.182781 3.109658 8.139963
v 0.063768 3.109658 6.487650
v 0.063768 2.283502 7.313807
v 0.063768 3.109658 8.139963
v 0.063768 3.935816 7.313807
v 0.063768 2.366118 5.661493
v 0.063768 3.109658 6.405034
v 0.063768 3.109659 4.917953
v 0.063768 3.853199 5.661493
v 0.182781 2.366118 5.661493
v 0.182781 3.109658 6.405034
v 0.182781 3.109659 4.917953
v 0.182781 3.853199 5.661493
v 0.182781 3.935815 5.661493
v 0.182781 3.109659 4.835337
v 0.182781 2.283503 5.661493
v 0.182781 3.109658 6.487650
v 0.063768 3.109659 4.835337
v 0.063768 2.283503 5.661493
v 0.063768 3.109658 6.487650
v 0.063768 3.935815 5.661493
v 0.063768 2.366117 4.009180
v 0.063768 3.109658 4.752721
v 0.063768 3.109658 3.265639
v 0.063768 3.853200 4.009180
v 0.182781 2.366117 4.009180
v 0.182781 3.109658 4.752721
v 0.182781 3.109658 3.265639
v 0.182781 3.853200 4.009180
v 0.182781 3.935816 4.009180
v 0.182781 3.109658 3.183023
v 0.182781 2.283502 4.009180
v 0.182781 3.109659 4.835337
v 0.063768 3.109658 3.183023
v 0.063768 2.283502 4.009180
v 0.063768 3.109659 4.835337
v 0.063768 3.935816 4.009180
v 0.063768 2.366117 2.356866
v 0.063768 3.109658 3.100408
v 0.063768 3.109658 1.613326
v 0.063768 3.853199 2.356867
v 0.182781 2.366117 2.356866
v 0.182781 3.109658 3.100408
v 0.182781 3.109658 1.613326
v 0.182781 3.853199 2.356867
v 0.182781 3.935815 2.356867
v 0.182781 3.109659 1.530711
v 0.182781 2.283503 2.356868
v 0.182781 3.109658 3.183023
v 0.063768 3.109659 1.530711
v 0.063768 2.283503 2.356868
v 0.063768 3.109658 3.183023
v 0.063768 3.935815 2.356867
v 0.063768 2.366118 0.704554
v 0.063768 3.109659 1.448095
v 0.063768 3.109659 -0.038987
v 0.063768 3.853200 0.704554
v 0.182781 2.366118 0.704554
v 0.182781 3.109659 1.448095
v 0.182781 3.109659 -0.038987
v 0.182781 3.853200 0.704554
v 0.182781 3.935816 0.704555
v 0.182781 3.109658 -0.121603
v 0.182781 2.283502 0.704554
v 0.182781 3.109659 1.530711
v 0.063768 3.109658 -0.121603
v 0.063768 2.283502 0.704554
v 0.063768 3.109659 1.530711
v 0.063768 3.935816 0.704555
v 0.063768 2.366118 -0.947760
v 0.063768 3.109659 -0.204219
v 0.063768 3.109658 -1.691299
v 0.063768 3.853199 -0.947759
v 0.182781 2.366118 -0.947760
v 0.182781 3.109659 -0.204219
v 0.182781 3.109658 -1.691299
v 0.182781 3.853199 -0.947759
v 0.182781 3.935815 -0.947760
v 0.182781 3.109658 -1.773916
v 0.182781 2.283502 -0.947760
v 0.182781 3.109658 -0.121603
v 0.063768 3.109658 -1.773916
v 0.063768 2.283502 -0.947760
v 0.063768 3.109658 -0.121603
v 0.063768 3.935815 -0.947760
v 0.063768 2.366118 -2.600073
v 0.063768 3.109659 -1.856532
v 0.063768 3.109659 -3.343614
v 0.063768 3.853200 -2.600073
v 0.182781 2.366118 -2.600073
v 0.182781 3.109659 -1.856532
v 0.182781 3.109659 -3.343614
v 0.182781 3.853200 -2.600073
v 0.182781 3.935816 -2.600072
v 0.182781 3.109658 -3.426229
v 0.182781 2.283502 -2.600073
v 0.182781 3.109659 -1.773915
v 0.063768 3.109658 -3.426229
v 0.063768 2.283502 -2.600073
v 0.063768 3.109659 -1.773915
v 0.063768 3.935816 -2.600072
v 0.063768 2.366118 -4.252386
v 0.063768 3.109659 -3.508845
v 0.063768 3.109658 -4.995926
v 0.063768 3.853200 -4.252386
v 0.182781 2.366118 -4.252386
v 0.182781 3.109659 -3.508845
v 0.182781 3.109658 -4.995926
v 0.182781 3.853200 -4.252386
v 0.182781 3.935815 -4.252386
v 0.182781 3.109659 -5.078542
v 0.182781 2.283503 -4.252385
v 0.182781 3.109658 -3.426229
v 0.063768 3.109659 -5.078542
v 0.063768 2.283503 -4.252385
v 0.063768 3.109658 -3.426229
v 0.063768 3.935815 -4.252386
v 0.063768 2.366117 -5.904700
v 0.063768 3.109658 -5.161160
v 0.063768 3.109658 -6.648241
v 0.063768 3.853199 -5.904700
v 0.182781 2.366117 -5.904700
v 0.182781 3.109658 -5.161160
v 0.182781 3.109658 -6.648241
v 0.182781 3.853199 -5.904700
v 0.182781 3.935815 -5.904699
v 0.182781 3.109658 -6.730856
v 0.182781 2.283502 -5.904699
v 0.182781 3.109658 -5.078543
v 0.063768 3.109658 -6.730856
v 0.063768 2.283502 -5.904699
v 0.063768 3.109658 -5.078543
v 0.063768 3.935815 -5.904699
v 0.063768 2.366117 -7.557014
v 0.063768 3.109658 -6.813473
v 0.063768 3.109658 -8.300554
v 0.063768 3.853199 -7.557013
v 0.182781 2.366117 -7.557014
v 0.182781 3.109658 -6.813473
v 0.182781 3.109658 -8.300554
v 0.182781 3.853199 -7.557013
v 0.182781 3.935815 -7.557013
v 0.182781 3.109658 -8.383169
v 0.182781 2.283503 -7.557013
v 0.182781 3.109659 -6.730857
v 0.063768 3.109658 -8.383169
v 0.063768 2.283503 -7.557013
v 0.063768 3.109659 -6.730857
v 0.063768 3.935815 -7.557013
v 0.063768 2.366117 -9.209328
v 0.063768 3.109658 -8.465786
v 0.063768 3.853200 -9.209328
v 0.182781 2.366117 -9.209328
v 0.182781 3.109658 -8.465786
v 0.182781 3.853200 -9.209328
v 0.182781 3.935816 -9.209326
v 0.182781 2.283503 -9.209326
v 0.182781 3.109659 -8.383169
v 0.063768 2.283503 -9.209326
v 0.063768 3.109659 -8.383169
v 0.063768 3.935816 -9.209326
v 0.063768 1.523438 8.222579
v 0.063768 2.266978 8.966120
v 0.182781 1.523438 8.222579
v 0.182781 2.266978 8.966120
v 0.182781 2.349594 8.966120
v 0.182781 1.523438 8.139963
v 0.063768 1.523438 8.139963
v 0.063768 2.349594 8.966120
v 0.063768 1.523438 8.057348
v 0.063768 1.523438 6.570266
v 0.063768 2.266979 7.313807
v 0.182781 1.523438 8.057348
v 0.182781 1.523438 6.570266
v 0.182781 2.266979 7.313807
v 0.182781 2.349595 7.313807
v 0.182781 1.523438 6.487650
v 0.182781 1.523438 8.139963
v 0.063768 1.523438 6.487650
v 0.063768 1.523438 8.139963
v 0.063768 2.349595 7.313807
v 0.063768 1.523438 6.405034
v 0.063768 1.523438 4.917953
v 0.063768 2.266978 5.661493
v 0.182781 1.523438 6.405034
v 0.182781 1.523438 4.917953
v 0.182781 2.266978 5.661493
v 0.182781 2.349594 5.661493
v 0.182781 1.523438 4.835338
v 0.182781 1.523438 6.487650
v 0.063768 1.523438 4.835338
v 0.063768 1.523438 6.487650
v 0.063768 2.349594 5.661493
v 0.063768 1.523438 4.752722
v 0.063768 1.523438 3.265639
v 0.063768 2.266979 4.009180
v 0.182781 1.523438 4.752722
v 0.182781 1.523438 3.265639
v 0.182781 2.266979 4.009180
v 0.182781 2.349595 4.009180
v 0.182781 1.523438 3.183022
v 0.182781 1.523438 4.835338
v 0.063768 1.523438 3.183022
v 0.063768 1.523438 4.835338
v 0.063768 2.349595 4.009180
v 0.063768 1.523438 3.100408
v 0.063768 1.523438 1.613326
v 0.063768 2.266978 2.356867
v 0.182781 1.523438 3.100408
v 0.182781 1.523438 1.613326
v 0.182781 2.266978 2.356867
v 0.182781 2.349593 2.356867
v 0.182781 1.523437 1.530710
v 0.182781 1.523438 3.183022
v 0.063768 1.523437 1.530710
v 0.063768 1.523438 3.183022
v 0.063768 2.349593 2.356867
v 0.063768 1.523438 1.448094
v 0.063768 1.523438 -0.038987
v 0.063768 2.266978 0.704554
v 0.182781 1.523438 1.448094
v 0.182781 1.523438 -0.038987
v 0.182781 2.266978 0.704554
v 0.182781 2.349595 0.704554
v 0.182781 1.523438 -0.121603
v 0.182781 1.523438 1.530711
v 0.063768 1.523438 -0.121603
v 0.063768 1.523438 1.530711
v 0.063768 2.349595 0.704554
v 0.063768 1.523438 -0.204219
v 0.063768 1.523438 -1.691300
v 0.063768 2.266978 -0.947760
v 0.182781 1.523438 -0.204219
v 0.182781 1.523438 -1.691300
v 0.182781 2.266978 -0.947760
v 0.182781 2.349594 -0.947759
v 0.182781 1.523438 -1.773915
v 0.182781 1.523438 -0.121603
v 0.063768 1.523438 -1.773915
v 0.063768 1.523438 -0.121603
v 0.063768 2.349594 -0.947759
v 0.063768 1.523438 -1.856532
v 0.063768 1.523438 -3.343614
v 0.063768 2.266978 -2.600073
v 0.182781 1.523438 -1.856532
v 0.182781 1.523438 -3.343614
v 0.182781 2.266978 -2.600073
v 0.182781 2.349595 -2.600073
v 0.182781 1.523438 -3.426229
v 0.182781 1.523438 -1.773916
v 0.063768 1.523438 -3.426229
v 0.063768 1.523438 -1.773916
v 0.063768 2.349595 -2.600073
v 0.063768 1.523438 -3.508845
v 0.063768 1.523438 -4.995927
v 0.063768 2.266978 -4.252386
v 0.182781 1.523438 -3.508845
v 0.182781 1.523438 -4.995927
v 0.182781 2.266978 -4.252386
v 0.182781 2.349594 -4.252385
v 0.182781 1.523437 -5.078543
v 0.182781 1.523438 -3.426229
v 0.063768 1.523437 -5.078543
v 0.063768 1.523438 -3.426229
v 0.063768 2.349594 -4.252385
v 0.063768 1.523438 -5.161158
v 0.063768 1.523438 -6.648240
v 0.063768 2.266979 -5.904698
v 0.182781 1.523438 -5.161158
v 0.182781 1.523438 -6.648240
v 0.182781 2.266979 -5.904698
v 0.182781 2.349593 -5.904699
v 0.182781 1.523437 -6.730856
v 0.182781 1.523438 -5.078544
v 0.063768 1.523437 -6.730856
v 0.063768 1.523438 -5.078544
v 0.063768 2.349593 -5.904699
v 0.063768 1.523438 -6.813473
v 0.063768 1.523438 -8.300554
v 0.063768 2.266978 -7.557013
v 0.182781 1.523438 -6.813473
v 0.182781 1.523438 -8.300554
v 0.182781 2.266978 -7.557013
v 0.182781 2.349594 -7.557013
v 0.182781 1.523438 -8.383169
v 0.182781 1.523438 -6.730857
v 0.063768 1.523438 -8.383169
v 0.063768 1.523438 -6.730857
v 0.063768 2.349594 -7.557013
v 0.063768 1.523438 -8.465786
v 0.063768 2.266979 -9.209326
v 0.182781 1.523438 -8.465786
v 0.182781 2.266979 -9.209326
v 0.182781 2.349594 -9.209326
v 0.182781 1.523438 -8.383171
v 0.063768 1.523438 -8.383171
v 0.063768 2.349594 -9.209326
v -0.117188 -0.200267 9.211926
v -0.117188 17.531818 9.211926
v 0.281452 -0.200267 9.211926
v 0.281452 17.531818 9.211926
v -0.117188 -0.200267 8.782333
v -0.117188 17.531818 8.782335
v 0.281452 -0.200267 8.782333
v 0.281452 17.531818 8.782335
v 0.373129 17.556263 8.683538
v 0.373129 17.556263 9.310721
v -0.208865 17.556263 9.310721
v -0.208865 17.556263 8.683538
v 0.373129 17.851715 8.683538
v 0.373129 17.851715 9.310721
v -0.208865 17.851715 9.310721
v -0.208865 17.851715 8.683538
v -0.117188 -0.200269 -9.339195
v -0.117188 17.531818 -9.339193
v 0.281452 -0.200269 -9.339195
v 0.281452 17.531818 -9.339193
v -0.117188 -0.200266 -8.909603
v -0.117188 17.531820 -8.909605
v 0.281452 -0.200266 -8.909603
v 0.281452 17.531820 -8.909605
v 0.373129 17.556263 -8.810806
v 0.373129 17.556263 -9.437990
v -0.208865 17.556263 -9.437990
v -0.208865 17.556263 -8.810806
v 0.373129 17.851715 -8.810808
v 0.373129 17.851715 -9.437990
v -0.208865 17.851715 -9.437990
v -0.208865 17.851715 -8.810808
v -0.025042 1.292970 9.074558
v -0.025042 1.507319 9.074558
v -0.025042 1.292971 -9.201826
v -0.025042 1.507318 -9.201826
v 0.189306 1.292970 9.074558
v 0.189306 1.507319 9.074558
v 0.189306 1.292971 -9.201826
v 0.189306 1.507318 -9.201826
v -0.025042 13.270988 9.074559
v -0.025042 13.485336 9.074559
v -0.025042 13.270988 -9.201824
v -0.025042 13.485336 -9.201822
v 0.189306 13.270988 9.074559
v 0.189306 13.485336 9.074559
v 0.189306 13.270988 -9.201824
v 0.189306 13.485336 -9.201822
vn -0.0000 0.7071 -0.7071
vn -0.0000 -0.7071 -0.7071
vn 1.0000 -0.0000 -0.0000
vn -1.0000 -0.0000 -0.0000
vn -0.0000 0.7071 0.7071
vn -0.0000 -0.7071 0.7071
vn -0.0000 -0.0000 -1.0000
vn -0.0000 -0.0000 1.0000
vn -0.0000 -1.0000 -0.0000
vn -0.2576 -0.9662 -0.0000
vn 0.2576 -0.9662 -0.0000
vn -0.0000 -0.9707 0.2402
vn -0.0000 -0.9707 -0.2402
vn -0.0000 1.0000 -0.0000
vt 0.590231 0.246166
vt 0.603721 0.236435
vt 0.603721 0.259084
vt 0.592585 0.254391
vt 0.583174 0.253114
vt 0.583095 0.250595
vt 0.602890 0.259415
vt 0.592423 0.254924
vt 0.583025 0.253798
vt 0.582781 0.250173
vt 0.589835 0.245535
vt 0.602126 0.236190
vt 0.199584 0.533051
vt 0.209483 0.533051
vt 0.209483 0.544050
vt 0.199584 0.544050
vt 0.794445 0.521165
vt 0.804344 0.521165
vt 0.804344 0.532164
vt 0.794445 0.532164
vt 0.633254 0.601349
vt 0.638969 0.591140
vt 0.648541 0.597864
vt 0.641956 0.604079
vt 0.643839 0.613071
vt 0.643839 0.624858
vt 0.632053 0.624858
vt 0.632053 0.613071
vt 0.645693 0.581568
vt 0.655265 0.588293
vt 0.648521 0.598519
vt 0.642457 0.604237
vt 0.644307 0.612354
vt 0.691008 0.943970
vt 0.691008 0.953869
vt 0.690458 0.954419
vt 0.690458 0.943421
vt 0.654964 0.610106
vt 0.655681 0.610573
vt 0.918262 0.497719
vt 0.918262 0.487820
vt 0.918812 0.487270
vt 0.918812 0.498269
vt 0.672794 0.897645
vt 0.672794 0.887746
vt 0.673344 0.887196
vt 0.673344 0.898194
vt 0.536841 0.953896
vt 0.536841 0.943997
vt 0.537391 0.943447
vt 0.537391 0.954446
vt 0.919703 0.340382
vt 0.919703 0.350281
vt 0.919153 0.350831
vt 0.919153 0.339832
vt 0.768022 0.201649
vt 0.777921 0.201649
vt 0.777921 0.212648
vt 0.768022 0.212648
vt 0.714183 0.730461
vt 0.724082 0.730461
vt 0.724082 0.741460
vt 0.714183 0.741460
vt 0.794445 0.581568
vt 0.804343 0.581568
vt 0.804343 0.592567
vt 0.794445 0.592567
vt 0.821457 0.641972
vt 0.831356 0.641972
vt 0.831356 0.652970
vt 0.821457 0.652970
vt 0.635907 0.125731
vt 0.641623 0.115521
vt 0.651194 0.122246
vt 0.644610 0.128460
vt 0.646493 0.137453
vt 0.646493 0.149239
vt 0.634707 0.149239
vt 0.634707 0.137453
vt 0.648347 0.105950
vt 0.657919 0.112674
vt 0.651175 0.122900
vt 0.645111 0.128619
vt 0.646960 0.136736
vt 0.519177 0.953896
vt 0.519177 0.943997
vt 0.519727 0.943447
vt 0.519727 0.954446
vt 0.657618 0.134487
vt 0.658335 0.134954
vt 0.690458 0.897645
vt 0.690458 0.887746
vt 0.691008 0.887196
vt 0.691008 0.898195
vt 0.135765 0.970855
vt 0.135765 0.960956
vt 0.136315 0.960406
vt 0.136315 0.971405
vt 0.582067 0.943997
vt 0.582067 0.953896
vt 0.581517 0.954446
vt 0.581517 0.943447
vt 0.537391 0.887772
vt 0.537391 0.897671
vt 0.536841 0.898221
vt 0.536841 0.887222
vt 0.766428 0.367945
vt 0.776326 0.367945
vt 0.776326 0.378943
vt 0.766428 0.378943
vt 0.046338 0.731301
vt 0.056236 0.731301
vt 0.056236 0.742300
vt 0.046338 0.742300
vt 0.766428 0.339832
vt 0.776326 0.339832
vt 0.776326 0.350831
vt 0.766428 0.350831
vt 0.199584 0.561163
vt 0.209483 0.561163
vt 0.209483 0.572162
vt 0.199584 0.572162
vt 0.391812 0.588483
vt 0.397528 0.578273
vt 0.407100 0.584998
vt 0.400515 0.591212
vt 0.402398 0.600205
vt 0.402398 0.611992
vt 0.390612 0.611992
vt 0.390612 0.600205
vt 0.404252 0.568702
vt 0.413824 0.575426
vt 0.407080 0.585652
vt 0.401016 0.591371
vt 0.402866 0.599488
vt 0.519177 0.897671
vt 0.519177 0.887772
vt 0.519727 0.887222
vt 0.519727 0.898221
vt 0.413523 0.597239
vt 0.414240 0.597706
vt 0.308683 0.913018
vt 0.308683 0.903119
vt 0.309233 0.902569
vt 0.309233 0.913568
vt 0.563853 0.897671
vt 0.563853 0.887772
vt 0.564403 0.887222
vt 0.564403 0.898221
vt 0.326897 0.875006
vt 0.326897 0.884905
vt 0.326347 0.885455
vt 0.326347 0.874457
vt 0.920789 0.306852
vt 0.920789 0.316751
vt 0.920239 0.317301
vt 0.920239 0.306302
vt 0.310377 0.733895
vt 0.320276 0.733895
vt 0.320276 0.744894
vt 0.310377 0.744894
vt 0.821457 0.670084
vt 0.831356 0.670084
vt 0.831356 0.681083
vt 0.821457 0.681083
vt 0.073350 0.843750
vt 0.083249 0.843750
vt 0.083249 0.854749
vt 0.073350 0.854749
vt 0.804344 0.620679
vt 0.794445 0.620679
vt 0.794445 0.609681
vt 0.804344 0.609681
vt 0.570969 0.028338
vt 0.576685 0.018128
vt 0.586256 0.024853
vt 0.579672 0.031067
vt 0.581555 0.040060
vt 0.581555 0.051847
vt 0.569769 0.051847
vt 0.569769 0.040060
vt 0.583409 0.008557
vt 0.592981 0.015281
vt 0.586237 0.025507
vt 0.580173 0.031226
vt 0.582022 0.039343
vt 0.563853 0.953896
vt 0.563853 0.943997
vt 0.564403 0.943447
vt 0.564403 0.954446
vt 0.592679 0.037094
vt 0.593396 0.037561
vt 0.581517 0.897671
vt 0.581517 0.887772
vt 0.582067 0.887222
vt 0.582067 0.898221
vt 0.920239 0.288639
vt 0.920239 0.278740
vt 0.920789 0.278190
vt 0.920789 0.289189
vt 0.599730 0.943997
vt 0.599730 0.953896
vt 0.599180 0.954446
vt 0.599180 0.943447
vt 0.893702 0.428898
vt 0.893702 0.438797
vt 0.893152 0.439347
vt 0.893152 0.428348
vt 0.720860 0.487270
vt 0.730759 0.487270
vt 0.730759 0.498269
vt 0.720860 0.498269
vt 0.118101 0.735508
vt 0.128000 0.735508
vt 0.128000 0.746506
vt 0.118101 0.746506
vt 0.794445 0.549277
vt 0.804344 0.549277
vt 0.804344 0.560276
vt 0.794445 0.560276
vt 0.160595 0.844958
vt 0.170494 0.844958
vt 0.170494 0.855957
vt 0.160595 0.855957
vt 0.612606 0.363341
vt 0.606890 0.373551
vt 0.597318 0.366826
vt 0.603903 0.360611
vt 0.602020 0.351619
vt 0.602020 0.339832
vt 0.613806 0.339832
vt 0.613806 0.351619
vt 0.600166 0.383122
vt 0.590594 0.376398
vt 0.597338 0.366172
vt 0.603402 0.360453
vt 0.601552 0.352336
vt 0.971252 0.469606
vt 0.971252 0.459707
vt 0.971802 0.459157
vt 0.971802 0.470156
vt 0.590895 0.354585
vt 0.590178 0.354118
vt 0.651660 0.893531
vt 0.651660 0.883632
vt 0.652210 0.883082
vt 0.652210 0.894081
vt 0.633996 0.921643
vt 0.633996 0.911744
vt 0.634546 0.911194
vt 0.634546 0.922193
vt 0.955030 0.340382
vt 0.955030 0.350281
vt 0.954481 0.350831
vt 0.954481 0.339832
vt 0.600765 0.887772
vt 0.600765 0.897671
vt 0.600215 0.898221
vt 0.600215 0.887222
vt 0.794445 0.641972
vt 0.804343 0.641972
vt 0.804343 0.652970
vt 0.794445 0.652970
vt 0.199584 0.842287
vt 0.209483 0.842287
vt 0.209483 0.853285
vt 0.199584 0.853285
vt 0.380497 0.846244
vt 0.390396 0.846244
vt 0.390396 0.857242
vt 0.380497 0.857242
vt 0.794445 0.670084
vt 0.804343 0.670084
vt 0.804343 0.681083
vt 0.794445 0.681083
vt 0.633844 0.193318
vt 0.639560 0.183108
vt 0.649131 0.189832
vt 0.642547 0.196047
vt 0.644430 0.205040
vt 0.644430 0.216826
vt 0.632643 0.216826
vt 0.632643 0.205040
vt 0.646284 0.173537
vt 0.655855 0.180261
vt 0.649112 0.190487
vt 0.643048 0.196205
vt 0.644897 0.204323
vt 0.946364 0.648242
vt 0.946364 0.638343
vt 0.946914 0.637793
vt 0.946914 0.648792
vt 0.655554 0.202074
vt 0.656271 0.202541
vt 0.946364 0.680533
vt 0.946364 0.670634
vt 0.946914 0.670084
vt 0.946914 0.681083
vt 0.900598 0.469606
vt 0.900598 0.459707
vt 0.901148 0.459157
vt 0.901148 0.470156
vt 0.652210 0.911744
vt 0.652210 0.921643
vt 0.651660 0.922193
vt 0.651660 0.911194
vt 0.971802 0.487820
vt 0.971802 0.497719
vt 0.971252 0.498269
vt 0.971252 0.487270
vt 0.446735 0.737734
vt 0.456633 0.737734
vt 0.456633 0.748733
vt 0.446735 0.748733
vt 0.351743 0.846244
vt 0.361642 0.846244
vt 0.361642 0.857242
vt 0.351743 0.857242
vt 0.822047 0.173537
vt 0.831946 0.173537
vt 0.831946 0.184535
vt 0.822047 0.184535
vt 0.407509 0.846244
vt 0.417408 0.846244
vt 0.417408 0.857242
vt 0.407509 0.857242
vt 0.695099 0.604981
vt 0.689370 0.615224
vt 0.679763 0.608483
vt 0.686404 0.602234
vt 0.684557 0.593305
vt 0.684557 0.581568
vt 0.696294 0.581568
vt 0.696294 0.593305
vt 0.682628 0.624832
vt 0.673021 0.618090
vt 0.679790 0.607633
vt 0.685910 0.602078
vt 0.684092 0.594016
vt 0.473747 0.888744
vt 0.473747 0.878845
vt 0.474297 0.878296
vt 0.474297 0.889294
vt 0.673505 0.596226
vt 0.672794 0.595761
vt 0.767174 0.937696
vt 0.767174 0.927797
vt 0.767724 0.927247
vt 0.767724 0.938246
vt 0.326347 0.913018
vt 0.326347 0.903119
vt 0.326897 0.902569
vt 0.326897 0.913568
vt 0.894472 0.871572
vt 0.894472 0.881471
vt 0.893922 0.882021
vt 0.893922 0.871022
vt 0.822783 0.927797
vt 0.822783 0.937696
vt 0.822233 0.938246
vt 0.822233 0.927247
vt 0.741196 0.786686
vt 0.751095 0.786686
vt 0.751095 0.797684
vt 0.741196 0.797684
vt 0.793440 0.339832
vt 0.803339 0.339832
vt 0.803339 0.350831
vt 0.793440 0.350831
vt 0.227646 0.846344
vt 0.237545 0.846344
vt 0.237545 0.857343
vt 0.227646 0.857343
vt 0.446735 0.765846
vt 0.456633 0.765846
vt 0.456633 0.776845
vt 0.446735 0.776845
vt 0.140529 0.649254
vt 0.134813 0.659463
vt 0.125242 0.652739
vt 0.131826 0.646524
vt 0.129943 0.637532
vt 0.129943 0.625745
vt 0.141729 0.625745
vt 0.141729 0.637532
vt 0.128089 0.669035
vt 0.118517 0.662310
vt 0.125261 0.652084
vt 0.131325 0.646366
vt 0.129476 0.638249
vt 0.972144 0.350281
vt 0.972144 0.340382
vt 0.972694 0.339832
vt 0.972694 0.350831
vt 0.118818 0.640498
vt 0.118101 0.640030
vt 0.981691 0.648242
vt 0.981691 0.638343
vt 0.982241 0.637793
vt 0.982241 0.648792
vt 0.955566 0.288639
vt 0.955566 0.278740
vt 0.956116 0.278190
vt 0.956116 0.289189
vt 0.438970 0.963183
vt 0.438970 0.973081
vt 0.438420 0.973631
vt 0.438420 0.962633
vt 0.947462 0.871572
vt 0.947462 0.881471
vt 0.946912 0.882021
vt 0.946912 0.871022
vt 0.473747 0.737734
vt 0.483646 0.737734
vt 0.483646 0.748733
vt 0.473747 0.748733
vt 0.795035 0.173537
vt 0.804934 0.173537
vt 0.804934 0.184535
vt 0.795035 0.184535
vt 0.199584 0.589275
vt 0.209483 0.589275
vt 0.209483 0.600274
vt 0.199584 0.600274
vt 0.254658 0.846344
vt 0.264557 0.846344
vt 0.264557 0.857343
vt 0.254658 0.857343
vt 0.310329 0.648886
vt 0.316045 0.638677
vt 0.325616 0.645401
vt 0.319032 0.651616
vt 0.320915 0.660608
vt 0.320915 0.672395
vt 0.309129 0.672395
vt 0.309129 0.660608
vt 0.322769 0.629105
vt 0.332341 0.635830
vt 0.325597 0.646056
vt 0.319533 0.651774
vt 0.321382 0.659891
vt 0.936817 0.350281
vt 0.936817 0.340382
vt 0.937367 0.339832
vt 0.937367 0.350831
vt 0.332040 0.657642
vt 0.332757 0.658110
vt 0.456084 0.944969
vt 0.456084 0.935070
vt 0.456633 0.934520
vt 0.456633 0.945519
vt 0.981691 0.680533
vt 0.981691 0.670634
vt 0.982241 0.670084
vt 0.982241 0.681083
vt 0.956116 0.306852
vt 0.956116 0.316751
vt 0.955566 0.317301
vt 0.955566 0.306302
vt 0.491961 0.935070
vt 0.491961 0.944969
vt 0.491411 0.945519
vt 0.491411 0.934520
vt 0.795035 0.201649
vt 0.804934 0.201649
vt 0.804934 0.212648
vt 0.795035 0.212648
vt 0.281671 0.846344
vt 0.291570 0.846344
vt 0.291570 0.857343
vt 0.281671 0.857343
vt 0.008557 0.738163
vt 0.018456 0.738163
vt 0.018456 0.749162
vt 0.008557 0.749162
vt 0.308683 0.846344
vt 0.318582 0.846344
vt 0.318582 0.857343
vt 0.308683 0.857343
vt 0.447935 0.576332
vt 0.453651 0.566122
vt 0.463222 0.572846
vt 0.456638 0.579061
vt 0.458521 0.588054
vt 0.458521 0.599840
vt 0.446735 0.599840
vt 0.446735 0.588054
vt 0.460375 0.556550
vt 0.469947 0.563275
vt 0.463203 0.573501
vt 0.457139 0.579219
vt 0.458988 0.587337
vt 0.945359 0.378393
vt 0.945359 0.368495
vt 0.945909 0.367945
vt 0.945909 0.378943
vt 0.469645 0.585088
vt 0.470362 0.585555
vt 0.963023 0.378393
vt 0.963023 0.368495
vt 0.963573 0.367945
vt 0.963573 0.378943
vt 0.963806 0.410684
vt 0.963806 0.400786
vt 0.964356 0.400236
vt 0.964356 0.411234
vt 0.964356 0.428898
vt 0.964356 0.438797
vt 0.963807 0.439347
vt 0.963807 0.428348
vt 0.964577 0.521715
vt 0.964577 0.531614
vt 0.964028 0.532164
vt 0.964028 0.521165
vt 0.473747 0.793959
vt 0.483646 0.793959
vt 0.483646 0.804957
vt 0.473747 0.804957
vt 0.847465 0.367945
vt 0.857364 0.367945
vt 0.857364 0.378943
vt 0.847465 0.378943
vt 0.732606 0.008557
vt 0.742505 0.008557
vt 0.742505 0.019556
vt 0.732606 0.019556
vt 0.714183 0.786686
vt 0.724082 0.786686
vt 0.724082 0.797684
vt 0.714183 0.797684
vt 0.651464 0.416894
vt 0.651059 0.416613
vt 0.657230 0.410511
vt 0.657764 0.411059
vt 0.657909 0.430617
vt 0.645773 0.420019
vt 0.875261 0.439347
vt 0.875261 0.428348
vt 0.876039 0.428348
vt 0.876039 0.439347
vt 0.642468 0.436226
vt 0.636859 0.420784
vt 0.488254 0.679999
vt 0.487476 0.679999
vt 0.487476 0.669000
vt 0.488254 0.669000
vt 0.893964 0.183985
vt 0.893964 0.174086
vt 0.894513 0.173537
vt 0.894513 0.184535
vt 0.657360 0.400770
vt 0.657909 0.400236
vt 0.645658 0.419602
vt 0.637286 0.420281
vt 0.647531 0.408825
vt 0.739415 0.339832
vt 0.749314 0.339832
vt 0.749314 0.350831
vt 0.739415 0.350831
vt 0.552178 0.246166
vt 0.565668 0.236435
vt 0.565668 0.259084
vt 0.554532 0.254391
vt 0.545120 0.253114
vt 0.545041 0.250595
vt 0.564837 0.259415
vt 0.554370 0.254924
vt 0.544972 0.253798
vt 0.544728 0.250173
vt 0.551781 0.245535
vt 0.564073 0.236190
vt 0.199584 0.729837
vt 0.209483 0.729837
vt 0.209483 0.740836
vt 0.199584 0.740836
vt 0.822047 0.201649
vt 0.831946 0.201649
vt 0.831946 0.212648
vt 0.822047 0.212648
vt 0.592512 0.540946
vt 0.598228 0.530736
vt 0.607799 0.537461
vt 0.601215 0.543675
vt 0.603098 0.552668
vt 0.603098 0.564455
vt 0.591311 0.564455
vt 0.591311 0.552668
vt 0.604952 0.521165
vt 0.614523 0.527889
vt 0.607780 0.538115
vt 0.601716 0.543834
vt 0.603565 0.551951
vt 0.900598 0.497719
vt 0.900598 0.487820
vt 0.901148 0.487270
vt 0.901148 0.498269
vt 0.614222 0.549702
vt 0.614939 0.550169
vt 0.964028 0.559726
vt 0.964028 0.549827
vt 0.964577 0.549277
vt 0.964577 0.560276
vt 0.901490 0.350281
vt 0.901490 0.340382
vt 0.902040 0.339832
vt 0.902040 0.350831
vt 0.673344 0.915858
vt 0.673344 0.925757
vt 0.672794 0.926307
vt 0.672794 0.915308
vt 0.903125 0.278740
vt 0.903125 0.288639
vt 0.902575 0.289189
vt 0.902575 0.278190
vt 0.747872 0.487270
vt 0.757771 0.487270
vt 0.757771 0.498269
vt 0.747872 0.498269
vt 0.199584 0.617388
vt 0.209483 0.617388
vt 0.209483 0.628387
vt 0.199584 0.628387
vt 0.822233 0.702349
vt 0.832132 0.702349
vt 0.832132 0.713347
vt 0.822233 0.713347
vt 0.446735 0.793959
vt 0.456633 0.793959
vt 0.456633 0.804957
vt 0.446735 0.804957
vt 0.601942 0.297971
vt 0.607658 0.287761
vt 0.617229 0.294486
vt 0.610645 0.300700
vt 0.612528 0.309693
vt 0.612528 0.321480
vt 0.600741 0.321480
vt 0.600741 0.309693
vt 0.614382 0.278190
vt 0.623953 0.284914
vt 0.617210 0.295140
vt 0.611146 0.300859
vt 0.612995 0.308976
vt 0.946912 0.937696
vt 0.946912 0.927797
vt 0.947462 0.927247
vt 0.947462 0.938246
vt 0.623652 0.306727
vt 0.624369 0.307194
vt 0.913691 0.116399
vt 0.913691 0.106500
vt 0.914240 0.105950
vt 0.914240 0.116949
vt 0.690458 0.925757
vt 0.690458 0.915858
vt 0.691008 0.915308
vt 0.691008 0.926307
vt 0.964577 0.582118
vt 0.964577 0.592017
vt 0.964027 0.592567
vt 0.964027 0.581568
vt 0.903125 0.306852
vt 0.903125 0.316751
vt 0.902575 0.317301
vt 0.902575 0.306302
vt 0.473747 0.765846
vt 0.483646 0.765846
vt 0.483646 0.776845
vt 0.473747 0.776845
vt 0.795221 0.730461
vt 0.805120 0.730461
vt 0.805120 0.741460
vt 0.795221 0.741460
vt 0.672794 0.774747
vt 0.682693 0.774747
vt 0.682693 0.785745
vt 0.672794 0.785745
vt 0.768022 0.173537
vt 0.777921 0.173537
vt 0.777921 0.184535
vt 0.768022 0.184535
vt 0.673989 0.541016
vt 0.679718 0.530772
vt 0.689325 0.537514
vt 0.682684 0.543762
vt 0.684531 0.552692
vt 0.684531 0.564428
vt 0.672794 0.564428
vt 0.672794 0.552692
vt 0.686460 0.521165
vt 0.696067 0.527907
vt 0.689298 0.538363
vt 0.683178 0.543918
vt 0.684996 0.551981
vt 0.199584 0.908960
vt 0.199584 0.899061
vt 0.200134 0.898511
vt 0.200134 0.909510
vt 0.695583 0.549771
vt 0.696294 0.550236
vt 0.893964 0.212098
vt 0.893964 0.202199
vt 0.894513 0.201649
vt 0.894513 0.212648
vt 0.896027 0.144511
vt 0.896027 0.134612
vt 0.896577 0.134062
vt 0.896577 0.145061
vt 0.264557 0.903119
vt 0.264557 0.913018
vt 0.264007 0.913568
vt 0.264007 0.902569
vt 0.398710 0.931131
vt 0.398710 0.941029
vt 0.398160 0.941579
vt 0.398160 0.930581
vt 0.795221 0.702349
vt 0.805120 0.702349
vt 0.805120 0.713347
vt 0.795221 0.713347
vt 0.749850 0.278190
vt 0.759749 0.278190
vt 0.759749 0.289189
vt 0.749850 0.289189
vt 0.087079 0.623983
vt 0.096978 0.623983
vt 0.096978 0.634981
vt 0.087079 0.634981
vt 0.795221 0.758573
vt 0.805120 0.758573
vt 0.805120 0.769572
vt 0.795221 0.769572
vt 0.652452 0.028338
vt 0.658168 0.018128
vt 0.667739 0.024853
vt 0.661155 0.031067
vt 0.663038 0.040060
vt 0.663038 0.051846
vt 0.651251 0.051846
vt 0.651251 0.040060
vt 0.664892 0.008557
vt 0.674463 0.015281
vt 0.667720 0.025507
vt 0.661656 0.031226
vt 0.663505 0.039343
vt 0.008557 0.945398
vt 0.008557 0.935499
vt 0.009107 0.934949
vt 0.009107 0.945948
vt 0.674162 0.037094
vt 0.674879 0.037561
vt 0.964027 0.648242
vt 0.964027 0.638343
vt 0.964577 0.637793
vt 0.964577 0.648792
vt 0.964027 0.620129
vt 0.964027 0.610231
vt 0.964577 0.609681
vt 0.964577 0.620679
vt 0.964577 0.670634
vt 0.964577 0.680533
vt 0.964027 0.681083
vt 0.964027 0.670084
vt 0.914240 0.134612
vt 0.914240 0.144511
vt 0.913691 0.145061
vt 0.913691 0.134062
vt 0.847465 0.339832
vt 0.857364 0.339832
vt 0.857364 0.350831
vt 0.847465 0.350831
vt 0.848248 0.400236
vt 0.858147 0.400236
vt 0.858147 0.411234
vt 0.848248 0.411234
vt 0.795221 0.786686
vt 0.805120 0.786686
vt 0.805120 0.797684
vt 0.795221 0.797684
vt 0.848248 0.428348
vt 0.858147 0.428348
vt 0.858147 0.439347
vt 0.848248 0.439347
vt 0.550637 0.359613
vt 0.556353 0.349404
vt 0.565925 0.356128
vt 0.559340 0.362343
vt 0.561223 0.371335
vt 0.561223 0.383122
vt 0.549437 0.383122
vt 0.549437 0.371335
vt 0.563077 0.339832
vt 0.572649 0.346557
vt 0.565905 0.356783
vt 0.559841 0.362501
vt 0.561691 0.370618
vt 0.714183 0.909584
vt 0.714183 0.899685
vt 0.714733 0.899135
vt 0.714733 0.910134
vt 0.572348 0.368370
vt 0.573065 0.368837
vt 0.731847 0.909584
vt 0.731847 0.899685
vt 0.732397 0.899135
vt 0.732397 0.910134
vt 0.519177 0.925783
vt 0.519177 0.915884
vt 0.519727 0.915334
vt 0.519727 0.926333
vt 0.795771 0.899685
vt 0.795771 0.909584
vt 0.795221 0.910134
vt 0.795221 0.899135
vt 0.893702 0.400786
vt 0.893702 0.410684
vt 0.893152 0.411234
vt 0.893152 0.400236
vt 0.749850 0.306302
vt 0.759749 0.306302
vt 0.759749 0.317301
vt 0.749850 0.317301
vt 0.848469 0.521165
vt 0.858368 0.521165
vt 0.858368 0.532164
vt 0.848469 0.532164
vt 0.199584 0.757949
vt 0.209483 0.757949
vt 0.209483 0.768948
vt 0.199584 0.768948
vt 0.008557 0.794388
vt 0.018456 0.794388
vt 0.018456 0.805386
vt 0.008557 0.805386
vt 0.269588 0.648886
vt 0.275304 0.638677
vt 0.284875 0.645401
vt 0.278291 0.651616
vt 0.280174 0.660608
vt 0.280174 0.672395
vt 0.268387 0.672395
vt 0.268387 0.660608
vt 0.282028 0.629105
vt 0.291599 0.635830
vt 0.284856 0.646056
vt 0.278792 0.651774
vt 0.280641 0.659891
vt 0.964576 0.881471
vt 0.964576 0.871572
vt 0.965126 0.871022
vt 0.965126 0.882021
vt 0.291298 0.657642
vt 0.292015 0.658110
vt 0.984436 0.079409
vt 0.984436 0.069510
vt 0.984986 0.068960
vt 0.984986 0.079959
vt 0.299334 0.969242
vt 0.299334 0.959344
vt 0.299884 0.958794
vt 0.299884 0.969792
vt 0.282221 0.959344
vt 0.282221 0.969242
vt 0.281671 0.969792
vt 0.281671 0.958794
vt 0.750060 0.899685
vt 0.750060 0.909584
vt 0.749510 0.910134
vt 0.749510 0.899135
vt 0.848470 0.549277
vt 0.858368 0.549277
vt 0.858368 0.560276
vt 0.848470 0.560276
vt 0.509829 0.774773
vt 0.519727 0.774773
vt 0.519727 0.785772
vt 0.509829 0.785772
vt 0.734995 0.236190
vt 0.744894 0.236190
vt 0.744894 0.247188
vt 0.734995 0.247188
vt 0.848469 0.609681
vt 0.858368 0.609681
vt 0.858368 0.620679
vt 0.848469 0.620679
vt 0.160044 0.585123
vt 0.165759 0.574913
vt 0.175331 0.581638
vt 0.168746 0.587852
vt 0.170629 0.596845
vt 0.170629 0.608631
vt 0.158843 0.608631
vt 0.158843 0.596845
vt 0.172483 0.565342
vt 0.182055 0.572066
vt 0.175311 0.582292
vt 0.169247 0.588011
vt 0.171097 0.596128
vt 0.768208 0.909584
vt 0.768208 0.899685
vt 0.768758 0.899135
vt 0.768758 0.910134
vt 0.181754 0.593879
vt 0.182471 0.594346
vt 0.839897 0.937696
vt 0.839897 0.927797
vt 0.840447 0.927247
vt 0.840447 0.938246
vt 0.536841 0.925783
vt 0.536841 0.915884
vt 0.537391 0.915334
vt 0.537391 0.926333
vt 0.893923 0.521715
vt 0.893923 0.531614
vt 0.893373 0.532164
vt 0.893373 0.521165
vt 0.965126 0.899685
vt 0.965126 0.909584
vt 0.964576 0.910133
vt 0.964576 0.899135
vt 0.308683 0.818232
vt 0.318582 0.818232
vt 0.318582 0.829231
vt 0.308683 0.829231
vt 0.227646 0.733895
vt 0.237545 0.733895
vt 0.237545 0.744894
vt 0.227646 0.744894
vt 0.848469 0.581568
vt 0.858368 0.581568
vt 0.858368 0.592567
vt 0.848469 0.592567
vt 0.767211 0.400236
vt 0.777110 0.400236
vt 0.777110 0.411234
vt 0.767211 0.411234
vt 0.351071 0.648886
vt 0.356786 0.638677
vt 0.366358 0.645401
vt 0.359774 0.651616
vt 0.361657 0.660608
vt 0.361657 0.672395
vt 0.349870 0.672395
vt 0.349870 0.660608
vt 0.363511 0.629105
vt 0.373082 0.635830
vt 0.366339 0.646056
vt 0.360275 0.651774
vt 0.362124 0.659891
vt 0.456084 0.973081
vt 0.456084 0.963183
vt 0.456634 0.962633
vt 0.456634 0.973631
vt 0.372781 0.657642
vt 0.373498 0.658110
vt 0.964576 0.937696
vt 0.964576 0.927797
vt 0.965126 0.927247
vt 0.965126 0.938246
vt 0.964618 0.183985
vt 0.964618 0.174086
vt 0.965168 0.173537
vt 0.965168 0.184535
vt 0.965168 0.202199
vt 0.965168 0.212098
vt 0.964618 0.212648
vt 0.964618 0.201649
vt 0.691008 0.972083
vt 0.691008 0.981982
vt 0.690458 0.982532
vt 0.690458 0.971533
vt 0.714183 0.842910
vt 0.724082 0.842910
vt 0.724082 0.853909
vt 0.714183 0.853909
vt 0.768208 0.842910
vt 0.778107 0.842910
vt 0.778107 0.853909
vt 0.768208 0.853909
vt 0.767211 0.428348
vt 0.777110 0.428348
vt 0.777110 0.439347
vt 0.767211 0.439347
vt 0.741196 0.842910
vt 0.751095 0.842910
vt 0.751095 0.853909
vt 0.741196 0.853909
vt 0.160043 0.645526
vt 0.165759 0.635317
vt 0.175331 0.642041
vt 0.168746 0.648256
vt 0.170629 0.657248
vt 0.170629 0.669035
vt 0.158843 0.669035
vt 0.158843 0.657248
vt 0.172483 0.625745
vt 0.182055 0.632469
vt 0.175311 0.642695
vt 0.169247 0.648414
vt 0.171097 0.656531
vt 0.989808 0.350281
vt 0.989808 0.340382
vt 0.990358 0.339832
vt 0.990358 0.350831
vt 0.181754 0.654282
vt 0.182471 0.654749
vt 0.491411 0.973081
vt 0.491411 0.963183
vt 0.491961 0.962633
vt 0.491961 0.973631
vt 0.964804 0.712797
vt 0.964804 0.702899
vt 0.965354 0.702349
vt 0.965354 0.713347
vt 0.965354 0.731011
vt 0.965354 0.740910
vt 0.964804 0.741460
vt 0.964804 0.730461
vt 0.965354 0.759123
vt 0.965354 0.769022
vt 0.964804 0.769572
vt 0.964804 0.758573
vt 0.797098 0.105950
vt 0.806997 0.105950
vt 0.806997 0.116949
vt 0.797098 0.116949
vt 0.569768 0.088758
vt 0.569768 0.078859
vt 0.580767 0.078859
vt 0.580767 0.088758
vt 0.569768 0.068960
vt 0.580767 0.068960
vt 0.625993 0.068960
vt 0.635892 0.068960
vt 0.635892 0.079959
vt 0.625993 0.079959
vt 0.511029 0.661753
vt 0.516745 0.651543
vt 0.526316 0.658267
vt 0.519732 0.664482
vt 0.521615 0.673475
vt 0.521615 0.685261
vt 0.509829 0.685261
vt 0.509829 0.673475
vt 0.523469 0.641972
vt 0.533041 0.648696
vt 0.526297 0.658922
vt 0.520233 0.664640
vt 0.522082 0.672758
vt 0.964804 0.797134
vt 0.964804 0.787236
vt 0.965354 0.786686
vt 0.965354 0.797684
vt 0.532739 0.670509
vt 0.533456 0.670976
vt 0.026220 0.945398
vt 0.026220 0.935499
vt 0.026770 0.934949
vt 0.026770 0.945948
vt 0.672794 0.981982
vt 0.672794 0.972083
vt 0.673344 0.971533
vt 0.673344 0.982532
vt 0.564403 0.915884
vt 0.564403 0.925783
vt 0.563853 0.926333
vt 0.563853 0.915334
vt 0.965354 0.815348
vt 0.965354 0.825247
vt 0.964804 0.825797
vt 0.964804 0.814798
vt 0.739415 0.367945
vt 0.749314 0.367945
vt 0.749314 0.378943
vt 0.739415 0.378943
vt 0.740199 0.428348
vt 0.750098 0.428348
vt 0.750098 0.439347
vt 0.740199 0.439347
vt 0.199584 0.645500
vt 0.209483 0.645500
vt 0.209483 0.656499
vt 0.199584 0.656499
vt 0.740199 0.400236
vt 0.750097 0.400236
vt 0.750097 0.411234
vt 0.740199 0.411234
vt 0.009232 0.580792
vt 0.008680 0.581029
vt 0.011470 0.573661
vt 0.011991 0.573859
vt 0.023715 0.584087
vt 0.011450 0.588316
vt 0.878136 0.145061
vt 0.878136 0.134062
vt 0.878913 0.134062
vt 0.878913 0.145061
vt 0.022866 0.598070
vt 0.008884 0.597221
vt 0.876039 0.411234
vt 0.875261 0.411234
vt 0.875261 0.400236
vt 0.876039 0.400236
vt 0.946143 0.410684
vt 0.946143 0.400786
vt 0.946693 0.400236
vt 0.946693 0.411234
vt 0.008557 0.567197
vt 0.008754 0.566676
vt 0.010992 0.588308
vt 0.008557 0.596624
vt 0.797098 0.134062
vt 0.806997 0.134062
vt 0.806997 0.145061
vt 0.797098 0.145061
vt 0.822233 0.730461
vt 0.832132 0.730461
vt 0.832132 0.741460
vt 0.822233 0.741460
vt 0.628284 0.246166
vt 0.641774 0.236435
vt 0.641774 0.259084
vt 0.630638 0.254391
vt 0.621227 0.253114
vt 0.621148 0.250595
vt 0.640943 0.259415
vt 0.630477 0.254924
vt 0.621079 0.253798
vt 0.620835 0.250173
vt 0.627888 0.245535
vt 0.640180 0.236190
vt 0.848469 0.641972
vt 0.858368 0.641972
vt 0.858368 0.652970
vt 0.848469 0.652970
vt 0.633996 0.798745
vt 0.643895 0.798745
vt 0.643895 0.809744
vt 0.633996 0.809744
vt 0.663910 0.301698
vt 0.658194 0.311908
vt 0.648623 0.305184
vt 0.655207 0.298969
vt 0.653324 0.289976
vt 0.653324 0.278190
vt 0.665111 0.278190
vt 0.665111 0.289976
vt 0.651470 0.321480
vt 0.641899 0.314755
vt 0.648642 0.304529
vt 0.654706 0.298811
vt 0.652857 0.290693
vt 0.599180 0.925783
vt 0.599180 0.915884
vt 0.599730 0.915334
vt 0.599730 0.926333
vt 0.642200 0.292942
vt 0.641483 0.292475
vt 0.581517 0.925783
vt 0.581517 0.915884
vt 0.582067 0.915334
vt 0.582067 0.926333
vt 0.913781 0.079409
vt 0.913781 0.069510
vt 0.914331 0.068960
vt 0.914331 0.079959
vt 0.136315 0.904732
vt 0.136315 0.914631
vt 0.135765 0.915181
vt 0.135765 0.904182
vt 0.474297 0.963183
vt 0.474297 0.973081
vt 0.473747 0.973631
vt 0.473747 0.962633
vt 0.801897 0.459157
vt 0.811796 0.459157
vt 0.811796 0.470156
vt 0.801897 0.470156
vt 0.822233 0.786686
vt 0.832132 0.786686
vt 0.832132 0.797684
vt 0.822233 0.797684
vt 0.822233 0.758573
vt 0.832132 0.758573
vt 0.832132 0.769572
vt 0.822233 0.769572
vt 0.801897 0.487270
vt 0.811796 0.487270
vt 0.811796 0.498269
vt 0.801897 0.498269
vt 0.140529 0.588850
vt 0.134813 0.599060
vt 0.125242 0.592336
vt 0.131826 0.586121
vt 0.129943 0.577128
vt 0.129943 0.565342
vt 0.141729 0.565342
vt 0.141729 0.577128
vt 0.128089 0.608631
vt 0.118517 0.601907
vt 0.125261 0.591681
vt 0.131325 0.585963
vt 0.129476 0.577845
vt 0.199584 0.965185
vt 0.199584 0.955286
vt 0.200134 0.954736
vt 0.200134 0.965735
vt 0.118818 0.580094
vt 0.118101 0.579627
vt 0.118101 0.914631
vt 0.118101 0.904732
vt 0.118651 0.904182
vt 0.118651 0.915181
vt 0.246344 0.941130
vt 0.246344 0.931231
vt 0.246894 0.930681
vt 0.246894 0.941680
vt 0.965885 0.009107
vt 0.965885 0.019006
vt 0.965335 0.019556
vt 0.965335 0.008557
vt 0.381047 0.931131
vt 0.381047 0.941029
vt 0.380497 0.941579
vt 0.380497 0.930581
vt 0.759618 0.008557
vt 0.769517 0.008557
vt 0.769517 0.019556
vt 0.759618 0.019556
vt 0.732606 0.040821
vt 0.742505 0.040821
vt 0.742505 0.051820
vt 0.732606 0.051820
vt 0.768208 0.786686
vt 0.778107 0.786686
vt 0.778107 0.797684
vt 0.768208 0.797684
vt 0.848469 0.670084
vt 0.858368 0.670084
vt 0.858368 0.681083
vt 0.848469 0.681083
vt 0.250073 0.592211
vt 0.244357 0.602420
vt 0.234786 0.595696
vt 0.241370 0.589481
vt 0.239487 0.580489
vt 0.239487 0.568702
vt 0.251274 0.568702
vt 0.251274 0.580489
vt 0.237633 0.611992
vt 0.228062 0.605267
vt 0.234805 0.595041
vt 0.240869 0.589323
vt 0.239020 0.581206
vt 0.415824 0.941029
vt 0.415824 0.931131
vt 0.416374 0.930581
vt 0.416374 0.941579
vt 0.228363 0.583454
vt 0.227646 0.582987
vt 0.281671 0.941130
vt 0.281671 0.931231
vt 0.282221 0.930681
vt 0.282221 0.941680
vt 0.973230 0.288639
vt 0.973230 0.278740
vt 0.973780 0.278190
vt 0.973780 0.289189
vt 0.309233 0.931231
vt 0.309233 0.941130
vt 0.308683 0.941680
vt 0.308683 0.930681
vt 0.965885 0.037219
vt 0.965885 0.047118
vt 0.965335 0.047668
vt 0.965335 0.036669
vt 0.803875 0.278190
vt 0.813774 0.278190
vt 0.813774 0.289189
vt 0.803875 0.289189
vt 0.759618 0.040821
vt 0.769517 0.040821
vt 0.769517 0.051820
vt 0.759618 0.051820
vt 0.788068 0.068960
vt 0.797967 0.068960
vt 0.797967 0.079959
vt 0.788068 0.079959
vt 0.822233 0.814798
vt 0.832132 0.814798
vt 0.832132 0.825797
vt 0.822233 0.825797
vt 0.529386 0.130310
vt 0.533347 0.141820
vt 0.521507 0.144583
vt 0.521241 0.135179
vt 0.509864 0.117206
vt 0.513909 0.105950
vt 0.525165 0.109995
vt 0.521120 0.121252
vt 0.512942 0.130409
vt 0.536110 0.153659
vt 0.524270 0.156423
vt 0.521013 0.144116
vt 0.520771 0.135459
vt 0.513175 0.131269
vt 0.946912 0.909584
vt 0.946912 0.899685
vt 0.947462 0.899135
vt 0.947462 0.910134
vt 0.507535 0.141115
vt 0.506675 0.141349
vt 0.521837 0.121117
vt 0.529426 0.129444
vt 0.525457 0.110611
vt 0.822783 0.899685
vt 0.822783 0.909584
vt 0.822233 0.910133
vt 0.822233 0.899135
vt 0.849796 0.899685
vt 0.849796 0.909584
vt 0.849246 0.910133
vt 0.849246 0.899135
vt 0.534906 0.111543
vt 0.534067 0.120047
vt 0.536110 0.126227
vt 0.803875 0.306302
vt 0.813774 0.306302
vt 0.813774 0.317301
vt 0.803875 0.317301
vt 0.118101 0.847957
vt 0.128000 0.847957
vt 0.128000 0.858956
vt 0.118101 0.858956
vt 0.614329 0.197045
vt 0.608613 0.207255
vt 0.599042 0.200530
vt 0.605626 0.194316
vt 0.603743 0.185323
vt 0.603743 0.173536
vt 0.615530 0.173537
vt 0.615530 0.185323
vt 0.601889 0.216826
vt 0.592318 0.210102
vt 0.599061 0.199876
vt 0.605125 0.194157
vt 0.603276 0.186040
vt 0.927696 0.378393
vt 0.927696 0.368495
vt 0.928246 0.367945
vt 0.928246 0.378943
vt 0.592619 0.188289
vt 0.591902 0.187822
vt 0.866909 0.909584
vt 0.866909 0.899685
vt 0.867459 0.899135
vt 0.867459 0.910134
vt 0.893922 0.909584
vt 0.893922 0.899685
vt 0.894472 0.899135
vt 0.894472 0.910134
vt 0.947504 0.174086
vt 0.947504 0.183985
vt 0.946954 0.184535
vt 0.946954 0.173537
vt 0.929029 0.400786
vt 0.929029 0.410684
vt 0.928479 0.411234
vt 0.928479 0.400236
vt 0.714183 0.758573
vt 0.724082 0.758573
vt 0.724082 0.769572
vt 0.714183 0.769572
vt 0.741196 0.758573
vt 0.751095 0.758573
vt 0.751095 0.769572
vt 0.741196 0.769572
vt 0.672794 0.802859
vt 0.682693 0.802859
vt 0.682693 0.813858
vt 0.672794 0.813858
vt 0.160595 0.732509
vt 0.170494 0.732509
vt 0.170494 0.743507
vt 0.160595 0.743507
vt 0.391812 0.648886
vt 0.397528 0.638677
vt 0.407100 0.645401
vt 0.400515 0.651616
vt 0.402398 0.660608
vt 0.402398 0.672395
vt 0.390612 0.672395
vt 0.390612 0.660608
vt 0.404252 0.629105
vt 0.413824 0.635830
vt 0.407080 0.646056
vt 0.401016 0.651774
vt 0.402866 0.659891
vt 0.910032 0.378393
vt 0.910032 0.368495
vt 0.910582 0.367945
vt 0.910582 0.378943
vt 0.413523 0.657642
vt 0.414240 0.658110
vt 0.928479 0.438797
vt 0.928479 0.428898
vt 0.929029 0.428348
vt 0.929029 0.439347
vt 0.714183 0.965808
vt 0.714183 0.955910
vt 0.714733 0.955360
vt 0.714733 0.966358
vt 0.893923 0.610231
vt 0.893923 0.620129
vt 0.893373 0.620679
vt 0.893373 0.609681
vt 0.946693 0.428898
vt 0.946693 0.438797
vt 0.946143 0.439347
vt 0.946143 0.428348
vt 0.653006 0.068960
vt 0.662905 0.068960
vt 0.662905 0.079959
vt 0.653006 0.079959
vt 0.509829 0.802885
vt 0.519727 0.802885
vt 0.519727 0.813884
vt 0.509829 0.813884
vt 0.536841 0.802885
vt 0.546740 0.802885
vt 0.546740 0.813884
vt 0.536841 0.813884
vt 0.820453 0.339832
vt 0.830351 0.339832
vt 0.830351 0.350831
vt 0.820453 0.350831
vt 0.653347 0.363341
vt 0.647631 0.373551
vt 0.638060 0.366826
vt 0.644644 0.360611
vt 0.642761 0.351619
vt 0.642761 0.339832
vt 0.654548 0.339832
vt 0.654548 0.351619
vt 0.640907 0.383122
vt 0.631336 0.376398
vt 0.638079 0.366172
vt 0.644143 0.360453
vt 0.642294 0.352336
vt 0.081665 0.938536
vt 0.081665 0.928637
vt 0.082215 0.928087
vt 0.082215 0.939086
vt 0.631637 0.354585
vt 0.630920 0.354118
vt 0.438420 0.944969
vt 0.438420 0.935070
vt 0.438970 0.934520
vt 0.438970 0.945519
vt 0.100363 0.854199
vt 0.100363 0.844300
vt 0.100912 0.843750
vt 0.100912 0.854749
vt 0.064551 0.928637
vt 0.064551 0.938536
vt 0.064001 0.939086
vt 0.064001 0.928087
vt 0.883484 0.487820
vt 0.883484 0.497719
vt 0.882935 0.498269
vt 0.882935 0.487270
vt 0.087079 0.652095
vt 0.096978 0.652095
vt 0.096978 0.663094
vt 0.087079 0.663094
vt 0.380497 0.790019
vt 0.390396 0.790019
vt 0.390396 0.801018
vt 0.380497 0.801018
vt 0.740420 0.581568
vt 0.750318 0.581568
vt 0.750318 0.592567
vt 0.740420 0.592567
vt 0.008557 0.766275
vt 0.018456 0.766275
vt 0.018456 0.777274
vt 0.008557 0.777274
vt 0.572997 0.665480
vt 0.567282 0.675690
vt 0.557710 0.668965
vt 0.564294 0.662751
vt 0.562411 0.653758
vt 0.562411 0.641972
vt 0.574198 0.641972
vt 0.574198 0.653758
vt 0.560557 0.685261
vt 0.550986 0.678537
vt 0.557729 0.668311
vt 0.563793 0.662592
vt 0.561944 0.654475
vt 0.519177 0.982008
vt 0.519177 0.972109
vt 0.519727 0.971559
vt 0.519727 0.982558
vt 0.551287 0.656724
vt 0.550570 0.656257
vt 0.536841 0.982008
vt 0.536841 0.972109
vt 0.537391 0.971559
vt 0.537391 0.982558
vt 0.973230 0.316751
vt 0.973230 0.306852
vt 0.973780 0.306302
vt 0.973780 0.317301
vt 0.555054 0.972109
vt 0.555054 0.982008
vt 0.554505 0.982558
vt 0.554505 0.971559
vt 0.073900 0.731851
vt 0.073900 0.741750
vt 0.073350 0.742300
vt 0.073350 0.731301
vt 0.578230 0.802885
vt 0.588129 0.802885
vt 0.588129 0.813884
vt 0.578230 0.813884
vt 0.849060 0.173537
vt 0.858959 0.173537
vt 0.858959 0.184535
vt 0.849060 0.184535
vt 0.849060 0.201649
vt 0.858959 0.201649
vt 0.858959 0.212648
vt 0.849060 0.212648
vt 0.849246 0.702349
vt 0.859145 0.702349
vt 0.859145 0.713347
vt 0.849246 0.713347
vt 0.068765 0.650020
vt 0.063049 0.660230
vt 0.053478 0.653505
vt 0.060062 0.647291
vt 0.058179 0.638298
vt 0.058179 0.626511
vt 0.069965 0.626511
vt 0.069965 0.638298
vt 0.056325 0.669801
vt 0.046753 0.663077
vt 0.053497 0.652851
vt 0.059561 0.647132
vt 0.057712 0.639015
vt 0.857560 0.937696
vt 0.857560 0.927797
vt 0.858110 0.927247
vt 0.858110 0.938246
vt 0.047055 0.641264
vt 0.046338 0.640797
vt 0.875224 0.937696
vt 0.875224 0.927797
vt 0.875774 0.927247
vt 0.875774 0.938246
vt 0.581517 0.982008
vt 0.581517 0.972109
vt 0.582067 0.971559
vt 0.582067 0.982558
vt 0.100912 0.928638
vt 0.100912 0.938536
vt 0.100363 0.939086
vt 0.100363 0.928088
vt 0.983017 0.702899
vt 0.983017 0.712797
vt 0.982467 0.713347
vt 0.982467 0.702349
vt 0.605243 0.802885
vt 0.615142 0.802885
vt 0.615142 0.813884
vt 0.605243 0.813884
vt 0.446735 0.822071
vt 0.456633 0.822071
vt 0.456633 0.833070
vt 0.446735 0.833070
vt 0.740420 0.641972
vt 0.750318 0.641972
vt 0.750318 0.652970
vt 0.740420 0.652970
vt 0.536841 0.774773
vt 0.546740 0.774773
vt 0.546740 0.785772
vt 0.536841 0.785772
vt 0.613739 0.665480
vt 0.608023 0.675690
vt 0.598452 0.668965
vt 0.605036 0.662751
vt 0.603153 0.653758
vt 0.603153 0.641972
vt 0.614939 0.641972
vt 0.614939 0.653758
vt 0.601299 0.685261
vt 0.591727 0.678537
vt 0.598471 0.668311
vt 0.604535 0.662592
vt 0.602686 0.654475
vt 0.599180 0.982008
vt 0.599180 0.972109
vt 0.599730 0.971559
vt 0.599730 0.982558
vt 0.592028 0.656724
vt 0.591311 0.656257
vt 0.008557 0.973510
vt 0.008557 0.963611
vt 0.009107 0.963062
vt 0.009107 0.974060
vt 0.982467 0.740910
vt 0.982467 0.731011
vt 0.983017 0.730461
vt 0.983017 0.741460
vt 0.982789 0.871572
vt 0.982789 0.881471
vt 0.982239 0.882021
vt 0.982239 0.871022
vt 0.982789 0.899685
vt 0.982789 0.909583
vt 0.982239 0.910133
vt 0.982239 0.899135
vt 0.820453 0.367945
vt 0.830351 0.367945
vt 0.830351 0.378943
vt 0.820453 0.378943
vt 0.813643 0.008557
vt 0.823542 0.008557
vt 0.823542 0.019556
vt 0.813643 0.019556
vt 0.849246 0.730461
vt 0.859145 0.730461
vt 0.859145 0.741460
vt 0.849246 0.741460
vt 0.118101 0.819845
vt 0.128000 0.819845
vt 0.128000 0.830844
vt 0.118101 0.830844
vt 0.009232 0.629299
vt 0.008680 0.629536
vt 0.011470 0.622169
vt 0.011991 0.622366
vt 0.023715 0.632595
vt 0.011450 0.636823
vt 0.874477 0.378943
vt 0.874477 0.367945
vt 0.875255 0.367945
vt 0.875255 0.378943
vt 0.022866 0.646577
vt 0.008883 0.645728
vt 0.488254 0.708111
vt 0.487476 0.708111
vt 0.487476 0.697112
vt 0.488254 0.697112
vt 0.982239 0.937696
vt 0.982239 0.927797
vt 0.982789 0.927247
vt 0.982789 0.938246
vt 0.008557 0.615704
vt 0.008754 0.615183
vt 0.010992 0.636815
vt 0.008557 0.645131
vt 0.473747 0.822071
vt 0.483646 0.822071
vt 0.483646 0.833070
vt 0.473747 0.833070
vt 0.849246 0.758573
vt 0.859145 0.758573
vt 0.859145 0.769572
vt 0.849246 0.769572
vt 0.672378 0.249439
vt 0.658888 0.259170
vt 0.658888 0.236522
vt 0.670024 0.241214
vt 0.679435 0.242491
vt 0.679515 0.245010
vt 0.659719 0.236190
vt 0.670186 0.240681
vt 0.679584 0.241807
vt 0.679828 0.245432
vt 0.672774 0.250070
vt 0.660483 0.259415
vt 0.849246 0.786686
vt 0.859145 0.786686
vt 0.859145 0.797684
vt 0.849246 0.797684
vt 0.849246 0.814798
vt 0.859145 0.814798
vt 0.859145 0.825797
vt 0.849246 0.825797
vt 0.697753 0.129362
vt 0.692024 0.139606
vt 0.682417 0.132864
vt 0.689058 0.126616
vt 0.687211 0.117686
vt 0.687211 0.105950
vt 0.698947 0.105950
vt 0.698947 0.117686
vt 0.685282 0.149213
vt 0.675675 0.142472
vt 0.682444 0.132015
vt 0.688564 0.126460
vt 0.686745 0.118397
vt 0.046338 0.910424
vt 0.046338 0.900525
vt 0.046887 0.899975
vt 0.046887 0.910974
vt 0.676159 0.120607
vt 0.675448 0.120142
vt 0.893922 0.937696
vt 0.893922 0.927797
vt 0.894472 0.927247
vt 0.894472 0.938246
vt 0.896027 0.116399
vt 0.896027 0.106500
vt 0.896577 0.105950
vt 0.896577 0.116949
vt 0.064551 0.900525
vt 0.064551 0.910424
vt 0.064001 0.910974
vt 0.064001 0.899975
vt 0.929250 0.521715
vt 0.929250 0.531614
vt 0.928701 0.532164
vt 0.928701 0.521165
vt 0.734043 0.068960
vt 0.743942 0.068960
vt 0.743942 0.079959
vt 0.734043 0.079959
vt 0.813643 0.040821
vt 0.823542 0.040821
vt 0.823542 0.051820
vt 0.813643 0.051820
vt 0.740420 0.609681
vt 0.750318 0.609681
vt 0.750318 0.620679
vt 0.740420 0.620679
vt 0.849246 0.842910
vt 0.859145 0.842910
vt 0.859145 0.853909
vt 0.849246 0.853909
vt 0.142264 0.706504
vt 0.143482 0.718394
vt 0.131533 0.718394
vt 0.133387 0.709333
vt 0.126532 0.702922
vt 0.119610 0.693070
vt 0.129463 0.686148
vt 0.136384 0.696001
vt 0.597881 0.079959
vt 0.597881 0.068960
vt 0.608880 0.068960
vt 0.608880 0.079959
vt 0.131164 0.717836
vt 0.132875 0.709495
vt 0.126562 0.703796
vt 0.928700 0.559726
vt 0.928700 0.549827
vt 0.929250 0.549277
vt 0.929250 0.560276
vt 0.118975 0.711934
vt 0.118101 0.711964
vt 0.893373 0.592017
vt 0.893373 0.582118
vt 0.893923 0.581568
vt 0.893923 0.592567
vt 0.081665 0.910424
vt 0.081665 0.900525
vt 0.082215 0.899975
vt 0.082215 0.910974
vt 0.915283 0.236740
vt 0.915283 0.246638
vt 0.914733 0.247188
vt 0.914733 0.236190
vt 0.929250 0.582118
vt 0.929250 0.592017
vt 0.928700 0.592567
vt 0.928700 0.581568
vt 0.842093 0.068960
vt 0.851992 0.068960
vt 0.851992 0.079959
vt 0.842093 0.079959
vt 0.851123 0.134062
vt 0.861022 0.134062
vt 0.861022 0.145061
vt 0.851123 0.145061
vt 0.851123 0.105950
vt 0.861022 0.105950
vt 0.861022 0.116949
vt 0.851123 0.116949
vt 0.843045 0.236190
vt 0.852943 0.236190
vt 0.852943 0.247188
vt 0.843045 0.247188
vt 0.310329 0.588483
vt 0.316045 0.578273
vt 0.325617 0.584998
vt 0.319032 0.591212
vt 0.320915 0.600205
vt 0.320915 0.611992
vt 0.309129 0.611992
vt 0.309129 0.600205
vt 0.322769 0.568702
vt 0.332341 0.575426
vt 0.325597 0.585652
vt 0.319533 0.591371
vt 0.321383 0.599488
vt 0.438420 0.916857
vt 0.438420 0.906958
vt 0.438970 0.906408
vt 0.438970 0.917407
vt 0.332040 0.597239
vt 0.332757 0.597706
vt 0.928700 0.620129
vt 0.928700 0.610231
vt 0.929250 0.609681
vt 0.929250 0.620679
vt 0.928700 0.680533
vt 0.928700 0.670634
vt 0.929250 0.670084
vt 0.929250 0.681083
vt 0.100912 0.900525
vt 0.100912 0.910424
vt 0.100363 0.910974
vt 0.100363 0.899975
vt 0.911366 0.400786
vt 0.911366 0.410684
vt 0.910816 0.411234
vt 0.910816 0.400236
vt 0.199584 0.673612
vt 0.209483 0.673612
vt 0.209483 0.684611
vt 0.199584 0.684611
vt 0.768208 0.702349
vt 0.778107 0.702349
vt 0.778107 0.713347
vt 0.768208 0.713347
vt 0.680018 0.068960
vt 0.689917 0.068960
vt 0.689917 0.079959
vt 0.680018 0.079959
vt 0.008557 0.822500
vt 0.018456 0.822500
vt 0.018456 0.833499
vt 0.008557 0.833499
vt 0.447935 0.636735
vt 0.453651 0.626525
vt 0.463222 0.633249
vt 0.456638 0.639464
vt 0.458521 0.648457
vt 0.458521 0.660243
vt 0.446735 0.660243
vt 0.446735 0.648457
vt 0.460375 0.616954
vt 0.469947 0.623678
vt 0.463203 0.633904
vt 0.457139 0.639623
vt 0.458988 0.647740
vt 0.985387 0.246638
vt 0.985387 0.236740
vt 0.985937 0.236190
vt 0.985937 0.247188
vt 0.469645 0.645491
vt 0.470362 0.645958
vt 0.026220 0.973510
vt 0.026220 0.963612
vt 0.026770 0.963062
vt 0.026770 0.974060
vt 0.281671 0.913018
vt 0.281671 0.903119
vt 0.282221 0.902569
vt 0.282221 0.913568
vt 0.946914 0.521715
vt 0.946914 0.531614
vt 0.946364 0.532164
vt 0.946364 0.521165
vt 0.456633 0.906958
vt 0.456633 0.916857
vt 0.456084 0.917407
vt 0.456084 0.906408
vt 0.740420 0.549277
vt 0.750319 0.549277
vt 0.750319 0.560276
vt 0.740420 0.560276
vt 0.740420 0.521165
vt 0.750319 0.521165
vt 0.750319 0.532164
vt 0.740420 0.532164
vt 0.821236 0.428348
vt 0.831135 0.428348
vt 0.831135 0.439347
vt 0.821236 0.439347
vt 0.407509 0.733794
vt 0.417408 0.733794
vt 0.417408 0.744793
vt 0.407509 0.744793
vt 0.532256 0.544674
vt 0.526540 0.554883
vt 0.516969 0.548159
vt 0.523553 0.541944
vt 0.521670 0.532952
vt 0.521670 0.521165
vt 0.533456 0.521165
vt 0.533456 0.532952
vt 0.519816 0.564455
vt 0.510244 0.557730
vt 0.516988 0.547504
vt 0.523052 0.541786
vt 0.521203 0.533669
vt 0.380497 0.884805
vt 0.380497 0.874906
vt 0.381047 0.874356
vt 0.381047 0.885355
vt 0.510545 0.535917
vt 0.509829 0.535450
vt 0.326347 0.941130
vt 0.326347 0.931231
vt 0.326897 0.930681
vt 0.326897 0.941680
vt 0.326347 0.969242
vt 0.326347 0.959344
vt 0.326897 0.958794
vt 0.326897 0.969792
vt 0.228196 0.931231
vt 0.228196 0.941130
vt 0.227646 0.941680
vt 0.227646 0.930681
vt 0.929250 0.638343
vt 0.929250 0.648242
vt 0.928700 0.648792
vt 0.928700 0.637793
vt 0.091089 0.686148
vt 0.100988 0.686148
vt 0.100988 0.697147
vt 0.091089 0.697147
vt 0.578230 0.774773
vt 0.588129 0.774773
vt 0.588129 0.785772
vt 0.578230 0.785772
vt 0.815080 0.068960
vt 0.824979 0.068960
vt 0.824979 0.079959
vt 0.815080 0.079959
vt 0.199584 0.814174
vt 0.209483 0.814174
vt 0.209483 0.825173
vt 0.199584 0.825173
vt 0.029224 0.528437
vt 0.024579 0.539265
vt 0.014282 0.533540
vt 0.020258 0.526611
vt 0.017467 0.517897
vt 0.016225 0.506180
vt 0.027942 0.504938
vt 0.029184 0.516655
vt 0.018855 0.549562
vt 0.008557 0.543838
vt 0.014233 0.532880
vt 0.019734 0.526504
vt 0.017164 0.518485
vt 0.981691 0.559726
vt 0.981691 0.549827
vt 0.982241 0.549277
vt 0.982241 0.560276
vt 0.009145 0.521054
vt 0.008557 0.520752
vt 0.946954 0.212098
vt 0.946954 0.202199
vt 0.947504 0.201649
vt 0.947504 0.212648
vt 0.731847 0.965808
vt 0.731847 0.955910
vt 0.732397 0.955360
vt 0.732397 0.966358
vt 0.767724 0.955910
vt 0.767724 0.965808
vt 0.767174 0.966358
vt 0.767174 0.955360
vt 0.491960 0.906958
vt 0.491960 0.916857
vt 0.491411 0.917407
vt 0.491411 0.906408
vt 0.605243 0.774773
vt 0.615141 0.774773
vt 0.615141 0.785772
vt 0.605243 0.785772
vt 0.456633 0.861182
vt 0.446735 0.861182
vt 0.446735 0.850183
vt 0.456633 0.850183
vt 0.714183 0.814798
vt 0.724082 0.814798
vt 0.724082 0.825797
vt 0.714183 0.825797
vt 0.732736 0.289189
vt 0.722837 0.289189
vt 0.722837 0.278190
vt 0.732736 0.278190
vt 0.061253 0.524013
vt 0.065383 0.516562
vt 0.076171 0.521098
vt 0.067058 0.527671
vt 0.065062 0.537527
vt 0.057805 0.548994
vt 0.046338 0.541737
vt 0.053595 0.530270
vt 0.061791 0.505322
vt 0.078086 0.504938
vt 0.076036 0.521908
vt 0.067532 0.527991
vt 0.065847 0.537010
vt 0.893373 0.652420
vt 0.893373 0.642522
vt 0.893923 0.641972
vt 0.893923 0.652970
vt 0.077569 0.539421
vt 0.078086 0.540207
vt 0.053659 0.529679
vt 0.060893 0.523697
vt 0.456084 0.888744
vt 0.456084 0.878845
vt 0.456633 0.878296
vt 0.456633 0.889294
vt 0.064746 0.516493
vt 0.061285 0.506306
vt 0.824111 0.105950
vt 0.834010 0.105950
vt 0.834010 0.116949
vt 0.824111 0.116949
vt 0.047514 0.522542
vt 0.053937 0.517012
vt 0.058272 0.511720
vt 0.767432 0.581568
vt 0.777331 0.581568
vt 0.777331 0.592567
vt 0.767432 0.592567
vt 0.228847 0.648886
vt 0.234562 0.638677
vt 0.244134 0.645401
vt 0.237549 0.651616
vt 0.239432 0.660608
vt 0.239432 0.672395
vt 0.227646 0.672395
vt 0.227646 0.660608
vt 0.241286 0.629105
vt 0.250858 0.635830
vt 0.244114 0.646056
vt 0.238050 0.651774
vt 0.239900 0.659891
vt 0.988916 0.497719
vt 0.988916 0.487820
vt 0.989466 0.487270
vt 0.989466 0.498269
vt 0.250557 0.657642
vt 0.251274 0.658110
vt 0.947140 0.712797
vt 0.947140 0.702898
vt 0.947690 0.702349
vt 0.947690 0.713347
vt 0.633996 0.977868
vt 0.633996 0.967969
vt 0.634546 0.967419
vt 0.634546 0.978418
vt 0.813434 0.955909
vt 0.813434 0.965808
vt 0.812884 0.966358
vt 0.812884 0.955360
vt 0.795771 0.955909
vt 0.795771 0.965808
vt 0.795221 0.966358
vt 0.795221 0.955360
vt 0.740420 0.670084
vt 0.750318 0.670084
vt 0.750318 0.681083
vt 0.740420 0.681083
vt 0.046338 0.759413
vt 0.056236 0.759413
vt 0.056236 0.770412
vt 0.046338 0.770412
vt 0.473747 0.850183
vt 0.483646 0.850183
vt 0.483646 0.861182
vt 0.473747 0.861182
vt 0.767432 0.521165
vt 0.777331 0.521165
vt 0.777331 0.532164
vt 0.767432 0.532164
vt 0.559223 0.478939
vt 0.564939 0.468729
vt 0.574510 0.475453
vt 0.567926 0.481668
vt 0.569809 0.490661
vt 0.569809 0.502447
vt 0.558022 0.502447
vt 0.558022 0.490661
vt 0.571663 0.459157
vt 0.581235 0.465882
vt 0.574491 0.476108
vt 0.568427 0.481826
vt 0.570276 0.489944
vt 0.947140 0.740910
vt 0.947140 0.731011
vt 0.947690 0.730461
vt 0.947690 0.741460
vt 0.580933 0.487695
vt 0.581650 0.488162
vt 0.982239 0.965808
vt 0.982239 0.955909
vt 0.982789 0.955359
vt 0.982789 0.966358
vt 0.929249 0.881471
vt 0.929249 0.871572
vt 0.929799 0.871022
vt 0.929799 0.882021
vt 0.947690 0.759123
vt 0.947690 0.769022
vt 0.947140 0.769572
vt 0.947140 0.758573
vt 0.750060 0.955910
vt 0.750060 0.965808
vt 0.749510 0.966358
vt 0.749510 0.955360
vt 0.741010 0.173537
vt 0.750909 0.173537
vt 0.750909 0.184535
vt 0.741010 0.184535
vt 0.824111 0.134062
vt 0.834010 0.134062
vt 0.834010 0.145061
vt 0.824111 0.145061
vt 0.008557 0.850612
vt 0.018456 0.850612
vt 0.018456 0.861611
vt 0.008557 0.861611
vt 0.855922 0.487270
vt 0.865821 0.487270
vt 0.865821 0.498269
vt 0.855922 0.498269
vt 0.550817 0.425461
vt 0.549437 0.412883
vt 0.562084 0.412883
vt 0.560017 0.422303
vt 0.566793 0.429321
vt 0.568173 0.441898
vt 0.555526 0.441898
vt 0.557593 0.432478
vt 0.549437 0.400236
vt 0.562084 0.400236
vt 0.562461 0.413472
vt 0.560550 0.422155
vt 0.566807 0.428411
vt 0.990893 0.288639
vt 0.990893 0.278740
vt 0.991443 0.278190
vt 0.991443 0.289189
vt 0.575125 0.420357
vt 0.576034 0.420372
vt 0.557060 0.432627
vt 0.550803 0.426370
vt 0.555149 0.441310
vt 0.947690 0.787236
vt 0.947690 0.797134
vt 0.947140 0.797684
vt 0.947140 0.786686
vt 0.982831 0.174086
vt 0.982831 0.183985
vt 0.982281 0.184535
vt 0.982281 0.173537
vt 0.768208 0.758573
vt 0.778107 0.758573
vt 0.778107 0.769572
vt 0.768208 0.769572
vt 0.199584 0.701725
vt 0.209483 0.701725
vt 0.209483 0.712724
vt 0.199584 0.712724
vt 0.741196 0.814798
vt 0.751095 0.814798
vt 0.751095 0.825797
vt 0.741196 0.825797
vt 0.046338 0.787526
vt 0.056236 0.787526
vt 0.056236 0.798524
vt 0.046338 0.798524
vt 0.512331 0.415686
vt 0.511779 0.415923
vt 0.514569 0.408555
vt 0.515090 0.408752
vt 0.526814 0.418981
vt 0.514550 0.423209
vt 0.876258 0.853909
vt 0.876258 0.842910
vt 0.877036 0.842910
vt 0.877036 0.853909
vt 0.525965 0.432963
vt 0.511983 0.432115
vt 0.488254 0.595662
vt 0.487476 0.595662
vt 0.487476 0.584663
vt 0.488254 0.584663
vt 0.947140 0.825247
vt 0.947140 0.815348
vt 0.947690 0.814798
vt 0.947690 0.825797
vt 0.511656 0.402091
vt 0.511853 0.401570
vt 0.514091 0.423202
vt 0.511656 0.431517
vt 0.254658 0.733895
vt 0.264557 0.733895
vt 0.264557 0.744894
vt 0.254658 0.744894
vt 0.281671 0.733895
vt 0.291570 0.733895
vt 0.291570 0.744894
vt 0.281671 0.744894
vt 0.647141 0.718170
vt 0.633996 0.724993
vt 0.633996 0.702645
vt 0.646402 0.709916
vt 0.655106 0.712612
vt 0.654907 0.715267
vt 0.635025 0.702375
vt 0.646714 0.709205
vt 0.655305 0.712132
vt 0.655207 0.715847
vt 0.647354 0.718640
vt 0.635392 0.725407
vt 0.707031 0.068960
vt 0.716929 0.068960
vt 0.716929 0.079959
vt 0.707031 0.079959
vt 0.795221 0.814798
vt 0.805120 0.814798
vt 0.805120 0.825797
vt 0.795221 0.825797
vt 0.640706 0.478939
vt 0.646422 0.468729
vt 0.655993 0.475453
vt 0.649409 0.481668
vt 0.651292 0.490661
vt 0.651292 0.502447
vt 0.639505 0.502447
vt 0.639505 0.490661
vt 0.653146 0.459157
vt 0.662718 0.465882
vt 0.655974 0.476108
vt 0.649910 0.481826
vt 0.651759 0.489944
vt 0.929249 0.909584
vt 0.929249 0.899685
vt 0.929799 0.899135
vt 0.929799 0.910134
vt 0.662416 0.487695
vt 0.663133 0.488162
vt 0.946364 0.592017
vt 0.946364 0.582118
vt 0.946914 0.581568
vt 0.946914 0.592567
vt 0.910816 0.438797
vt 0.910816 0.428898
vt 0.911366 0.428348
vt 0.911366 0.439347
vt 0.474297 0.906958
vt 0.474297 0.916857
vt 0.473747 0.917407
vt 0.473747 0.906408
vt 0.929841 0.174086
vt 0.929841 0.183985
vt 0.929291 0.184535
vt 0.929291 0.173537
vt 0.199584 0.504938
vt 0.209483 0.504938
vt 0.209483 0.515937
vt 0.199584 0.515937
vt 0.008557 0.710051
vt 0.018456 0.710051
vt 0.018456 0.721049
vt 0.008557 0.721049
vt 0.855922 0.459157
vt 0.865821 0.459157
vt 0.865821 0.470156
vt 0.855922 0.470156
vt 0.768208 0.814798
vt 0.778107 0.814798
vt 0.778107 0.825797
vt 0.768208 0.825797
vt 0.673989 0.661823
vt 0.679718 0.651579
vt 0.689325 0.658321
vt 0.682684 0.664569
vt 0.684531 0.673498
vt 0.684531 0.685235
vt 0.672794 0.685235
vt 0.672794 0.673498
vt 0.686459 0.641972
vt 0.696067 0.648713
vt 0.689298 0.659170
vt 0.683178 0.664725
vt 0.684996 0.672787
vt 0.911037 0.531614
vt 0.911037 0.521715
vt 0.911587 0.521165
vt 0.911587 0.532164
vt 0.695583 0.670577
vt 0.696294 0.671043
vt 0.929291 0.212098
vt 0.929291 0.202199
vt 0.929841 0.201649
vt 0.929841 0.212648
vt 0.929477 0.712797
vt 0.929477 0.702899
vt 0.930026 0.702349
vt 0.930026 0.713347
vt 0.930027 0.731011
vt 0.930027 0.740910
vt 0.929477 0.741460
vt 0.929477 0.730461
vt 0.911587 0.549827
vt 0.911587 0.559726
vt 0.911037 0.560276
vt 0.911037 0.549277
vt 0.741010 0.201649
vt 0.750909 0.201649
vt 0.750909 0.212648
vt 0.741010 0.212648
vt 0.816032 0.236190
vt 0.825931 0.236190
vt 0.825931 0.247188
vt 0.816032 0.247188
vt 0.776862 0.278190
vt 0.786761 0.278190
vt 0.786761 0.289189
vt 0.776862 0.289189
vt 0.633996 0.826857
vt 0.643895 0.826857
vt 0.643895 0.837856
vt 0.633996 0.837856
vt 0.119302 0.524720
vt 0.125018 0.514510
vt 0.134589 0.521234
vt 0.128005 0.527449
vt 0.129888 0.536442
vt 0.129888 0.548228
vt 0.118101 0.548228
vt 0.118101 0.536442
vt 0.131742 0.504938
vt 0.141313 0.511663
vt 0.134570 0.521889
vt 0.128506 0.527607
vt 0.130355 0.535725
vt 0.438420 0.888744
vt 0.438420 0.878846
vt 0.438970 0.878296
vt 0.438970 0.889294
vt 0.141012 0.533476
vt 0.141729 0.533943
vt 0.491411 0.888744
vt 0.491411 0.878846
vt 0.491960 0.878296
vt 0.491960 0.889294
vt 0.026220 0.917286
vt 0.026220 0.907387
vt 0.026770 0.906837
vt 0.026770 0.917836
vt 0.178809 0.929845
vt 0.178809 0.939744
vt 0.178259 0.940294
vt 0.178259 0.929295
vt 0.911587 0.582118
vt 0.911587 0.592017
vt 0.911037 0.592567
vt 0.911037 0.581568
vt 0.789020 0.236190
vt 0.798919 0.236190
vt 0.798919 0.247188
vt 0.789020 0.247188
vt 0.828910 0.459157
vt 0.838808 0.459157
vt 0.838808 0.470156
vt 0.828910 0.470156
vt 0.768208 0.730461
vt 0.778107 0.730461
vt 0.778107 0.741460
vt 0.768208 0.741460
vt 0.712403 0.339832
vt 0.722302 0.339832
vt 0.722302 0.350831
vt 0.712403 0.350831
vt 0.681442 0.479008
vt 0.687170 0.468765
vt 0.696778 0.475506
vt 0.690137 0.481755
vt 0.691984 0.490684
vt 0.691984 0.502421
vt 0.680247 0.502421
vt 0.680247 0.490684
vt 0.693912 0.459157
vt 0.703519 0.465899
vt 0.696750 0.476356
vt 0.690631 0.481911
vt 0.692449 0.489973
vt 0.651660 0.977868
vt 0.651660 0.967969
vt 0.652210 0.967419
vt 0.652210 0.978418
vt 0.703035 0.487763
vt 0.703746 0.488229
vt 0.982467 0.769022
vt 0.982467 0.759123
vt 0.983017 0.758573
vt 0.983017 0.769572
vt 0.911037 0.648242
vt 0.911037 0.638343
vt 0.911587 0.637793
vt 0.911587 0.648792
vt 0.840447 0.955909
vt 0.840447 0.965808
vt 0.839897 0.966358
vt 0.839897 0.955360
vt 0.930026 0.759123
vt 0.930026 0.769022
vt 0.929477 0.769572
vt 0.929477 0.758573
vt 0.776862 0.306302
vt 0.786761 0.306302
vt 0.786761 0.317301
vt 0.776862 0.317301
vt 0.821236 0.400236
vt 0.831135 0.400236
vt 0.831135 0.411234
vt 0.821236 0.411234
vt 0.828910 0.487270
vt 0.838808 0.487270
vt 0.838808 0.498269
vt 0.828910 0.498269
vt 0.830887 0.278190
vt 0.840786 0.278190
vt 0.840786 0.289189
vt 0.830887 0.289189
vt 0.595166 0.125731
vt 0.600881 0.115521
vt 0.610453 0.122246
vt 0.603869 0.128460
vt 0.605752 0.137453
vt 0.605752 0.149239
vt 0.593965 0.149239
vt 0.593965 0.137453
vt 0.607606 0.105950
vt 0.617177 0.112674
vt 0.610434 0.122900
vt 0.604370 0.128619
vt 0.606219 0.136736
vt 0.199584 0.937072
vt 0.199584 0.927173
vt 0.200134 0.926623
vt 0.200134 0.937622
vt 0.616876 0.134487
vt 0.617593 0.134954
vt 0.893373 0.559726
vt 0.893373 0.549827
vt 0.893923 0.549277
vt 0.893923 0.560276
vt 0.884912 0.288639
vt 0.884912 0.278740
vt 0.885462 0.278190
vt 0.885462 0.289189
vt 0.732397 0.927797
vt 0.732397 0.937696
vt 0.731847 0.938246
vt 0.731847 0.927247
vt 0.885462 0.306852
vt 0.885462 0.316751
vt 0.884912 0.317301
vt 0.884912 0.306302
vt 0.821457 0.581568
vt 0.831356 0.581568
vt 0.831356 0.592567
vt 0.821457 0.592567
vt 0.351743 0.790019
vt 0.361642 0.790019
vt 0.361642 0.801018
vt 0.351743 0.801018
vt 0.633996 0.854970
vt 0.643895 0.854970
vt 0.643895 0.865968
vt 0.633996 0.865968
vt 0.407509 0.790019
vt 0.417408 0.790019
vt 0.417408 0.801018
vt 0.407509 0.801018
vt 0.511029 0.601349
vt 0.516745 0.591140
vt 0.526316 0.597864
vt 0.519732 0.604079
vt 0.521615 0.613071
vt 0.521615 0.624858
vt 0.509829 0.624858
vt 0.509829 0.613071
vt 0.523469 0.581568
vt 0.533041 0.588293
vt 0.526297 0.598519
vt 0.520233 0.604237
vt 0.522082 0.612354
vt 0.857560 0.965808
vt 0.857560 0.955909
vt 0.858110 0.955360
vt 0.858110 0.966358
vt 0.532739 0.610106
vt 0.533456 0.610573
vt 0.875224 0.965808
vt 0.875224 0.955909
vt 0.875774 0.955360
vt 0.875774 0.966358
vt 0.118101 0.886518
vt 0.118101 0.876619
vt 0.118651 0.876069
vt 0.118651 0.887068
vt 0.946914 0.549827
vt 0.946914 0.559726
vt 0.946364 0.560276
vt 0.946364 0.549277
vt 0.352293 0.874906
vt 0.352293 0.884805
vt 0.351743 0.885355
vt 0.351743 0.874356
vt 0.770086 0.105950
vt 0.779985 0.105950
vt 0.779985 0.116949
vt 0.770086 0.116949
vt 0.857899 0.278190
vt 0.867798 0.278190
vt 0.867798 0.289189
vt 0.857899 0.289189
vt 0.761056 0.068960
vt 0.770954 0.068960
vt 0.770954 0.079959
vt 0.761056 0.079959
vt 0.741196 0.730461
vt 0.751095 0.730461
vt 0.751095 0.741460
vt 0.741196 0.741460
vt 0.633254 0.540946
vt 0.638969 0.530736
vt 0.648541 0.537461
vt 0.641956 0.543675
vt 0.643839 0.552668
vt 0.643839 0.564455
vt 0.632053 0.564455
vt 0.632053 0.552668
vt 0.645693 0.521165
vt 0.655265 0.527889
vt 0.648521 0.538115
vt 0.642457 0.543834
vt 0.644307 0.551951
vt 0.911585 0.937696
vt 0.911585 0.927797
vt 0.912135 0.927247
vt 0.912135 0.938246
vt 0.654964 0.549702
vt 0.655681 0.550169
vt 0.398160 0.884805
vt 0.398160 0.874906
vt 0.398710 0.874356
vt 0.398710 0.885355
vt 0.929477 0.797134
vt 0.929477 0.787236
vt 0.930027 0.786686
vt 0.930027 0.797684
vt 0.417408 0.874906
vt 0.417408 0.884805
vt 0.416858 0.885355
vt 0.416858 0.874356
vt 0.930027 0.815348
vt 0.930027 0.825247
vt 0.929477 0.825797
vt 0.929477 0.814798
vt 0.712403 0.367945
vt 0.722302 0.367945
vt 0.722302 0.378943
vt 0.712403 0.378943
vt 0.821457 0.609681
vt 0.831356 0.609681
vt 0.831356 0.620679
vt 0.821457 0.620679
vt 0.713186 0.400236
vt 0.723085 0.400236
vt 0.723085 0.411234
vt 0.713186 0.411234
vt 0.830887 0.306302
vt 0.840786 0.306302
vt 0.840786 0.317301
vt 0.830887 0.317301
vt 0.047538 0.585889
vt 0.053254 0.575680
vt 0.062825 0.582404
vt 0.056241 0.588619
vt 0.058124 0.597611
vt 0.058124 0.609398
vt 0.046338 0.609398
vt 0.046338 0.597611
vt 0.059978 0.566108
vt 0.069550 0.572832
vt 0.062806 0.583058
vt 0.056742 0.588777
vt 0.058591 0.596894
vt 0.911585 0.965808
vt 0.911585 0.955909
vt 0.912135 0.955360
vt 0.912135 0.966358
vt 0.069248 0.594645
vt 0.069965 0.595112
vt 0.893922 0.965808
vt 0.893922 0.955909
vt 0.894472 0.955360
vt 0.894472 0.966358
vt 0.911037 0.620129
vt 0.911037 0.610231
vt 0.911587 0.609681
vt 0.911587 0.620679
vt 0.947462 0.955909
vt 0.947462 0.965808
vt 0.946912 0.966358
vt 0.946912 0.955359
vt 0.948221 0.009107
vt 0.948221 0.019006
vt 0.947671 0.019556
vt 0.947671 0.008557
vt 0.741196 0.702349
vt 0.751095 0.702349
vt 0.751095 0.713347
vt 0.741196 0.713347
vt 0.743073 0.105950
vt 0.752972 0.105950
vt 0.752972 0.116949
vt 0.743073 0.116949
vt 0.786631 0.008557
vt 0.796529 0.008557
vt 0.796529 0.019556
vt 0.786631 0.019556
vt 0.227646 0.790120
vt 0.237545 0.790120
vt 0.237545 0.801118
vt 0.227646 0.801118
vt 0.551771 0.601349
vt 0.557486 0.591140
vt 0.567058 0.597864
vt 0.560473 0.604079
vt 0.562357 0.613071
vt 0.562357 0.624858
vt 0.550570 0.624858
vt 0.550570 0.613071
vt 0.564211 0.581568
vt 0.573782 0.588293
vt 0.567039 0.598519
vt 0.560975 0.604237
vt 0.562824 0.612354
vt 0.929249 0.937696
vt 0.929249 0.927797
vt 0.929799 0.927247
vt 0.929799 0.938246
vt 0.573481 0.610106
vt 0.574198 0.610573
vt 0.947671 0.047118
vt 0.947671 0.037219
vt 0.948221 0.036669
vt 0.948221 0.047668
vt 0.949018 0.116399
vt 0.949018 0.106500
vt 0.949568 0.105950
vt 0.949568 0.116949
vt 0.949568 0.134612
vt 0.949568 0.144511
vt 0.949018 0.145061
vt 0.949018 0.134062
vt 0.949658 0.069510
vt 0.949658 0.079409
vt 0.949108 0.079959
vt 0.949108 0.068960
vt 0.767432 0.609681
vt 0.777331 0.609681
vt 0.777331 0.620679
vt 0.767432 0.620679
vt 0.672794 0.830971
vt 0.682693 0.830971
vt 0.682693 0.841970
vt 0.672794 0.841970
vt 0.786631 0.040821
vt 0.796530 0.040821
vt 0.796530 0.051820
vt 0.786631 0.051820
vt 0.254658 0.790120
vt 0.264557 0.790120
vt 0.264557 0.801118
vt 0.254658 0.801118
vt 0.592512 0.601349
vt 0.598228 0.591140
vt 0.607799 0.597864
vt 0.601215 0.604079
vt 0.603098 0.613071
vt 0.603098 0.624858
vt 0.591311 0.624858
vt 0.591311 0.613071
vt 0.604952 0.581568
vt 0.614523 0.588293
vt 0.607780 0.598519
vt 0.601716 0.604237
vt 0.603565 0.612354
vt 0.929249 0.965808
vt 0.929249 0.955909
vt 0.929799 0.955360
vt 0.929799 0.966358
vt 0.614222 0.610105
vt 0.614939 0.610573
vt 0.964576 0.965808
vt 0.964576 0.955909
vt 0.965126 0.955359
vt 0.965126 0.966358
vt 0.046338 0.966648
vt 0.046338 0.956750
vt 0.046887 0.956200
vt 0.046887 0.967198
vt 0.634546 0.939857
vt 0.634546 0.949756
vt 0.633996 0.950306
vt 0.633996 0.939307
vt 0.082215 0.956750
vt 0.082215 0.966648
vt 0.081665 0.967198
vt 0.081665 0.956200
vt 0.874477 0.339832
vt 0.884376 0.339832
vt 0.884376 0.350831
vt 0.874477 0.350831
vt 0.743073 0.134062
vt 0.752972 0.134062
vt 0.752972 0.145061
vt 0.743073 0.145061
vt 0.091089 0.742373
vt 0.100988 0.742373
vt 0.100988 0.753372
vt 0.091089 0.753372
vt 0.713186 0.428348
vt 0.723085 0.428348
vt 0.723085 0.439347
vt 0.713186 0.439347
vt 0.689627 0.416894
vt 0.689222 0.416613
vt 0.695394 0.410511
vt 0.695928 0.411059
vt 0.696073 0.430617
vt 0.683937 0.420019
vt 0.875482 0.592567
vt 0.875482 0.581568
vt 0.876260 0.581568
vt 0.876260 0.592567
vt 0.680631 0.436226
vt 0.675022 0.420784
vt 0.488254 0.567549
vt 0.487476 0.567549
vt 0.487476 0.556550
vt 0.488254 0.556550
vt 0.930008 0.019006
vt 0.930008 0.009107
vt 0.930558 0.008557
vt 0.930558 0.019556
vt 0.695524 0.400770
vt 0.696073 0.400236
vt 0.683822 0.419601
vt 0.675450 0.420281
vt 0.685695 0.408825
vt 0.821457 0.521165
vt 0.831356 0.521165
vt 0.831356 0.532164
vt 0.821457 0.532164
vt 0.514124 0.246166
vt 0.527614 0.236435
vt 0.527614 0.259084
vt 0.516478 0.254391
vt 0.507067 0.253114
vt 0.506988 0.250595
vt 0.526783 0.259415
vt 0.516317 0.254924
vt 0.506919 0.253798
vt 0.506675 0.250173
vt 0.513728 0.245535
vt 0.526020 0.236190
vt 0.633996 0.742520
vt 0.643895 0.742520
vt 0.643895 0.753519
vt 0.633996 0.753519
vt 0.536841 0.830997
vt 0.546740 0.830997
vt 0.546740 0.841996
vt 0.536841 0.841996
vt 0.599965 0.478939
vt 0.605680 0.468729
vt 0.615252 0.475453
vt 0.608667 0.481668
vt 0.610551 0.490661
vt 0.610551 0.502447
vt 0.598764 0.502447
vt 0.598764 0.490661
vt 0.612405 0.459157
vt 0.621976 0.465882
vt 0.615233 0.476108
vt 0.609169 0.481826
vt 0.611018 0.489944
vt 0.896118 0.079409
vt 0.896118 0.069510
vt 0.896668 0.068960
vt 0.896668 0.079959
vt 0.621675 0.487695
vt 0.622392 0.488162
vt 0.897069 0.246638
vt 0.897069 0.236740
vt 0.897619 0.236190
vt 0.897619 0.247188
vt 0.911037 0.680533
vt 0.911037 0.670634
vt 0.911587 0.670084
vt 0.911587 0.681083
vt 0.930558 0.037219
vt 0.930558 0.047118
vt 0.930008 0.047668
vt 0.930008 0.036669
vt 0.912135 0.871572
vt 0.912135 0.881471
vt 0.911585 0.882021
vt 0.911585 0.871022
vt 0.160595 0.760621
vt 0.170494 0.760621
vt 0.170494 0.771620
vt 0.160595 0.771620
vt 0.509829 0.830997
vt 0.519727 0.830997
vt 0.519727 0.841996
vt 0.509829 0.841996
vt 0.762007 0.236190
vt 0.771906 0.236190
vt 0.771906 0.247188
vt 0.762007 0.247188
vt 0.407509 0.761906
vt 0.417408 0.761906
vt 0.417408 0.772905
vt 0.407509 0.772905
vt 0.633254 0.661753
vt 0.638969 0.651543
vt 0.648541 0.658267
vt 0.641956 0.664482
vt 0.643839 0.673475
vt 0.643839 0.685261
vt 0.632053 0.685261
vt 0.632053 0.673475
vt 0.645693 0.641972
vt 0.655265 0.648696
vt 0.648521 0.658922
vt 0.642457 0.664640
vt 0.644307 0.672758
vt 0.894149 0.712797
vt 0.894149 0.702899
vt 0.894699 0.702349
vt 0.894699 0.713347
vt 0.654964 0.670509
vt 0.655681 0.670976
vt 0.911585 0.909584
vt 0.911585 0.899685
vt 0.912135 0.899135
vt 0.912135 0.910134
vt 0.911627 0.212098
vt 0.911627 0.202199
vt 0.912177 0.201649
vt 0.912177 0.212648
vt 0.912177 0.174086
vt 0.912177 0.183985
vt 0.911627 0.184535
vt 0.911627 0.173537
vt 0.931904 0.106500
vt 0.931904 0.116399
vt 0.931354 0.116949
vt 0.931354 0.105950
vt 0.722837 0.310454
vt 0.732736 0.310454
vt 0.732736 0.321453
vt 0.722837 0.321453
vt 0.713407 0.521165
vt 0.723306 0.521165
vt 0.723306 0.532164
vt 0.713407 0.532164
vt 0.857899 0.306302
vt 0.867798 0.306302
vt 0.867798 0.317301
vt 0.857899 0.317301
vt 0.308683 0.790120
vt 0.318582 0.790120
vt 0.318582 0.801118
vt 0.308683 0.801118
vt 0.552361 0.193318
vt 0.558077 0.183108
vt 0.567648 0.189832
vt 0.561064 0.196047
vt 0.562947 0.205040
vt 0.562947 0.216826
vt 0.551160 0.216826
vt 0.551160 0.205040
vt 0.564801 0.173537
vt 0.574372 0.180261
vt 0.567629 0.190487
vt 0.561565 0.196205
vt 0.563414 0.204323
vt 0.160595 0.911631
vt 0.160595 0.901732
vt 0.161145 0.901183
vt 0.161145 0.912181
vt 0.574071 0.202074
vt 0.574788 0.202541
vt 0.931354 0.144511
vt 0.931354 0.134612
vt 0.931904 0.134062
vt 0.931904 0.145061
vt 0.876258 0.881471
vt 0.876258 0.871572
vt 0.876808 0.871022
vt 0.876808 0.882021
vt 0.064551 0.956750
vt 0.064551 0.966648
vt 0.064001 0.967198
vt 0.064001 0.956200
vt 0.228196 0.875006
vt 0.228196 0.884905
vt 0.227646 0.885455
vt 0.227646 0.874456
vt 0.380497 0.761907
vt 0.390396 0.761907
vt 0.390396 0.772905
vt 0.380497 0.772905
vt 0.713407 0.549277
vt 0.723306 0.549277
vt 0.723306 0.560276
vt 0.713407 0.560276
vt 0.770086 0.134062
vt 0.779985 0.134062
vt 0.779985 0.145061
vt 0.770086 0.145061
vt 0.046338 0.815638
vt 0.056236 0.815638
vt 0.056236 0.826637
vt 0.046338 0.826637
vt 0.611711 0.028338
vt 0.617426 0.018128
vt 0.626998 0.024853
vt 0.620413 0.031067
vt 0.622297 0.040060
vt 0.622297 0.051846
vt 0.610510 0.051846
vt 0.610510 0.040060
vt 0.624151 0.008557
vt 0.633722 0.015281
vt 0.626979 0.025507
vt 0.620915 0.031226
vt 0.622764 0.039343
vt 0.981691 0.592017
vt 0.981691 0.582118
vt 0.982241 0.581568
vt 0.982241 0.592567
vt 0.633421 0.037094
vt 0.634138 0.037561
vt 0.473747 0.944969
vt 0.473747 0.935070
vt 0.474297 0.934520
vt 0.474297 0.945519
vt 0.245309 0.884905
vt 0.245309 0.875006
vt 0.245859 0.874456
vt 0.245859 0.885455
vt 0.100912 0.956750
vt 0.100912 0.966649
vt 0.100363 0.967199
vt 0.100363 0.956200
vt 0.282221 0.875006
vt 0.282221 0.884905
vt 0.281671 0.885455
vt 0.281671 0.874456
vt 0.713407 0.581568
vt 0.723306 0.581568
vt 0.723306 0.592567
vt 0.713407 0.592567
vt 0.073350 0.815638
vt 0.083249 0.815638
vt 0.083249 0.826637
vt 0.073350 0.826637
vt 0.672794 0.859083
vt 0.682693 0.859083
vt 0.682693 0.870082
vt 0.672794 0.870082
vt 0.563853 0.830997
vt 0.573752 0.830997
vt 0.573752 0.841996
vt 0.563853 0.841996
vt 0.522812 0.301916
vt 0.515578 0.294178
vt 0.527644 0.290256
vt 0.528020 0.299345
vt 0.535034 0.305277
vt 0.541947 0.315805
vt 0.531418 0.322719
vt 0.524505 0.312190
vt 0.511656 0.282111
vt 0.523723 0.278190
vt 0.528131 0.290705
vt 0.528473 0.299127
vt 0.534961 0.304419
vt 0.894149 0.740910
vt 0.894149 0.731011
vt 0.894699 0.730461
vt 0.894699 0.741460
vt 0.542028 0.296043
vt 0.542886 0.295970
vt 0.523885 0.311744
vt 0.522312 0.302154
vt 0.135765 0.886518
vt 0.135765 0.876619
vt 0.136315 0.876069
vt 0.136315 0.887068
vt 0.178809 0.901733
vt 0.178809 0.911631
vt 0.178259 0.912181
vt 0.178259 0.901183
vt 0.515545 0.295179
vt 0.821457 0.549277
vt 0.831356 0.549277
vt 0.831356 0.560276
vt 0.821457 0.560276
vt 0.513229 0.313492
vt 0.511656 0.303901
vt 0.509829 0.859110
vt 0.519727 0.859110
vt 0.519727 0.870108
vt 0.509829 0.870108
vt 0.160595 0.816846
vt 0.170494 0.816846
vt 0.170494 0.827844
vt 0.160595 0.827844
vt 0.674580 0.193387
vt 0.680308 0.183144
vt 0.689915 0.189885
vt 0.683275 0.196134
vt 0.685121 0.205063
vt 0.685121 0.216800
vt 0.673385 0.216800
vt 0.673385 0.205063
vt 0.687050 0.173536
vt 0.696657 0.180278
vt 0.689888 0.190735
vt 0.683769 0.196290
vt 0.685587 0.204352
vt 0.714183 0.937696
vt 0.714183 0.927797
vt 0.714733 0.927247
vt 0.714733 0.938246
vt 0.696173 0.202142
vt 0.696884 0.202608
vt 0.982281 0.212098
vt 0.982281 0.202199
vt 0.982831 0.201649
vt 0.982831 0.212648
vt 0.966681 0.116399
vt 0.966681 0.106500
vt 0.967231 0.105950
vt 0.967231 0.116949
vt 0.894699 0.759123
vt 0.894699 0.769022
vt 0.894149 0.769572
vt 0.894149 0.758573
vt 0.118651 0.960956
vt 0.118651 0.970855
vt 0.118101 0.971405
vt 0.118101 0.960406
vt 0.713407 0.641972
vt 0.723306 0.641972
vt 0.723306 0.652970
vt 0.713407 0.652970
vt 0.563853 0.859110
vt 0.573752 0.859110
vt 0.573752 0.870109
vt 0.563853 0.870109
vt 0.713407 0.609681
vt 0.723306 0.609681
vt 0.723306 0.620679
vt 0.713407 0.620679
vt 0.672794 0.746634
vt 0.682693 0.746634
vt 0.682693 0.757633
vt 0.672794 0.757633
vt 0.351071 0.588483
vt 0.356787 0.578273
vt 0.366358 0.584998
vt 0.359774 0.591213
vt 0.361657 0.600205
vt 0.361657 0.611992
vt 0.349870 0.611992
vt 0.349870 0.600205
vt 0.363511 0.568702
vt 0.373082 0.575426
vt 0.366339 0.585652
vt 0.360275 0.591371
vt 0.362124 0.599488
vt 0.351743 0.941029
vt 0.351743 0.931131
vt 0.352293 0.930581
vt 0.352293 0.941579
vt 0.372781 0.597239
vt 0.373498 0.597706
vt 0.008557 0.889173
vt 0.008557 0.879275
vt 0.009107 0.878725
vt 0.009107 0.889723
vt 0.264007 0.884905
vt 0.264007 0.875006
vt 0.264557 0.874456
vt 0.264557 0.885455
vt 0.264557 0.931231
vt 0.264557 0.941130
vt 0.264007 0.941680
vt 0.264007 0.930681
vt 0.100912 0.872413
vt 0.100912 0.882312
vt 0.100363 0.882862
vt 0.100363 0.871863
vt 0.351743 0.733794
vt 0.361642 0.733794
vt 0.361642 0.744793
vt 0.351743 0.744793
vt 0.536841 0.859110
vt 0.546740 0.859110
vt 0.546740 0.870108
vt 0.536841 0.870108
vt 0.351743 0.761907
vt 0.361642 0.761907
vt 0.361642 0.772905
vt 0.351743 0.772905
vt 0.795221 0.842910
vt 0.805120 0.842910
vt 0.805120 0.853909
vt 0.795221 0.853909
vt 0.513392 0.195626
vt 0.513951 0.188045
vt 0.524713 0.187652
vt 0.519549 0.196634
vt 0.521587 0.206036
vt 0.519715 0.219076
vt 0.506675 0.217204
vt 0.508546 0.204164
vt 0.506714 0.180176
vt 0.520006 0.173537
vt 0.524908 0.188383
vt 0.520078 0.196726
vt 0.522076 0.205279
vt 0.988916 0.469606
vt 0.988916 0.459707
vt 0.989466 0.459157
vt 0.989466 0.470156
vt 0.533290 0.202870
vt 0.534047 0.203359
vt 0.508359 0.203464
vt 0.512971 0.195484
vt 0.966681 0.144511
vt 0.966681 0.134612
vt 0.967231 0.134062
vt 0.967231 0.145061
vt 0.513407 0.188231
vt 0.506675 0.181179
vt 0.590866 0.859110
vt 0.600765 0.859110
vt 0.600765 0.870109
vt 0.590866 0.870109
vt 0.605243 0.830997
vt 0.615141 0.830997
vt 0.615141 0.841996
vt 0.605243 0.841996
vt 0.160595 0.788733
vt 0.170494 0.788733
vt 0.170494 0.799732
vt 0.160595 0.799732
vt 0.713407 0.670084
vt 0.723306 0.670084
vt 0.723306 0.681083
vt 0.713407 0.681083
vt 0.594528 0.425460
vt 0.593148 0.412883
vt 0.605795 0.412883
vt 0.603728 0.422303
vt 0.610504 0.429321
vt 0.611884 0.441898
vt 0.599237 0.441898
vt 0.601304 0.432478
vt 0.593148 0.400236
vt 0.605795 0.400236
vt 0.606172 0.413472
vt 0.604261 0.422155
vt 0.610518 0.428411
vt 0.911813 0.712797
vt 0.911813 0.702899
vt 0.912363 0.702349
vt 0.912363 0.713347
vt 0.618836 0.420357
vt 0.619745 0.420372
vt 0.600771 0.432627
vt 0.594514 0.426370
vt 0.598860 0.441310
vt 0.982241 0.610231
vt 0.982241 0.620129
vt 0.981691 0.620679
vt 0.981691 0.609681
vt 0.652210 0.939857
vt 0.652210 0.949756
vt 0.651660 0.950306
vt 0.651660 0.939307
vt 0.867668 0.008557
vt 0.877567 0.008557
vt 0.877567 0.019556
vt 0.867668 0.019556
vt 0.509829 0.746660
vt 0.519727 0.746660
vt 0.519727 0.757659
vt 0.509829 0.757659
vt 0.551218 0.746661
vt 0.561117 0.746661
vt 0.561117 0.757659
vt 0.551218 0.757659
vt 0.867668 0.036669
vt 0.877567 0.036669
vt 0.877567 0.047668
vt 0.867668 0.047668
vt 0.693188 0.028408
vt 0.698916 0.018164
vt 0.708524 0.024906
vt 0.701883 0.031154
vt 0.703730 0.040083
vt 0.703730 0.051820
vt 0.691993 0.051820
vt 0.691993 0.040083
vt 0.705658 0.008557
vt 0.715265 0.015298
vt 0.708496 0.025755
vt 0.702377 0.031310
vt 0.704195 0.039373
vt 0.795221 0.937696
vt 0.795221 0.927797
vt 0.795771 0.927247
vt 0.795771 0.938246
vt 0.714781 0.037163
vt 0.715492 0.037628
vt 0.982467 0.797134
vt 0.982467 0.787235
vt 0.983017 0.786686
vt 0.983017 0.797684
vt 0.966772 0.079409
vt 0.966772 0.069510
vt 0.967322 0.068960
vt 0.967322 0.079959
vt 0.984895 0.134612
vt 0.984895 0.144511
vt 0.984345 0.145061
vt 0.984345 0.134062
vt 0.950610 0.236740
vt 0.950610 0.246638
vt 0.950060 0.247188
vt 0.950060 0.236190
vt 0.822233 0.842910
vt 0.832132 0.842910
vt 0.832132 0.853909
vt 0.822233 0.853909
vt 0.091089 0.770485
vt 0.100988 0.770485
vt 0.100988 0.781484
vt 0.091089 0.781484
vt 0.793440 0.367945
vt 0.803339 0.367945
vt 0.803339 0.378943
vt 0.793440 0.378943
vt 0.046338 0.843750
vt 0.056236 0.843750
vt 0.056236 0.854749
vt 0.046338 0.854749
vt 0.162447 0.697386
vt 0.162053 0.697552
vt 0.164180 0.691665
vt 0.164597 0.691816
vt 0.175870 0.700531
vt 0.164235 0.704244
vt 0.876258 0.825797
vt 0.876258 0.814798
vt 0.877036 0.814798
vt 0.877036 0.825797
vt 0.175870 0.715395
vt 0.161006 0.715395
vt 0.877036 0.713347
vt 0.876258 0.713347
vt 0.876258 0.702349
vt 0.877036 0.702349
vt 0.135765 0.942743
vt 0.135765 0.932844
vt 0.136315 0.932294
vt 0.136315 0.943293
vt 0.161788 0.686565
vt 0.161939 0.686148
vt 0.163621 0.704237
vt 0.160595 0.714648
vt 0.160595 0.873070
vt 0.170494 0.873070
vt 0.170494 0.884069
vt 0.160595 0.884069
vt 0.713998 0.173536
vt 0.723896 0.173536
vt 0.723896 0.184535
vt 0.713998 0.184535
vt 0.710431 0.249439
vt 0.696941 0.259170
vt 0.696941 0.236522
vt 0.708077 0.241214
vt 0.717489 0.242491
vt 0.717568 0.245010
vt 0.697772 0.236190
vt 0.708239 0.240681
vt 0.717637 0.241807
vt 0.717881 0.245432
vt 0.710828 0.250070
vt 0.698536 0.259415
vt 0.869105 0.068960
vt 0.879004 0.068960
vt 0.879004 0.079959
vt 0.869105 0.079959
vt 0.227646 0.762007
vt 0.237545 0.762007
vt 0.237545 0.773006
vt 0.227646 0.773006
vt 0.160044 0.524720
vt 0.165759 0.514510
vt 0.175331 0.521234
vt 0.168746 0.527449
vt 0.170629 0.536442
vt 0.170629 0.548228
vt 0.158843 0.548228
vt 0.158843 0.536442
vt 0.172483 0.504938
vt 0.182055 0.511663
vt 0.175311 0.521889
vt 0.169247 0.527607
vt 0.171097 0.535725
vt 0.931445 0.079409
vt 0.931445 0.069510
vt 0.931995 0.068960
vt 0.931995 0.079959
vt 0.181754 0.533476
vt 0.182471 0.533943
vt 0.911813 0.740910
vt 0.911813 0.731011
vt 0.912363 0.730461
vt 0.912363 0.741460
vt 0.911813 0.769022
vt 0.911813 0.759123
vt 0.912363 0.758573
vt 0.912363 0.769572
vt 0.954139 0.459707
vt 0.954139 0.469606
vt 0.953589 0.470156
vt 0.953589 0.459157
vt 0.912363 0.815348
vt 0.912363 0.825247
vt 0.911813 0.825797
vt 0.911813 0.814798
vt 0.633996 0.770633
vt 0.643895 0.770633
vt 0.643895 0.781632
vt 0.633996 0.781632
vt 0.281671 0.762007
vt 0.291570 0.762007
vt 0.291570 0.773006
vt 0.281671 0.773006
vt 0.254658 0.762007
vt 0.264557 0.762007
vt 0.264557 0.773006
vt 0.254658 0.773006
vt 0.774885 0.487270
vt 0.784784 0.487270
vt 0.784784 0.498269
vt 0.774885 0.498269
vt 0.511656 0.360958
vt 0.516301 0.350130
vt 0.526599 0.355855
vt 0.520622 0.362784
vt 0.523413 0.371498
vt 0.524655 0.383214
vt 0.512938 0.384456
vt 0.511697 0.372740
vt 0.522026 0.339832
vt 0.532323 0.345557
vt 0.526647 0.356515
vt 0.521146 0.362890
vt 0.523716 0.370910
vt 0.932397 0.246638
vt 0.932397 0.236740
vt 0.932947 0.236190
vt 0.932947 0.247188
vt 0.531735 0.368340
vt 0.532323 0.368643
vt 0.937903 0.288639
vt 0.937903 0.278740
vt 0.938452 0.278190
vt 0.938452 0.289189
vt 0.990893 0.316751
vt 0.990893 0.306852
vt 0.991443 0.306302
vt 0.991443 0.317301
vt 0.968274 0.236740
vt 0.968274 0.246638
vt 0.967724 0.247188
vt 0.967724 0.236190
vt 0.161145 0.957957
vt 0.161145 0.967856
vt 0.160595 0.968406
vt 0.160595 0.957407
vt 0.870057 0.236190
vt 0.879956 0.236190
vt 0.879956 0.247188
vt 0.870057 0.247188
vt 0.209483 0.797061
vt 0.199584 0.797061
vt 0.199584 0.786062
vt 0.209483 0.786062
vt 0.281671 0.790120
vt 0.291570 0.790120
vt 0.291570 0.801118
vt 0.281671 0.801118
vt 0.318582 0.773006
vt 0.308683 0.773006
vt 0.308683 0.762007
vt 0.318582 0.762007
vt 0.290815 0.592211
vt 0.285099 0.602420
vt 0.275527 0.595696
vt 0.282112 0.589481
vt 0.280229 0.580489
vt 0.280229 0.568702
vt 0.292015 0.568702
vt 0.292015 0.580489
vt 0.278375 0.611992
vt 0.268803 0.605267
vt 0.275547 0.595041
vt 0.281611 0.589323
vt 0.279761 0.581206
vt 0.026220 0.889173
vt 0.026220 0.879274
vt 0.026770 0.878725
vt 0.026770 0.889723
vt 0.269104 0.583454
vt 0.268387 0.582987
vt 0.894149 0.797134
vt 0.894149 0.787236
vt 0.894699 0.786686
vt 0.894699 0.797684
vt 0.008557 0.917286
vt 0.008557 0.907387
vt 0.009107 0.906837
vt 0.009107 0.917836
vt 0.893923 0.670634
vt 0.893923 0.680533
vt 0.893373 0.681083
vt 0.893373 0.670084
vt 0.912363 0.787235
vt 0.912363 0.797134
vt 0.911813 0.797684
vt 0.911813 0.786686
vt 0.118101 0.763620
vt 0.128000 0.763620
vt 0.128000 0.774619
vt 0.118101 0.774619
vt 0.713998 0.201649
vt 0.723896 0.201649
vt 0.723896 0.212648
vt 0.713998 0.212648
vt 0.199584 0.870399
vt 0.209483 0.870399
vt 0.209483 0.881398
vt 0.199584 0.881398
vt 0.767432 0.641972
vt 0.777331 0.641972
vt 0.777331 0.652970
vt 0.767432 0.652970
vt 0.469039 0.700769
vt 0.463310 0.711013
vt 0.453703 0.704271
vt 0.460344 0.698023
vt 0.458497 0.689094
vt 0.458497 0.677357
vt 0.470234 0.677357
vt 0.470234 0.689094
vt 0.456569 0.720620
vt 0.446961 0.713879
vt 0.453731 0.703422
vt 0.459850 0.697867
vt 0.458032 0.689805
vt 0.178259 0.967856
vt 0.178259 0.957957
vt 0.178809 0.957407
vt 0.178809 0.968406
vt 0.447445 0.692015
vt 0.446735 0.691549
vt 0.980686 0.378393
vt 0.980686 0.368495
vt 0.981236 0.367945
vt 0.981236 0.378943
vt 0.953589 0.497719
vt 0.953589 0.487820
vt 0.954139 0.487270
vt 0.954139 0.498269
vt 0.398710 0.959243
vt 0.398710 0.969142
vt 0.398160 0.969692
vt 0.398160 0.958693
vt 0.936475 0.459707
vt 0.936475 0.469606
vt 0.935925 0.470156
vt 0.935925 0.459157
vt 0.714183 0.702349
vt 0.724082 0.702349
vt 0.724082 0.713347
vt 0.714183 0.713347
vt 0.767432 0.670084
vt 0.777331 0.670084
vt 0.777331 0.681083
vt 0.767432 0.681083
vt 0.091089 0.714261
vt 0.100988 0.714261
vt 0.100988 0.725259
vt 0.091089 0.725259
vt 0.716061 0.105950
vt 0.725960 0.105950
vt 0.725960 0.116949
vt 0.716061 0.116949
vt 0.561200 0.297971
vt 0.566916 0.287761
vt 0.576488 0.294486
vt 0.569903 0.300700
vt 0.571786 0.309693
vt 0.571786 0.321480
vt 0.560000 0.321480
vt 0.560000 0.309693
vt 0.573640 0.278190
vt 0.583212 0.284914
vt 0.576468 0.295140
vt 0.570404 0.300859
vt 0.572254 0.308976
vt 0.937903 0.316751
vt 0.937903 0.306852
vt 0.938452 0.306302
vt 0.938452 0.317301
vt 0.582911 0.306727
vt 0.583628 0.307194
vt 0.894149 0.825247
vt 0.894149 0.815348
vt 0.894699 0.814798
vt 0.894699 0.825797
vt 0.918262 0.469606
vt 0.918262 0.459707
vt 0.918812 0.459157
vt 0.918812 0.470156
vt 0.912894 0.009107
vt 0.912894 0.019006
vt 0.912344 0.019556
vt 0.912344 0.008557
vt 0.912894 0.037219
vt 0.912894 0.047118
vt 0.912344 0.047668
vt 0.912344 0.036669
vt 0.741196 0.871023
vt 0.751095 0.871023
vt 0.751095 0.882021
vt 0.741196 0.882021
vt 0.380497 0.818131
vt 0.390396 0.818131
vt 0.390396 0.829130
vt 0.380497 0.829130
vt 0.714183 0.871023
vt 0.724082 0.871023
vt 0.724082 0.882021
vt 0.714183 0.882021
vt 0.592607 0.746660
vt 0.602506 0.746660
vt 0.602506 0.757659
vt 0.592607 0.757659
vt 0.551771 0.540946
vt 0.557486 0.530736
vt 0.567058 0.537461
vt 0.560473 0.543675
vt 0.562357 0.552668
vt 0.562357 0.564455
vt 0.550570 0.564455
vt 0.550570 0.552668
vt 0.564210 0.521165
vt 0.573782 0.527889
vt 0.567038 0.538115
vt 0.560974 0.543834
vt 0.562824 0.551951
vt 0.380497 0.969142
vt 0.380497 0.959243
vt 0.381047 0.958693
vt 0.381047 0.969692
vt 0.573481 0.549702
vt 0.574198 0.550169
vt 0.633996 0.893531
vt 0.633996 0.883632
vt 0.634546 0.883082
vt 0.634546 0.894081
vt 0.308683 0.884905
vt 0.308683 0.875006
vt 0.309233 0.874456
vt 0.309233 0.885455
vt 0.673344 0.943971
vt 0.673344 0.953869
vt 0.672794 0.954419
vt 0.672794 0.943421
vt 0.883484 0.459707
vt 0.883484 0.469606
vt 0.882935 0.470156
vt 0.882935 0.459157
vt 0.767432 0.549277
vt 0.777331 0.549277
vt 0.777331 0.560276
vt 0.767432 0.560276
vt 0.768208 0.871023
vt 0.778107 0.871023
vt 0.778107 0.882021
vt 0.768208 0.882021
vt 0.795221 0.871022
vt 0.805120 0.871022
vt 0.805120 0.882021
vt 0.795221 0.882021
vt 0.747872 0.459157
vt 0.757771 0.459157
vt 0.757771 0.470156
vt 0.747872 0.470156
vt 0.554424 0.125731
vt 0.560140 0.115521
vt 0.569711 0.122246
vt 0.563127 0.128460
vt 0.565010 0.137453
vt 0.565010 0.149240
vt 0.553224 0.149240
vt 0.553224 0.137453
vt 0.566864 0.105950
vt 0.576436 0.112674
vt 0.569692 0.122900
vt 0.563628 0.128619
vt 0.565477 0.136736
vt 0.046338 0.938536
vt 0.046338 0.928637
vt 0.046887 0.928087
vt 0.046887 0.939086
vt 0.576135 0.134487
vt 0.576852 0.134954
vt 0.380497 0.912917
vt 0.380497 0.903018
vt 0.381047 0.902468
vt 0.381047 0.913467
vt 0.351743 0.969142
vt 0.351743 0.959243
vt 0.352293 0.958693
vt 0.352293 0.969692
vt 0.895230 0.009107
vt 0.895230 0.019006
vt 0.894681 0.019556
vt 0.894681 0.008557
vt 0.352293 0.903018
vt 0.352293 0.912917
vt 0.351743 0.913467
vt 0.351743 0.902468
vt 0.380497 0.733794
vt 0.390396 0.733794
vt 0.390396 0.744793
vt 0.380497 0.744793
vt 0.716061 0.134062
vt 0.725960 0.134062
vt 0.725960 0.145061
vt 0.716061 0.145061
vt 0.720860 0.459157
vt 0.730759 0.459157
vt 0.730759 0.470156
vt 0.720860 0.470156
vt 0.407509 0.818131
vt 0.417408 0.818131
vt 0.417408 0.829130
vt 0.407509 0.829130
vt 0.672862 0.359613
vt 0.678577 0.349404
vt 0.688149 0.356128
vt 0.681565 0.362343
vt 0.683448 0.371335
vt 0.683448 0.383122
vt 0.671661 0.383122
vt 0.671661 0.371335
vt 0.685302 0.339832
vt 0.694873 0.346557
vt 0.688130 0.356783
vt 0.682066 0.362501
vt 0.683915 0.370618
vt 0.415824 0.969142
vt 0.415824 0.959243
vt 0.416374 0.958693
vt 0.416374 0.969692
vt 0.694572 0.368369
vt 0.695289 0.368837
vt 0.227646 0.969242
vt 0.227646 0.959344
vt 0.228196 0.958794
vt 0.228196 0.969792
vt 0.398160 0.912917
vt 0.398160 0.903018
vt 0.398710 0.902468
vt 0.398710 0.913467
vt 0.982020 0.400786
vt 0.982020 0.410684
vt 0.981470 0.411234
vt 0.981470 0.400236
vt 0.416374 0.903018
vt 0.416374 0.912917
vt 0.415824 0.913467
vt 0.415824 0.902468
vt 0.840656 0.008557
vt 0.850555 0.008557
vt 0.850555 0.019556
vt 0.840656 0.019556
vt 0.849246 0.871022
vt 0.859145 0.871022
vt 0.859145 0.882021
vt 0.849246 0.882021
vt 0.840656 0.036669
vt 0.850555 0.036669
vt 0.850555 0.047668
vt 0.840656 0.047668
vt 0.822233 0.871022
vt 0.832132 0.871022
vt 0.832132 0.882021
vt 0.822233 0.882021
vt 0.515634 0.473949
vt 0.512281 0.461108
vt 0.525407 0.459157
vt 0.524714 0.469319
vt 0.532830 0.475458
vt 0.537423 0.487837
vt 0.524695 0.491323
vt 0.523714 0.480836
vt 0.540909 0.500565
vt 0.528181 0.504051
vt 0.526030 0.459875
vt 0.525236 0.469081
vt 0.532698 0.474518
vt 0.264007 0.969242
vt 0.264007 0.959344
vt 0.264557 0.958794
vt 0.264557 0.969792
vt 0.539969 0.464869
vt 0.540909 0.464737
vt 0.523206 0.481101
vt 0.515714 0.474932
vt 0.523942 0.490696
vt 0.946914 0.610231
vt 0.946914 0.620129
vt 0.946364 0.620679
vt 0.946364 0.609681
vt 0.228196 0.903119
vt 0.228196 0.913018
vt 0.227646 0.913568
vt 0.227646 0.902569
vt 0.515240 0.492862
vt 0.513291 0.485030
vt 0.509829 0.479484
vt 0.774885 0.459157
vt 0.784784 0.459157
vt 0.784784 0.470156
vt 0.774885 0.470156
vt 0.351743 0.818131
vt 0.361642 0.818131
vt 0.361642 0.829130
vt 0.351743 0.829130
vt 0.683419 0.298041
vt 0.689148 0.287797
vt 0.698755 0.294539
vt 0.692114 0.300787
vt 0.693961 0.309717
vt 0.693961 0.321453
vt 0.682224 0.321453
vt 0.682224 0.309716
vt 0.695889 0.278190
vt 0.705497 0.284932
vt 0.698728 0.295388
vt 0.692608 0.300943
vt 0.694426 0.309006
vt 0.073350 0.797975
vt 0.073350 0.788076
vt 0.073900 0.787526
vt 0.073900 0.798524
vt 0.705013 0.306796
vt 0.705724 0.307261
vt 0.982467 0.825247
vt 0.982467 0.815348
vt 0.983017 0.814798
vt 0.983017 0.825797
vt 0.073350 0.769862
vt 0.073350 0.759963
vt 0.073900 0.759413
vt 0.073900 0.770412
vt 0.118651 0.932844
vt 0.118651 0.942743
vt 0.118101 0.943293
vt 0.118101 0.932294
vt 0.100912 0.816188
vt 0.100912 0.826087
vt 0.100363 0.826637
vt 0.100363 0.815638
vt 0.794224 0.428348
vt 0.804123 0.428348
vt 0.804123 0.439347
vt 0.794224 0.439347
vt 0.794224 0.400236
vt 0.804123 0.400236
vt 0.804123 0.411234
vt 0.794224 0.411234
vt 0.227646 0.818232
vt 0.237545 0.818232
vt 0.237545 0.829231
vt 0.227646 0.829231
vt 0.046338 0.871863
vt 0.056236 0.871863
vt 0.056236 0.882861
vt 0.046338 0.882861
vt 0.010408 0.674928
vt 0.010014 0.675094
vt 0.012142 0.669207
vt 0.012558 0.669358
vt 0.023831 0.678073
vt 0.012196 0.681786
vt 0.878913 0.105950
vt 0.878913 0.116949
vt 0.878136 0.116949
vt 0.878136 0.105950
vt 0.023831 0.692937
vt 0.008967 0.692937
vt 0.876260 0.652970
vt 0.875482 0.652970
vt 0.875482 0.641972
vt 0.876260 0.641972
vt 0.892369 0.378393
vt 0.892369 0.368495
vt 0.892919 0.367945
vt 0.892919 0.378943
vt 0.009750 0.664107
vt 0.009900 0.663690
vt 0.011582 0.681779
vt 0.008557 0.692191
vt 0.254658 0.818232
vt 0.264557 0.818232
vt 0.264557 0.829231
vt 0.254658 0.829231
vt 0.281671 0.818232
vt 0.291570 0.818232
vt 0.291570 0.829231
vt 0.281671 0.829231
vt 0.087857 0.566658
vt 0.098855 0.566658
vt 0.098855 0.577657
vt 0.087857 0.577657
vt 0.098306 0.578207
vt 0.088407 0.578207
vt 0.088407 0.566108
vt 0.098306 0.566108
vt 0.073350 0.871863
vt 0.083249 0.871863
vt 0.083249 0.882861
vt 0.073350 0.882861
vt 0.519346 0.726468
vt 0.522683 0.716318
vt 0.533500 0.715434
vt 0.532390 0.728625
vt 0.517585 0.706543
vt 0.530369 0.702375
vt 0.534104 0.716149
vt 0.533105 0.728020
vt 0.935925 0.497719
vt 0.935925 0.487820
vt 0.936475 0.487270
vt 0.936475 0.498269
vt 0.522082 0.716363
vt 0.517280 0.707519
vt 0.519066 0.725915
vt 0.509829 0.724610
vt 0.511002 0.716297
vt 0.509829 0.709611
vt 0.560735 0.726468
vt 0.564072 0.716318
vt 0.574889 0.715434
vt 0.573779 0.728625
vt 0.558975 0.706543
vt 0.571758 0.702375
vt 0.575493 0.716149
vt 0.574494 0.728021
vt 0.749510 0.937696
vt 0.749510 0.927797
vt 0.750060 0.927247
vt 0.750060 0.938246
vt 0.563471 0.716363
vt 0.558669 0.707519
vt 0.560455 0.725915
vt 0.551218 0.724610
vt 0.552392 0.716297
vt 0.551218 0.709611
vt 0.402650 0.713602
vt 0.405987 0.703451
vt 0.416804 0.702567
vt 0.415694 0.715758
vt 0.400889 0.693677
vt 0.413673 0.689509
vt 0.417408 0.703282
vt 0.416409 0.715154
vt 0.160595 0.939744
vt 0.160595 0.929845
vt 0.161145 0.929295
vt 0.161145 0.940294
vt 0.405386 0.703497
vt 0.400584 0.694652
vt 0.402370 0.713048
vt 0.393132 0.711744
vt 0.394306 0.703430
vt 0.393132 0.696745
vt 0.283723 0.692361
vt 0.280494 0.702732
vt 0.269636 0.703789
vt 0.270493 0.690444
vt 0.285707 0.712370
vt 0.273021 0.716781
vt 0.269012 0.703079
vt 0.269783 0.691068
vt 0.981470 0.438797
vt 0.981470 0.428898
vt 0.982020 0.428348
vt 0.982020 0.439347
vt 0.281087 0.702674
vt 0.285996 0.711396
vt 0.284190 0.693255
vt 0.293264 0.694575
vt 0.292076 0.702741
vt 0.293264 0.709285
vt 0.607365 0.705454
vt 0.604028 0.715604
vt 0.593211 0.716488
vt 0.594321 0.703297
vt 0.609126 0.725378
vt 0.596342 0.729547
vt 0.592607 0.715773
vt 0.593606 0.703901
vt 0.245309 0.913018
vt 0.245309 0.903119
vt 0.245859 0.902569
vt 0.245859 0.913568
vt 0.604629 0.715559
vt 0.609431 0.724403
vt 0.607645 0.706007
vt 0.616883 0.707311
vt 0.615709 0.715625
vt 0.616883 0.722311
vt 0.682312 0.726442
vt 0.685649 0.716291
vt 0.696466 0.715407
vt 0.695356 0.728598
vt 0.680551 0.706517
vt 0.693335 0.702349
vt 0.697070 0.716122
vt 0.696071 0.727994
vt 0.981691 0.531614
vt 0.981691 0.521715
vt 0.982241 0.521165
vt 0.982241 0.532164
vt 0.685048 0.716337
vt 0.680246 0.707492
vt 0.682032 0.725888
vt 0.672794 0.724584
vt 0.673968 0.716270
vt 0.672794 0.709585
vt 0.366501 0.692588
vt 0.363164 0.702738
vt 0.352347 0.703622
vt 0.353458 0.690431
vt 0.368262 0.712512
vt 0.355478 0.716681
vt 0.351743 0.702907
vt 0.352743 0.691035
vt 0.246344 0.969242
vt 0.246344 0.959344
vt 0.246894 0.958794
vt 0.246894 0.969792
vt 0.363766 0.702693
vt 0.368567 0.711537
vt 0.366781 0.693141
vt 0.376019 0.694445
vt 0.374845 0.702759
vt 0.376019 0.709444
vt 0.061049 0.689767
vt 0.057820 0.700138
vt 0.046962 0.701195
vt 0.047819 0.687850
vt 0.063033 0.709776
vt 0.050347 0.714187
vt 0.046338 0.700485
vt 0.047109 0.688475
vt 0.894681 0.047118
vt 0.894681 0.037219
vt 0.895230 0.036669
vt 0.895230 0.047668
vt 0.058413 0.700080
vt 0.063322 0.708802
vt 0.061516 0.690661
vt 0.070590 0.691981
vt 0.069402 0.700148
vt 0.070590 0.706691
vt 0.242357 0.692361
vt 0.239129 0.702732
vt 0.228270 0.703789
vt 0.229127 0.690444
vt 0.244341 0.712370
vt 0.231655 0.716781
vt 0.227646 0.703079
vt 0.228417 0.691068
vt 0.982998 0.047118
vt 0.982998 0.037219
vt 0.983548 0.036669
vt 0.983548 0.047668
vt 0.239721 0.702674
vt 0.244630 0.711396
vt 0.242824 0.693255
vt 0.251898 0.694575
vt 0.250710 0.702742
vt 0.251898 0.709285
vt 0.325088 0.692361
vt 0.321860 0.702732
vt 0.311002 0.703789
vt 0.311859 0.690444
vt 0.876850 0.212648
vt 0.876072 0.212648
vt 0.876072 0.201649
vt 0.876850 0.201649
vt 0.415541 0.716681
vt 0.402498 0.714524
vt 0.327073 0.712370
vt 0.314387 0.716781
vt 0.310377 0.703079
vt 0.311149 0.691068
vt 0.270629 0.689509
vt 0.283858 0.691426
vt 0.984345 0.116399
vt 0.984345 0.106500
vt 0.984895 0.105950
vt 0.984895 0.116949
vt 0.876260 0.532164
vt 0.875482 0.532164
vt 0.875482 0.521165
vt 0.876260 0.521165
vt 0.877036 0.741460
vt 0.876258 0.741460
vt 0.876258 0.730461
vt 0.877036 0.730461
vt 0.322452 0.702674
vt 0.327362 0.711395
vt 0.325556 0.693255
vt 0.334630 0.694575
vt 0.333442 0.702741
vt 0.334630 0.709285
vt 0.532237 0.729547
vt 0.519194 0.727390
vt 0.087079 0.577657
vt 0.087079 0.566658
vt 0.095200 0.515937
vt 0.095200 0.504939
vt 0.095977 0.504939
vt 0.095977 0.515937
vt 0.087079 0.606869
vt 0.087079 0.595870
vt 0.098078 0.595870
vt 0.098078 0.606869
vt 0.876260 0.681083
vt 0.875482 0.681083
vt 0.875482 0.670084
vt 0.876260 0.670084
vt 0.982998 0.019006
vt 0.982998 0.009107
vt 0.983548 0.008557
vt 0.983548 0.019556
vt 0.876850 0.184535
vt 0.876072 0.184535
vt 0.876072 0.173537
vt 0.876850 0.173537
vt 0.876260 0.560276
vt 0.875482 0.560276
vt 0.875482 0.549277
vt 0.876260 0.549277
vt 0.087629 0.595320
vt 0.097528 0.595320
vt 0.573626 0.729547
vt 0.560583 0.727390
vt 0.118101 0.791732
vt 0.128000 0.791732
vt 0.128000 0.802731
vt 0.118101 0.802731
vt 0.594474 0.702375
vt 0.607517 0.704532
vt 0.876260 0.620679
vt 0.875482 0.620679
vt 0.875482 0.609681
vt 0.876260 0.609681
vt 0.695203 0.729521
vt 0.682159 0.727364
vt 0.877036 0.769572
vt 0.876258 0.769572
vt 0.876258 0.758573
vt 0.877036 0.758573
vt 0.353610 0.689509
vt 0.366654 0.691665
vt 0.877036 0.797684
vt 0.876258 0.797684
vt 0.876258 0.786686
vt 0.877036 0.786686
vt 0.047955 0.686915
vt 0.061184 0.688832
vt 0.488254 0.623774
vt 0.487476 0.623774
vt 0.487476 0.612775
vt 0.488254 0.612775
vt 0.229263 0.689508
vt 0.242492 0.691426
vt 0.095977 0.544050
vt 0.095200 0.544050
vt 0.095200 0.533051
vt 0.095977 0.533051
vt 0.311995 0.689508
vt 0.325224 0.691426
vt 0.488254 0.651886
vt 0.487476 0.651886
vt 0.487476 0.640887
vt 0.488254 0.640887
vt 0.227646 0.215096
vt 0.307925 0.215096
vt 0.307925 0.261076
vt 0.227646 0.261076
vt 0.227646 0.008557
vt 0.307925 0.008557
vt 0.307925 0.088836
vt 0.227646 0.088836
vt 0.506675 0.088836
vt 0.506675 0.008557
vt 0.552655 0.008557
vt 0.552655 0.088836
vt 0.248798 0.378140
vt 0.263949 0.419989
vt 0.251677 0.428043
vt 0.229127 0.384777
vt 0.307925 0.134817
vt 0.227646 0.134817
vt 0.283651 0.285677
vt 0.227646 0.384772
vt 0.282578 0.284260
vt 0.340858 0.301951
vt 0.287197 0.303598
vt 0.352537 0.280025
vt 0.333949 0.426676
vt 0.352537 0.440887
vt 0.489561 0.142874
vt 0.489561 0.260079
vt 0.422432 0.260079
vt 0.422432 0.142874
vt 0.352389 0.442044
vt 0.251035 0.429056
vt 0.352387 0.278190
vt 0.405318 0.215096
vt 0.405318 0.261076
vt 0.325039 0.261076
vt 0.325039 0.215096
vt 0.405318 0.008557
vt 0.405318 0.088836
vt 0.325039 0.088836
vt 0.325039 0.008557
vt 0.492715 0.539437
vt 0.446735 0.539437
vt 0.446735 0.459157
vt 0.492715 0.459157
vt 0.390803 0.342094
vt 0.371132 0.335456
vt 0.393682 0.292190
vt 0.405954 0.300244
vt 0.405318 0.134817
vt 0.325039 0.134817
vt 0.425656 0.434556
vt 0.424583 0.435973
vt 0.369651 0.335462
vt 0.482863 0.418283
vt 0.494543 0.440209
vt 0.429202 0.416636
vt 0.494543 0.279347
vt 0.475954 0.293558
vt 0.489561 0.125761
vt 0.422432 0.125761
vt 0.422432 0.008557
vt 0.489561 0.008557
vt 0.393040 0.291178
vt 0.494394 0.278190
vt 0.494392 0.442044
vt 0.118101 0.285849
vt 0.118101 0.193419
vt 0.210532 0.193419
vt 0.210532 0.285849
vt 0.320077 0.551588
vt 0.227646 0.551588
vt 0.227646 0.459157
vt 0.320077 0.459157
vt 0.210532 0.008557
vt 0.210532 0.100988
vt 0.118101 0.100988
vt 0.118101 0.008557
vt 0.118101 0.395394
vt 0.210532 0.395394
vt 0.210532 0.487825
vt 0.118101 0.487825
vt 0.210532 0.378280
vt 0.118101 0.378280
vt 0.008557 0.285849
vt 0.008557 0.193418
vt 0.100988 0.193418
vt 0.100988 0.285849
vt 0.008557 0.487825
vt 0.008557 0.395394
vt 0.100988 0.395394
vt 0.100988 0.487825
vt 0.100987 0.008557
vt 0.100988 0.100988
vt 0.008557 0.100988
vt 0.008557 0.008557
vt 0.337190 0.459157
vt 0.429621 0.459157
vt 0.429621 0.551588
vt 0.337190 0.551588
vt 0.100988 0.378280
vt 0.008557 0.378280
s 0
usemtl Материал
f 10/1/1 12/2/1 7/3/1 8/4/1
f 10/1/2 8/4/2 9/5/2 11/6/2
f 6/7/3 5/8/3 8/4/3 7/3/3
f 5/8/3 4/9/3 9/5/3 8/4/3
f 1/10/4 2/11/4 10/1/4 11/6/4
f 2/11/4 3/12/4 12/2/4 10/1/4
f 4/13/5 5/14/5 2/15/5 1/16/5
f 5/17/6 6/18/6 3/19/6 2/20/6
f 25/21/1 28/22/1 21/23/1 22/24/1
f 23/25/6 24/26/6 27/27/6 26/28/6
f 25/21/2 22/24/2 23/25/2 26/28/2
f 21/23/5 28/22/5 27/29/5 24/30/5
f 20/31/3 19/32/3 22/24/3 21/23/3
f 19/32/3 17/33/3 23/25/3 22/24/3
f 18/34/3 20/35/3 21/36/3 24/37/3
f 17/33/3 18/38/3 24/39/3 23/25/3
f 13/40/4 15/41/4 25/42/4 26/43/4
f 14/44/4 13/45/4 26/46/4 27/47/4
f 16/48/4 14/49/4 27/50/4 28/51/4
f 15/52/4 16/53/4 28/54/4 25/55/4
f 18/56/1 17/57/1 13/58/1 14/59/1
f 17/60/5 19/61/5 15/62/5 13/63/5
f 19/64/6 20/65/6 16/66/6 15/67/6
f 20/68/2 18/69/2 14/70/2 16/71/2
f 41/72/1 44/73/1 37/74/1 38/75/1
f 39/76/6 40/77/6 43/78/6 42/79/6
f 41/72/2 38/75/2 39/76/2 42/79/2
f 37/74/5 44/73/5 43/80/5 40/81/5
f 36/82/3 35/83/3 38/75/3 37/74/3
f 35/83/3 33/84/3 39/76/3 38/75/3
f 34/85/3 36/86/3 37/87/3 40/88/3
f 33/84/3 34/89/3 40/90/3 39/76/3
f 29/91/4 31/92/4 41/93/4 42/94/4
f 30/95/4 29/96/4 42/97/4 43/98/4
f 32/99/4 30/100/4 43/101/4 44/102/4
f 31/103/4 32/104/4 44/105/4 41/106/4
f 34/107/1 33/108/1 29/109/1 30/110/1
f 33/111/5 35/112/5 31/113/5 29/114/5
f 35/115/6 36/116/6 32/117/6 31/118/6
f 36/119/2 34/120/2 30/121/2 32/122/2
f 57/123/1 60/124/1 53/125/1 54/126/1
f 55/127/6 56/128/6 59/129/6 58/130/6
f 57/123/2 54/126/2 55/127/2 58/130/2
f 53/125/5 60/124/5 59/131/5 56/132/5
f 52/133/3 51/134/3 54/126/3 53/125/3
f 51/134/3 49/135/3 55/127/3 54/126/3
f 50/136/3 52/137/3 53/138/3 56/139/3
f 49/135/3 50/140/3 56/141/3 55/127/3
f 45/142/4 47/143/4 57/144/4 58/145/4
f 46/146/4 45/147/4 58/148/4 59/149/4
f 48/150/4 46/151/4 59/152/4 60/153/4
f 47/154/4 48/155/4 60/156/4 57/157/4
f 50/158/1 49/159/1 45/160/1 46/161/1
f 49/162/5 51/163/5 47/164/5 45/165/5
f 51/166/6 52/167/6 48/168/6 47/169/6
f 52/170/2 50/171/2 46/172/2 48/173/2
f 73/174/1 76/175/1 69/176/1 70/177/1
f 71/178/6 72/179/6 75/180/6 74/181/6
f 73/174/2 70/177/2 71/178/2 74/181/2
f 69/176/5 76/175/5 75/182/5 72/183/5
f 68/184/3 67/185/3 70/177/3 69/176/3
f 67/185/3 65/186/3 71/178/3 70/177/3
f 66/187/3 68/188/3 69/189/3 72/190/3
f 65/186/3 66/191/3 72/192/3 71/178/3
f 61/193/4 63/194/4 73/195/4 74/196/4
f 62/197/4 61/198/4 74/199/4 75/200/4
f 64/201/4 62/202/4 75/203/4 76/204/4
f 63/205/4 64/206/4 76/207/4 73/208/4
f 66/209/1 65/210/1 61/211/1 62/212/1
f 65/213/5 67/214/5 63/215/5 61/216/5
f 67/217/6 68/218/6 64/219/6 63/220/6
f 68/221/2 66/222/2 62/223/2 64/224/2
f 89/225/1 92/226/1 85/227/1 86/228/1
f 87/229/6 88/230/6 91/231/6 90/232/6
f 89/225/2 86/228/2 87/229/2 90/232/2
f 85/227/5 92/226/5 91/233/5 88/234/5
f 84/235/3 83/236/3 86/228/3 85/227/3
f 83/236/3 81/237/3 87/229/3 86/228/3
f 82/238/3 84/239/3 85/240/3 88/241/3
f 81/237/3 82/242/3 88/243/3 87/229/3
f 77/244/4 79/245/4 89/246/4 90/247/4
f 78/248/4 77/249/4 90/250/4 91/251/4
f 80/252/4 78/253/4 91/254/4 92/255/4
f 79/256/4 80/257/4 92/258/4 89/259/4
f 82/260/1 81/261/1 77/262/1 78/263/1
f 81/264/5 83/265/5 79/266/5 77/267/5
f 83/268/6 84/269/6 80/270/6 79/271/6
f 84/272/2 82/273/2 78/274/2 80/275/2
f 105/276/1 108/277/1 101/278/1 102/279/1
f 103/280/6 104/281/6 107/282/6 106/283/6
f 105/276/2 102/279/2 103/280/2 106/283/2
f 101/278/5 108/277/5 107/284/5 104/285/5
f 100/286/3 99/287/3 102/279/3 101/278/3
f 99/287/3 97/288/3 103/280/3 102/279/3
f 98/289/3 100/290/3 101/291/3 104/292/3
f 97/288/3 98/293/3 104/294/3 103/280/3
f 93/295/4 95/296/4 105/297/4 106/298/4
f 94/299/4 93/300/4 106/301/4 107/302/4
f 96/303/4 94/304/4 107/305/4 108/306/4
f 95/307/4 96/308/4 108/309/4 105/310/4
f 98/311/1 97/312/1 93/313/1 94/314/1
f 97/315/5 99/316/5 95/317/5 93/318/5
f 99/319/6 100/320/6 96/321/6 95/322/6
f 100/323/2 98/324/2 94/325/2 96/326/2
f 121/327/1 124/328/1 117/329/1 118/330/1
f 119/331/6 120/332/6 123/333/6 122/334/6
f 121/327/2 118/330/2 119/331/2 122/334/2
f 117/329/5 124/328/5 123/335/5 120/336/5
f 116/337/3 115/338/3 118/330/3 117/329/3
f 115/338/3 113/339/3 119/331/3 118/330/3
f 114/340/3 116/341/3 117/342/3 120/343/3
f 113/339/3 114/344/3 120/345/3 119/331/3
f 109/346/4 111/347/4 121/348/4 122/349/4
f 110/350/4 109/351/4 122/352/4 123/353/4
f 112/354/4 110/355/4 123/356/4 124/357/4
f 111/358/4 112/359/4 124/360/4 121/361/4
f 114/362/1 113/363/1 109/364/1 110/365/1
f 113/366/5 115/367/5 111/368/5 109/369/5
f 115/370/6 116/371/6 112/372/6 111/373/6
f 116/374/2 114/375/2 110/376/2 112/377/2
f 137/378/1 140/379/1 133/380/1 134/381/1
f 135/382/6 136/383/6 139/384/6 138/385/6
f 137/378/2 134/381/2 135/382/2 138/385/2
f 133/380/5 140/379/5 139/386/5 136/387/5
f 132/388/3 131/389/3 134/381/3 133/380/3
f 131/389/3 129/390/3 135/382/3 134/381/3
f 130/391/3 132/392/3 133/393/3 136/394/3
f 129/390/3 130/395/3 136/396/3 135/382/3
f 125/397/4 127/398/4 137/399/4 138/400/4
f 126/401/4 125/402/4 138/403/4 139/404/4
f 128/405/4 126/406/4 139/407/4 140/408/4
f 127/409/4 128/410/4 140/411/4 137/412/4
f 130/413/1 129/414/1 125/415/1 126/416/1
f 129/417/5 131/418/5 127/419/5 125/420/5
f 131/421/6 132/422/6 128/423/6 127/424/6
f 132/425/2 130/426/2 126/427/2 128/428/2
f 153/429/1 156/430/1 149/431/1 150/432/1
f 151/433/6 152/434/6 155/435/6 154/436/6
f 153/429/2 150/432/2 151/433/2 154/436/2
f 149/431/5 156/430/5 155/437/5 152/438/5
f 148/439/3 147/440/3 150/432/3 149/431/3
f 147/440/3 145/441/3 151/433/3 150/432/3
f 146/442/3 148/443/3 149/444/3 152/445/3
f 145/441/3 146/446/3 152/447/3 151/433/3
f 141/448/4 143/449/4 153/450/4 154/451/4
f 142/452/4 141/453/4 154/454/4 155/455/4
f 144/456/4 142/457/4 155/458/4 156/459/4
f 143/460/4 144/461/4 156/462/4 153/463/4
f 146/464/1 145/465/1 141/466/1 142/467/1
f 145/468/5 147/469/5 143/470/5 141/471/5
f 147/472/6 148/473/6 144/474/6 143/475/6
f 148/476/2 146/477/2 142/478/2 144/479/2
f 169/480/1 172/481/1 165/482/1 166/483/1
f 167/484/6 168/485/6 171/486/6 170/487/6
f 169/480/2 166/483/2 167/484/2 170/487/2
f 165/482/5 172/481/5 171/488/5 168/489/5
f 164/490/3 163/491/3 166/483/3 165/482/3
f 163/491/3 161/492/3 167/484/3 166/483/3
f 162/493/3 164/494/3 165/495/3 168/496/3
f 161/492/3 162/497/3 168/498/3 167/484/3
f 157/499/4 159/500/4 169/501/4 170/502/4
f 158/503/4 157/504/4 170/505/4 171/506/4
f 160/507/4 158/508/4 171/509/4 172/510/4
f 159/511/4 160/512/4 172/513/4 169/514/4
f 162/515/1 161/516/1 157/517/1 158/518/1
f 161/519/5 163/520/5 159/521/5 157/522/5
f 163/523/6 164/524/6 160/525/6 159/526/6
f 164/527/2 162/528/2 158/529/2 160/530/2
f 182/531/7 173/532/7 176/533/7 180/534/7
f 180/534/6 181/535/6 183/536/6 182/531/6
f 184/537/7 179/538/7 178/539/7 175/540/7
f 179/541/5 184/542/5 183/536/5 181/535/5
f 12/543/8 3/544/8 6/545/8 7/546/8
f 11/6/8 9/5/8 4/9/8 1/10/8
f 177/547/3 178/548/3 179/549/3 181/550/3
f 176/533/3 177/551/3 181/552/3 180/534/3
f 174/553/4 173/532/4 182/531/4 183/536/4
f 175/554/4 174/553/4 183/536/4 184/542/4
f 177/555/1 176/533/1 173/532/1 174/553/1
f 178/556/2 177/557/2 174/558/2 175/559/2
f 194/560/1 196/561/1 191/562/1 192/563/1
f 194/560/2 192/563/2 193/564/2 195/565/2
f 190/566/3 189/567/3 192/563/3 191/562/3
f 189/567/3 188/568/3 193/564/3 192/563/3
f 185/569/4 186/570/4 194/560/4 195/565/4
f 186/570/4 187/571/4 196/561/4 194/560/4
f 188/572/5 189/573/5 186/574/5 185/575/5
f 189/576/6 190/577/6 187/578/6 186/579/6
f 209/580/1 212/581/1 205/582/1 206/583/1
f 207/584/6 208/585/6 211/586/6 210/587/6
f 209/580/2 206/583/2 207/584/2 210/587/2
f 205/582/5 212/581/5 211/588/5 208/589/5
f 204/590/3 203/591/3 206/583/3 205/582/3
f 203/591/3 201/592/3 207/584/3 206/583/3
f 202/593/3 204/594/3 205/595/3 208/596/3
f 201/592/3 202/597/3 208/598/3 207/584/3
f 197/599/4 199/600/4 209/601/4 210/602/4
f 198/603/4 197/604/4 210/605/4 211/606/4
f 200/607/4 198/608/4 211/609/4 212/610/4
f 199/611/4 200/612/4 212/613/4 209/614/4
f 202/615/1 201/616/1 197/617/1 198/618/1
f 201/619/5 203/620/5 199/621/5 197/622/5
f 203/623/6 204/624/6 200/625/6 199/626/6
f 204/627/2 202/628/2 198/629/2 200/630/2
f 225/631/1 228/632/1 221/633/1 222/634/1
f 223/635/6 224/636/6 227/637/6 226/638/6
f 225/631/2 222/634/2 223/635/2 226/638/2
f 221/633/5 228/632/5 227/639/5 224/640/5
f 220/641/3 219/642/3 222/634/3 221/633/3
f 219/642/3 217/643/3 223/635/3 222/634/3
f 218/644/3 220/645/3 221/646/3 224/647/3
f 217/643/3 218/648/3 224/649/3 223/635/3
f 213/650/4 215/651/4 225/652/4 226/653/4
f 214/654/4 213/655/4 226/656/4 227/657/4
f 216/658/4 214/659/4 227/660/4 228/661/4
f 215/662/4 216/663/4 228/664/4 225/665/4
f 218/666/1 217/667/1 213/668/1 214/669/1
f 217/670/5 219/671/5 215/672/5 213/673/5
f 219/674/6 220/675/6 216/676/6 215/677/6
f 220/678/2 218/679/2 214/680/2 216/681/2
f 241/682/1 244/683/1 237/684/1 238/685/1
f 239/686/6 240/687/6 243/688/6 242/689/6
f 241/682/2 238/685/2 239/686/2 242/689/2
f 237/684/5 244/683/5 243/690/5 240/691/5
f 236/692/3 235/693/3 238/685/3 237/684/3
f 235/693/3 233/694/3 239/686/3 238/685/3
f 234/695/3 236/696/3 237/697/3 240/698/3
f 233/694/3 234/699/3 240/700/3 239/686/3
f 229/701/4 231/702/4 241/703/4 242/704/4
f 230/705/4 229/706/4 242/707/4 243/708/4
f 232/709/4 230/710/4 243/711/4 244/712/4
f 231/713/4 232/714/4 244/715/4 241/716/4
f 234/717/1 233/718/1 229/719/1 230/720/1
f 233/721/5 235/722/5 231/723/5 229/724/5
f 235/725/6 236/726/6 232/727/6 231/728/6
f 236/729/2 234/730/2 230/731/2 232/732/2
f 257/733/1 260/734/1 253/735/1 254/736/1
f 255/737/6 256/738/6 259/739/6 258/740/6
f 257/733/2 254/736/2 255/737/2 258/740/2
f 253/735/5 260/734/5 259/741/5 256/742/5
f 252/743/3 251/744/3 254/736/3 253/735/3
f 251/744/3 249/745/3 255/737/3 254/736/3
f 250/746/3 252/747/3 253/748/3 256/749/3
f 249/745/3 250/750/3 256/751/3 255/737/3
f 245/752/4 247/753/4 257/754/4 258/755/4
f 246/756/4 245/757/4 258/758/4 259/759/4
f 248/760/4 246/761/4 259/762/4 260/763/4
f 247/764/4 248/765/4 260/766/4 257/767/4
f 250/768/1 249/769/1 245/770/1 246/771/1
f 249/772/5 251/773/5 247/774/5 245/775/5
f 251/776/6 252/777/6 248/778/6 247/779/6
f 252/780/2 250/781/2 246/782/2 248/783/2
f 273/784/1 276/785/1 269/786/1 270/787/1
f 271/788/6 272/789/6 275/790/6 274/791/6
f 273/784/2 270/787/2 271/788/2 274/791/2
f 269/786/5 276/785/5 275/792/5 272/793/5
f 268/794/3 267/795/3 270/787/3 269/786/3
f 267/795/3 265/796/3 271/788/3 270/787/3
f 266/797/3 268/798/3 269/799/3 272/800/3
f 265/796/3 266/801/3 272/802/3 271/788/3
f 261/803/4 263/804/4 273/805/4 274/806/4
f 262/807/4 261/808/4 274/809/4 275/810/4
f 264/811/4 262/812/4 275/813/4 276/814/4
f 263/815/4 264/816/4 276/817/4 273/818/4
f 266/819/1 265/820/1 261/821/1 262/822/1
f 265/823/5 267/824/5 263/825/5 261/826/5
f 267/827/6 268/828/6 264/829/6 263/830/6
f 268/831/2 266/832/2 262/833/2 264/834/2
f 289/835/1 292/836/1 285/837/1 286/838/1
f 287/839/6 288/840/6 291/841/6 290/842/6
f 289/835/2 286/838/2 287/839/2 290/842/2
f 285/837/5 292/836/5 291/843/5 288/844/5
f 284/845/3 283/846/3 286/838/3 285/837/3
f 283/846/3 281/847/3 287/839/3 286/838/3
f 282/848/3 284/849/3 285/850/3 288/851/3
f 281/847/3 282/852/3 288/853/3 287/839/3
f 277/854/4 279/855/4 289/856/4 290/857/4
f 278/858/4 277/859/4 290/860/4 291/861/4
f 280/862/4 278/863/4 291/864/4 292/865/4
f 279/866/4 280/867/4 292/868/4 289/869/4
f 282/870/1 281/871/1 277/872/1 278/873/1
f 281/874/5 283/875/5 279/876/5 277/877/5
f 283/878/6 284/879/6 280/880/6 279/881/6
f 284/882/2 282/883/2 278/884/2 280/885/2
f 305/886/1 308/887/1 301/888/1 302/889/1
f 303/890/6 304/891/6 307/892/6 306/893/6
f 305/886/2 302/889/2 303/890/2 306/893/2
f 301/888/5 308/887/5 307/894/5 304/895/5
f 300/896/3 299/897/3 302/889/3 301/888/3
f 299/897/3 297/898/3 303/890/3 302/889/3
f 298/899/3 300/900/3 301/901/3 304/902/3
f 297/898/3 298/903/3 304/904/3 303/890/3
f 293/905/4 295/906/4 305/907/4 306/908/4
f 294/909/4 293/910/4 306/911/4 307/912/4
f 296/913/4 294/914/4 307/915/4 308/916/4
f 295/917/4 296/918/4 308/919/4 305/920/4
f 298/921/1 297/922/1 293/923/1 294/924/1
f 297/925/5 299/926/5 295/927/5 293/928/5
f 299/929/6 300/930/6 296/931/6 295/932/6
f 300/933/2 298/934/2 294/935/2 296/936/2
f 321/937/1 324/938/1 317/939/1 318/940/1
f 319/941/6 320/942/6 323/943/6 322/944/6
f 321/937/2 318/940/2 319/941/2 322/944/2
f 317/939/5 324/938/5 323/945/5 320/946/5
f 316/947/3 315/948/3 318/940/3 317/939/3
f 315/948/3 313/949/3 319/941/3 318/940/3
f 314/950/3 316/951/3 317/952/3 320/953/3
f 313/949/3 314/954/3 320/955/3 319/941/3
f 309/956/4 311/957/4 321/958/4 322/959/4
f 310/960/4 309/961/4 322/962/4 323/963/4
f 312/964/4 310/965/4 323/966/4 324/967/4
f 311/968/4 312/969/4 324/970/4 321/971/4
f 314/972/1 313/973/1 309/974/1 310/975/1
f 313/976/5 315/977/5 311/978/5 309/979/5
f 315/980/6 316/981/6 312/982/6 311/983/6
f 316/984/2 314/985/2 310/986/2 312/987/2
f 337/988/1 340/989/1 333/990/1 334/991/1
f 335/992/6 336/993/6 339/994/6 338/995/6
f 337/988/2 334/991/2 335/992/2 338/995/2
f 333/990/5 340/989/5 339/996/5 336/997/5
f 332/998/3 331/999/3 334/991/3 333/990/3
f 331/999/3 329/1000/3 335/992/3 334/991/3
f 330/1001/3 332/1002/3 333/1003/3 336/1004/3
f 329/1000/3 330/1005/3 336/1006/3 335/992/3
f 325/1007/4 327/1008/4 337/1009/4 338/1010/4
f 326/1011/4 325/1012/4 338/1013/4 339/1014/4
f 328/1015/4 326/1016/4 339/1017/4 340/1018/4
f 327/1019/4 328/1020/4 340/1021/4 337/1022/4
f 330/1023/1 329/1024/1 325/1025/1 326/1026/1
f 329/1027/5 331/1028/5 327/1029/5 325/1030/5
f 331/1028/6 332/1031/6 328/1032/6 327/1029/6
f 332/1033/2 330/1034/2 326/1035/2 328/1036/2
f 353/1037/1 356/1038/1 349/1039/1 350/1040/1
f 351/1041/6 352/1042/6 355/1043/6 354/1044/6
f 353/1037/2 350/1040/2 351/1041/2 354/1044/2
f 349/1039/5 356/1038/5 355/1045/5 352/1046/5
f 348/1047/3 347/1048/3 350/1040/3 349/1039/3
f 347/1048/3 345/1049/3 351/1041/3 350/1040/3
f 346/1050/3 348/1051/3 349/1052/3 352/1053/3
f 345/1049/3 346/1054/3 352/1055/3 351/1041/3
f 341/1056/4 343/1057/4 353/1058/4 354/1059/4
f 342/1060/4 341/1061/4 354/1062/4 355/1063/4
f 344/1064/4 342/1065/4 355/1066/4 356/1067/4
f 343/1068/4 344/1069/4 356/1070/4 353/1071/4
f 346/1072/1 345/1073/1 341/1074/1 342/1075/1
f 345/1076/5 347/1077/5 343/1078/5 341/1079/5
f 347/1080/6 348/1081/6 344/1082/6 343/1083/6
f 348/1084/2 346/1085/2 342/1086/2 344/1087/2
f 366/1088/7 357/1089/7 360/1090/7 364/1091/7
f 364/1091/6 365/1092/6 367/1093/6 366/1088/6
f 368/1094/7 363/1095/7 362/1096/7 359/1097/7
f 363/1098/5 368/1099/5 367/1093/5 365/1092/5
f 196/1100/8 187/1101/8 190/1102/8 191/1103/8
f 195/565/8 193/564/8 188/568/8 185/569/8
f 361/1104/3 362/1105/3 363/1106/3 365/1107/3
f 360/1090/3 361/1108/3 365/1109/3 364/1091/3
f 358/1110/4 357/1089/4 366/1088/4 367/1093/4
f 359/1111/4 358/1110/4 367/1093/4 368/1099/4
f 361/1112/1 360/1113/1 357/1114/1 358/1115/1
f 362/1116/2 361/1117/2 358/1118/2 359/1119/2
f 378/1120/1 380/1121/1 375/1122/1 376/1123/1
f 378/1120/2 376/1123/2 377/1124/2 379/1125/2
f 374/1126/3 373/1127/3 376/1123/3 375/1122/3
f 373/1127/3 372/1128/3 377/1124/3 376/1123/3
f 369/1129/4 370/1130/4 378/1120/4 379/1125/4
f 370/1130/4 371/1131/4 380/1121/4 378/1120/4
f 372/1132/5 373/1133/5 370/1134/5 369/1135/5
f 373/1136/6 374/1137/6 371/1138/6 370/1139/6
f 393/1140/1 396/1141/1 389/1142/1 390/1143/1
f 391/1144/6 392/1145/6 395/1146/6 394/1147/6
f 393/1140/2 390/1143/2 391/1144/2 394/1147/2
f 389/1142/5 396/1141/5 395/1148/5 392/1149/5
f 388/1150/3 387/1151/3 390/1143/3 389/1142/3
f 387/1151/3 385/1152/3 391/1144/3 390/1143/3
f 386/1153/3 388/1154/3 389/1155/3 392/1156/3
f 385/1152/3 386/1157/3 392/1158/3 391/1144/3
f 381/1159/4 383/1160/4 393/1161/4 394/1162/4
f 382/1163/4 381/1164/4 394/1165/4 395/1166/4
f 384/1167/4 382/1168/4 395/1169/4 396/1170/4
f 383/1171/4 384/1172/4 396/1173/4 393/1174/4
f 386/1175/1 385/1176/1 381/1177/1 382/1178/1
f 385/1179/5 387/1180/5 383/1181/5 381/1182/5
f 387/1183/6 388/1184/6 384/1185/6 383/1186/6
f 388/1187/2 386/1188/2 382/1189/2 384/1190/2
f 409/1191/1 412/1192/1 405/1193/1 406/1194/1
f 407/1195/6 408/1196/6 411/1197/6 410/1198/6
f 409/1191/2 406/1194/2 407/1195/2 410/1198/2
f 405/1193/5 412/1192/5 411/1199/5 408/1200/5
f 404/1201/3 403/1202/3 406/1194/3 405/1193/3
f 403/1202/3 401/1203/3 407/1195/3 406/1194/3
f 402/1204/3 404/1205/3 405/1206/3 408/1207/3
f 401/1203/3 402/1208/3 408/1209/3 407/1195/3
f 397/1210/4 399/1211/4 409/1212/4 410/1213/4
f 398/1214/4 397/1215/4 410/1216/4 411/1217/4
f 400/1218/4 398/1219/4 411/1220/4 412/1221/4
f 399/1222/4 400/1223/4 412/1224/4 409/1225/4
f 402/1226/1 401/1227/1 397/1228/1 398/1229/1
f 401/1230/5 403/1231/5 399/1232/5 397/1233/5
f 403/1234/6 404/1235/6 400/1236/6 399/1237/6
f 404/1238/2 402/1239/2 398/1240/2 400/1241/2
f 425/1242/1 428/1243/1 421/1244/1 422/1245/1
f 423/1246/6 424/1247/6 427/1248/6 426/1249/6
f 425/1242/2 422/1245/2 423/1246/2 426/1249/2
f 421/1244/5 428/1243/5 427/1250/5 424/1251/5
f 420/1252/3 419/1253/3 422/1245/3 421/1244/3
f 419/1253/3 417/1254/3 423/1246/3 422/1245/3
f 418/1255/3 420/1256/3 421/1257/3 424/1258/3
f 417/1254/3 418/1259/3 424/1260/3 423/1246/3
f 413/1261/4 415/1262/4 425/1263/4 426/1264/4
f 414/1265/4 413/1266/4 426/1267/4 427/1268/4
f 416/1269/4 414/1270/4 427/1271/4 428/1272/4
f 415/1273/4 416/1274/4 428/1275/4 425/1276/4
f 418/1277/1 417/1278/1 413/1279/1 414/1280/1
f 417/1281/5 419/1282/5 415/1283/5 413/1284/5
f 419/1285/6 420/1286/6 416/1287/6 415/1288/6
f 420/1289/2 418/1290/2 414/1291/2 416/1292/2
f 441/1293/1 444/1294/1 437/1295/1 438/1296/1
f 439/1297/6 440/1298/6 443/1299/6 442/1300/6
f 441/1293/2 438/1296/2 439/1301/2 442/1300/2
f 437/1295/5 444/1294/5 443/1302/5 440/1303/5
f 436/1304/3 435/1305/3 438/1296/3 437/1295/3
f 435/1305/3 433/1306/3 439/1301/3 438/1296/3
f 434/1307/3 436/1308/3 437/1309/3 440/1310/3
f 433/1306/3 434/1311/3 440/1312/3 439/1301/3
f 429/1313/4 431/1314/4 441/1293/4 442/1300/4
f 430/1315/4 429/1313/4 442/1300/4 443/1299/4
f 432/1316/4 430/1317/4 443/1318/4 444/1319/4
f 431/1320/4 432/1321/4 444/1322/4 441/1323/4
f 434/1324/1 433/1325/1 429/1313/1 430/1315/1
f 433/1325/5 435/1326/5 431/1314/5 429/1313/5
f 435/1327/6 436/1328/6 432/1329/6 431/1330/6
f 436/1331/2 434/1332/2 430/1333/2 432/1334/2
f 457/1335/1 460/1336/1 453/1337/1 454/1338/1
f 455/1339/6 456/1340/6 459/1341/6 458/1342/6
f 457/1335/2 454/1338/2 455/1339/2 458/1342/2
f 453/1337/5 460/1336/5 459/1343/5 456/1344/5
f 452/1345/3 451/1346/3 454/1338/3 453/1337/3
f 451/1346/3 449/1347/3 455/1339/3 454/1338/3
f 450/1348/3 452/1349/3 453/1350/3 456/1351/3
f 449/1347/3 450/1352/3 456/1353/3 455/1339/3
f 445/1354/4 447/1355/4 457/1356/4 458/1357/4
f 446/1358/4 445/1359/4 458/1360/4 459/1361/4
f 448/1362/4 446/1363/4 459/1364/4 460/1365/4
f 447/1366/4 448/1367/4 460/1368/4 457/1369/4
f 450/1370/1 449/1371/1 445/1372/1 446/1373/1
f 449/1374/5 451/1375/5 447/1376/5 445/1377/5
f 451/1378/6 452/1379/6 448/1380/6 447/1381/6
f 452/1382/2 450/1383/2 446/1384/2 448/1385/2
f 473/1386/1 476/1387/1 469/1388/1 470/1389/1
f 471/1390/6 472/1391/6 475/1392/6 474/1393/6
f 473/1386/2 470/1389/2 471/1390/2 474/1393/2
f 469/1388/5 476/1387/5 475/1394/5 472/1395/5
f 468/1396/3 467/1397/3 470/1389/3 469/1388/3
f 467/1397/3 465/1398/3 471/1390/3 470/1389/3
f 466/1399/3 468/1400/3 469/1401/3 472/1402/3
f 465/1398/3 466/1403/3 472/1404/3 471/1390/3
f 461/1405/4 463/1406/4 473/1407/4 474/1408/4
f 462/1409/4 461/1410/4 474/1411/4 475/1412/4
f 464/1413/4 462/1414/4 475/1415/4 476/1416/4
f 463/1417/4 464/1418/4 476/1419/4 473/1420/4
f 466/1421/1 465/1422/1 461/1423/1 462/1424/1
f 465/1425/5 467/1426/5 463/1427/5 461/1428/5
f 467/1429/6 468/1430/6 464/1431/6 463/1432/6
f 468/1433/2 466/1434/2 462/1435/2 464/1436/2
f 489/1437/1 492/1438/1 485/1439/1 486/1440/1
f 487/1441/6 488/1442/6 491/1443/6 490/1444/6
f 489/1437/2 486/1440/2 487/1441/2 490/1444/2
f 485/1439/5 492/1438/5 491/1445/5 488/1446/5
f 484/1447/3 483/1448/3 486/1440/3 485/1439/3
f 483/1448/3 481/1449/3 487/1441/3 486/1440/3
f 482/1450/3 484/1451/3 485/1452/3 488/1453/3
f 481/1449/3 482/1454/3 488/1455/3 487/1441/3
f 477/1456/4 479/1457/4 489/1458/4 490/1459/4
f 478/1460/4 477/1461/4 490/1462/4 491/1463/4
f 480/1464/4 478/1465/4 491/1466/4 492/1467/4
f 479/1468/4 480/1469/4 492/1470/4 489/1471/4
f 482/1472/1 481/1473/1 477/1474/1 478/1475/1
f 481/1476/5 483/1477/5 479/1478/5 477/1479/5
f 483/1480/6 484/1481/6 480/1482/6 479/1483/6
f 484/1484/2 482/1485/2 478/1486/2 480/1487/2
f 505/1488/1 508/1489/1 501/1490/1 502/1491/1
f 503/1492/6 504/1493/6 507/1494/6 506/1495/6
f 505/1488/2 502/1491/2 503/1492/2 506/1495/2
f 501/1490/5 508/1489/5 507/1496/5 504/1497/5
f 500/1498/3 499/1499/3 502/1491/3 501/1490/3
f 499/1499/3 497/1500/3 503/1492/3 502/1491/3
f 498/1501/3 500/1502/3 501/1503/3 504/1504/3
f 497/1500/3 498/1505/3 504/1506/3 503/1492/3
f 493/1507/4 495/1508/4 505/1509/4 506/1510/4
f 494/1511/4 493/1512/4 506/1513/4 507/1514/4
f 496/1515/4 494/1516/4 507/1517/4 508/1518/4
f 495/1519/4 496/1520/4 508/1521/4 505/1522/4
f 498/1523/1 497/1524/1 493/1525/1 494/1526/1
f 497/1527/5 499/1528/5 495/1529/5 493/1530/5
f 499/1531/6 500/1532/6 496/1533/6 495/1534/6
f 500/1535/2 498/1536/2 494/1537/2 496/1538/2
f 521/1539/1 524/1540/1 517/1541/1 518/1542/1
f 519/1543/6 520/1544/6 523/1545/6 522/1546/6
f 521/1539/2 518/1542/2 519/1543/2 522/1546/2
f 517/1541/5 524/1540/5 523/1547/5 520/1548/5
f 516/1549/3 515/1550/3 518/1542/3 517/1541/3
f 515/1550/3 513/1551/3 519/1543/3 518/1542/3
f 514/1552/3 516/1553/3 517/1554/3 520/1555/3
f 513/1551/3 514/1556/3 520/1557/3 519/1543/3
f 509/1558/4 511/1559/4 521/1560/4 522/1561/4
f 510/1562/4 509/1563/4 522/1564/4 523/1565/4
f 512/1566/4 510/1567/4 523/1568/4 524/1569/4
f 511/1570/4 512/1571/4 524/1572/4 521/1573/4
f 514/1574/1 513/1575/1 509/1576/1 510/1577/1
f 513/1578/5 515/1579/5 511/1580/5 509/1581/5
f 515/1582/6 516/1583/6 512/1584/6 511/1585/6
f 516/1586/2 514/1587/2 510/1588/2 512/1589/2
f 537/1590/1 540/1591/1 533/1592/1 534/1593/1
f 535/1594/6 536/1595/6 539/1596/6 538/1597/6
f 537/1590/2 534/1593/2 535/1594/2 538/1597/2
f 533/1592/5 540/1591/5 539/1598/5 536/1599/5
f 532/1600/3 531/1601/3 534/1593/3 533/1592/3
f 531/1601/3 529/1602/3 535/1594/3 534/1593/3
f 530/1603/3 532/1604/3 533/1605/3 536/1606/3
f 529/1602/3 530/1607/3 536/1608/3 535/1594/3
f 525/1609/4 527/1610/4 537/1611/4 538/1612/4
f 526/1613/4 525/1614/4 538/1615/4 539/1616/4
f 528/1617/4 526/1618/4 539/1619/4 540/1620/4
f 527/1621/4 528/1622/4 540/1623/4 537/1624/4
f 530/1625/1 529/1626/1 525/1627/1 526/1628/1
f 529/1629/5 531/1630/5 527/1631/5 525/1632/5
f 531/1633/6 532/1634/6 528/1635/6 527/1636/6
f 532/1637/2 530/1638/2 526/1639/2 528/1640/2
f 550/1641/7 541/1642/7 544/1643/7 548/1644/7
f 548/1644/6 549/1645/6 551/1646/6 550/1641/6
f 552/1647/7 547/1648/7 546/1649/7 543/1650/7
f 547/1651/5 552/1652/5 551/1646/5 549/1645/5
f 380/1653/8 371/1654/8 374/1655/8 375/1656/8
f 379/1125/8 377/1124/8 372/1128/8 369/1129/8
f 545/1657/3 546/1658/3 547/1659/3 549/1660/3
f 544/1643/3 545/1661/3 549/1662/3 548/1644/3
f 542/1663/4 541/1642/4 550/1641/4 551/1646/4
f 543/1664/4 542/1663/4 551/1646/4 552/1652/4
f 545/1665/1 544/1666/1 541/1667/1 542/1668/1
f 546/1669/2 545/1670/2 542/1671/2 543/1672/2
f 562/1673/1 564/1674/1 559/1675/1 560/1676/1
f 562/1673/2 560/1676/2 561/1677/2 563/1678/2
f 558/1679/3 557/1680/3 560/1676/3 559/1675/3
f 557/1680/3 556/1681/3 561/1677/3 560/1676/3
f 553/1682/4 554/1683/4 562/1673/4 563/1678/4
f 554/1683/4 555/1684/4 564/1674/4 562/1673/4
f 556/1685/5 557/1686/5 554/1687/5 553/1688/5
f 557/1689/6 558/1690/6 555/1691/6 554/1692/6
f 577/1693/1 580/1694/1 573/1695/1 574/1696/1
f 575/1697/6 576/1698/6 579/1699/6 578/1700/6
f 577/1693/2 574/1696/2 575/1697/2 578/1700/2
f 573/1695/5 580/1694/5 579/1701/5 576/1702/5
f 572/1703/3 571/1704/3 574/1696/3 573/1695/3
f 571/1704/3 569/1705/3 575/1697/3 574/1696/3
f 570/1706/3 572/1707/3 573/1708/3 576/1709/3
f 569/1705/3 570/1710/3 576/1711/3 575/1697/3
f 565/1712/4 567/1713/4 577/1714/4 578/1715/4
f 566/1716/4 565/1717/4 578/1718/4 579/1719/4
f 568/1720/4 566/1721/4 579/1722/4 580/1723/4
f 567/1724/4 568/1725/4 580/1726/4 577/1727/4
f 570/1728/1 569/1729/1 565/1730/1 566/1731/1
f 569/1732/5 571/1733/5 567/1734/5 565/1735/5
f 571/1736/6 572/1737/6 568/1738/6 567/1739/6
f 572/1740/2 570/1741/2 566/1742/2 568/1743/2
f 593/1744/1 596/1745/1 589/1746/1 590/1747/1
f 591/1748/6 592/1749/6 595/1750/6 594/1751/6
f 593/1744/2 590/1747/2 591/1748/2 594/1751/2
f 589/1752/5 596/1753/5 595/1754/5 592/1755/5
f 588/1756/3 587/1757/3 590/1747/3 589/1746/3
f 587/1757/3 585/1758/3 591/1748/3 590/1747/3
f 586/1759/3 588/1760/3 589/1761/3 592/1762/3
f 585/1758/3 586/1763/3 592/1764/3 591/1748/3
f 581/1765/4 583/1766/4 593/1767/4 594/1768/4
f 582/1769/4 581/1770/4 594/1771/4 595/1772/4
f 584/1773/4 582/1774/4 595/1775/4 596/1776/4
f 583/1777/4 584/1778/4 596/1779/4 593/1780/4
f 586/1781/1 585/1782/1 581/1783/1 582/1784/1
f 585/1785/5 587/1786/5 583/1787/5 581/1788/5
f 587/1789/6 588/1790/6 584/1791/6 583/1792/6
f 588/1793/2 586/1794/2 582/1795/2 584/1796/2
f 609/1797/1 612/1798/1 605/1799/1 606/1800/1
f 607/1801/6 608/1802/6 611/1803/6 610/1804/6
f 609/1797/2 606/1800/2 607/1801/2 610/1804/2
f 605/1799/5 612/1798/5 611/1805/5 608/1806/5
f 604/1807/3 603/1808/3 606/1800/3 605/1799/3
f 603/1808/3 601/1809/3 607/1801/3 606/1800/3
f 602/1810/3 604/1811/3 605/1812/3 608/1813/3
f 601/1809/3 602/1814/3 608/1815/3 607/1801/3
f 597/1816/4 599/1817/4 609/1818/4 610/1819/4
f 598/1820/4 597/1821/4 610/1822/4 611/1823/4
f 600/1824/4 598/1825/4 611/1826/4 612/1827/4
f 599/1828/4 600/1829/4 612/1830/4 609/1831/4
f 602/1832/1 601/1833/1 597/1834/1 598/1835/1
f 601/1836/5 603/1837/5 599/1838/5 597/1839/5
f 603/1840/6 604/1841/6 600/1842/6 599/1843/6
f 604/1844/2 602/1845/2 598/1846/2 600/1847/2
f 625/1848/1 628/1849/1 621/1850/1 622/1851/1
f 623/1852/6 624/1853/6 627/1854/6 626/1855/6
f 625/1848/2 622/1851/2 623/1852/2 626/1855/2
f 621/1850/5 628/1849/5 627/1856/5 624/1857/5
f 620/1858/3 619/1859/3 622/1851/3 621/1850/3
f 619/1859/3 617/1860/3 623/1852/3 622/1851/3
f 618/1861/3 620/1862/3 621/1863/3 624/1864/3
f 617/1860/3 618/1865/3 624/1866/3 623/1852/3
f 613/1867/4 615/1868/4 625/1869/4 626/1870/4
f 614/1871/4 613/1872/4 626/1873/4 627/1874/4
f 616/1875/4 614/1876/4 627/1877/4 628/1878/4
f 615/1879/4 616/1880/4 628/1881/4 625/1882/4
f 618/1883/1 617/1884/1 613/1885/1 614/1886/1
f 617/1887/5 619/1888/5 615/1889/5 613/1890/5
f 619/1891/6 620/1892/6 616/1893/6 615/1894/6
f 620/1895/2 618/1896/2 614/1897/2 616/1898/2
f 641/1899/1 644/1900/1 637/1901/1 638/1902/1
f 639/1903/6 640/1904/6 643/1905/6 642/1906/6
f 641/1899/2 638/1902/2 639/1903/2 642/1906/2
f 637/1901/5 644/1900/5 643/1907/5 640/1908/5
f 636/1909/3 635/1910/3 638/1902/3 637/1901/3
f 635/1910/3 633/1911/3 639/1903/3 638/1902/3
f 634/1912/3 636/1913/3 637/1914/3 640/1915/3
f 633/1911/3 634/1916/3 640/1917/3 639/1903/3
f 629/1918/4 631/1919/4 641/1920/4 642/1921/4
f 630/1922/4 629/1923/4 642/1924/4 643/1925/4
f 632/1926/4 630/1927/4 643/1928/4 644/1929/4
f 631/1930/4 632/1931/4 644/1932/4 641/1933/4
f 634/1934/1 633/1935/1 629/1936/1 630/1937/1
f 633/1938/5 635/1939/5 631/1940/5 629/1941/5
f 635/1942/6 636/1943/6 632/1944/6 631/1945/6
f 636/1946/2 634/1947/2 630/1948/2 632/1949/2
f 657/1950/1 660/1951/1 653/1952/1 654/1953/1
f 655/1954/6 656/1955/6 659/1956/6 658/1957/6
f 657/1950/2 654/1953/2 655/1954/2 658/1957/2
f 653/1952/5 660/1951/5 659/1958/5 656/1959/5
f 652/1960/3 651/1961/3 654/1953/3 653/1952/3
f 651/1961/3 649/1962/3 655/1954/3 654/1953/3
f 650/1963/3 652/1964/3 653/1965/3 656/1966/3
f 649/1962/3 650/1967/3 656/1968/3 655/1954/3
f 645/1969/4 647/1970/4 657/1971/4 658/1972/4
f 646/1973/4 645/1974/4 658/1975/4 659/1976/4
f 648/1977/4 646/1978/4 659/1979/4 660/1980/4
f 647/1981/4 648/1982/4 660/1983/4 657/1984/4
f 650/1985/1 649/1986/1 645/1987/1 646/1988/1
f 649/1989/5 651/1990/5 647/1991/5 645/1992/5
f 651/1993/6 652/1994/6 648/1995/6 647/1996/6
f 652/1997/2 650/1998/2 646/1999/2 648/2000/2
f 673/2001/1 676/2002/1 669/2003/1 670/2004/1
f 671/2005/6 672/2006/6 675/2007/6 674/2008/6
f 673/2001/2 670/2004/2 671/2005/2 674/2008/2
f 669/2003/5 676/2002/5 675/2009/5 672/2010/5
f 668/2011/3 667/2012/3 670/2004/3 669/2003/3
f 667/2012/3 665/2013/3 671/2005/3 670/2004/3
f 666/2014/3 668/2015/3 669/2016/3 672/2017/3
f 665/2013/3 666/2018/3 672/2019/3 671/2005/3
f 661/2020/4 663/2021/4 673/2001/4 674/2008/4
f 662/2022/4 661/2023/4 674/2024/4 675/2025/4
f 664/2026/4 662/2027/4 675/2009/4 676/2002/4
f 663/2021/4 664/2026/4 676/2002/4 673/2001/4
f 666/2028/1 665/2029/1 661/2030/1 662/2031/1
f 665/2032/5 667/2033/5 663/2021/5 661/2020/5
f 667/2033/6 668/2034/6 664/2026/6 663/2021/6
f 668/2035/2 666/2036/2 662/2037/2 664/2038/2
f 689/2039/1 692/2040/1 685/2041/1 686/2042/1
f 687/2043/6 688/2044/6 691/2045/6 690/2046/6
f 689/2039/2 686/2042/2 687/2043/2 690/2046/2
f 685/2041/5 692/2040/5 691/2047/5 688/2048/5
f 684/2049/3 683/2050/3 686/2042/3 685/2041/3
f 683/2050/3 681/2051/3 687/2043/3 686/2042/3
f 682/2052/3 684/2053/3 685/2054/3 688/2055/3
f 681/2051/3 682/2056/3 688/2057/3 687/2043/3
f 677/2058/4 679/2059/4 689/2060/4 690/2061/4
f 678/2062/4 677/2063/4 690/2064/4 691/2065/4
f 680/2066/4 678/2067/4 691/2068/4 692/2069/4
f 679/2070/4 680/2071/4 692/2072/4 689/2073/4
f 682/2074/1 681/2075/1 677/2076/1 678/2077/1
f 681/2078/5 683/2079/5 679/2080/5 677/2081/5
f 683/2082/6 684/2083/6 680/2084/6 679/2085/6
f 684/2086/2 682/2087/2 678/2088/2 680/2089/2
f 705/2090/1 708/2091/1 701/2092/1 702/2093/1
f 703/2094/6 704/2095/6 707/2096/6 706/2097/6
f 705/2090/2 702/2093/2 703/2094/2 706/2097/2
f 701/2092/5 708/2091/5 707/2098/5 704/2099/5
f 700/2100/3 699/2101/3 702/2093/3 701/2092/3
f 699/2101/3 697/2102/3 703/2094/3 702/2093/3
f 698/2103/3 700/2104/3 701/2105/3 704/2106/3
f 697/2102/3 698/2107/3 704/2108/3 703/2094/3
f 693/2109/4 695/2110/4 705/2111/4 706/2112/4
f 694/2113/4 693/2114/4 706/2115/4 707/2116/4
f 696/2117/4 694/2118/4 707/2119/4 708/2120/4
f 695/2121/4 696/2122/4 708/2123/4 705/2124/4
f 698/2125/1 697/2126/1 693/2127/1 694/2128/1
f 697/2129/5 699/2130/5 695/2131/5 693/2132/5
f 699/2133/6 700/2134/6 696/2135/6 695/2136/6
f 700/2137/2 698/2138/2 694/2139/2 696/2140/2
f 721/2141/1 724/2142/1 717/2143/1 718/2144/1
f 719/2145/6 720/2146/6 723/2147/6 722/2148/6
f 721/2141/2 718/2144/2 719/2145/2 722/2148/2
f 717/2143/5 724/2142/5 723/2149/5 720/2150/5
f 716/2151/3 715/2152/3 718/2144/3 717/2143/3
f 715/2152/3 713/2153/3 719/2145/3 718/2144/3
f 714/2154/3 716/2155/3 717/2156/3 720/2157/3
f 713/2153/3 714/2158/3 720/2159/3 719/2145/3
f 709/2160/4 711/2161/4 721/2141/4 722/2148/4
f 710/2162/4 709/2160/4 722/2148/4 723/2147/4
f 712/2163/4 710/2164/4 723/2165/4 724/2166/4
f 711/2167/4 712/2168/4 724/2169/4 721/2170/4
f 714/2171/1 713/2172/1 709/2173/1 710/2174/1
f 713/2175/5 715/2176/5 711/2177/5 709/2178/5
f 715/2179/6 716/2180/6 712/2181/6 711/2182/6
f 716/2183/2 714/2184/2 710/2185/2 712/2186/2
f 734/2187/7 725/2188/7 728/2189/7 732/2190/7
f 732/2190/6 733/2191/6 735/2192/6 734/2187/6
f 736/2193/7 731/2194/7 730/2195/7 727/2196/7
f 731/2197/5 736/2198/5 735/2192/5 733/2191/5
f 564/2199/8 555/2200/8 558/2201/8 559/2202/8
f 563/1678/8 561/1677/8 556/1681/8 553/1682/8
f 729/2203/3 730/2204/3 731/2205/3 733/2206/3
f 728/2189/3 729/2207/3 733/2208/3 732/2190/3
f 726/2209/4 725/2188/4 734/2187/4 735/2192/4
f 727/2210/4 726/2209/4 735/2192/4 736/2198/4
f 729/2211/1 728/2212/1 725/2213/1 726/2214/1
f 730/2215/2 729/2216/2 726/2217/2 727/2218/2
f 746/2219/1 748/2220/1 743/2221/1 744/2222/1
f 746/2219/2 744/2222/2 745/2223/2 747/2224/2
f 742/2225/3 741/2226/3 744/2222/3 743/2221/3
f 741/2226/3 740/2227/3 745/2223/3 744/2222/3
f 737/2228/4 738/2229/4 746/2219/4 747/2224/4
f 738/2229/4 739/2230/4 748/2220/4 746/2219/4
f 740/2231/5 741/2232/5 738/2233/5 737/2234/5
f 741/2235/6 742/2236/6 739/2237/6 738/2238/6
f 761/2239/1 764/2240/1 757/2241/1 758/2242/1
f 759/2243/6 760/2244/6 763/2245/6 762/2246/6
f 761/2239/2 758/2242/2 759/2243/2 762/2246/2
f 757/2241/5 764/2240/5 763/2247/5 760/2248/5
f 756/2249/3 755/2250/3 758/2242/3 757/2241/3
f 755/2250/3 753/2251/3 759/2243/3 758/2242/3
f 754/2252/3 756/2253/3 757/2254/3 760/2255/3
f 753/2251/3 754/2256/3 760/2257/3 759/2243/3
f 749/2258/4 751/2259/4 761/2260/4 762/2261/4
f 750/2262/4 749/2263/4 762/2264/4 763/2265/4
f 752/2266/4 750/2267/4 763/2268/4 764/2269/4
f 751/2270/4 752/2271/4 764/2272/4 761/2273/4
f 754/2274/1 753/2275/1 749/2276/1 750/2277/1
f 753/2278/5 755/2279/5 751/2280/5 749/2281/5
f 755/2282/6 756/2283/6 752/2284/6 751/2285/6
f 756/2286/2 754/2287/2 750/2288/2 752/2289/2
f 777/2290/1 780/2291/1 773/2292/1 774/2293/1
f 775/2294/6 776/2295/6 779/2296/6 778/2297/6
f 777/2290/2 774/2293/2 775/2294/2 778/2297/2
f 773/2292/5 780/2291/5 779/2298/5 776/2299/5
f 772/2300/3 771/2301/3 774/2293/3 773/2292/3
f 771/2301/3 769/2302/3 775/2294/3 774/2293/3
f 770/2303/3 772/2304/3 773/2305/3 776/2306/3
f 769/2302/3 770/2307/3 776/2308/3 775/2294/3
f 765/2309/4 767/2310/4 777/2311/4 778/2312/4
f 766/2313/4 765/2314/4 778/2315/4 779/2316/4
f 768/2317/4 766/2318/4 779/2319/4 780/2320/4
f 767/2321/4 768/2322/4 780/2323/4 777/2324/4
f 770/2325/1 769/2326/1 765/2327/1 766/2328/1
f 769/2329/5 771/2330/5 767/2331/5 765/2332/5
f 771/2333/6 772/2334/6 768/2335/6 767/2336/6
f 772/2337/2 770/2338/2 766/2339/2 768/2340/2
f 793/2341/1 796/2342/1 789/2343/1 790/2344/1
f 791/2345/6 792/2346/6 795/2347/6 794/2348/6
f 793/2341/2 790/2344/2 791/2345/2 794/2348/2
f 789/2343/5 796/2342/5 795/2349/5 792/2350/5
f 788/2351/3 787/2352/3 790/2344/3 789/2343/3
f 787/2352/3 785/2353/3 791/2345/3 790/2344/3
f 786/2354/3 788/2355/3 789/2356/3 792/2357/3
f 785/2353/3 786/2358/3 792/2359/3 791/2345/3
f 781/2360/4 783/2361/4 793/2362/4 794/2363/4
f 782/2364/4 781/2365/4 794/2366/4 795/2367/4
f 784/2368/4 782/2369/4 795/2370/4 796/2371/4
f 783/2372/4 784/2373/4 796/2374/4 793/2375/4
f 786/2376/1 785/2377/1 781/2378/1 782/2379/1
f 785/2380/5 787/2381/5 783/2382/5 781/2383/5
f 787/2384/6 788/2385/6 784/2386/6 783/2387/6
f 788/2388/2 786/2389/2 782/2390/2 784/2391/2
f 809/2392/1 812/2393/1 805/2394/1 806/2395/1
f 807/2396/6 808/2397/6 811/2398/6 810/2399/6
f 809/2392/2 806/2395/2 807/2396/2 810/2399/2
f 805/2394/5 812/2393/5 811/2400/5 808/2401/5
f 804/2402/3 803/2403/3 806/2395/3 805/2394/3
f 803/2403/3 801/2404/3 807/2396/3 806/2395/3
f 802/2405/3 804/2406/3 805/2407/3 808/2408/3
f 801/2404/3 802/2409/3 808/2410/3 807/2396/3
f 797/2411/4 799/2412/4 809/2413/4 810/2414/4
f 798/2415/4 797/2416/4 810/2417/4 811/2418/4
f 800/2419/4 798/2420/4 811/2421/4 812/2422/4
f 799/2423/4 800/2424/4 812/2425/4 809/2426/4
f 802/2427/1 801/2428/1 797/2429/1 798/2430/1
f 801/2431/5 803/2432/5 799/2433/5 797/2434/5
f 803/2435/6 804/2436/6 800/2437/6 799/2438/6
f 804/2439/2 802/2440/2 798/2441/2 800/2442/2
f 825/2443/1 828/2444/1 821/2445/1 822/2446/1
f 823/2447/6 824/2448/6 827/2449/6 826/2450/6
f 825/2443/2 822/2446/2 823/2447/2 826/2450/2
f 821/2445/5 828/2444/5 827/2451/5 824/2452/5
f 820/2453/3 819/2454/3 822/2446/3 821/2445/3
f 819/2454/3 817/2455/3 823/2447/3 822/2446/3
f 818/2456/3 820/2457/3 821/2458/3 824/2459/3
f 817/2455/3 818/2460/3 824/2461/3 823/2447/3
f 813/2462/4 815/2463/4 825/2464/4 826/2465/4
f 814/2466/4 813/2467/4 826/2468/4 827/2469/4
f 816/2470/4 814/2471/4 827/2472/4 828/2473/4
f 815/2474/4 816/2475/4 828/2476/4 825/2477/4
f 818/2478/1 817/2479/1 813/2480/1 814/2481/1
f 817/2482/5 819/2483/5 815/2484/5 813/2485/5
f 819/2486/6 820/2487/6 816/2488/6 815/2489/6
f 820/2490/2 818/2491/2 814/2492/2 816/2493/2
f 841/2494/1 844/2495/1 837/2496/1 838/2497/1
f 839/2498/6 840/2499/6 843/2500/6 842/2501/6
f 841/2494/2 838/2497/2 839/2498/2 842/2501/2
f 837/2496/5 844/2495/5 843/2502/5 840/2503/5
f 836/2504/3 835/2505/3 838/2497/3 837/2496/3
f 835/2505/3 833/2506/3 839/2498/3 838/2497/3
f 834/2507/3 836/2508/3 837/2509/3 840/2510/3
f 833/2506/3 834/2511/3 840/2512/3 839/2498/3
f 829/2513/4 831/2514/4 841/2515/4 842/2516/4
f 830/2517/4 829/2518/4 842/2519/4 843/2520/4
f 832/2521/4 830/2522/4 843/2523/4 844/2524/4
f 831/2525/4 832/2526/4 844/2527/4 841/2528/4
f 834/2529/1 833/2530/1 829/2531/1 830/2532/1
f 833/2533/5 835/2534/5 831/2535/5 829/2536/5
f 835/2537/6 836/2538/6 832/2539/6 831/2540/6
f 836/2541/2 834/2542/2 830/2543/2 832/2544/2
f 857/2545/1 860/2546/1 853/2547/1 854/2548/1
f 855/2549/6 856/2550/6 859/2551/6 858/2552/6
f 857/2545/2 854/2548/2 855/2549/2 858/2552/2
f 853/2547/5 860/2546/5 859/2553/5 856/2554/5
f 852/2555/3 851/2556/3 854/2548/3 853/2547/3
f 851/2556/3 849/2557/3 855/2549/3 854/2548/3
f 850/2558/3 852/2559/3 853/2560/3 856/2561/3
f 849/2557/3 850/2562/3 856/2563/3 855/2549/3
f 845/2564/4 847/2565/4 857/2566/4 858/2567/4
f 846/2568/4 845/2569/4 858/2570/4 859/2571/4
f 848/2572/4 846/2573/4 859/2574/4 860/2575/4
f 847/2576/4 848/2577/4 860/2578/4 857/2579/4
f 850/2580/1 849/2581/1 845/2582/1 846/2583/1
f 849/2584/5 851/2585/5 847/2586/5 845/2587/5
f 851/2588/6 852/2589/6 848/2590/6 847/2591/6
f 852/2592/2 850/2593/2 846/2594/2 848/2595/2
f 873/2596/1 876/2597/1 869/2598/1 870/2599/1
f 871/2600/6 872/2601/6 875/2602/6 874/2603/6
f 873/2596/2 870/2599/2 871/2600/2 874/2603/2
f 869/2598/5 876/2597/5 875/2604/5 872/2605/5
f 868/2606/3 867/2607/3 870/2599/3 869/2598/3
f 867/2607/3 865/2608/3 871/2600/3 870/2599/3
f 866/2609/3 868/2610/3 869/2611/3 872/2612/3
f 865/2608/3 866/2613/3 872/2614/3 871/2600/3
f 861/2615/4 863/2616/4 873/2617/4 874/2618/4
f 862/2619/4 861/2620/4 874/2621/4 875/2622/4
f 864/2623/4 862/2624/4 875/2625/4 876/2626/4
f 863/2627/4 864/2628/4 876/2629/4 873/2630/4
f 866/2631/1 865/2632/1 861/2633/1 862/2634/1
f 865/2635/5 867/2636/5 863/2637/5 861/2638/5
f 867/2639/6 868/2640/6 864/2641/6 863/2642/6
f 868/2643/2 866/2644/2 862/2645/2 864/2646/2
f 889/2647/1 892/2648/1 885/2649/1 886/2650/1
f 887/2651/6 888/2652/6 891/2653/6 890/2654/6
f 889/2647/2 886/2650/2 887/2651/2 890/2654/2
f 885/2649/5 892/2648/5 891/2655/5 888/2656/5
f 884/2657/3 883/2658/3 886/2650/3 885/2649/3
f 883/2658/3 881/2659/3 887/2651/3 886/2650/3
f 882/2660/3 884/2661/3 885/2662/3 888/2663/3
f 881/2659/3 882/2664/3 888/2665/3 887/2651/3
f 877/2666/4 879/2667/4 889/2668/4 890/2669/4
f 878/2670/4 877/2671/4 890/2672/4 891/2673/4
f 880/2674/4 878/2675/4 891/2676/4 892/2677/4
f 879/2678/4 880/2679/4 892/2680/4 889/2681/4
f 882/2682/1 881/2683/1 877/2684/1 878/2685/1
f 881/2686/5 883/2687/5 879/2688/5 877/2689/5
f 883/2690/6 884/2691/6 880/2692/6 879/2693/6
f 884/2694/2 882/2695/2 878/2696/2 880/2697/2
f 905/2698/1 908/2699/1 901/2700/1 902/2701/1
f 903/2702/6 904/2703/6 907/2704/6 906/2705/6
f 905/2698/2 902/2701/2 903/2702/2 906/2705/2
f 901/2700/5 908/2699/5 907/2706/5 904/2707/5
f 900/2708/3 899/2709/3 902/2701/3 901/2700/3
f 899/2709/3 897/2710/3 903/2702/3 902/2701/3
f 898/2711/3 900/2712/3 901/2713/3 904/2714/3
f 897/2710/3 898/2715/3 904/2716/3 903/2702/3
f 893/2717/4 895/2718/4 905/2719/4 906/2720/4
f 894/2721/4 893/2722/4 906/2723/4 907/2724/4
f 896/2725/4 894/2726/4 907/2727/4 908/2728/4
f 895/2729/4 896/2730/4 908/2731/4 905/2732/4
f 898/2733/1 897/2734/1 893/2735/1 894/2736/1
f 897/2737/5 899/2738/5 895/2739/5 893/2740/5
f 899/2741/6 900/2742/6 896/2743/6 895/2744/6
f 900/2745/2 898/2746/2 894/2747/2 896/2748/2
f 918/2749/7 909/2750/7 912/2751/7 916/2752/7
f 916/2752/6 917/2753/6 919/2754/6 918/2749/6
f 920/2755/7 915/2756/7 914/2757/7 911/2758/7
f 915/2759/5 920/2760/5 919/2754/5 917/2753/5
f 748/2761/8 739/2762/8 742/2763/8 743/2764/8
f 747/2224/8 745/2223/8 740/2227/8 737/2228/8
f 913/2765/3 914/2766/3 915/2767/3 917/2768/3
f 912/2751/3 913/2769/3 917/2770/3 916/2752/3
f 910/2771/4 909/2750/4 918/2749/4 919/2754/4
f 911/2772/4 910/2771/4 919/2754/4 920/2760/4
f 913/2773/1 912/2751/1 909/2750/1 910/2771/1
f 914/2774/2 913/2775/2 910/2776/2 911/2777/2
f 930/2778/1 932/2779/1 927/2780/1 928/2781/1
f 930/2778/2 928/2781/2 929/2782/2 931/2783/2
f 926/2784/3 925/2785/3 928/2781/3 927/2780/3
f 925/2785/3 924/2786/3 929/2782/3 928/2781/3
f 921/2787/4 922/2788/4 930/2778/4 931/2783/4
f 922/2788/4 923/2789/4 932/2779/4 930/2778/4
f 924/2790/5 925/2791/5 922/2792/5 921/2793/5
f 925/2794/6 926/2795/6 923/2796/6 922/2797/6
f 945/2798/1 948/2799/1 941/2800/1 942/2801/1
f 943/2802/6 944/2803/6 947/2804/6 946/2805/6
f 945/2798/2 942/2801/2 943/2802/2 946/2805/2
f 941/2800/5 948/2799/5 947/2806/5 944/2807/5
f 940/2808/3 939/2809/3 942/2801/3 941/2800/3
f 939/2809/3 937/2810/3 943/2802/3 942/2801/3
f 938/2811/3 940/2812/3 941/2813/3 944/2814/3
f 937/2810/3 938/2815/3 944/2816/3 943/2802/3
f 933/2817/4 935/2818/4 945/2819/4 946/2820/4
f 934/2821/4 933/2822/4 946/2823/4 947/2824/4
f 936/2825/4 934/2826/4 947/2827/4 948/2828/4
f 935/2829/4 936/2830/4 948/2831/4 945/2832/4
f 938/2833/1 937/2834/1 933/2835/1 934/2836/1
f 937/2837/5 939/2838/5 935/2839/5 933/2840/5
f 939/2841/6 940/2842/6 936/2843/6 935/2844/6
f 940/2845/2 938/2846/2 934/2847/2 936/2848/2
f 961/2849/1 964/2850/1 957/2851/1 958/2852/1
f 959/2853/6 960/2854/6 963/2855/6 962/2856/6
f 961/2849/2 958/2852/2 959/2853/2 962/2856/2
f 957/2851/5 964/2850/5 963/2857/5 960/2858/5
f 956/2859/3 955/2860/3 958/2852/3 957/2851/3
f 955/2860/3 953/2861/3 959/2853/3 958/2852/3
f 954/2862/3 956/2863/3 957/2864/3 960/2865/3
f 953/2861/3 954/2866/3 960/2867/3 959/2853/3
f 949/2868/4 951/2869/4 961/2870/4 962/2871/4
f 950/2872/4 949/2873/4 962/2874/4 963/2875/4
f 952/2876/4 950/2877/4 963/2878/4 964/2879/4
f 951/2880/4 952/2881/4 964/2882/4 961/2883/4
f 954/2884/1 953/2885/1 949/2886/1 950/2887/1
f 953/2888/5 955/2889/5 951/2890/5 949/2891/5
f 955/2892/6 956/2893/6 952/2894/6 951/2895/6
f 956/2896/2 954/2897/2 950/2898/2 952/2899/2
f 977/2900/1 980/2901/1 973/2902/1 974/2903/1
f 975/2904/6 976/2905/6 979/2906/6 978/2907/6
f 977/2900/2 974/2903/2 975/2904/2 978/2907/2
f 973/2902/5 980/2901/5 979/2908/5 976/2909/5
f 972/2910/3 971/2911/3 974/2903/3 973/2902/3
f 971/2911/3 969/2912/3 975/2904/3 974/2903/3
f 970/2913/3 972/2914/3 973/2915/3 976/2916/3
f 969/2912/3 970/2917/3 976/2918/3 975/2904/3
f 965/2919/4 967/2920/4 977/2921/4 978/2922/4
f 966/2923/4 965/2924/4 978/2925/4 979/2926/4
f 968/2927/4 966/2928/4 979/2929/4 980/2930/4
f 967/2931/4 968/2932/4 980/2933/4 977/2934/4
f 970/2935/1 969/2936/1 965/2937/1 966/2938/1
f 969/2939/5 971/2940/5 967/2941/5 965/2942/5
f 971/2943/6 972/2944/6 968/2945/6 967/2946/6
f 972/2947/2 970/2948/2 966/2949/2 968/2950/2
f 993/2951/1 996/2952/1 989/2953/1 990/2954/1
f 991/2955/6 992/2956/6 995/2957/6 994/2958/6
f 993/2951/2 990/2954/2 991/2955/2 994/2958/2
f 989/2953/5 996/2952/5 995/2959/5 992/2960/5
f 988/2961/3 987/2962/3 990/2954/3 989/2953/3
f 987/2962/3 985/2963/3 991/2955/3 990/2954/3
f 986/2964/3 988/2965/3 989/2966/3 992/2967/3
f 985/2963/3 986/2968/3 992/2969/3 991/2955/3
f 981/2970/4 983/2971/4 993/2972/4 994/2973/4
f 982/2974/4 981/2975/4 994/2976/4 995/2977/4
f 984/2978/4 982/2979/4 995/2980/4 996/2981/4
f 983/2982/4 984/2983/4 996/2984/4 993/2985/4
f 986/2986/1 985/2987/1 981/2988/1 982/2989/1
f 985/2990/5 987/2991/5 983/2992/5 981/2993/5
f 987/2994/6 988/2995/6 984/2996/6 983/2997/6
f 988/2998/2 986/2999/2 982/3000/2 984/3001/2
f 1009/3002/1 1012/3003/1 1005/3004/1 1006/3005/1
f 1007/3006/6 1008/3007/6 1011/3008/6 1010/3009/6
f 1009/3002/2 1006/3005/2 1007/3006/2 1010/3009/2
f 1005/3004/5 1012/3003/5 1011/3010/5 1008/3011/5
f 1004/3012/3 1003/3013/3 1006/3005/3 1005/3004/3
f 1003/3013/3 1001/3014/3 1007/3006/3 1006/3005/3
f 1002/3015/3 1004/3016/3 1005/3017/3 1008/3018/3
f 1001/3014/3 1002/3019/3 1008/3020/3 1007/3006/3
f 997/3021/4 999/3022/4 1009/3002/4 1010/3009/4
f 998/3023/4 997/3024/4 1010/3025/4 1011/3026/4
f 1000/3027/4 998/3028/4 1011/3029/4 1012/3030/4
f 999/3022/4 1000/3031/4 1012/3003/4 1009/3002/4
f 1002/3032/1 1001/3033/1 997/3034/1 998/3035/1
f 1001/3036/5 1003/3037/5 999/3022/5 997/3021/5
f 1003/3038/6 1004/3039/6 1000/3040/6 999/3041/6
f 1004/3042/2 1002/3043/2 998/3044/2 1000/3045/2
f 1025/3046/1 1028/3047/1 1021/3048/1 1022/3049/1
f 1023/3050/6 1024/3051/6 1027/3052/6 1026/3053/6
f 1025/3046/2 1022/3049/2 1023/3050/2 1026/3053/2
f 1021/3048/5 1028/3047/5 1027/3054/5 1024/3055/5
f 1020/3056/3 1019/3057/3 1022/3049/3 1021/3048/3
f 1019/3057/3 1017/3058/3 1023/3050/3 1022/3049/3
f 1018/3059/3 1020/3060/3 1021/3061/3 1024/3062/3
f 1017/3058/3 1018/3063/3 1024/3064/3 1023/3050/3
f 1013/3065/4 1015/3066/4 1025/3067/4 1026/3068/4
f 1014/3069/4 1013/3070/4 1026/3071/4 1027/3072/4
f 1016/3073/4 1014/3074/4 1027/3075/4 1028/3076/4
f 1015/3077/4 1016/3078/4 1028/3079/4 1025/3080/4
f 1018/3081/1 1017/3082/1 1013/3083/1 1014/3084/1
f 1017/3085/5 1019/3086/5 1015/3087/5 1013/3088/5
f 1019/3089/6 1020/3090/6 1016/3091/6 1015/3092/6
f 1020/3093/2 1018/3094/2 1014/3095/2 1016/3096/2
f 1041/3097/1 1044/3098/1 1037/3099/1 1038/3100/1
f 1039/3101/6 1040/3102/6 1043/3103/6 1042/3104/6
f 1041/3097/2 1038/3100/2 1039/3101/2 1042/3104/2
f 1037/3099/5 1044/3098/5 1043/3105/5 1040/3106/5
f 1036/3107/3 1035/3108/3 1038/3100/3 1037/3099/3
f 1035/3108/3 1033/3109/3 1039/3101/3 1038/3100/3
f 1034/3110/3 1036/3111/3 1037/3112/3 1040/3113/3
f 1033/3109/3 1034/3114/3 1040/3115/3 1039/3101/3
f 1029/3116/4 1031/3117/4 1041/3118/4 1042/3119/4
f 1030/3120/4 1029/3121/4 1042/3122/4 1043/3123/4
f 1032/3124/4 1030/3125/4 1043/3126/4 1044/3127/4
f 1031/3128/4 1032/3129/4 1044/3130/4 1041/3131/4
f 1034/3132/1 1033/3133/1 1029/3134/1 1030/3135/1
f 1033/3136/5 1035/3137/5 1031/3138/5 1029/3139/5
f 1035/3140/6 1036/3141/6 1032/3142/6 1031/3143/6
f 1036/3144/2 1034/3145/2 1030/3146/2 1032/3147/2
f 1057/3148/1 1060/3149/1 1053/3150/1 1054/3151/1
f 1055/3152/6 1056/3153/6 1059/3154/6 1058/3155/6
f 1057/3148/2 1054/3151/2 1055/3152/2 1058/3155/2
f 1053/3150/5 1060/3149/5 1059/3156/5 1056/3157/5
f 1052/3158/3 1051/3159/3 1054/3151/3 1053/3150/3
f 1051/3159/3 1049/3160/3 1055/3152/3 1054/3151/3
f 1050/3161/3 1052/3162/3 1053/3163/3 1056/3164/3
f 1049/3160/3 1050/3165/3 1056/3166/3 1055/3152/3
f 1045/3167/4 1047/3168/4 1057/3148/4 1058/3155/4
f 1046/3169/4 1045/3170/4 1058/3171/4 1059/3172/4
f 1048/3173/4 1046/3174/4 1059/3156/4 1060/3149/4
f 1047/3168/4 1048/3173/4 1060/3149/4 1057/3148/4
f 1050/3175/1 1049/3176/1 1045/3177/1 1046/3178/1
f 1049/3179/5 1051/3180/5 1047/3181/5 1045/3182/5
f 1051/3183/6 1052/3184/6 1048/3185/6 1047/3186/6
f 1052/3187/2 1050/3188/2 1046/3189/2 1048/3190/2
f 1073/3191/1 1076/3192/1 1069/3193/1 1070/3194/1
f 1071/3195/6 1072/3196/6 1075/3197/6 1074/3198/6
f 1073/3191/2 1070/3194/2 1071/3195/2 1074/3198/2
f 1069/3193/5 1076/3192/5 1075/3199/5 1072/3200/5
f 1068/3201/3 1067/3202/3 1070/3194/3 1069/3193/3
f 1067/3202/3 1065/3203/3 1071/3195/3 1070/3194/3
f 1066/3204/3 1068/3205/3 1069/3206/3 1072/3207/3
f 1065/3203/3 1066/3208/3 1072/3209/3 1071/3195/3
f 1061/3210/4 1063/3211/4 1073/3191/4 1074/3198/4
f 1062/3212/4 1061/3210/4 1074/3198/4 1075/3197/4
f 1064/3213/4 1062/3214/4 1075/3215/4 1076/3216/4
f 1063/3217/4 1064/3218/4 1076/3219/4 1073/3220/4
f 1066/3221/1 1065/3222/1 1061/3223/1 1062/3224/1
f 1065/3225/5 1067/3226/5 1063/3227/5 1061/3228/5
f 1067/3229/6 1068/3230/6 1064/3231/6 1063/3232/6
f 1068/3233/2 1066/3234/2 1062/3235/2 1064/3236/2
f 1089/3237/1 1092/3238/1 1085/3239/1 1086/3240/1
f 1087/3241/6 1088/3242/6 1091/3243/6 1090/3244/6
f 1089/3237/2 1086/3240/2 1087/3241/2 1090/3244/2
f 1085/3239/5 1092/3238/5 1091/3245/5 1088/3246/5
f 1084/3247/3 1083/3248/3 1086/3240/3 1085/3239/3
f 1083/3248/3 1081/3249/3 1087/3241/3 1086/3240/3
f 1082/3250/3 1084/3251/3 1085/3252/3 1088/3253/3
f 1081/3249/3 1082/3254/3 1088/3255/3 1087/3241/3
f 1077/3256/4 1079/3257/4 1089/3258/4 1090/3259/4
f 1078/3260/4 1077/3261/4 1090/3262/4 1091/3263/4
f 1080/3264/4 1078/3265/4 1091/3266/4 1092/3267/4
f 1079/3268/4 1080/3269/4 1092/3270/4 1089/3271/4
f 1082/3272/1 1081/3273/1 1077/3274/1 1078/3275/1
f 1081/3276/5 1083/3277/5 1079/3278/5 1077/3279/5
f 1083/3280/6 1084/3281/6 1080/3282/6 1079/3283/6
f 1084/3284/2 1082/3285/2 1078/3286/2 1080/3287/2
f 1102/3288/7 1093/3289/7 1096/3290/7 1100/3291/7
f 1100/3291/6 1101/3292/6 1103/3293/6 1102/3288/6
f 1104/3294/7 1099/3295/7 1098/3296/7 1095/3297/7
f 1099/3298/5 1104/3299/5 1103/3293/5 1101/3292/5
f 932/3300/8 923/3301/8 926/3302/8 927/3303/8
f 931/2783/8 929/2782/8 924/2786/8 921/2787/8
f 1097/3304/3 1098/3305/3 1099/3306/3 1101/3307/3
f 1096/3290/3 1097/3308/3 1101/3309/3 1100/3291/3
f 1094/3310/4 1093/3289/4 1102/3288/4 1103/3293/4
f 1095/3311/4 1094/3310/4 1103/3293/4 1104/3299/4
f 1097/3312/1 1096/3313/1 1093/3314/1 1094/3315/1
f 1098/3316/2 1097/3317/2 1094/3318/2 1095/3319/2
f 1114/3320/1 1116/3321/1 1111/3322/1 1112/3323/1
f 1114/3320/2 1112/3323/2 1113/3324/2 1115/3325/2
f 1110/3326/3 1109/3327/3 1112/3323/3 1111/3322/3
f 1109/3327/3 1108/3328/3 1113/3324/3 1112/3323/3
f 1105/3329/4 1106/3330/4 1114/3320/4 1115/3325/4
f 1106/3330/4 1107/3331/4 1116/3321/4 1114/3320/4
f 1108/3332/5 1109/3333/5 1106/3334/5 1105/3335/5
f 1109/3336/6 1110/3337/6 1107/3338/6 1106/3339/6
f 1129/3340/1 1132/3341/1 1125/3342/1 1126/3343/1
f 1127/3344/6 1128/3345/6 1131/3346/6 1130/3347/6
f 1129/3340/2 1126/3343/2 1127/3344/2 1130/3347/2
f 1125/3342/5 1132/3341/5 1131/3348/5 1128/3349/5
f 1124/3350/3 1123/3351/3 1126/3343/3 1125/3342/3
f 1123/3351/3 1121/3352/3 1127/3344/3 1126/3343/3
f 1122/3353/3 1124/3354/3 1125/3355/3 1128/3356/3
f 1121/3352/3 1122/3357/3 1128/3358/3 1127/3344/3
f 1117/3359/4 1119/3360/4 1129/3361/4 1130/3362/4
f 1118/3363/4 1117/3364/4 1130/3365/4 1131/3366/4
f 1120/3367/4 1118/3368/4 1131/3369/4 1132/3370/4
f 1119/3371/4 1120/3372/4 1132/3373/4 1129/3374/4
f 1122/3375/1 1121/3376/1 1117/3377/1 1118/3378/1
f 1121/3379/5 1123/3380/5 1119/3381/5 1117/3382/5
f 1123/3383/6 1124/3384/6 1120/3385/6 1119/3386/6
f 1124/3387/2 1122/3388/2 1118/3389/2 1120/3390/2
f 1145/3391/1 1148/3392/1 1141/3393/1 1142/3394/1
f 1143/3395/6 1144/3396/6 1147/3397/6 1146/3398/6
f 1145/3391/2 1142/3394/2 1143/3395/2 1146/3398/2
f 1141/3393/5 1148/3392/5 1147/3399/5 1144/3400/5
f 1140/3401/3 1139/3402/3 1142/3394/3 1141/3393/3
f 1139/3402/3 1137/3403/3 1143/3395/3 1142/3394/3
f 1138/3404/3 1140/3405/3 1141/3406/3 1144/3407/3
f 1137/3403/3 1138/3408/3 1144/3409/3 1143/3395/3
f 1133/3410/4 1135/3411/4 1145/3412/4 1146/3413/4
f 1134/3414/4 1133/3415/4 1146/3416/4 1147/3417/4
f 1136/3418/4 1134/3419/4 1147/3420/4 1148/3421/4
f 1135/3422/4 1136/3423/4 1148/3424/4 1145/3425/4
f 1138/3426/1 1137/3427/1 1133/3428/1 1134/3429/1
f 1137/3430/5 1139/3431/5 1135/3432/5 1133/3433/5
f 1139/3434/6 1140/3435/6 1136/3436/6 1135/3437/6
f 1140/3438/2 1138/3439/2 1134/3440/2 1136/3441/2
f 1161/3442/1 1164/3443/1 1157/3444/1 1158/3445/1
f 1159/3446/6 1160/3447/6 1163/3448/6 1162/3449/6
f 1161/3442/2 1158/3445/2 1159/3446/2 1162/3449/2
f 1157/3444/5 1164/3443/5 1163/3450/5 1160/3451/5
f 1156/3452/3 1155/3453/3 1158/3445/3 1157/3444/3
f 1155/3453/3 1153/3454/3 1159/3446/3 1158/3445/3
f 1154/3455/3 1156/3456/3 1157/3457/3 1160/3458/3
f 1153/3454/3 1154/3459/3 1160/3460/3 1159/3446/3
f 1149/3461/4 1151/3462/4 1161/3463/4 1162/3464/4
f 1150/3465/4 1149/3466/4 1162/3467/4 1163/3468/4
f 1152/3469/4 1150/3470/4 1163/3471/4 1164/3472/4
f 1151/3473/4 1152/3474/4 1164/3475/4 1161/3476/4
f 1154/3477/1 1153/3478/1 1149/3479/1 1150/3480/1
f 1153/3481/5 1155/3482/5 1151/3483/5 1149/3484/5
f 1155/3485/6 1156/3486/6 1152/3487/6 1151/3488/6
f 1156/3489/2 1154/3490/2 1150/3491/2 1152/3492/2
f 1177/3493/1 1180/3494/1 1173/3495/1 1174/3496/1
f 1175/3497/6 1176/3498/6 1179/3499/6 1178/3500/6
f 1177/3493/2 1174/3496/2 1175/3497/2 1178/3500/2
f 1173/3495/5 1180/3494/5 1179/3501/5 1176/3502/5
f 1172/3503/3 1171/3504/3 1174/3496/3 1173/3495/3
f 1171/3504/3 1169/3505/3 1175/3497/3 1174/3496/3
f 1170/3506/3 1172/3507/3 1173/3508/3 1176/3509/3
f 1169/3505/3 1170/3510/3 1176/3511/3 1175/3497/3
f 1165/3512/4 1167/3513/4 1177/3514/4 1178/3515/4
f 1166/3516/4 1165/3517/4 1178/3518/4 1179/3519/4
f 1168/3520/4 1166/3521/4 1179/3522/4 1180/3523/4
f 1167/3524/4 1168/3525/4 1180/3526/4 1177/3527/4
f 1170/3528/1 1169/3529/1 1165/3530/1 1166/3531/1
f 1169/3532/5 1171/3533/5 1167/3534/5 1165/3535/5
f 1171/3536/6 1172/3537/6 1168/3538/6 1167/3539/6
f 1172/3540/2 1170/3541/2 1166/3542/2 1168/3543/2
f 1193/3544/1 1196/3545/1 1189/3546/1 1190/3547/1
f 1191/3548/6 1192/3549/6 1195/3550/6 1194/3551/6
f 1193/3544/2 1190/3547/2 1191/3548/2 1194/3551/2
f 1189/3546/5 1196/3545/5 1195/3552/5 1192/3553/5
f 1188/3554/3 1187/3555/3 1190/3547/3 1189/3546/3
f 1187/3555/3 1185/3556/3 1191/3548/3 1190/3547/3
f 1186/3557/3 1188/3558/3 1189/3559/3 1192/3560/3
f 1185/3556/3 1186/3561/3 1192/3562/3 1191/3548/3
f 1181/3563/4 1183/3564/4 1193/3565/4 1194/3566/4
f 1182/3567/4 1181/3568/4 1194/3569/4 1195/3570/4
f 1184/3571/4 1182/3572/4 1195/3573/4 1196/3574/4
f 1183/3575/4 1184/3576/4 1196/3577/4 1193/3578/4
f 1186/3579/1 1185/3580/1 1181/3581/1 1182/3582/1
f 1185/3583/5 1187/3584/5 1183/3585/5 1181/3586/5
f 1187/3587/6 1188/3588/6 1184/3589/6 1183/3590/6
f 1188/3591/2 1186/3592/2 1182/3593/2 1184/3594/2
f 1209/3595/1 1212/3596/1 1205/3597/1 1206/3598/1
f 1207/3599/6 1208/3600/6 1211/3601/6 1210/3602/6
f 1209/3595/2 1206/3598/2 1207/3599/2 1210/3602/2
f 1205/3597/5 1212/3596/5 1211/3603/5 1208/3604/5
f 1204/3605/3 1203/3606/3 1206/3598/3 1205/3597/3
f 1203/3606/3 1201/3607/3 1207/3599/3 1206/3598/3
f 1202/3608/3 1204/3609/3 1205/3610/3 1208/3611/3
f 1201/3607/3 1202/3612/3 1208/3613/3 1207/3599/3
f 1197/3614/4 1199/3615/4 1209/3616/4 1210/3617/4
f 1198/3618/4 1197/3619/4 1210/3620/4 1211/3621/4
f 1200/3622/4 1198/3623/4 1211/3624/4 1212/3625/4
f 1199/3626/4 1200/3627/4 1212/3628/4 1209/3629/4
f 1202/3630/1 1201/3631/1 1197/3632/1 1198/3633/1
f 1201/3634/5 1203/3635/5 1199/3636/5 1197/3637/5
f 1203/3638/6 1204/3639/6 1200/3640/6 1199/3641/6
f 1204/3642/2 1202/3643/2 1198/3644/2 1200/3645/2
f 1225/3646/1 1228/3647/1 1221/3648/1 1222/3649/1
f 1223/3650/6 1224/3651/6 1227/3652/6 1226/3653/6
f 1225/3646/2 1222/3649/2 1223/3650/2 1226/3653/2
f 1221/3648/5 1228/3647/5 1227/3654/5 1224/3655/5
f 1220/3656/3 1219/3657/3 1222/3649/3 1221/3648/3
f 1219/3657/3 1217/3658/3 1223/3650/3 1222/3649/3
f 1218/3659/3 1220/3660/3 1221/3661/3 1224/3662/3
f 1217/3658/3 1218/3663/3 1224/3664/3 1223/3650/3
f 1213/3665/4 1215/3666/4 1225/3667/4 1226/3668/4
f 1214/3669/4 1213/3670/4 1226/3671/4 1227/3672/4
f 1216/3673/4 1214/3674/4 1227/3675/4 1228/3676/4
f 1215/3677/4 1216/3678/4 1228/3679/4 1225/3680/4
f 1218/3681/1 1217/3682/1 1213/3683/1 1214/3684/1
f 1217/3685/5 1219/3686/5 1215/3687/5 1213/3688/5
f 1219/3689/6 1220/3690/6 1216/3691/6 1215/3692/6
f 1220/3693/2 1218/3694/2 1214/3695/2 1216/3696/2
f 1241/3697/1 1244/3698/1 1237/3699/1 1238/3700/1
f 1239/3701/6 1240/3702/6 1243/3703/6 1242/3704/6
f 1241/3697/2 1238/3700/2 1239/3701/2 1242/3704/2
f 1237/3699/5 1244/3698/5 1243/3705/5 1240/3706/5
f 1236/3707/3 1235/3708/3 1238/3700/3 1237/3699/3
f 1235/3708/3 1233/3709/3 1239/3701/3 1238/3700/3
f 1234/3710/3 1236/3711/3 1237/3712/3 1240/3713/3
f 1233/3709/3 1234/3714/3 1240/3715/3 1239/3701/3
f 1229/3716/4 1231/3717/4 1241/3718/4 1242/3719/4
f 1230/3720/4 1229/3721/4 1242/3722/4 1243/3723/4
f 1232/3724/4 1230/3725/4 1243/3726/4 1244/3727/4
f 1231/3728/4 1232/3729/4 1244/3730/4 1241/3731/4
f 1234/3732/1 1233/3733/1 1229/3734/1 1230/3735/1
f 1233/3736/5 1235/3737/5 1231/3738/5 1229/3739/5
f 1235/3740/6 1236/3741/6 1232/3742/6 1231/3743/6
f 1236/3744/2 1234/3745/2 1230/3746/2 1232/3747/2
f 1257/3748/1 1260/3749/1 1253/3750/1 1254/3751/1
f 1255/3752/6 1256/3753/6 1259/3754/6 1258/3755/6
f 1257/3748/2 1254/3751/2 1255/3752/2 1258/3755/2
f 1253/3756/5 1260/3757/5 1259/3754/5 1256/3753/5
f 1252/3758/3 1251/3759/3 1254/3751/3 1253/3750/3
f 1251/3759/3 1249/3760/3 1255/3752/3 1254/3751/3
f 1250/3761/3 1252/3762/3 1253/3763/3 1256/3764/3
f 1249/3760/3 1250/3765/3 1256/3766/3 1255/3752/3
f 1245/3767/4 1247/3768/4 1257/3748/4 1258/3755/4
f 1246/3769/4 1245/3767/4 1258/3755/4 1259/3754/4
f 1248/3770/4 1246/3771/4 1259/3772/4 1260/3773/4
f 1247/3774/4 1248/3775/4 1260/3776/4 1257/3777/4
f 1250/3778/1 1249/3779/1 1245/3767/1 1246/3769/1
f 1249/3779/5 1251/3780/5 1247/3768/5 1245/3767/5
f 1251/3781/6 1252/3782/6 1248/3783/6 1247/3784/6
f 1252/3785/2 1250/3786/2 1246/3787/2 1248/3788/2
f 1273/3789/1 1276/3790/1 1269/3791/1 1270/3792/1
f 1271/3793/6 1272/3794/6 1275/3795/6 1274/3796/6
f 1273/3789/2 1270/3792/2 1271/3793/2 1274/3796/2
f 1269/3791/5 1276/3790/5 1275/3797/5 1272/3798/5
f 1268/3799/3 1267/3800/3 1270/3792/3 1269/3791/3
f 1267/3800/3 1265/3801/3 1271/3793/3 1270/3792/3
f 1266/3802/3 1268/3803/3 1269/3804/3 1272/3805/3
f 1265/3801/3 1266/3806/3 1272/3807/3 1271/3793/3
f 1261/3808/4 1263/3809/4 1273/3810/4 1274/3811/4
f 1262/3812/4 1261/3813/4 1274/3814/4 1275/3815/4
f 1264/3816/4 1262/3817/4 1275/3818/4 1276/3819/4
f 1263/3820/4 1264/3821/4 1276/3822/4 1273/3823/4
f 1266/3824/1 1265/3825/1 1261/3826/1 1262/3827/1
f 1265/3828/5 1267/3829/5 1263/3830/5 1261/3831/5
f 1267/3832/6 1268/3833/6 1264/3834/6 1263/3835/6
f 1268/3836/2 1266/3837/2 1262/3838/2 1264/3839/2
f 1286/3840/7 1277/3841/7 1280/3842/7 1284/3843/7
f 1284/3843/6 1285/3844/6 1287/3845/6 1286/3840/6
f 1288/3846/7 1283/3847/7 1282/3848/7 1279/3849/7
f 1283/3850/5 1288/3851/5 1287/3845/5 1285/3844/5
f 1116/3852/8 1107/3853/8 1110/3854/8 1111/3855/8
f 1115/3325/8 1113/3324/8 1108/3328/8 1105/3329/8
f 1281/3856/3 1282/3857/3 1283/3858/3 1285/3859/3
f 1280/3842/3 1281/3860/3 1285/3861/3 1284/3843/3
f 1278/3862/4 1277/3841/4 1286/3840/4 1287/3845/4
f 1279/3863/4 1278/3862/4 1287/3845/4 1288/3851/4
f 1281/3864/1 1280/3865/1 1277/3866/1 1278/3867/1
f 1282/3868/2 1281/3869/2 1278/3870/2 1279/3871/2
f 1295/3872/1 1296/3873/1 1293/3874/1 1294/3875/1
f 1292/3876/3 1291/3877/3 1294/3875/3 1293/3874/3
f 1289/3878/4 1290/3879/4 1296/3873/4 1295/3872/4
f 1291/3880/6 1292/3881/6 1290/3882/6 1289/3883/6
f 1306/3884/1 1308/3885/1 1303/3886/1 1304/3887/1
f 1303/3886/5 1308/3885/5 1307/3888/5 1305/3889/5
f 1302/3890/3 1301/3891/3 1304/3887/3 1303/3886/3
f 1300/3892/3 1302/3893/3 1303/3894/3 1305/3895/3
f 1299/3896/4 1297/3897/4 1307/3888/4 1308/3885/4
f 1298/3898/4 1299/3896/4 1308/3885/4 1306/3884/4
f 1301/3899/6 1302/3900/6 1299/3896/6 1298/3898/6
f 1302/3900/2 1300/3901/2 1297/3897/2 1299/3896/2
f 1318/3902/1 1320/3903/1 1315/3904/1 1316/3905/1
f 1315/3904/5 1320/3903/5 1319/3906/5 1317/3907/5
f 1314/3908/3 1313/3909/3 1316/3905/3 1315/3904/3
f 1312/3910/3 1314/3911/3 1315/3912/3 1317/3913/3
f 1311/3914/4 1309/3915/4 1319/3906/4 1320/3903/4
f 1310/3916/4 1311/3914/4 1320/3903/4 1318/3902/4
f 1313/3917/6 1314/3918/6 1311/3914/6 1310/3916/6
f 1314/3918/2 1312/3919/2 1309/3915/2 1311/3914/2
f 1330/3920/1 1332/3921/1 1327/3922/1 1328/3923/1
f 1327/3922/5 1332/3921/5 1331/3924/5 1329/3925/5
f 1326/3926/3 1325/3927/3 1328/3923/3 1327/3922/3
f 1324/3928/3 1326/3929/3 1327/3930/3 1329/3931/3
f 1323/3932/4 1321/3933/4 1331/3924/4 1332/3921/4
f 1322/3934/4 1323/3932/4 1332/3921/4 1330/3920/4
f 1325/3935/6 1326/3936/6 1323/3932/6 1322/3934/6
f 1326/3936/2 1324/3937/2 1321/3933/2 1323/3932/2
f 1342/3938/1 1344/3939/1 1339/3940/1 1340/3941/1
f 1339/3940/5 1344/3939/5 1343/3942/5 1341/3943/5
f 1338/3944/3 1337/3945/3 1340/3941/3 1339/3940/3
f 1336/3946/3 1338/3947/3 1339/3948/3 1341/3949/3
f 1335/3950/4 1333/3951/4 1343/3942/4 1344/3939/4
f 1334/3952/4 1335/3950/4 1344/3939/4 1342/3938/4
f 1337/3953/6 1338/3954/6 1335/3950/6 1334/3952/6
f 1338/3954/2 1336/3955/2 1333/3951/2 1335/3950/2
f 1354/3956/1 1356/3957/1 1351/3958/1 1352/3959/1
f 1351/3958/5 1356/3957/5 1355/3960/5 1353/3961/5
f 1350/3962/3 1349/3963/3 1352/3959/3 1351/3958/3
f 1348/3964/3 1350/3965/3 1351/3966/3 1353/3967/3
f 1347/3968/4 1345/3969/4 1355/3960/4 1356/3957/4
f 1346/3970/4 1347/3968/4 1356/3957/4 1354/3956/4
f 1349/3971/6 1350/3972/6 1347/3968/6 1346/3970/6
f 1350/3972/2 1348/3973/2 1345/3969/2 1347/3968/2
f 1366/3974/1 1368/3975/1 1363/3976/1 1364/3977/1
f 1363/3976/5 1368/3975/5 1367/3978/5 1365/3979/5
f 1362/3980/3 1361/3981/3 1364/3977/3 1363/3976/3
f 1360/3982/3 1362/3983/3 1363/3984/3 1365/3985/3
f 1359/3986/4 1357/3987/4 1367/3978/4 1368/3975/4
f 1358/3988/4 1359/3986/4 1368/3975/4 1366/3974/4
f 1361/3989/6 1362/3990/6 1359/3986/6 1358/3988/6
f 1362/3990/2 1360/3991/2 1357/3987/2 1359/3986/2
f 1378/3992/1 1380/3993/1 1375/3994/1 1376/3995/1
f 1375/3994/5 1380/3993/5 1379/3996/5 1377/3997/5
f 1374/3998/3 1373/3999/3 1376/3995/3 1375/3994/3
f 1372/4000/3 1374/4001/3 1375/4002/3 1377/4003/3
f 1371/4004/4 1369/4005/4 1379/3996/4 1380/3993/4
f 1370/4006/4 1371/4004/4 1380/3993/4 1378/3992/4
f 1373/4007/6 1374/4008/6 1371/4004/6 1370/4006/6
f 1374/4008/2 1372/4009/2 1369/4005/2 1371/4004/2
f 1390/4010/1 1392/4011/1 1387/4012/1 1388/4013/1
f 1387/4012/5 1392/4011/5 1391/4014/5 1389/4015/5
f 1386/4016/3 1385/4017/3 1388/4013/3 1387/4012/3
f 1384/4018/3 1386/4019/3 1387/4020/3 1389/4021/3
f 1383/4022/4 1381/4023/4 1391/4014/4 1392/4011/4
f 1382/4024/4 1383/4022/4 1392/4011/4 1390/4010/4
f 1385/4025/6 1386/4026/6 1383/4022/6 1382/4024/6
f 1386/4026/2 1384/4027/2 1381/4023/2 1383/4022/2
f 1402/4028/1 1404/4029/1 1399/4030/1 1400/4031/1
f 1399/4030/5 1404/4029/5 1403/4032/5 1401/4033/5
f 1398/4034/3 1397/4035/3 1400/4031/3 1399/4030/3
f 1396/4036/3 1398/4037/3 1399/4038/3 1401/4039/3
f 1395/4040/4 1393/4041/4 1403/4032/4 1404/4029/4
f 1394/4042/4 1395/4040/4 1404/4029/4 1402/4028/4
f 1397/4043/6 1398/4044/6 1395/4040/6 1394/4042/6
f 1398/4044/2 1396/4045/2 1393/4041/2 1395/4040/2
f 1414/4046/1 1416/4047/1 1411/4048/1 1412/4049/1
f 1331/4050/9 1321/4051/9 1324/4052/9 1329/4053/9
f 1330/3920/9 1328/3923/9 1325/4054/9 1322/4055/9
f 1411/4048/5 1416/4047/5 1415/4056/5 1413/4057/5
f 1410/4058/3 1409/4059/3 1412/4049/3 1411/4048/3
f 1342/3938/9 1340/3941/9 1337/4060/9 1334/4061/9
f 1408/4062/3 1410/4063/3 1411/4064/3 1413/4065/3
f 1343/4066/9 1333/4067/9 1336/4068/9 1341/4069/9
f 1355/4070/9 1345/4071/9 1348/4072/9 1353/4073/9
f 1407/4074/4 1405/4075/4 1415/4056/4 1416/4047/4
f 1406/4076/4 1407/4074/4 1416/4047/4 1414/4046/4
f 1409/4077/6 1410/4078/6 1407/4074/6 1406/4076/6
f 1410/4078/2 1408/4079/2 1405/4075/2 1407/4074/2
f 1306/3884/9 1304/3887/9 1301/4080/9 1298/4081/9
f 1295/3872/9 1294/3875/9 1291/4082/9 1289/4083/9
f 1424/4084/7 1421/4085/7 1420/4086/7 1418/4087/7
f 1421/4088/5 1424/4089/5 1423/4090/5 1422/4091/5
f 1296/4092/8 1290/4093/8 1292/4094/8 1293/4095/8
f 1419/4096/3 1420/4097/3 1421/4098/3 1422/4099/3
f 1307/4100/9 1297/4101/9 1300/4102/9 1305/4103/9
f 1319/4104/9 1309/4105/9 1312/4106/9 1317/4107/9
f 1418/4108/4 1417/4109/4 1423/4090/4 1424/4089/4
f 1318/3902/9 1316/3905/9 1313/4110/9 1310/4111/9
f 1420/4112/2 1419/4113/2 1417/4114/2 1418/4115/2
f 1354/3956/9 1352/3959/9 1349/4116/9 1346/4117/9
f 1367/4118/9 1357/4119/9 1360/4120/9 1365/4121/9
f 1366/3974/9 1364/3977/9 1361/4122/9 1358/4123/9
f 1379/4124/9 1369/4125/9 1372/4126/9 1377/4127/9
f 1378/3992/9 1376/3995/9 1373/4128/9 1370/4129/9
f 1391/4130/9 1381/4131/9 1384/4132/9 1389/4133/9
f 1390/4010/9 1388/4013/9 1385/4134/9 1382/4135/9
f 1403/4136/9 1393/4137/9 1396/4138/9 1401/4139/9
f 1402/4028/9 1400/4031/9 1397/4140/9 1394/4141/9
f 1415/4142/9 1405/4143/9 1408/4144/9 1413/4145/9
f 1414/4046/9 1412/4049/9 1409/4146/9 1406/4147/9
f 1423/4148/9 1417/4149/9 1419/4150/9 1422/4151/9
f 1431/4152/3 1432/4153/3 1428/4154/3 1427/4155/3
f 1427/4156/8 1428/4157/8 1426/4158/8 1425/4159/8
f 1429/4160/9 1431/4161/9 1427/4162/9 1425/4163/9
f 1430/4164/10 1426/4165/10 1435/4166/10 1436/4167/10
f 1425/4159/4 1426/4158/4 1430/4168/4 1429/4169/4
f 1430/4168/7 1432/4153/7 1431/4152/7 1429/4169/7
f 1433/4170/7 1436/4167/7 1440/4171/7 1437/4172/7
f 1428/4173/11 1432/4174/11 1433/4170/11 1434/4175/11
f 1426/4165/12 1428/4176/12 1434/4177/12 1435/4166/12
f 1432/4174/13 1430/4164/13 1436/4167/13 1433/4170/13
f 1437/4178/14 1440/4179/14 1439/4180/14 1438/4181/14
f 1435/4166/8 1434/4177/8 1438/4182/8 1439/4183/8
f 1436/4167/4 1435/4166/4 1439/4183/4 1440/4171/4
f 1434/4175/3 1433/4170/3 1437/4172/3 1438/4184/3
f 1447/4185/3 1443/4186/3 1444/4187/3 1448/4188/3
f 1443/4189/7 1441/4190/7 1442/4191/7 1444/4192/7
f 1445/4193/9 1441/4194/9 1443/4195/9 1447/4196/9
f 1446/4197/10 1452/4198/10 1451/4199/10 1442/4200/10
f 1441/4190/4 1445/4201/4 1446/4202/4 1442/4191/4
f 1446/4202/8 1445/4201/8 1447/4185/8 1448/4188/8
f 1449/4203/8 1453/4204/8 1456/4205/8 1452/4198/8
f 1444/4206/11 1450/4207/11 1449/4203/11 1448/4208/11
f 1442/4200/13 1451/4199/13 1450/4209/13 1444/4210/13
f 1448/4208/12 1449/4203/12 1452/4198/12 1446/4197/12
f 1453/4211/14 1454/4212/14 1455/4213/14 1456/4214/14
f 1451/4199/7 1455/4215/7 1454/4216/7 1450/4209/7
f 1452/4198/4 1456/4205/4 1455/4215/4 1451/4199/4
f 1450/4207/3 1454/4217/3 1453/4204/3 1449/4203/3
f 1457/4218/4 1458/4219/4 1460/4220/4 1459/4221/4
f 1459/4222/7 1460/4223/7 1464/4224/7 1463/4225/7
f 1463/4226/3 1464/4227/3 1462/4228/3 1461/4229/3
f 1461/4230/8 1462/4231/8 1458/4232/8 1457/4233/8
f 1459/4221/9 1463/4234/9 1461/4235/9 1457/4218/9
f 1464/4227/14 1460/4220/14 1458/4219/14 1462/4228/14
f 1465/4236/4 1466/4237/4 1468/4238/4 1467/4239/4
f 1467/4240/7 1468/4241/7 1472/4242/7 1471/4243/7
f 1471/4244/3 1472/4245/3 1470/4246/3 1469/4247/3
f 1469/4248/8 1470/4249/8 1466/4250/8 1465/4251/8
f 1467/4239/9 1471/4252/9 1469/4253/9 1465/4236/9
f 1472/4245/14 1468/4238/14 1466/4237/14 1470/4246/14
