# Blender 4.2.2 LTS
# www.blender.org
mtllib metal shelving.mtl
o metal_shelving
v -0.866102 0.527191 -2.692922
v -1.020654 0.814586 -2.847474
v 0.968132 0.527191 -2.692922
v 1.122684 0.814586 -2.847474
v -0.866102 0.527191 2.550260
v -1.020654 0.814586 2.704812
v 0.968131 0.527191 2.550260
v 1.122683 0.814586 2.704812
v 1.122684 0.527191 -2.847474
v -1.020654 0.527191 -2.847474
v 1.122683 0.527191 2.704812
v -1.020654 0.527191 2.704812
v 0.968132 0.738669 -2.692922
v -0.866102 0.738669 -2.692922
v 0.968131 0.738669 2.550260
v -0.866102 0.738669 2.550260
v -0.866102 2.826357 -2.692922
v -1.020654 3.113753 -2.847474
v 0.968132 2.826357 -2.692922
v 1.122684 3.113753 -2.847474
v -0.866102 2.826357 2.550260
v -1.020654 3.113753 2.704812
v 0.968131 2.826357 2.550260
v 1.122683 3.113753 2.704812
v 1.122684 2.826357 -2.847474
v -1.020654 2.826357 -2.847474
v 1.122683 2.826357 2.704812
v -1.020654 2.826357 2.704812
v 0.968132 3.037836 -2.692922
v -0.866102 3.037836 -2.692922
v 0.968131 3.037836 2.550260
v -0.866102 3.037836 2.550260
v -0.866102 5.125524 -2.692922
v -1.020654 5.412920 -2.847474
v 0.968132 5.125524 -2.692922
v 1.122684 5.412920 -2.847474
v -0.866102 5.125524 2.550260
v -1.020654 5.412920 2.704812
v 0.968131 5.125524 2.550260
v 1.122683 5.412920 2.704812
v 1.122684 5.125524 -2.847474
v -1.020654 5.125524 -2.847474
v 1.122683 5.125524 2.704812
v -1.020654 5.125524 2.704812
v 0.968132 5.337003 -2.692922
v -0.866102 5.337003 -2.692922
v 0.968131 5.337003 2.550260
v -0.866102 5.337003 2.550260
v -0.866102 7.424691 -2.692922
v -1.020654 7.712087 -2.847474
v 0.968132 7.424691 -2.692922
v 1.122684 7.712087 -2.847474
v -0.866102 7.424691 2.550260
v -1.020654 7.712087 2.704812
v 0.968131 7.424691 2.550260
v 1.122683 7.712087 2.704812
v 1.122684 7.424691 -2.847474
v -1.020654 7.424691 -2.847474
v 1.122683 7.424691 2.704812
v -1.020654 7.424691 2.704812
v 0.968132 7.636169 -2.692922
v -0.866102 7.636169 -2.692922
v 0.968131 7.636169 2.550260
v -0.866102 7.636169 2.550260
v -0.866102 9.723858 -2.692922
v -1.020654 10.011253 -2.847474
v 0.968132 9.723858 -2.692922
v 1.122684 10.011253 -2.847474
v -0.866102 9.723858 2.550260
v -1.020654 10.011253 2.704812
v 0.968131 9.723858 2.550260
v 1.122683 10.011253 2.704812
v 1.122684 9.723858 -2.847474
v -1.020654 9.723858 -2.847474
v 1.122683 9.723858 2.704812
v -1.020654 9.723858 2.704812
v 0.968132 9.935335 -2.692922
v -0.866102 9.935335 -2.692922
v 0.968131 9.935335 2.550260
v -0.866102 9.935335 2.550260
v -0.866102 12.023024 -2.692922
v -1.020654 12.310419 -2.847474
v 0.968132 12.023024 -2.692922
v 1.122684 12.310419 -2.847474
v -0.866102 12.023024 2.550260
v -1.020654 12.310419 2.704812
v 0.968131 12.023024 2.550260
v 1.122683 12.310419 2.704812
v 1.122684 12.023024 -2.847474
v -1.020654 12.023024 -2.847474
v 1.122683 12.023024 2.704812
v -1.020654 12.023024 2.704812
v 0.968132 12.234503 -2.692922
v -0.866102 12.234503 -2.692922
v 0.968131 12.234503 2.550260
v -0.866102 12.234503 2.550260
v 1.228167 12.262705 -2.815536
v 1.178251 12.262705 -2.815536
v 1.228167 12.218195 -2.738443
v 1.178251 12.218195 -2.738443
v 1.228167 12.129175 -2.738443
v 1.178251 12.129175 -2.738443
v 1.228167 12.084665 -2.815536
v 1.178251 12.084665 -2.815536
v 1.228167 12.129175 -2.892630
v 1.178251 12.129175 -2.892630
v 1.228167 12.218195 -2.892630
v 1.178251 12.218195 -2.892630
v 1.228166 12.262707 2.672874
v 1.178251 12.262707 2.672874
v 1.228166 12.218197 2.595781
v 1.178251 12.218197 2.595781
v 1.228166 12.129177 2.595781
v 1.178251 12.129177 2.595781
v 1.228166 12.084667 2.672874
v 1.178251 12.084667 2.672874
v 1.228166 12.129177 2.749968
v 1.178251 12.129177 2.749968
v 1.228166 12.218197 2.749968
v 1.178251 12.218197 2.749968
v -1.126133 12.262707 -2.815537
v -1.076218 12.262707 -2.815537
v -1.126133 12.218197 -2.738443
v -1.076218 12.218197 -2.738443
v -1.126133 12.129177 -2.738443
v -1.076218 12.129177 -2.738443
v -1.126133 12.084667 -2.815537
v -1.076218 12.084667 -2.815537
v -1.126133 12.129177 -2.892630
v -1.076218 12.129177 -2.892630
v -1.126133 12.218197 -2.892630
v -1.076218 12.218197 -2.892630
v -1.126134 12.262709 2.672875
v -1.076218 12.262709 2.672875
v -1.126134 12.218199 2.595781
v -1.076218 12.218199 2.595781
v -1.126134 12.129179 2.595781
v -1.076218 12.129179 2.595781
v -1.126134 12.084667 2.672875
v -1.076218 12.084667 2.672875
v -1.126134 12.129179 2.749968
v -1.076218 12.129179 2.749968
v -1.126134 12.218199 2.749968
v -1.076218 12.218199 2.749968
v 1.228167 7.660895 -2.815538
v 1.178251 7.660895 -2.815538
v 1.228167 7.616385 -2.738444
v 1.178251 7.616385 -2.738444
v 1.228167 7.527365 -2.738444
v 1.178251 7.527365 -2.738444
v 1.228167 7.482855 -2.815538
v 1.178251 7.482855 -2.815538
v 1.228167 7.527365 -2.892632
v 1.178251 7.527365 -2.892632
v 1.228167 7.616385 -2.892632
v 1.178251 7.616385 -2.892632
v 1.228167 7.660896 2.672873
v 1.178251 7.660896 2.672873
v 1.228167 7.616386 2.595780
v 1.178251 7.616386 2.595780
v 1.228167 7.527366 2.595780
v 1.178251 7.527366 2.595780
v 1.228167 7.482856 2.672873
v 1.178251 7.482856 2.672873
v 1.228167 7.527366 2.749967
v 1.178251 7.527366 2.749967
v 1.228167 7.616386 2.749967
v 1.178251 7.616386 2.749967
v -1.126133 7.660896 -2.815538
v -1.076218 7.660896 -2.815538
v -1.126133 7.616386 -2.738444
v -1.076218 7.616386 -2.738444
v -1.126133 7.527366 -2.738444
v -1.076218 7.527366 -2.738444
v -1.126133 7.482856 -2.815538
v -1.076218 7.482856 -2.815538
v -1.126133 7.527366 -2.892632
v -1.076218 7.527366 -2.892632
v -1.126133 7.616386 -2.892632
v -1.076218 7.616386 -2.892632
v -1.126133 7.660898 2.672874
v -1.076218 7.660898 2.672874
v -1.126133 7.616387 2.595780
v -1.076218 7.616387 2.595780
v -1.126133 7.527368 2.595780
v -1.076218 7.527368 2.595780
v -1.126133 7.482858 2.672874
v -1.076218 7.482858 2.672874
v -1.126133 7.527368 2.749967
v -1.076218 7.527368 2.749967
v -1.126133 7.616387 2.749967
v -1.076218 7.616387 2.749967
v 1.228167 11.813395 -2.815538
v 1.178251 11.813395 -2.815538
v 1.228167 11.768885 -2.738444
v 1.178251 11.768885 -2.738444
v 1.228167 11.679865 -2.738444
v 1.178251 11.679865 -2.738444
v 1.228167 11.635355 -2.815538
v 1.178251 11.635355 -2.815538
v 1.228167 11.679865 -2.892632
v 1.178251 11.679865 -2.892632
v 1.228167 11.768885 -2.892632
v 1.178251 11.768885 -2.892632
v 1.228166 11.813396 2.672873
v 1.178251 11.813396 2.672873
v 1.228166 11.768887 2.595780
v 1.178251 11.768887 2.595780
v 1.228166 11.679867 2.595780
v 1.178251 11.679867 2.595780
v 1.228166 11.635357 2.672873
v 1.178251 11.635357 2.672873
v 1.228166 11.679867 2.749967
v 1.178251 11.679867 2.749967
v 1.228166 11.768887 2.749967
v 1.178251 11.768887 2.749967
v -1.126133 11.813396 -2.815538
v -1.076218 11.813396 -2.815538
v -1.126133 11.768887 -2.738444
v -1.076218 11.768887 -2.738444
v -1.126133 11.679867 -2.738444
v -1.076218 11.679867 -2.738444
v -1.126133 11.635357 -2.815538
v -1.076218 11.635357 -2.815538
v -1.126133 11.679867 -2.892632
v -1.076218 11.679867 -2.892632
v -1.126133 11.768887 -2.892632
v -1.076218 11.768887 -2.892632
v -1.126134 11.813398 2.672874
v -1.076218 11.813398 2.672874
v -1.126134 11.768888 2.595780
v -1.076218 11.768888 2.595780
v -1.126134 11.679867 2.595780
v -1.076218 11.679867 2.595780
v -1.126134 11.635357 2.672874
v -1.076218 11.635357 2.672874
v -1.126134 11.679867 2.749967
v -1.076218 11.679867 2.749967
v -1.126134 11.768888 2.749967
v -1.076218 11.768888 2.749967
v 1.228167 9.943636 -2.815538
v 1.178251 9.943636 -2.815538
v 1.228167 9.899126 -2.738444
v 1.178251 9.899126 -2.738444
v 1.228167 9.810106 -2.738444
v 1.178251 9.810106 -2.738444
v 1.228167 9.765594 -2.815538
v 1.178251 9.765594 -2.815538
v 1.228167 9.810106 -2.892632
v 1.178251 9.810106 -2.892632
v 1.228167 9.899126 -2.892632
v 1.178251 9.899126 -2.892632
v 1.228166 9.943636 2.672873
v 1.178251 9.943636 2.672873
v 1.228166 9.899126 2.595780
v 1.178251 9.899126 2.595780
v 1.228166 9.810106 2.595780
v 1.178251 9.810106 2.595780
v 1.228167 9.765596 2.672873
v 1.178251 9.765596 2.672873
v 1.228166 9.810106 2.749967
v 1.178251 9.810106 2.749967
v 1.228166 9.899126 2.749967
v 1.178251 9.899126 2.749967
v -1.126133 9.943636 -2.815538
v -1.076218 9.943636 -2.815538
v -1.126133 9.899126 -2.738444
v -1.076218 9.899126 -2.738444
v -1.126133 9.810106 -2.738444
v -1.076218 9.810106 -2.738444
v -1.126133 9.765596 -2.815538
v -1.076218 9.765596 -2.815538
v -1.126133 9.810106 -2.892632
v -1.076218 9.810106 -2.892632
v -1.126133 9.899126 -2.892632
v -1.076218 9.899126 -2.892632
v -1.126134 9.943638 2.672874
v -1.076218 9.943638 2.672874
v -1.126134 9.899128 2.595780
v -1.076218 9.899128 2.595780
v -1.126134 9.810108 2.595780
v -1.076218 9.810108 2.595780
v -1.126134 9.765598 2.672874
v -1.076218 9.765598 2.672874
v -1.126134 9.810108 2.749967
v -1.076218 9.810108 2.749967
v -1.126134 9.899128 2.749967
v -1.076218 9.899128 2.749967
v 1.228167 5.361514 -2.815538
v 1.178252 5.361514 -2.815538
v 1.228167 5.317004 -2.738444
v 1.178252 5.317004 -2.738444
v 1.228167 5.227984 -2.738444
v 1.178252 5.227984 -2.738444
v 1.228167 5.183474 -2.815538
v 1.178252 5.183474 -2.815538
v 1.228167 5.227984 -2.892632
v 1.178252 5.227984 -2.892632
v 1.228167 5.317004 -2.892632
v 1.178252 5.317004 -2.892632
v 1.228167 5.361516 2.672873
v 1.178251 5.361516 2.672873
v 1.228167 5.317006 2.595780
v 1.178251 5.317006 2.595780
v 1.228167 5.227985 2.595780
v 1.178251 5.227985 2.595780
v 1.228167 5.183475 2.672873
v 1.178251 5.183475 2.672873
v 1.228167 5.227985 2.749967
v 1.178251 5.227985 2.749967
v 1.228167 5.317006 2.749967
v 1.178251 5.317006 2.749967
v -1.126133 5.361516 -2.815538
v -1.076218 5.361516 -2.815538
v -1.126133 5.317006 -2.738444
v -1.076218 5.317006 -2.738444
v -1.126133 5.227985 -2.738444
v -1.076218 5.227985 -2.738444
v -1.126133 5.183475 -2.815538
v -1.076218 5.183475 -2.815538
v -1.126133 5.227985 -2.892632
v -1.076218 5.227985 -2.892632
v -1.126133 5.317006 -2.892632
v -1.076218 5.317006 -2.892632
v -1.126133 5.361517 2.672874
v -1.076218 5.361517 2.672874
v -1.126133 5.317007 2.595780
v -1.076218 5.317007 2.595780
v -1.126133 5.227987 2.595780
v -1.076218 5.227987 2.595780
v -1.126133 5.183477 2.672874
v -1.076218 5.183477 2.672874
v -1.126133 5.227987 2.749967
v -1.076218 5.227987 2.749967
v -1.126133 5.317007 2.749967
v -1.076218 5.317007 2.749967
v 1.228167 3.062133 -2.815538
v 1.178251 3.062133 -2.815538
v 1.228167 3.017623 -2.738444
v 1.178251 3.017623 -2.738444
v 1.228167 2.928603 -2.738444
v 1.178251 2.928603 -2.738444
v 1.228167 2.884093 -2.815538
v 1.178251 2.884093 -2.815538
v 1.228167 2.928603 -2.892632
v 1.178251 2.928603 -2.892632
v 1.228167 3.017623 -2.892632
v 1.178251 3.017623 -2.892632
v 1.228166 3.062134 2.672873
v 1.178251 3.062134 2.672873
v 1.228166 3.017624 2.595780
v 1.178251 3.017624 2.595780
v 1.228166 2.928605 2.595780
v 1.178251 2.928605 2.595780
v 1.228166 2.884095 2.672873
v 1.178251 2.884095 2.672873
v 1.228166 2.928605 2.749967
v 1.178251 2.928605 2.749967
v 1.228166 3.017624 2.749967
v 1.178251 3.017624 2.749967
v -1.126133 3.062134 -2.815538
v -1.076218 3.062134 -2.815538
v -1.126133 3.017624 -2.738444
v -1.076218 3.017624 -2.738444
v -1.126133 2.928605 -2.738444
v -1.076218 2.928605 -2.738444
v -1.126133 2.884095 -2.815538
v -1.076218 2.884095 -2.815538
v -1.126133 2.928605 -2.892632
v -1.076218 2.928605 -2.892632
v -1.126133 3.017624 -2.892632
v -1.076218 3.017624 -2.892632
v -1.126134 3.062136 2.672874
v -1.076218 3.062136 2.672874
v -1.126134 3.017625 2.595780
v -1.076218 3.017625 2.595780
v -1.126134 2.928606 2.595780
v -1.076218 2.928606 2.595780
v -1.126134 2.884096 2.672874
v -1.076218 2.884096 2.672874
v -1.126134 2.928606 2.749967
v -1.076218 2.928606 2.749967
v -1.126134 3.017625 2.749967
v -1.076218 3.017625 2.749967
v 1.228167 0.744522 -2.815538
v 1.178251 0.744522 -2.815538
v 1.228167 0.700012 -2.738444
v 1.178251 0.700012 -2.738444
v 1.228167 0.610992 -2.738444
v 1.178251 0.610992 -2.738444
v 1.228167 0.566482 -2.815538
v 1.178251 0.566482 -2.815538
v 1.228167 0.610992 -2.892632
v 1.178251 0.610992 -2.892632
v 1.228167 0.700012 -2.892632
v 1.178251 0.700012 -2.892632
v 1.228167 0.744523 2.672873
v 1.178251 0.744523 2.672873
v 1.228167 0.700013 2.595780
v 1.178251 0.700013 2.595780
v 1.228167 0.610993 2.595780
v 1.178251 0.610993 2.595780
v 1.228167 0.566483 2.672873
v 1.178251 0.566483 2.672873
v 1.228167 0.610993 2.749967
v 1.178251 0.610993 2.749967
v 1.228167 0.700013 2.749967
v 1.178251 0.700013 2.749967
v -1.126133 0.744523 -2.815538
v -1.076218 0.744523 -2.815538
v -1.126133 0.700013 -2.738444
v -1.076218 0.700013 -2.738444
v -1.126133 0.610993 -2.738444
v -1.076218 0.610993 -2.738444
v -1.126133 0.566483 -2.815538
v -1.076218 0.566483 -2.815538
v -1.126133 0.610993 -2.892632
v -1.076218 0.610993 -2.892632
v -1.126133 0.700013 -2.892632
v -1.076218 0.700013 -2.892632
v -1.126134 0.744524 2.672874
v -1.076218 0.744524 2.672874
v -1.126134 0.700015 2.595780
v -1.076218 0.700015 2.595780
v -1.126134 0.610995 2.595780
v -1.076218 0.610995 2.595780
v -1.126134 0.566484 2.672874
v -1.076218 0.566484 2.672874
v -1.126134 0.610995 2.749967
v -1.076218 0.610995 2.749967
v -1.126134 0.700015 2.749967
v -1.076218 0.700015 2.749967
v 1.173021 0.748519 -2.263120
v 1.123106 0.748519 -2.263120
v 1.173021 0.704010 -2.186026
v 1.123106 0.704010 -2.186026
v 1.173021 0.614989 -2.186026
v 1.123106 0.614989 -2.186026
v 1.173021 0.570479 -2.263120
v 1.123106 0.570479 -2.263120
v 1.173021 0.614989 -2.340213
v 1.123106 0.614989 -2.340213
v 1.173021 0.704010 -2.340213
v 1.123106 0.704010 -2.340213
v 1.093197 12.265127 -2.942035
v 1.093197 12.265127 -2.892120
v 1.170291 12.220615 -2.942035
v 1.170291 12.220615 -2.892120
v 1.170291 12.131596 -2.942035
v 1.170291 12.131596 -2.892120
v 1.093197 12.087086 -2.942035
v 1.093197 12.087086 -2.892120
v 1.016104 12.131596 -2.942035
v 1.016104 12.131596 -2.892120
v 1.016104 12.220615 -2.942035
v 1.016104 12.220615 -2.892120
v 1.093197 12.265127 2.799370
v 1.093197 12.265127 2.749454
v 1.170290 12.220617 2.799370
v 1.170290 12.220617 2.749454
v 1.170290 12.131598 2.799370
v 1.170290 12.131598 2.749454
v 1.093197 12.087088 2.799370
v 1.093197 12.087088 2.749454
v 1.016103 12.131598 2.799370
v 1.016103 12.131598 2.749454
v 1.016103 12.220617 2.799370
v 1.016103 12.220617 2.749454
v -0.991164 12.265127 -2.942035
v -0.991164 12.265127 -2.892120
v -1.068257 12.220617 -2.942035
v -1.068257 12.220617 -2.892120
v -1.068257 12.131598 -2.942035
v -1.068257 12.131598 -2.892120
v -0.991164 12.087088 -2.942035
v -0.991164 12.087088 -2.892120
v -0.914070 12.131598 -2.942035
v -0.914070 12.131598 -2.892120
v -0.914070 12.220617 -2.942035
v -0.914070 12.220617 -2.892120
v -0.991164 12.265129 2.799370
v -0.991164 12.265129 2.749454
v -1.068258 12.220619 2.799370
v -1.068258 12.220619 2.749454
v -1.068258 12.131599 2.799370
v -1.068258 12.131599 2.749454
v -0.991164 12.087090 2.799370
v -0.991164 12.087090 2.749454
v -0.914070 12.131599 2.799370
v -0.914070 12.131599 2.749454
v -0.914070 12.220619 2.799370
v -0.914070 12.220619 2.749454
v 1.228167 1.404518 -2.815538
v 1.178251 1.404518 -2.815538
v 1.228167 1.360008 -2.738444
v 1.178251 1.360008 -2.738444
v 1.228167 1.270988 -2.738444
v 1.178251 1.270988 -2.738444
v 1.228167 1.226478 -2.815538
v 1.178251 1.226478 -2.815538
v 1.228167 1.270988 -2.892632
v 1.178251 1.270988 -2.892632
v 1.228167 1.360008 -2.892632
v 1.178251 1.360008 -2.892632
v 1.228166 1.404520 2.672873
v 1.178251 1.404520 2.672873
v 1.228166 1.360010 2.595780
v 1.178251 1.360010 2.595780
v 1.228166 1.270989 2.595780
v 1.178251 1.270989 2.595780
v 1.228166 1.226479 2.672873
v 1.178251 1.226479 2.672873
v 1.228166 1.270989 2.749967
v 1.178251 1.270989 2.749967
v 1.228166 1.360010 2.749967
v 1.178251 1.360010 2.749967
v -1.126133 1.404520 -2.815538
v -1.076218 1.404520 -2.815538
v -1.126133 1.360010 -2.738444
v -1.076218 1.360010 -2.738444
v -1.126133 1.270989 -2.738444
v -1.076218 1.270989 -2.738444
v -1.126133 1.226479 -2.815538
v -1.076218 1.226479 -2.815538
v -1.126133 1.270989 -2.892632
v -1.076218 1.270989 -2.892632
v -1.126133 1.360010 -2.892632
v -1.076218 1.360010 -2.892632
v -1.126134 1.404521 2.672874
v -1.076218 1.404521 2.672874
v -1.126134 1.360011 2.595780
v -1.076218 1.360011 2.595780
v -1.126134 1.270991 2.595780
v -1.076218 1.270991 2.595780
v -1.126134 1.226481 2.672874
v -1.076218 1.226481 2.672874
v -1.126134 1.270991 2.749967
v -1.076218 1.270991 2.749967
v -1.126134 1.360011 2.749967
v -1.076218 1.360011 2.749967
v 1.173021 12.262707 -2.451589
v 1.123106 12.262707 -2.451589
v 1.173021 12.218197 -2.374496
v 1.123106 12.218197 -2.374496
v 1.173021 12.129177 -2.374496
v 1.123106 12.129177 -2.374496
v 1.173021 12.084667 -2.451589
v 1.123106 12.084667 -2.451589
v 1.173021 12.129177 -2.528683
v 1.123106 12.129177 -2.528683
v 1.173021 12.218197 -2.528683
v 1.123106 12.218197 -2.528683
v 1.093197 9.962734 -2.942035
v 1.093197 9.962734 -2.892120
v 1.170291 9.918224 -2.942035
v 1.170291 9.918224 -2.892120
v 1.170291 9.829205 -2.942035
v 1.170291 9.829205 -2.892120
v 1.093197 9.784693 -2.942035
v 1.093197 9.784693 -2.892120
v 1.016104 9.829205 -2.942035
v 1.016104 9.829205 -2.892120
v 1.016104 9.918224 -2.942035
v 1.016104 9.918224 -2.892120
v 1.093197 9.962734 2.799370
v 1.093197 9.962734 2.749454
v 1.170291 9.918224 2.799370
v 1.170291 9.918224 2.749454
v 1.170291 9.829205 2.799370
v 1.170291 9.829205 2.749454
v 1.093197 9.784695 2.799370
v 1.093197 9.784695 2.749454
v 1.016103 9.829205 2.799370
v 1.016103 9.829205 2.749454
v 1.016103 9.918224 2.799370
v 1.016103 9.918224 2.749454
v -0.991164 9.962734 -2.942035
v -0.991164 9.962734 -2.892120
v -1.068257 9.918224 -2.942035
v -1.068257 9.918224 -2.892120
v -1.068257 9.829205 -2.942035
v -1.068257 9.829205 -2.892120
v -0.991164 9.784695 -2.942035
v -0.991164 9.784695 -2.892120
v -0.914070 9.829205 -2.942035
v -0.914070 9.829205 -2.892120
v -0.914070 9.918224 -2.942035
v -0.914070 9.918224 -2.892120
v -0.991164 9.962736 2.799370
v -0.991164 9.962736 2.749454
v -1.068258 9.918226 2.799370
v -1.068258 9.918226 2.749454
v -1.068258 9.829206 2.799370
v -1.068258 9.829206 2.749454
v -0.991164 9.784697 2.799370
v -0.991164 9.784697 2.749454
v -0.914070 9.829206 2.799370
v -0.914070 9.829206 2.749454
v -0.914070 9.918226 2.799370
v -0.914070 9.918226 2.749454
v 1.093197 7.673473 -2.942035
v 1.093197 7.673473 -2.892120
v 1.170291 7.628963 -2.942035
v 1.170291 7.628963 -2.892120
v 1.170291 7.539943 -2.942035
v 1.170291 7.539943 -2.892120
v 1.093197 7.495433 -2.942035
v 1.093197 7.495433 -2.892120
v 1.016104 7.539943 -2.942035
v 1.016104 7.539943 -2.892120
v 1.016104 7.628963 -2.942035
v 1.016104 7.628963 -2.892120
v 1.093197 7.673474 2.799370
v 1.093197 7.673474 2.749454
v 1.170291 7.628964 2.799370
v 1.170291 7.628964 2.749454
v 1.170291 7.539945 2.799370
v 1.170291 7.539945 2.749454
v 1.093197 7.495434 2.799370
v 1.093197 7.495434 2.749454
v 1.016104 7.539945 2.799370
v 1.016104 7.539945 2.749454
v 1.016104 7.628964 2.799370
v 1.016104 7.628964 2.749454
v -0.991163 7.673474 -2.942035
v -0.991163 7.673474 -2.892120
v -1.068257 7.628964 -2.942035
v -1.068257 7.628964 -2.892120
v -1.068257 7.539945 -2.942035
v -1.068257 7.539945 -2.892120
v -0.991163 7.495434 -2.942035
v -0.991163 7.495434 -2.892120
v -0.914070 7.539945 -2.942035
v -0.914070 7.539945 -2.892120
v -0.914070 7.628964 -2.942035
v -0.914070 7.628964 -2.892120
v -0.991164 7.673476 2.799370
v -0.991164 7.673476 2.749454
v -1.068258 7.628966 2.799370
v -1.068258 7.628966 2.749454
v -1.068258 7.539946 2.799370
v -1.068258 7.539946 2.749454
v -0.991164 7.495435 2.799370
v -0.991164 7.495435 2.749454
v -0.914070 7.539946 2.799370
v -0.914070 7.539946 2.749454
v -0.914070 7.628966 2.799370
v -0.914070 7.628966 2.749454
v 1.093197 5.379835 -2.942035
v 1.093197 5.379835 -2.892120
v 1.170291 5.335325 -2.942035
v 1.170291 5.335325 -2.892120
v 1.170291 5.246305 -2.942035
v 1.170291 5.246305 -2.892120
v 1.093197 5.201795 -2.942035
v 1.093197 5.201795 -2.892120
v 1.016104 5.246305 -2.942035
v 1.016104 5.246305 -2.892120
v 1.016104 5.335325 -2.942035
v 1.016104 5.335325 -2.892120
v 1.093197 5.379836 2.799370
v 1.093197 5.379836 2.749454
v 1.170291 5.335326 2.799370
v 1.170291 5.335326 2.749454
v 1.170291 5.246306 2.799370
v 1.170291 5.246306 2.749454
v 1.093197 5.201796 2.799370
v 1.093197 5.201796 2.749454
v 1.016104 5.246306 2.799370
v 1.016104 5.246306 2.749454
v 1.016104 5.335326 2.799370
v 1.016104 5.335326 2.749454
v -0.991163 5.379836 -2.942035
v -0.991163 5.379836 -2.892120
v -1.068257 5.335326 -2.942035
v -1.068257 5.335326 -2.892120
v -1.068257 5.246306 -2.942035
v -1.068257 5.246306 -2.892120
v -0.991163 5.201796 -2.942035
v -0.991163 5.201796 -2.892120
v -0.914070 5.246306 -2.942035
v -0.914070 5.246306 -2.892120
v -0.914070 5.335326 -2.942035
v -0.914070 5.335326 -2.892120
v -0.991164 5.379838 2.799370
v -0.991164 5.379838 2.749454
v -1.068258 5.335328 2.799370
v -1.068258 5.335328 2.749454
v -1.068258 5.246307 2.799370
v -1.068258 5.246307 2.749454
v -0.991164 5.201797 2.799370
v -0.991164 5.201797 2.749454
v -0.914070 5.246307 2.799370
v -0.914070 5.246307 2.749454
v -0.914070 5.335328 2.799370
v -0.914070 5.335328 2.749454
v 1.093197 3.077442 -2.942035
v 1.093197 3.077442 -2.892120
v 1.170291 3.032932 -2.942035
v 1.170291 3.032932 -2.892120
v 1.170291 2.943912 -2.942035
v 1.170291 2.943912 -2.892120
v 1.093197 2.899402 -2.942035
v 1.093197 2.899402 -2.892120
v 1.016104 2.943912 -2.942035
v 1.016104 2.943912 -2.892120
v 1.016104 3.032932 -2.942035
v 1.016104 3.032932 -2.892120
v 1.093197 3.077444 2.799370
v 1.093197 3.077444 2.749454
v 1.170290 3.032934 2.799370
v 1.170290 3.032934 2.749454
v 1.170290 2.943914 2.799370
v 1.170290 2.943914 2.749454
v 1.093197 2.899403 2.799370
v 1.093197 2.899403 2.749454
v 1.016103 2.943914 2.799370
v 1.016103 2.943914 2.749454
v 1.016103 3.032934 2.799370
v 1.016103 3.032934 2.749454
v -0.991163 3.077444 -2.942035
v -0.991163 3.077444 -2.892120
v -1.068257 3.032934 -2.942035
v -1.068257 3.032934 -2.892120
v -1.068257 2.943914 -2.942035
v -1.068257 2.943914 -2.892120
v -0.991163 2.899403 -2.942035
v -0.991163 2.899403 -2.892120
v -0.914070 2.943914 -2.942035
v -0.914070 2.943914 -2.892120
v -0.914070 3.032934 -2.942035
v -0.914070 3.032934 -2.892120
v -0.991164 3.077445 2.799370
v -0.991164 3.077445 2.749454
v -1.068258 3.032935 2.799370
v -1.068258 3.032935 2.749454
v -1.068258 2.943915 2.799370
v -1.068258 2.943915 2.749454
v -0.991164 2.899405 2.799370
v -0.991164 2.899405 2.749454
v -0.914070 2.943915 2.799370
v -0.914070 2.943915 2.749454
v -0.914070 3.032935 2.799370
v -0.914070 3.032935 2.749454
v 1.093197 1.418494 -2.942035
v 1.093197 1.418494 -2.892120
v 1.170291 1.373984 -2.942035
v 1.170291 1.373984 -2.892120
v 1.170291 1.284964 -2.942035
v 1.170291 1.284964 -2.892120
v 1.093197 1.240454 -2.942035
v 1.093197 1.240454 -2.892120
v 1.016104 1.284964 -2.942035
v 1.016104 1.284964 -2.892120
v 1.016104 1.373984 -2.942035
v 1.016104 1.373984 -2.892120
v 1.093197 1.418496 2.799370
v 1.093197 1.418496 2.749454
v 1.170291 1.373986 2.799370
v 1.170291 1.373986 2.749454
v 1.170291 1.284965 2.799370
v 1.170291 1.284965 2.749454
v 1.093197 1.240455 2.799370
v 1.093197 1.240455 2.749454
v 1.016103 1.284965 2.799370
v 1.016103 1.284965 2.749454
v 1.016103 1.373986 2.799370
v 1.016103 1.373986 2.749454
v -0.991163 1.418496 -2.942035
v -0.991163 1.418496 -2.892120
v -1.068257 1.373986 -2.942035
v -1.068257 1.373986 -2.892120
v -1.068257 1.284965 -2.942035
v -1.068257 1.284965 -2.892120
v -0.991163 1.240455 -2.942035
v -0.991163 1.240455 -2.892120
v -0.914070 1.284965 -2.942035
v -0.914070 1.284965 -2.892120
v -0.914070 1.373986 -2.942035
v -0.914070 1.373986 -2.892120
v -0.991164 1.418497 2.799370
v -0.991164 1.418497 2.749454
v -1.068258 1.373987 2.799370
v -1.068258 1.373987 2.749454
v -1.068258 1.284967 2.799370
v -1.068258 1.284967 2.749454
v -0.991164 1.240457 2.799370
v -0.991164 1.240457 2.749454
v -0.914070 1.284967 2.799370
v -0.914070 1.284967 2.749454
v -0.914070 1.373987 2.799370
v -0.914070 1.373987 2.749454
v 1.093197 0.757541 -2.942035
v 1.093197 0.757541 -2.892120
v 1.170291 0.713031 -2.942035
v 1.170291 0.713031 -2.892120
v 1.170291 0.624012 -2.942035
v 1.170291 0.624012 -2.892120
v 1.093197 0.579502 -2.942035
v 1.093197 0.579502 -2.892120
v 1.016104 0.624012 -2.942035
v 1.016104 0.624012 -2.892120
v 1.016104 0.713031 -2.942035
v 1.016104 0.713031 -2.892120
v 1.093197 0.757543 2.799370
v 1.093197 0.757543 2.749454
v 1.170291 0.713032 2.799370
v 1.170291 0.713032 2.749454
v 1.170291 0.624012 2.799370
v 1.170291 0.624012 2.749454
v 1.093197 0.579503 2.799370
v 1.093197 0.579503 2.749454
v 1.016103 0.624012 2.799370
v 1.016103 0.624012 2.749454
v 1.016103 0.713032 2.799370
v 1.016103 0.713032 2.749454
v -0.991163 0.757543 -2.942035
v -0.991163 0.757543 -2.892120
v -1.068257 0.713032 -2.942035
v -1.068257 0.713032 -2.892120
v -1.068257 0.624012 -2.942035
v -1.068257 0.624012 -2.892120
v -0.991163 0.579503 -2.942035
v -0.991163 0.579503 -2.892120
v -0.914070 0.624012 -2.942035
v -0.914070 0.624012 -2.892120
v -0.914070 0.713032 -2.942035
v -0.914070 0.713032 -2.892120
v -0.991164 0.757544 2.799370
v -0.991164 0.757544 2.749454
v -1.068258 0.713034 2.799370
v -1.068258 0.713034 2.749454
v -1.068258 0.624014 2.799370
v -1.068258 0.624014 2.749454
v -0.991164 0.579504 2.799370
v -0.991164 0.579504 2.749454
v -0.914070 0.624014 2.799370
v -0.914070 0.624014 2.749454
v -0.914070 0.713034 2.799370
v -0.914070 0.713034 2.749454
v 1.134087 0.565848 -2.060410
v 1.134087 0.565848 -2.850212
v 1.126075 0.565848 -2.060410
v 1.126075 0.565848 -2.850212
v 1.134088 1.548816 -2.850212
v 1.126075 1.548816 -2.850212
v 1.134087 0.565848 1.917748
v 1.134087 0.565848 2.707550
v 1.126075 0.565848 1.917748
v 1.126075 0.565848 2.707550
v 1.134087 1.548816 2.707550
v 1.126075 1.548816 2.707550
v -1.032056 0.565848 -2.060410
v -1.032056 0.565848 -2.850212
v -1.024043 0.565848 -2.060410
v -1.024043 0.565848 -2.850212
v -1.032056 1.548816 -2.850212
v -1.024043 1.548816 -2.850212
v -1.032056 0.565848 1.917747
v -1.032056 0.565848 2.707550
v -1.024043 0.565848 1.917747
v -1.024043 0.565848 2.707550
v -1.032056 1.548816 2.707550
v -1.024043 1.548816 2.707550
v 1.134088 11.513052 -2.844730
v 1.134088 12.302855 -2.844730
v 1.126076 11.513052 -2.844730
v 1.126076 12.302855 -2.844730
v 1.134088 12.302855 -2.182616
v 1.126076 12.302855 -2.182616
v 1.134088 11.513054 2.702069
v 1.134088 12.302855 2.702069
v 1.126075 11.513054 2.702069
v 1.126076 12.302855 2.702069
v 1.134088 12.302855 2.039954
v 1.126076 12.302855 2.039954
v -1.032055 11.513052 -2.844730
v -1.032055 12.302855 -2.844730
v -1.024042 11.513052 -2.844730
v -1.024042 12.302855 -2.844730
v -1.032055 12.302855 -2.182616
v -1.024042 12.302855 -2.182616
v -1.032055 11.513054 2.702069
v -1.032055 12.302855 2.702069
v -1.024043 11.513054 2.702069
v -1.024042 12.302855 2.702069
v -1.032055 12.302855 2.039954
v -1.024042 12.302855 2.039954
v -1.089185 -0.050370 2.763732
v -1.089185 12.284029 2.763732
v -0.892452 12.284029 2.763732
v -0.892452 -0.050370 2.763732
v -1.034850 -0.050370 2.568782
v -1.034850 12.284029 2.568782
v -0.892452 -0.050370 2.711180
v -0.892452 12.284029 2.711180
v -1.034850 -0.050370 2.763732
v -1.034850 12.284029 2.763732
v -1.034850 12.284029 2.711180
v -1.034850 -0.050370 2.711180
v -1.089185 -0.050370 2.568782
v -1.089185 12.284029 2.568782
v -1.089185 -0.050370 2.711180
v -1.089185 12.284029 2.711180
v -1.089185 -0.050371 -2.906394
v -1.089185 12.284031 -2.906394
v -0.892452 12.284031 -2.906394
v -0.892452 -0.050371 -2.906394
v -1.034850 -0.050371 -2.711444
v -1.034850 12.284031 -2.711444
v -0.892452 -0.050371 -2.853842
v -0.892452 12.284031 -2.853842
v -1.034850 -0.050371 -2.906394
v -1.034850 12.284031 -2.906394
v -1.034850 12.284031 -2.853842
v -1.034850 -0.050371 -2.853842
v -1.089185 -0.050371 -2.711444
v -1.089185 12.284031 -2.711444
v -1.089185 -0.050371 -2.853842
v -1.089185 12.284031 -2.853842
v 1.191215 -0.050371 2.763732
v 1.191215 12.284031 2.763732
v 0.994482 12.284031 2.763732
v 0.994482 -0.050371 2.763732
v 1.136880 -0.050371 2.568782
v 1.136880 12.284031 2.568782
v 0.994482 -0.050371 2.711179
v 0.994482 12.284031 2.711179
v 1.136880 -0.050371 2.763732
v 1.136880 12.284031 2.763732
v 1.136880 12.284031 2.711179
v 1.136880 -0.050371 2.711179
v 1.191215 -0.050371 2.568782
v 1.191215 12.284031 2.568782
v 1.191215 -0.050371 2.711179
v 1.191215 12.284031 2.711179
v 1.191216 -0.050372 -2.906395
v 1.191216 12.284031 -2.906395
v 0.994483 12.284031 -2.906395
v 0.994483 -0.050372 -2.906395
v 1.136880 -0.050372 -2.711444
v 1.136880 12.284031 -2.711444
v 0.994483 -0.050372 -2.853842
v 0.994483 12.284031 -2.853842
v 1.136880 -0.050372 -2.906395
v 1.136880 12.284031 -2.906395
v 1.136880 12.284031 -2.853842
v 1.136880 -0.050372 -2.853842
v 1.191216 -0.050372 -2.711444
v 1.191216 12.284031 -2.711444
v 1.191216 -0.050372 -2.853842
v 1.191216 12.284031 -2.853842
vn -0.0000 -0.0000 -1.0000
vn 1.0000 -0.0000 -0.0000
vn -0.0000 -0.0000 1.0000
vn -1.0000 -0.0000 -0.0000
vn -0.0000 1.0000 -0.0000
vn -0.0000 -1.0000 -0.0000
vn -0.0000 0.8660 0.5000
vn -0.0000 -0.8660 0.5000
vn -0.0000 -0.8660 -0.5000
vn -0.0000 0.8660 -0.5000
vn 0.5000 0.8660 -0.0000
vn 0.5000 -0.8660 -0.0000
vn -0.5000 -0.8660 -0.0000
vn -0.5000 0.8660 -0.0000
vn -0.0000 -0.6263 -0.7795
vn -0.0000 -0.6263 0.7795
vn -0.0000 -0.6264 -0.7795
vn -0.0000 0.6424 -0.7663
vn -0.0000 0.6424 0.7663
vt 0.445122 0.610988
vt 0.440762 0.612909
vt 0.427624 0.582128
vt 0.430790 0.578472
vt 0.356093 0.572342
vt 0.352951 0.566493
vt 0.335590 0.612909
vt 0.328278 0.608890
vt 0.125700 0.554113
vt 0.130347 0.554566
vt 0.121595 0.644350
vt 0.116948 0.643897
vt 0.012751 0.586296
vt 0.022133 0.556649
vt 0.025313 0.557625
vt 0.016845 0.585206
vt 0.082063 0.654319
vt 0.114465 0.641884
vt 0.081295 0.657283
vt 0.009900 0.586902
vt 0.020859 0.554113
vt 0.122957 0.556369
vt 0.575469 0.692788
vt 0.575469 0.779310
vt 0.545201 0.779310
vt 0.545201 0.692788
vt 0.082691 0.650252
vt 0.111388 0.639613
vt 0.120246 0.556093
vt 0.567149 0.669228
vt 0.562789 0.671150
vt 0.549651 0.640369
vt 0.552817 0.636712
vt 0.478120 0.630582
vt 0.474978 0.624734
vt 0.457617 0.671150
vt 0.450305 0.667130
vt 0.615683 0.613809
vt 0.615230 0.618456
vt 0.525446 0.609704
vt 0.525899 0.605057
vt 0.583500 0.500860
vt 0.613147 0.510242
vt 0.612171 0.513422
vt 0.584590 0.504954
vt 0.515477 0.570171
vt 0.527912 0.602574
vt 0.512513 0.569404
vt 0.582894 0.498008
vt 0.615683 0.508968
vt 0.613427 0.611066
vt 0.624003 0.695561
vt 0.624003 0.782084
vt 0.593734 0.782084
vt 0.593734 0.695561
vt 0.519544 0.570800
vt 0.530183 0.599497
vt 0.613703 0.608355
vt 0.576492 0.639136
vt 0.580852 0.637214
vt 0.593990 0.667995
vt 0.590824 0.671652
vt 0.665521 0.677782
vt 0.668663 0.683630
vt 0.686024 0.637214
vt 0.693336 0.641233
vt 0.665603 0.154820
vt 0.665150 0.159467
vt 0.575366 0.150715
vt 0.575819 0.146068
vt 0.633420 0.041871
vt 0.663067 0.051253
vt 0.662091 0.054433
vt 0.634510 0.045965
vt 0.565398 0.111183
vt 0.577832 0.143585
vt 0.562433 0.110415
vt 0.632814 0.039020
vt 0.665603 0.049979
vt 0.663347 0.152077
vt 0.782084 0.197745
vt 0.782084 0.284268
vt 0.751815 0.284268
vt 0.751815 0.197745
vt 0.569464 0.111811
vt 0.580103 0.140508
vt 0.663623 0.149366
vt 0.668376 0.583254
vt 0.664016 0.585176
vt 0.650879 0.554395
vt 0.654044 0.550738
vt 0.579347 0.544608
vt 0.576205 0.538760
vt 0.558844 0.585176
vt 0.551532 0.581157
vt 0.665603 0.290714
vt 0.665150 0.295361
vt 0.575366 0.286609
vt 0.575819 0.281962
vt 0.633420 0.177765
vt 0.663067 0.187147
vt 0.662091 0.190327
vt 0.634510 0.181859
vt 0.565398 0.247077
vt 0.577832 0.279479
vt 0.562433 0.246309
vt 0.632814 0.174914
vt 0.665603 0.185873
vt 0.663347 0.287971
vt 0.327255 0.698334
vt 0.327255 0.784857
vt 0.296986 0.784857
vt 0.296986 0.698334
vt 0.569464 0.247705
vt 0.580103 0.276402
vt 0.663623 0.285260
vt 0.694188 0.426731
vt 0.696110 0.431092
vt 0.665329 0.444229
vt 0.661672 0.441063
vt 0.655542 0.515761
vt 0.649694 0.518903
vt 0.696110 0.536264
vt 0.692090 0.543576
vt 0.565206 0.362602
vt 0.565659 0.357955
vt 0.655443 0.366707
vt 0.654990 0.371354
vt 0.597389 0.475551
vt 0.567742 0.466169
vt 0.568718 0.462989
vt 0.596300 0.471456
vt 0.665412 0.406239
vt 0.652977 0.373837
vt 0.668376 0.407007
vt 0.597995 0.478402
vt 0.565206 0.467443
vt 0.567462 0.365345
vt 0.375788 0.701108
vt 0.375788 0.787630
vt 0.345520 0.787630
vt 0.345520 0.701108
vt 0.661345 0.405610
vt 0.650707 0.376913
vt 0.567186 0.368056
vt 0.388268 0.677548
vt 0.383908 0.679470
vt 0.370771 0.648689
vt 0.373937 0.645032
vt 0.299239 0.638902
vt 0.296097 0.633054
vt 0.278736 0.679470
vt 0.271424 0.675450
vt 0.260207 0.565206
vt 0.264855 0.565659
vt 0.256103 0.655443
vt 0.251455 0.654990
vt 0.147259 0.597389
vt 0.156640 0.567742
vt 0.159820 0.568718
vt 0.151353 0.596300
vt 0.216570 0.665412
vt 0.248973 0.652977
vt 0.215802 0.668376
vt 0.144407 0.597995
vt 0.155366 0.565206
vt 0.257464 0.567462
vt 0.038827 0.010544
vt 0.038827 0.097067
vt 0.008558 0.097067
vt 0.008558 0.010544
vt 0.217199 0.661345
vt 0.245896 0.650706
vt 0.254753 0.567186
vt 0.899254 0.233645
vt 0.917977 0.233645
vt 0.917977 0.243007
vt 0.899254 0.243007
vt 0.917977 0.252368
vt 0.899254 0.252368
vt 0.917977 0.261730
vt 0.899254 0.261730
vt 0.917977 0.271091
vt 0.899254 0.271091
vt 0.389655 0.250812
vt 0.389655 0.260174
vt 0.381548 0.264855
vt 0.373440 0.260174
vt 0.373440 0.250812
vt 0.381548 0.246131
vt 0.917977 0.280453
vt 0.899254 0.280453
vt 0.917977 0.289815
vt 0.899254 0.289815
vt 0.965124 0.730601
vt 0.965124 0.739963
vt 0.957017 0.744643
vt 0.948910 0.739963
vt 0.948910 0.730601
vt 0.957017 0.725920
vt 0.833390 0.868741
vt 0.833390 0.878103
vt 0.814667 0.878103
vt 0.814667 0.868741
vt 0.833390 0.887465
vt 0.814667 0.887464
vt 0.833390 0.896826
vt 0.814667 0.896826
vt 0.833390 0.906188
vt 0.814667 0.906188
vt 0.048746 0.966511
vt 0.040639 0.961830
vt 0.040639 0.952469
vt 0.048746 0.947788
vt 0.056854 0.952469
vt 0.056854 0.961830
vt 0.833390 0.915549
vt 0.814667 0.915549
vt 0.833390 0.924911
vt 0.814667 0.924911
vt 0.184640 0.567839
vt 0.192748 0.572520
vt 0.192748 0.581882
vt 0.184640 0.586563
vt 0.176533 0.581882
vt 0.176533 0.572520
vt 0.334188 0.882608
vt 0.334188 0.891970
vt 0.315465 0.891970
vt 0.315465 0.882608
vt 0.334188 0.901331
vt 0.315465 0.901331
vt 0.334188 0.910693
vt 0.315465 0.910693
vt 0.334188 0.920054
vt 0.315465 0.920054
vt 0.298135 0.576335
vt 0.290027 0.581016
vt 0.281920 0.576335
vt 0.281920 0.566974
vt 0.290027 0.562293
vt 0.298135 0.566974
vt 0.334188 0.929416
vt 0.315465 0.929416
vt 0.334188 0.938778
vt 0.315465 0.938778
vt 0.158081 0.372494
vt 0.149973 0.377175
vt 0.141866 0.372494
vt 0.141866 0.363133
vt 0.149973 0.358452
vt 0.158081 0.363133
vt 0.088051 0.843781
vt 0.106774 0.843781
vt 0.106774 0.853143
vt 0.088051 0.853143
vt 0.106774 0.862504
vt 0.088051 0.862504
vt 0.106774 0.871866
vt 0.088051 0.871866
vt 0.106774 0.881228
vt 0.088051 0.881228
vt 0.956804 0.569747
vt 0.956804 0.579108
vt 0.948697 0.583789
vt 0.940590 0.579108
vt 0.940590 0.569747
vt 0.948697 0.565066
vt 0.106774 0.890589
vt 0.088051 0.890589
vt 0.106774 0.899951
vt 0.088051 0.899951
vt 0.948697 0.958191
vt 0.940590 0.953510
vt 0.940590 0.944149
vt 0.948697 0.939468
vt 0.956804 0.944149
vt 0.956804 0.953510
vt 0.526936 0.911044
vt 0.508212 0.911044
vt 0.508213 0.901683
vt 0.526936 0.901683
vt 0.508213 0.892321
vt 0.526936 0.892321
vt 0.508213 0.882959
vt 0.526936 0.882959
vt 0.508213 0.873598
vt 0.526936 0.873598
vt 0.958404 0.764747
vt 0.966511 0.769428
vt 0.966511 0.778790
vt 0.958404 0.783470
vt 0.950296 0.778789
vt 0.950296 0.769428
vt 0.508213 0.864236
vt 0.526936 0.864236
vt 0.508213 0.854875
vt 0.526936 0.854875
vt 0.967898 0.087185
vt 0.967898 0.096546
vt 0.959790 0.101227
vt 0.951683 0.096546
vt 0.951683 0.087185
vt 0.959790 0.082504
vt 0.890934 0.431255
vt 0.890934 0.421894
vt 0.909657 0.421894
vt 0.909657 0.431255
vt 0.890934 0.412532
vt 0.909657 0.412532
vt 0.890934 0.403170
vt 0.909657 0.403170
vt 0.890934 0.393809
vt 0.909657 0.393809
vt 0.984538 0.358628
vt 0.976431 0.363308
vt 0.968323 0.358628
vt 0.968323 0.349266
vt 0.976431 0.344585
vt 0.984538 0.349266
vt 0.890934 0.384447
vt 0.909657 0.384447
vt 0.890934 0.375086
vt 0.909657 0.375086
vt 0.572696 0.972924
vt 0.564589 0.977605
vt 0.556481 0.972924
vt 0.556481 0.963562
vt 0.564589 0.958881
vt 0.572696 0.963562
vt 0.936694 0.443735
vt 0.936694 0.434374
vt 0.955418 0.434374
vt 0.955418 0.443735
vt 0.936694 0.425012
vt 0.955418 0.425012
vt 0.936694 0.415651
vt 0.955418 0.415651
vt 0.936694 0.406289
vt 0.955418 0.406289
vt 0.919364 0.957670
vt 0.911257 0.962351
vt 0.903150 0.957670
vt 0.903150 0.948309
vt 0.911257 0.943628
vt 0.919364 0.948309
vt 0.936694 0.396927
vt 0.955418 0.396927
vt 0.936694 0.387566
vt 0.955418 0.387566
vt 0.108586 0.225852
vt 0.116693 0.221171
vt 0.124801 0.225852
vt 0.124801 0.235214
vt 0.116693 0.239894
vt 0.108586 0.235214
vt 0.295361 0.940164
vt 0.276638 0.940164
vt 0.276638 0.930803
vt 0.295361 0.930803
vt 0.276638 0.921441
vt 0.295361 0.921441
vt 0.276638 0.912079
vt 0.295361 0.912079
vt 0.276638 0.902718
vt 0.295361 0.902718
vt 0.946136 0.899775
vt 0.954244 0.895094
vt 0.962351 0.899775
vt 0.962351 0.909137
vt 0.954244 0.913817
vt 0.946136 0.909137
vt 0.276638 0.893356
vt 0.295361 0.893356
vt 0.276638 0.883995
vt 0.295361 0.883995
vt 0.955630 0.605280
vt 0.963738 0.609961
vt 0.963738 0.619322
vt 0.955630 0.624003
vt 0.947523 0.619322
vt 0.947523 0.609960
vt 0.902028 0.558127
vt 0.920751 0.558127
vt 0.920751 0.567488
vt 0.902028 0.567488
vt 0.920751 0.576850
vt 0.902028 0.576850
vt 0.920751 0.586211
vt 0.902028 0.586211
vt 0.920751 0.595573
vt 0.902028 0.595573
vt 0.403735 0.969284
vt 0.395627 0.964604
vt 0.395627 0.955242
vt 0.403735 0.950561
vt 0.411842 0.955242
vt 0.411842 0.964604
vt 0.920751 0.604935
vt 0.902028 0.604935
vt 0.920751 0.614296
vt 0.902028 0.614296
vt 0.237546 0.962175
vt 0.245654 0.957495
vt 0.253761 0.962176
vt 0.253761 0.971537
vt 0.245654 0.976218
vt 0.237546 0.971537
vt 0.924911 0.870128
vt 0.924911 0.879490
vt 0.906188 0.879490
vt 0.906188 0.870128
vt 0.924911 0.888851
vt 0.906188 0.888851
vt 0.924911 0.898213
vt 0.906188 0.898213
vt 0.924911 0.907574
vt 0.906188 0.907574
vt 0.661656 0.009010
vt 0.669763 0.013691
vt 0.669763 0.023053
vt 0.661656 0.027733
vt 0.653548 0.023053
vt 0.653548 0.013691
vt 0.924911 0.916936
vt 0.906188 0.916936
vt 0.924911 0.926297
vt 0.906188 0.926297
vt 0.311040 0.960789
vt 0.319147 0.956108
vt 0.327255 0.960789
vt 0.327255 0.970150
vt 0.319147 0.974831
vt 0.311040 0.970150
vt 0.927684 0.634394
vt 0.927684 0.643755
vt 0.908961 0.643755
vt 0.908961 0.634394
vt 0.927684 0.653117
vt 0.908961 0.653117
vt 0.927684 0.662478
vt 0.908961 0.662478
vt 0.927684 0.671840
vt 0.908961 0.671840
vt 0.324694 0.376479
vt 0.332801 0.381159
vt 0.332801 0.390521
vt 0.324694 0.395202
vt 0.316587 0.390521
vt 0.316587 0.381159
vt 0.927684 0.681202
vt 0.908961 0.681202
vt 0.927684 0.690563
vt 0.908961 0.690563
vt 0.766830 0.956284
vt 0.758723 0.960964
vt 0.750615 0.956284
vt 0.750615 0.946922
vt 0.758723 0.942241
vt 0.766830 0.946922
vt 0.877068 0.157378
vt 0.895791 0.157378
vt 0.895791 0.166740
vt 0.877068 0.166740
vt 0.895791 0.176101
vt 0.877068 0.176101
vt 0.895791 0.185463
vt 0.877068 0.185463
vt 0.895791 0.194824
vt 0.877068 0.194824
vt 0.952857 0.856267
vt 0.960964 0.860948
vt 0.960964 0.870310
vt 0.952857 0.874991
vt 0.944750 0.870310
vt 0.944750 0.860948
vt 0.895791 0.204186
vt 0.877068 0.204186
vt 0.895791 0.213548
vt 0.877068 0.213548
vt 0.025173 0.114397
vt 0.033280 0.119078
vt 0.033280 0.128440
vt 0.025173 0.133121
vt 0.017065 0.128440
vt 0.017065 0.119078
vt 0.900641 0.452739
vt 0.919364 0.452739
vt 0.919364 0.462101
vt 0.900641 0.462101
vt 0.919364 0.471463
vt 0.900641 0.471463
vt 0.919364 0.480824
vt 0.900641 0.480824
vt 0.919364 0.490186
vt 0.900641 0.490186
vt 0.172160 0.972058
vt 0.164053 0.967377
vt 0.164053 0.958015
vt 0.172160 0.953335
vt 0.180268 0.958015
vt 0.180268 0.967377
vt 0.919364 0.499547
vt 0.900641 0.499547
vt 0.919364 0.508909
vt 0.900641 0.508909
vt 0.566188 0.318759
vt 0.574295 0.314078
vt 0.582403 0.318759
vt 0.582403 0.328121
vt 0.574295 0.332802
vt 0.566188 0.328121
vt 0.931844 0.085271
vt 0.931844 0.094633
vt 0.913121 0.094633
vt 0.913121 0.085271
vt 0.931844 0.103994
vt 0.913121 0.103994
vt 0.931844 0.113356
vt 0.913121 0.113356
vt 0.931844 0.122717
vt 0.913121 0.122717
vt 0.283094 0.957495
vt 0.291201 0.962175
vt 0.291201 0.971537
vt 0.283094 0.976218
vt 0.274987 0.971537
vt 0.274987 0.962175
vt 0.931844 0.132079
vt 0.913121 0.132079
vt 0.931844 0.141441
vt 0.913121 0.141441
vt 0.137281 0.970496
vt 0.137281 0.979857
vt 0.129173 0.984538
vt 0.121066 0.979857
vt 0.121066 0.970496
vt 0.129173 0.965815
vt 0.930458 0.785541
vt 0.930458 0.794903
vt 0.911734 0.794903
vt 0.911734 0.785541
vt 0.930458 0.804264
vt 0.911734 0.804264
vt 0.930458 0.813626
vt 0.911734 0.813626
vt 0.930458 0.822987
vt 0.911734 0.822987
vt 0.955630 0.662830
vt 0.947523 0.658149
vt 0.947523 0.648787
vt 0.955630 0.644107
vt 0.963738 0.648787
vt 0.963738 0.658149
vt 0.930458 0.832349
vt 0.911734 0.832349
vt 0.930458 0.841711
vt 0.911734 0.841711
vt 0.513069 0.327079
vt 0.513069 0.336441
vt 0.504962 0.341122
vt 0.496854 0.336441
vt 0.496854 0.327079
vt 0.504962 0.322398
vt 0.610826 0.853488
vt 0.629550 0.853488
vt 0.629550 0.862850
vt 0.610826 0.862850
vt 0.629550 0.872211
vt 0.610826 0.872211
vt 0.629550 0.881573
vt 0.610826 0.881573
vt 0.629550 0.890934
vt 0.610826 0.890934
vt 0.612909 0.254627
vt 0.604802 0.259308
vt 0.596695 0.254627
vt 0.596695 0.245265
vt 0.604802 0.240585
vt 0.612909 0.245265
vt 0.629550 0.900296
vt 0.610826 0.900296
vt 0.629550 0.909657
vt 0.610826 0.909657
vt 0.615896 0.410455
vt 0.607788 0.405774
vt 0.607788 0.396413
vt 0.615896 0.391732
vt 0.624003 0.396413
vt 0.624003 0.405774
vt 0.066560 0.895791
vt 0.047837 0.895791
vt 0.047837 0.886429
vt 0.066560 0.886429
vt 0.047837 0.877068
vt 0.066560 0.877068
vt 0.047837 0.867706
vt 0.066560 0.867706
vt 0.047837 0.858344
vt 0.066560 0.858344
vt 0.210774 0.224465
vt 0.210774 0.233827
vt 0.202667 0.238508
vt 0.194559 0.233827
vt 0.194559 0.224465
vt 0.202667 0.219785
vt 0.047837 0.848983
vt 0.066560 0.848983
vt 0.047837 0.839621
vt 0.066560 0.839621
vt 0.977817 0.066560
vt 0.969710 0.061879
vt 0.969710 0.052518
vt 0.977817 0.047837
vt 0.985925 0.052518
vt 0.985925 0.061879
vt 0.871521 0.807044
vt 0.871521 0.797682
vt 0.890244 0.797682
vt 0.890244 0.807044
vt 0.871521 0.788320
vt 0.890244 0.788320
vt 0.871521 0.778959
vt 0.890244 0.778959
vt 0.871521 0.769597
vt 0.890244 0.769597
vt 0.873817 0.605976
vt 0.865709 0.601295
vt 0.865709 0.591934
vt 0.873817 0.587253
vt 0.881924 0.591934
vt 0.881924 0.601295
vt 0.871521 0.760236
vt 0.890244 0.760236
vt 0.871521 0.750874
vt 0.890244 0.750874
vt 0.651736 0.343374
vt 0.643629 0.348055
vt 0.635522 0.343374
vt 0.635522 0.334012
vt 0.643629 0.329332
vt 0.651736 0.334013
vt 0.786244 0.834074
vt 0.786243 0.843436
vt 0.767520 0.843436
vt 0.767520 0.834074
vt 0.786243 0.852798
vt 0.767520 0.852798
vt 0.786243 0.862159
vt 0.767520 0.862159
vt 0.786243 0.871521
vt 0.767520 0.871521
vt 0.619843 0.313212
vt 0.619843 0.322574
vt 0.611735 0.327255
vt 0.603628 0.322574
vt 0.603628 0.313212
vt 0.611735 0.308532
vt 0.786243 0.880882
vt 0.767520 0.880882
vt 0.786243 0.890244
vt 0.767520 0.890244
vt 0.209600 0.956108
vt 0.217708 0.960789
vt 0.217708 0.970150
vt 0.209600 0.974831
vt 0.201493 0.970150
vt 0.201493 0.960789
vt 0.671840 0.841008
vt 0.690563 0.841008
vt 0.690563 0.850370
vt 0.671840 0.850370
vt 0.690563 0.859731
vt 0.671840 0.859731
vt 0.690563 0.869093
vt 0.671840 0.869093
vt 0.690563 0.878454
vt 0.671840 0.878454
vt 0.466347 0.694547
vt 0.474455 0.689867
vt 0.482562 0.694547
vt 0.482562 0.703909
vt 0.474455 0.708590
vt 0.466347 0.703909
vt 0.690563 0.887816
vt 0.671840 0.887816
vt 0.690563 0.897177
vt 0.671840 0.897177
vt 0.976431 0.324482
vt 0.968323 0.319801
vt 0.968323 0.310439
vt 0.976431 0.305758
vt 0.984538 0.310439
vt 0.984538 0.319801
vt 0.027733 0.893017
vt 0.009010 0.893017
vt 0.009010 0.883656
vt 0.027733 0.883656
vt 0.009010 0.874294
vt 0.027733 0.874294
vt 0.009010 0.864933
vt 0.027733 0.864933
vt 0.009010 0.855571
vt 0.027733 0.855571
vt 0.962351 0.691774
vt 0.962351 0.701136
vt 0.954244 0.705816
vt 0.946136 0.701136
vt 0.946136 0.691774
vt 0.954244 0.687093
vt 0.009010 0.846209
vt 0.027733 0.846209
vt 0.009010 0.836848
vt 0.027733 0.836848
vt 0.563415 0.174545
vt 0.571522 0.169864
vt 0.579629 0.174545
vt 0.579629 0.183907
vt 0.571522 0.188588
vt 0.563415 0.183907
vt 0.931148 0.065174
vt 0.931148 0.055812
vt 0.949871 0.055812
vt 0.949871 0.065174
vt 0.931148 0.046450
vt 0.949871 0.046450
vt 0.931148 0.037089
vt 0.949871 0.037089
vt 0.931148 0.027727
vt 0.949871 0.027727
vt 0.694723 0.956629
vt 0.694723 0.965990
vt 0.686616 0.970671
vt 0.678508 0.965990
vt 0.678508 0.956629
vt 0.686616 0.951948
vt 0.931148 0.018366
vt 0.949871 0.018366
vt 0.931148 0.009004
vt 0.949871 0.009004
vt 0.528535 0.970671
vt 0.520428 0.965990
vt 0.520428 0.956629
vt 0.528535 0.951948
vt 0.536642 0.956629
vt 0.536642 0.965990
vt 0.237811 0.938778
vt 0.237811 0.929416
vt 0.256535 0.929416
vt 0.256535 0.938778
vt 0.237811 0.920054
vt 0.256535 0.920054
vt 0.237811 0.910693
vt 0.256535 0.910693
vt 0.237811 0.901331
vt 0.256535 0.901331
vt 0.083200 0.977429
vt 0.083200 0.986790
vt 0.075093 0.991471
vt 0.066986 0.986790
vt 0.066986 0.977429
vt 0.075093 0.972748
vt 0.237811 0.891970
vt 0.256535 0.891970
vt 0.237811 0.882608
vt 0.256535 0.882608
vt 0.979204 0.534559
vt 0.987311 0.539240
vt 0.987311 0.548602
vt 0.979204 0.553282
vt 0.971096 0.548602
vt 0.971096 0.539240
vt 0.461762 0.942938
vt 0.443039 0.942938
vt 0.443039 0.933576
vt 0.461762 0.933576
vt 0.443039 0.924214
vt 0.461762 0.924214
vt 0.443039 0.914853
vt 0.461762 0.914853
vt 0.443039 0.905491
vt 0.461762 0.905491
vt 0.358187 0.958015
vt 0.366294 0.953335
vt 0.374402 0.958015
vt 0.374402 0.967377
vt 0.366294 0.972058
vt 0.358187 0.967377
vt 0.443039 0.896130
vt 0.461762 0.896130
vt 0.443039 0.886768
vt 0.461762 0.886768
vt 0.154133 0.230878
vt 0.162241 0.235559
vt 0.162241 0.244920
vt 0.154133 0.249601
vt 0.146026 0.244920
vt 0.146026 0.235559
vt 0.422935 0.933231
vt 0.404212 0.933231
vt 0.404212 0.923869
vt 0.422935 0.923869
vt 0.404212 0.914508
vt 0.422935 0.914508
vt 0.404212 0.905146
vt 0.422935 0.905146
vt 0.404212 0.895784
vt 0.422935 0.895784
vt 0.449282 0.966335
vt 0.449282 0.975697
vt 0.441175 0.980378
vt 0.433067 0.975697
vt 0.433067 0.966336
vt 0.441175 0.961655
vt 0.404212 0.886423
vt 0.422935 0.886423
vt 0.404212 0.877061
vt 0.422935 0.877061
vt 0.985925 0.013691
vt 0.985925 0.023053
vt 0.977817 0.027733
vt 0.969710 0.023053
vt 0.969710 0.013691
vt 0.977817 0.009010
vt 0.938081 0.217708
vt 0.938081 0.208346
vt 0.956804 0.208346
vt 0.956804 0.217708
vt 0.938081 0.198985
vt 0.956804 0.198985
vt 0.938081 0.189623
vt 0.956804 0.189623
vt 0.938081 0.180261
vt 0.956804 0.180261
vt 0.761709 0.923003
vt 0.761709 0.913642
vt 0.769816 0.908961
vt 0.777924 0.913642
vt 0.777924 0.923003
vt 0.769816 0.927684
vt 0.938081 0.170900
vt 0.956804 0.170900
vt 0.938081 0.161538
vt 0.956804 0.161538
vt 0.947310 0.479789
vt 0.939203 0.475108
vt 0.939203 0.465746
vt 0.947310 0.461066
vt 0.955418 0.465746
vt 0.955418 0.475108
vt 0.365385 0.934618
vt 0.365385 0.925256
vt 0.384108 0.925256
vt 0.384108 0.934618
vt 0.365385 0.915895
vt 0.384108 0.915895
vt 0.365385 0.906533
vt 0.384108 0.906533
vt 0.365385 0.897171
vt 0.384108 0.897171
vt 0.680856 0.920575
vt 0.680856 0.929937
vt 0.672749 0.934618
vt 0.664642 0.929937
vt 0.664642 0.920575
vt 0.672749 0.915894
vt 0.365385 0.887810
vt 0.384108 0.887810
vt 0.365385 0.878448
vt 0.384108 0.878448
vt 0.492482 0.928374
vt 0.500589 0.933055
vt 0.500589 0.942417
vt 0.492482 0.947098
vt 0.484374 0.942417
vt 0.484374 0.933055
vt 0.929071 0.765444
vt 0.910348 0.765444
vt 0.910348 0.756082
vt 0.929071 0.756082
vt 0.910348 0.746720
vt 0.929071 0.746720
vt 0.910348 0.737359
vt 0.929071 0.737359
vt 0.910348 0.727997
vt 0.929071 0.727997
vt 0.990085 0.923349
vt 0.990085 0.932710
vt 0.981977 0.937391
vt 0.973870 0.932710
vt 0.973870 0.923349
vt 0.981977 0.918668
vt 0.910348 0.718636
vt 0.929071 0.718636
vt 0.910348 0.709274
vt 0.929071 0.709274
vt 0.797550 0.972748
vt 0.805657 0.977429
vt 0.805657 0.986790
vt 0.797550 0.991471
vt 0.789442 0.986790
vt 0.789442 0.977429
vt 0.565763 0.934618
vt 0.547039 0.934618
vt 0.547039 0.925256
vt 0.565763 0.925256
vt 0.547039 0.915895
vt 0.565763 0.915895
vt 0.547039 0.906533
vt 0.565763 0.906533
vt 0.547039 0.897171
vt 0.565763 0.897171
vt 0.935043 0.529533
vt 0.943150 0.524852
vt 0.951258 0.529533
vt 0.951258 0.538895
vt 0.943150 0.543576
vt 0.935043 0.538895
vt 0.547039 0.887810
vt 0.565763 0.887810
vt 0.547039 0.878448
vt 0.565763 0.878448
vt 0.090346 0.951258
vt 0.082239 0.946577
vt 0.082239 0.937215
vt 0.090346 0.932534
vt 0.098454 0.937215
vt 0.098454 0.946577
vt 0.299521 0.514753
vt 0.299521 0.520002
vt 0.270227 0.520002
vt 0.270227 0.514753
vt 0.260866 0.520002
vt 0.260866 0.514753
vt 0.231572 0.520002
vt 0.231572 0.514753
vt 0.202278 0.520002
vt 0.202278 0.514753
vt 0.857830 0.218113
vt 0.862511 0.247030
vt 0.857830 0.275948
vt 0.848468 0.275948
vt 0.843787 0.247030
vt 0.848468 0.218113
vt 0.192916 0.520002
vt 0.192916 0.514753
vt 0.163622 0.520002
vt 0.163622 0.514753
vt 0.332105 0.836366
vt 0.336786 0.807449
vt 0.346147 0.807449
vt 0.350828 0.836366
vt 0.346147 0.865284
vt 0.336786 0.865284
vt 0.523469 0.388263
vt 0.523469 0.417557
vt 0.518220 0.417557
vt 0.518220 0.388263
vt 0.523469 0.426919
vt 0.518220 0.426919
vt 0.523469 0.456213
vt 0.518220 0.456213
vt 0.523469 0.485507
vt 0.518220 0.485507
vt 0.786709 0.301947
vt 0.795950 0.303443
vt 0.795950 0.332737
vt 0.786709 0.360535
vt 0.777468 0.359039
vt 0.777468 0.329745
vt 0.523469 0.494868
vt 0.518220 0.494868
vt 0.523469 0.524162
vt 0.518220 0.524162
vt 0.493656 0.548839
vt 0.493656 0.578133
vt 0.484414 0.579629
vt 0.475173 0.551831
vt 0.475173 0.522537
vt 0.484414 0.521041
vt 0.144907 0.510296
vt 0.115613 0.510296
vt 0.115613 0.505046
vt 0.144907 0.505046
vt 0.106252 0.510296
vt 0.106252 0.505046
vt 0.076958 0.510296
vt 0.076958 0.505046
vt 0.047664 0.510296
vt 0.047664 0.505046
vt 0.735803 0.859737
vt 0.726441 0.859737
vt 0.721760 0.830820
vt 0.726441 0.801902
vt 0.735803 0.801902
vt 0.740483 0.830820
vt 0.038302 0.510296
vt 0.038302 0.505046
vt 0.009008 0.510296
vt 0.009008 0.505046
vt 0.829921 0.549325
vt 0.834601 0.520407
vt 0.843963 0.520407
vt 0.848644 0.549325
vt 0.843963 0.578243
vt 0.834601 0.578243
vt 0.299521 0.491180
vt 0.299521 0.496429
vt 0.270227 0.496429
vt 0.270227 0.491180
vt 0.260866 0.496429
vt 0.260866 0.491180
vt 0.231571 0.496429
vt 0.231572 0.491180
vt 0.202277 0.496429
vt 0.202277 0.491180
vt 0.820735 0.335575
vt 0.816054 0.306657
vt 0.820735 0.277739
vt 0.830096 0.277739
vt 0.834777 0.306657
vt 0.830096 0.335575
vt 0.192916 0.496429
vt 0.192916 0.491180
vt 0.163622 0.496429
vt 0.163622 0.491180
vt 0.654510 0.232678
vt 0.654510 0.261972
vt 0.645268 0.263468
vt 0.636027 0.235670
vt 0.636027 0.206376
vt 0.645268 0.204880
vt 0.208001 0.936004
vt 0.189278 0.936004
vt 0.189278 0.926643
vt 0.208001 0.926643
vt 0.189278 0.917281
vt 0.208001 0.917281
vt 0.189278 0.907919
vt 0.208001 0.907919
vt 0.189278 0.898558
vt 0.208001 0.898558
vt 0.741870 0.774629
vt 0.733763 0.779310
vt 0.725655 0.774629
vt 0.725655 0.765268
vt 0.733763 0.760587
vt 0.741870 0.765268
vt 0.189278 0.889196
vt 0.208001 0.889196
vt 0.189278 0.879835
vt 0.208001 0.879835
vt 0.958404 0.803574
vt 0.966511 0.808255
vt 0.966511 0.817616
vt 0.958404 0.822297
vt 0.950296 0.817616
vt 0.950296 0.808255
vt 0.732163 0.881221
vt 0.732163 0.890583
vt 0.713440 0.890583
vt 0.713440 0.881221
vt 0.732163 0.899945
vt 0.713440 0.899945
vt 0.732163 0.909306
vt 0.713440 0.909306
vt 0.732163 0.918668
vt 0.713440 0.918668
vt 0.983151 0.508388
vt 0.975044 0.513069
vt 0.966936 0.508388
vt 0.966936 0.499027
vt 0.975044 0.494346
vt 0.983151 0.499027
vt 0.732163 0.928029
vt 0.713440 0.928029
vt 0.732163 0.937391
vt 0.713440 0.937391
vt 0.730777 0.959402
vt 0.730777 0.968764
vt 0.722669 0.973445
vt 0.714562 0.968764
vt 0.714562 0.959402
vt 0.722669 0.954721
vt 0.145601 0.890928
vt 0.145601 0.900290
vt 0.126877 0.900290
vt 0.126877 0.890928
vt 0.145601 0.909651
vt 0.126877 0.909651
vt 0.145601 0.919013
vt 0.126877 0.919013
vt 0.145601 0.928375
vt 0.126877 0.928375
vt 0.945924 0.268318
vt 0.954031 0.272999
vt 0.954031 0.282360
vt 0.945924 0.287041
vt 0.937816 0.282361
vt 0.937816 0.272999
vt 0.145601 0.937736
vt 0.126877 0.937736
vt 0.145601 0.947098
vt 0.126877 0.947098
vt 0.409281 0.631626
vt 0.417389 0.636307
vt 0.417389 0.645669
vt 0.409281 0.650350
vt 0.401174 0.645669
vt 0.401174 0.636307
vt 0.948484 0.366082
vt 0.929761 0.366082
vt 0.929761 0.356720
vt 0.948484 0.356720
vt 0.929761 0.347358
vt 0.948484 0.347358
vt 0.929761 0.337997
vt 0.948484 0.337997
vt 0.929761 0.328635
vt 0.948484 0.328635
vt 0.985925 0.967722
vt 0.985925 0.977084
vt 0.977817 0.981764
vt 0.969710 0.977084
vt 0.969710 0.967722
vt 0.977817 0.963041
vt 0.929761 0.319274
vt 0.948484 0.319274
vt 0.929761 0.309912
vt 0.948484 0.309912
vt 0.485335 0.967722
vt 0.485336 0.977084
vt 0.477228 0.981764
vt 0.469121 0.977084
vt 0.469121 0.967722
vt 0.477228 0.963041
vt 0.911044 0.065174
vt 0.892321 0.065174
vt 0.892321 0.055812
vt 0.911044 0.055812
vt 0.892321 0.046450
vt 0.911044 0.046450
vt 0.892321 0.037089
vt 0.911044 0.037089
vt 0.892321 0.027727
vt 0.911044 0.027727
vt 0.542614 0.485160
vt 0.550722 0.480479
vt 0.558829 0.485160
vt 0.558829 0.494521
vt 0.550722 0.499202
vt 0.542614 0.494521
vt 0.892321 0.018366
vt 0.911044 0.018366
vt 0.892321 0.009004
vt 0.911044 0.009004
vt 0.967898 0.135373
vt 0.959790 0.140054
vt 0.951683 0.135373
vt 0.951683 0.126012
vt 0.959790 0.121331
vt 0.967898 0.126012
vt 0.318929 0.524162
vt 0.318929 0.518913
vt 0.348223 0.518913
vt 0.348223 0.524162
vt 0.357585 0.518913
vt 0.357585 0.524162
vt 0.386879 0.518913
vt 0.386879 0.524162
vt 0.416173 0.518913
vt 0.416173 0.524162
vt 0.772842 0.652775
vt 0.782084 0.680573
vt 0.782084 0.709867
vt 0.772842 0.711363
vt 0.763601 0.683565
vt 0.763601 0.654271
vt 0.425535 0.518913
vt 0.425535 0.524162
vt 0.454829 0.518913
vt 0.454829 0.524162
vt 0.867361 0.858553
vt 0.872042 0.829635
vt 0.881403 0.829635
vt 0.886084 0.858553
vt 0.881403 0.887471
vt 0.872042 0.887471
vt 0.520002 0.166395
vt 0.520002 0.195689
vt 0.514753 0.195689
vt 0.514753 0.166395
vt 0.520002 0.205051
vt 0.514753 0.205051
vt 0.520002 0.234345
vt 0.514753 0.234345
vt 0.520002 0.263639
vt 0.514753 0.263639
vt 0.780241 0.489257
vt 0.789482 0.487761
vt 0.798724 0.515559
vt 0.798724 0.544853
vt 0.789482 0.546349
vt 0.780241 0.518551
vt 0.520002 0.273001
vt 0.514753 0.273001
vt 0.520002 0.302295
vt 0.514753 0.302295
vt 0.488109 0.836366
vt 0.483428 0.865284
vt 0.474066 0.865284
vt 0.469386 0.836366
vt 0.474066 0.807449
vt 0.483428 0.807449
vt 0.454135 0.500588
vt 0.424841 0.500588
vt 0.424841 0.495339
vt 0.454135 0.495338
vt 0.415480 0.500588
vt 0.415480 0.495339
vt 0.386186 0.500588
vt 0.386186 0.495339
vt 0.356892 0.500589
vt 0.356892 0.495339
vt 0.845350 0.851417
vt 0.835988 0.851417
vt 0.831307 0.822500
vt 0.835988 0.793582
vt 0.845350 0.793582
vt 0.850031 0.822500
vt 0.347530 0.500589
vt 0.347530 0.495339
vt 0.318236 0.500589
vt 0.318236 0.495340
vt 0.674854 0.342225
vt 0.684095 0.314427
vt 0.693336 0.315923
vt 0.693336 0.345217
vt 0.684095 0.373015
vt 0.674854 0.371519
vt 0.299521 0.467606
vt 0.299521 0.472856
vt 0.270227 0.472855
vt 0.270227 0.467606
vt 0.260866 0.472855
vt 0.260866 0.467606
vt 0.231571 0.472855
vt 0.231572 0.467606
vt 0.202277 0.472855
vt 0.202277 0.467606
vt 0.688721 0.188478
vt 0.688721 0.159184
vt 0.697962 0.131386
vt 0.707203 0.132882
vt 0.707203 0.162176
vt 0.697962 0.189974
vt 0.192916 0.472855
vt 0.192916 0.467606
vt 0.163622 0.472855
vt 0.163622 0.467605
vt 0.587949 0.414332
vt 0.587949 0.443626
vt 0.578708 0.445122
vt 0.569467 0.417324
vt 0.569467 0.388030
vt 0.578708 0.386534
vt 0.494646 0.364689
vt 0.499896 0.364689
vt 0.499896 0.393984
vt 0.494646 0.393984
vt 0.499896 0.403345
vt 0.494646 0.403345
vt 0.499896 0.432639
vt 0.494646 0.432639
vt 0.499896 0.461933
vt 0.494646 0.461933
vt 0.229667 0.804675
vt 0.234348 0.833593
vt 0.229667 0.862511
vt 0.220305 0.862511
vt 0.215625 0.833593
vt 0.220305 0.804675
vt 0.499896 0.471295
vt 0.494646 0.471295
vt 0.499896 0.500589
vt 0.494646 0.500589
vt 0.755281 0.437906
vt 0.764522 0.410107
vt 0.773764 0.411603
vt 0.773764 0.440897
vt 0.764522 0.468695
vt 0.755281 0.467200
vt 0.496429 0.164315
vt 0.496429 0.193609
vt 0.491180 0.193609
vt 0.491180 0.164315
vt 0.496429 0.202971
vt 0.491180 0.202971
vt 0.496429 0.232265
vt 0.491180 0.232265
vt 0.496429 0.261559
vt 0.491180 0.261559
vt 0.873428 0.509314
vt 0.882790 0.509314
vt 0.887471 0.538232
vt 0.882790 0.567149
vt 0.873428 0.567149
vt 0.868748 0.538232
vt 0.496429 0.270921
vt 0.491180 0.270921
vt 0.496429 0.300215
vt 0.491180 0.300215
vt 0.212161 0.773699
vt 0.202920 0.801497
vt 0.193678 0.800001
vt 0.193678 0.770707
vt 0.202920 0.742909
vt 0.212161 0.744405
vt 0.279409 0.444033
vt 0.308703 0.444033
vt 0.308703 0.449282
vt 0.279409 0.449282
vt 0.318064 0.444033
vt 0.318064 0.449282
vt 0.347359 0.444033
vt 0.347359 0.449282
vt 0.376653 0.444033
vt 0.376653 0.449282
vt 0.832870 0.500589
vt 0.823508 0.500589
vt 0.818827 0.471671
vt 0.823508 0.442754
vt 0.832870 0.442754
vt 0.837550 0.471671
vt 0.386014 0.444033
vt 0.386014 0.449282
vt 0.415309 0.444033
vt 0.415309 0.449282
vt 0.641574 0.729325
vt 0.641574 0.700031
vt 0.650815 0.698535
vt 0.660056 0.726334
vt 0.660056 0.755628
vt 0.650815 0.757123
vt 0.520002 0.144907
vt 0.514753 0.144907
vt 0.514753 0.115613
vt 0.520002 0.115613
vt 0.514753 0.106252
vt 0.520002 0.106252
vt 0.514753 0.076958
vt 0.520002 0.076958
vt 0.514753 0.047664
vt 0.520002 0.047663
vt 0.806868 0.145601
vt 0.802187 0.116683
vt 0.806868 0.087765
vt 0.816230 0.087765
vt 0.820910 0.116683
vt 0.816230 0.145601
vt 0.514753 0.038302
vt 0.520002 0.038302
vt 0.514753 0.009008
vt 0.520002 0.009008
vt 0.660056 0.805859
vt 0.655376 0.834777
vt 0.646014 0.834777
vt 0.641333 0.805859
vt 0.646014 0.776942
vt 0.655376 0.776942
vt 0.009008 0.486722
vt 0.009008 0.481473
vt 0.038302 0.481473
vt 0.038302 0.486722
vt 0.047663 0.481473
vt 0.047663 0.486722
vt 0.076958 0.481473
vt 0.076958 0.486722
vt 0.106252 0.481473
vt 0.106252 0.486722
vt 0.812590 0.367230
vt 0.812590 0.396524
vt 0.803349 0.424322
vt 0.794108 0.422826
vt 0.794108 0.393532
vt 0.803349 0.365734
vt 0.115613 0.481473
vt 0.115613 0.486722
vt 0.144907 0.481473
vt 0.144907 0.486722
vt 0.713681 0.598760
vt 0.722922 0.570961
vt 0.732163 0.572457
vt 0.732163 0.601751
vt 0.722922 0.629550
vt 0.713681 0.628054
vt 0.476322 0.341116
vt 0.476322 0.370410
vt 0.471073 0.370410
vt 0.471073 0.341116
vt 0.476322 0.379772
vt 0.471073 0.379772
vt 0.476322 0.409066
vt 0.471073 0.409066
vt 0.476322 0.438360
vt 0.471073 0.438360
vt 0.799654 0.200829
vt 0.808896 0.199333
vt 0.818137 0.227131
vt 0.818137 0.256425
vt 0.808896 0.257921
vt 0.799654 0.230123
vt 0.476322 0.447721
vt 0.471073 0.447721
vt 0.476322 0.477016
vt 0.471073 0.477016
vt 0.177494 0.841913
vt 0.172813 0.870831
vt 0.163452 0.870831
vt 0.158771 0.841913
vt 0.163452 0.812995
vt 0.172813 0.812995
vt 0.444033 0.284961
vt 0.444033 0.255667
vt 0.449282 0.255667
vt 0.449282 0.284961
vt 0.444033 0.246306
vt 0.449282 0.246306
vt 0.444033 0.217011
vt 0.449282 0.217011
vt 0.444033 0.187717
vt 0.449282 0.187717
vt 0.846736 0.411842
vt 0.837375 0.411842
vt 0.832694 0.382924
vt 0.837375 0.354006
vt 0.846736 0.354006
vt 0.851417 0.382924
vt 0.444033 0.178356
vt 0.449282 0.178356
vt 0.444033 0.149061
vt 0.449282 0.149061
vt 0.066104 0.579346
vt 0.075346 0.551548
vt 0.084587 0.553044
vt 0.084587 0.582338
vt 0.075346 0.610136
vt 0.066105 0.608640
vt 0.420459 0.161541
vt 0.425709 0.161541
vt 0.425709 0.190835
vt 0.420459 0.190835
vt 0.425709 0.200197
vt 0.420459 0.200197
vt 0.425709 0.229491
vt 0.420459 0.229491
vt 0.425709 0.258785
vt 0.420459 0.258786
vt 0.837375 0.655896
vt 0.832694 0.626979
vt 0.837375 0.598061
vt 0.846736 0.598061
vt 0.851417 0.626979
vt 0.846736 0.655896
vt 0.425709 0.268147
vt 0.420459 0.268147
vt 0.425709 0.297441
vt 0.420459 0.297441
vt 0.820910 0.683832
vt 0.816230 0.712750
vt 0.806868 0.712750
vt 0.802187 0.683832
vt 0.806868 0.654915
vt 0.816230 0.654915
vt 0.319623 0.547736
vt 0.319623 0.542486
vt 0.348917 0.542486
vt 0.348917 0.547736
vt 0.358279 0.542486
vt 0.358279 0.547736
vt 0.387573 0.542486
vt 0.387573 0.547736
vt 0.416867 0.542486
vt 0.416867 0.547736
vt 0.027733 0.758271
vt 0.027733 0.787566
vt 0.018492 0.815364
vt 0.009251 0.813868
vt 0.009251 0.784574
vt 0.018492 0.756776
vt 0.426228 0.542486
vt 0.426228 0.547736
vt 0.455522 0.542486
vt 0.455522 0.547736
vt 0.865974 0.324684
vt 0.870655 0.295766
vt 0.880017 0.295766
vt 0.884697 0.324684
vt 0.880017 0.353602
vt 0.870655 0.353602
vt 0.547736 0.321703
vt 0.547736 0.350997
vt 0.542486 0.350997
vt 0.542486 0.321703
vt 0.547736 0.360359
vt 0.542486 0.360359
vt 0.547736 0.389653
vt 0.542486 0.389653
vt 0.547736 0.418947
vt 0.542486 0.418947
vt 0.808896 0.009359
vt 0.818137 0.010855
vt 0.818137 0.040149
vt 0.808896 0.067947
vt 0.799654 0.066451
vt 0.799654 0.037157
vt 0.547736 0.428308
vt 0.542486 0.428308
vt 0.547736 0.457602
vt 0.542486 0.457602
vt 0.271788 0.833593
vt 0.267107 0.862511
vt 0.257745 0.862511
vt 0.253065 0.833593
vt 0.257745 0.804675
vt 0.267107 0.804675
vt 0.144907 0.463149
vt 0.115613 0.463149
vt 0.115613 0.457900
vt 0.144907 0.457900
vt 0.106252 0.463149
vt 0.106252 0.457900
vt 0.076957 0.463149
vt 0.076957 0.457900
vt 0.047663 0.463149
vt 0.047663 0.457900
vt 0.345747 0.278721
vt 0.336506 0.277225
vt 0.336506 0.247931
vt 0.345747 0.220133
vt 0.354988 0.221629
vt 0.354988 0.250923
vt 0.038302 0.463149
vt 0.038302 0.457900
vt 0.009007 0.463149
vt 0.009007 0.457900
vt 0.835467 0.732366
vt 0.840148 0.703448
vt 0.849510 0.703448
vt 0.854191 0.732366
vt 0.849510 0.761283
vt 0.840148 0.761283
vt 0.452749 0.453442
vt 0.447500 0.453442
vt 0.447500 0.424148
vt 0.452749 0.424148
vt 0.447500 0.414786
vt 0.452749 0.414786
vt 0.447500 0.385492
vt 0.452749 0.385492
vt 0.447500 0.356198
vt 0.452749 0.356198
vt 0.395026 0.856964
vt 0.390345 0.828046
vt 0.395026 0.799129
vt 0.404388 0.799129
vt 0.409069 0.828046
vt 0.404388 0.856964
vt 0.447500 0.346836
vt 0.452749 0.346836
vt 0.447500 0.317542
vt 0.452749 0.317542
vt 0.449282 0.828046
vt 0.444601 0.856964
vt 0.435240 0.856964
vt 0.430559 0.828046
vt 0.435240 0.799129
vt 0.444601 0.799129
vt 0.164316 0.544963
vt 0.164316 0.539713
vt 0.193610 0.539713
vt 0.193610 0.544963
vt 0.202971 0.539713
vt 0.202971 0.544963
vt 0.232265 0.539713
vt 0.232265 0.544962
vt 0.261559 0.539713
vt 0.261559 0.544962
vt 0.779310 0.010855
vt 0.779310 0.040149
vt 0.770069 0.067947
vt 0.760828 0.066451
vt 0.760828 0.037157
vt 0.770069 0.009359
vt 0.270921 0.539713
vt 0.270921 0.544962
vt 0.300215 0.539713
vt 0.300215 0.544962
vt 0.868747 0.669966
vt 0.873428 0.641048
vt 0.882790 0.641048
vt 0.887471 0.669966
vt 0.882790 0.698883
vt 0.873428 0.698883
vt 0.009008 0.528620
vt 0.038302 0.528620
vt 0.038302 0.533869
vt 0.009008 0.533869
vt 0.047664 0.528620
vt 0.047664 0.533869
vt 0.076958 0.528620
vt 0.076958 0.533869
vt 0.106252 0.528620
vt 0.106252 0.533869
vt 0.636948 0.068986
vt 0.646190 0.070482
vt 0.646190 0.099776
vt 0.636948 0.127574
vt 0.627707 0.126078
vt 0.627707 0.096784
vt 0.115613 0.528620
vt 0.115613 0.533869
vt 0.144907 0.528620
vt 0.144907 0.533869
vt 0.881924 0.108363
vt 0.877243 0.137281
vt 0.867882 0.137281
vt 0.863201 0.108363
vt 0.867882 0.079445
vt 0.877243 0.079445
vt 0.170165 0.212161
vt 0.170165 0.182867
vt 0.175414 0.182867
vt 0.175414 0.212161
vt 0.170165 0.173505
vt 0.175414 0.173505
vt 0.170165 0.144211
vt 0.175414 0.144211
vt 0.170165 0.114916
vt 0.175414 0.114916
vt 0.573161 0.067947
vt 0.563920 0.066451
vt 0.563920 0.037157
vt 0.573161 0.009359
vt 0.582403 0.010855
vt 0.582403 0.040149
vt 0.170165 0.105554
vt 0.175414 0.105554
vt 0.170165 0.076260
vt 0.175414 0.076260
vt 0.829921 0.169377
vt 0.834601 0.140459
vt 0.843963 0.140459
vt 0.848644 0.169377
vt 0.843963 0.198294
vt 0.834602 0.198294
vt 0.151841 0.211468
vt 0.146592 0.211468
vt 0.146592 0.182173
vt 0.151841 0.182173
vt 0.146592 0.172811
vt 0.151841 0.172812
vt 0.146592 0.143517
vt 0.151841 0.143517
vt 0.146592 0.114223
vt 0.151841 0.114223
vt 0.211705 0.619734
vt 0.211705 0.590440
vt 0.220946 0.562641
vt 0.230188 0.564137
vt 0.230188 0.593431
vt 0.220946 0.621229
vt 0.146592 0.104861
vt 0.151841 0.104861
vt 0.146592 0.075567
vt 0.151841 0.075567
vt 0.856964 0.037643
vt 0.852283 0.066560
vt 0.842922 0.066560
vt 0.838241 0.037643
vt 0.842922 0.008725
vt 0.852283 0.008725
vt 0.491180 0.009008
vt 0.496429 0.009008
vt 0.496429 0.038302
vt 0.491179 0.038302
vt 0.496429 0.047663
vt 0.491180 0.047663
vt 0.496429 0.076958
vt 0.491180 0.076958
vt 0.496429 0.106252
vt 0.491180 0.106252
vt 0.065174 0.761045
vt 0.065174 0.790339
vt 0.055932 0.818137
vt 0.046691 0.816641
vt 0.046691 0.787347
vt 0.055932 0.759549
vt 0.496429 0.115613
vt 0.491180 0.115613
vt 0.496429 0.144907
vt 0.491180 0.144907
vt 0.857654 0.459191
vt 0.862335 0.430274
vt 0.871696 0.430274
vt 0.876377 0.459191
vt 0.871696 0.488109
vt 0.862335 0.488109
vt 0.472855 0.131035
vt 0.472855 0.160329
vt 0.467606 0.160329
vt 0.467606 0.131035
vt 0.472855 0.169690
vt 0.467606 0.169690
vt 0.472855 0.198985
vt 0.467606 0.198985
vt 0.472856 0.228279
vt 0.467606 0.228279
vt 0.693802 0.762322
vt 0.703043 0.763818
vt 0.703043 0.793112
vt 0.693802 0.820910
vt 0.684561 0.819414
vt 0.684561 0.790120
vt 0.472856 0.237640
vt 0.467606 0.237640
vt 0.472856 0.266935
vt 0.467606 0.266935
vt 0.312001 0.833593
vt 0.307321 0.862511
vt 0.297959 0.862511
vt 0.293278 0.833593
vt 0.297959 0.804675
vt 0.307321 0.804675
vt 0.538326 0.144907
vt 0.538326 0.115613
vt 0.543575 0.115613
vt 0.543576 0.144907
vt 0.538326 0.106252
vt 0.543575 0.106252
vt 0.538326 0.076958
vt 0.543575 0.076958
vt 0.538325 0.047664
vt 0.543575 0.047664
vt 0.554148 0.856964
vt 0.544787 0.856964
vt 0.540106 0.828046
vt 0.544787 0.799128
vt 0.554148 0.799128
vt 0.558829 0.828046
vt 0.538325 0.038303
vt 0.543575 0.038303
vt 0.538325 0.009008
vt 0.543574 0.009008
vt 0.577546 0.830820
vt 0.582227 0.801902
vt 0.591589 0.801902
vt 0.596269 0.830820
vt 0.591589 0.859737
vt 0.582227 0.859737
vt 0.543574 0.302988
vt 0.538325 0.302988
vt 0.538325 0.273694
vt 0.543575 0.273694
vt 0.538326 0.264333
vt 0.543575 0.264333
vt 0.538326 0.235039
vt 0.543575 0.235039
vt 0.538326 0.205745
vt 0.543575 0.205745
vt 0.128785 0.823684
vt 0.124104 0.794766
vt 0.128785 0.765848
vt 0.138147 0.765848
vt 0.142827 0.794766
vt 0.138147 0.823684
vt 0.538326 0.196383
vt 0.543576 0.196383
vt 0.538326 0.167089
vt 0.543576 0.167089
vt 0.104000 0.794766
vt 0.099320 0.823684
vt 0.089958 0.823684
vt 0.085277 0.794766
vt 0.089958 0.765848
vt 0.099320 0.765848
vt 0.678520 0.207488
vt 0.732163 0.207488
vt 0.732163 0.261131
vt 0.678520 0.261131
vt 0.025089 0.431172
vt 0.008777 0.356609
vt 0.106672 0.356609
vt 0.079875 0.396788
vt 0.142827 0.403420
vt 0.096016 0.439575
vt 0.732163 0.314775
vt 0.688227 0.743257
vt 0.688227 0.689613
vt 0.741870 0.689613
vt 0.741870 0.743257
vt 0.177623 0.365012
vt 0.232409 0.399396
vt 0.259206 0.439575
vt 0.161311 0.439575
vt 0.248550 0.356609
vt 0.295361 0.392764
vt 0.741870 0.635970
vt 0.740483 0.009194
vt 0.740483 0.062837
vt 0.686840 0.062837
vt 0.686840 0.009194
vt 0.354612 0.412863
vt 0.388996 0.358077
vt 0.429175 0.331280
vt 0.429175 0.429175
vt 0.346209 0.341936
vt 0.382364 0.295125
vt 0.686840 0.116481
vt 0.062400 0.737710
vt 0.008757 0.737710
vt 0.008757 0.684067
vt 0.062400 0.684066
vt 0.396212 0.025089
vt 0.470775 0.008777
vt 0.470775 0.106672
vt 0.430596 0.079875
vt 0.423964 0.142827
vt 0.387809 0.096016
vt 0.008754 0.630423
vt 0.759897 0.389058
vt 0.716795 0.389058
vt 0.716795 0.335414
vt 0.759897 0.335414
vt 0.758947 0.572805
vt 0.812590 0.572805
vt 0.812590 0.635096
vt 0.758947 0.635096
vt 0.480578 0.787630
vt 0.480578 0.733987
vt 0.525549 0.733987
vt 0.525549 0.787630
vt 0.716795 0.434029
vt 0.525549 0.690885
vt 0.759897 0.499639
vt 0.759897 0.553282
vt 0.716795 0.553282
vt 0.716795 0.499639
vt 0.760334 0.815364
vt 0.760334 0.753073
vt 0.813977 0.753073
vt 0.813977 0.815364
vt 0.275948 0.784857
vt 0.230977 0.784857
vt 0.230977 0.731213
vt 0.275948 0.731213
vt 0.716795 0.454668
vt 0.230977 0.688112
vt 0.272735 0.285361
vt 0.251682 0.236022
vt 0.291325 0.219107
vt 0.312379 0.268446
vt 0.330028 0.309809
vt 0.308976 0.359148
vt 0.251682 0.334702
vt 0.457602 0.779310
vt 0.412630 0.779308
vt 0.412632 0.725665
vt 0.457602 0.725665
vt 0.412632 0.682563
vt 0.153495 0.703140
vt 0.166185 0.664444
vt 0.210774 0.710202
vt 0.174009 0.746030
vt 0.101445 0.746030
vt 0.101445 0.683539
vt 0.782084 0.090453
vt 0.782084 0.144098
vt 0.737113 0.144098
vt 0.737113 0.090453
vt 0.737113 0.187201
vt 0.074965 0.338348
vt 0.074965 0.268147
vt 0.087919 0.268147
vt 0.087919 0.338348
vt 0.123019 0.268147
vt 0.123019 0.338348
vt 0.021753 0.928637
vt 0.008799 0.928637
vt 0.008799 0.915244
vt 0.021753 0.915244
vt 0.074965 0.233047
vt 0.039864 0.233047
vt 0.039864 0.219653
vt 0.074965 0.219653
vt 0.021753 0.963738
vt 0.008799 0.963738
vt 0.184467 0.268147
vt 0.197861 0.268147
vt 0.197861 0.338348
vt 0.184467 0.338348
vt 0.087919 0.233047
vt 0.087919 0.219653
vt 0.056854 0.928637
vt 0.056854 0.915244
vt 0.136413 0.268147
vt 0.136413 0.338348
vt 0.039864 0.338348
vt 0.039864 0.268147
vt 0.232961 0.338348
vt 0.232961 0.268147
vt 0.149367 0.338348
vt 0.149367 0.268147
vt 0.283440 0.166660
vt 0.283440 0.153706
vt 0.353641 0.153706
vt 0.353641 0.166660
vt 0.283440 0.118606
vt 0.353641 0.118606
vt 0.624916 0.943891
vt 0.624916 0.930497
vt 0.637870 0.930497
vt 0.637870 0.943891
vt 0.388742 0.166660
vt 0.402135 0.166660
vt 0.402135 0.201761
vt 0.388742 0.201761
vt 0.624916 0.978991
vt 0.637870 0.978991
vt 0.353641 0.057158
vt 0.283440 0.057158
vt 0.283440 0.043765
vt 0.353641 0.043765
vt 0.388742 0.153706
vt 0.402135 0.153706
vt 0.589815 0.943891
vt 0.589815 0.930497
vt 0.283440 0.105212
vt 0.353641 0.105212
vt 0.283440 0.201761
vt 0.353641 0.201761
vt 0.283440 0.008664
vt 0.353641 0.008664
vt 0.283440 0.092259
vt 0.353641 0.092259
vt 0.264854 0.043764
vt 0.264855 0.056718
vt 0.194653 0.056718
vt 0.194653 0.043764
vt 0.264854 0.091819
vt 0.194653 0.091819
vt 0.972970 0.250554
vt 0.972970 0.237161
vt 0.985924 0.237161
vt 0.985924 0.250554
vt 0.159553 0.043764
vt 0.146159 0.043765
vt 0.146159 0.008664
vt 0.159553 0.008664
vt 0.972970 0.285655
vt 0.985924 0.285655
vt 0.194653 0.153267
vt 0.264854 0.153267
vt 0.264855 0.166660
vt 0.194653 0.166660
vt 0.159553 0.056718
vt 0.146159 0.056718
vt 0.937870 0.250554
vt 0.937870 0.237161
vt 0.264855 0.105212
vt 0.194653 0.105212
vt 0.264854 0.008664
vt 0.194653 0.008664
vt 0.264854 0.201761
vt 0.194653 0.201761
vt 0.264855 0.118166
vt 0.194653 0.118166
vt 0.127574 0.166660
vt 0.057373 0.166660
vt 0.057373 0.153706
vt 0.127574 0.153706
vt 0.057373 0.118606
vt 0.127574 0.118606
vt 0.853717 0.943411
vt 0.866671 0.943411
vt 0.866671 0.956804
vt 0.853717 0.956804
vt 0.022272 0.166660
vt 0.022272 0.201761
vt 0.008879 0.201760
vt 0.008879 0.166660
vt 0.853716 0.908310
vt 0.866670 0.908310
vt 0.057373 0.057157
vt 0.057373 0.043764
vt 0.127574 0.043764
vt 0.127574 0.057158
vt 0.022272 0.153706
vt 0.008879 0.153706
vt 0.818616 0.943411
vt 0.818616 0.956804
vt 0.057373 0.105212
vt 0.127574 0.105212
vt 0.127574 0.201761
vt 0.057373 0.201761
vt 0.127574 0.008664
vt 0.057373 0.008664
vt 0.127574 0.092258
vt 0.057373 0.092258
s 0
usemtl Материал
f 10/1/1 2/2/1 4/3/1 9/4/1
f 9/4/2 4/3/2 8/5/2 11/6/2
f 11/6/3 8/5/3 6/7/3 12/8/3
f 12/9/4 6/10/4 2/11/4 10/12/4
f 7/13/1 5/14/1 16/15/1 15/16/1
f 8/5/5 4/3/5 2/2/5 6/7/5
f 3/17/6 1/18/6 10/12/6 9/19/6
f 7/13/6 3/17/6 9/19/6 11/20/6
f 5/14/6 7/13/6 11/20/6 12/21/6
f 1/18/6 5/22/6 12/9/6 10/12/6
f 13/23/6 15/24/6 16/25/6 14/26/6
f 1/18/3 3/17/3 13/27/3 14/28/3
f 5/22/2 1/18/2 14/28/2 16/29/2
f 3/17/4 7/13/4 15/16/4 13/27/4
f 26/30/1 18/31/1 20/32/1 25/33/1
f 25/33/2 20/32/2 24/34/2 27/35/2
f 27/35/3 24/34/3 22/36/3 28/37/3
f 28/38/4 22/39/4 18/40/4 26/41/4
f 23/42/1 21/43/1 32/44/1 31/45/1
f 24/34/5 20/32/5 18/31/5 22/36/5
f 19/46/6 17/47/6 26/41/6 25/48/6
f 23/42/6 19/46/6 25/48/6 27/49/6
f 21/43/6 23/42/6 27/49/6 28/50/6
f 17/47/6 21/51/6 28/38/6 26/41/6
f 29/52/6 31/53/6 32/54/6 30/55/6
f 17/47/3 19/46/3 29/56/3 30/57/3
f 21/51/2 17/47/2 30/57/2 32/58/2
f 19/46/4 23/42/4 31/45/4 29/56/4
f 42/59/1 34/60/1 36/61/1 41/62/1
f 41/62/2 36/61/2 40/63/2 43/64/2
f 43/64/3 40/63/3 38/65/3 44/66/3
f 44/67/4 38/68/4 34/69/4 42/70/4
f 39/71/1 37/72/1 48/73/1 47/74/1
f 40/63/5 36/61/5 34/60/5 38/65/5
f 35/75/6 33/76/6 42/70/6 41/77/6
f 39/71/6 35/75/6 41/77/6 43/78/6
f 37/72/6 39/71/6 43/78/6 44/79/6
f 33/76/6 37/80/6 44/67/6 42/70/6
f 45/81/6 47/82/6 48/83/6 46/84/6
f 33/76/3 35/75/3 45/85/3 46/86/3
f 37/80/2 33/76/2 46/86/2 48/87/2
f 35/75/4 39/71/4 47/74/4 45/85/4
f 58/88/1 50/89/1 52/90/1 57/91/1
f 57/91/2 52/90/2 56/92/2 59/93/2
f 59/93/3 56/92/3 54/94/3 60/95/3
f 60/96/4 54/97/4 50/98/4 58/99/4
f 55/100/1 53/101/1 64/102/1 63/103/1
f 56/92/5 52/90/5 50/89/5 54/94/5
f 51/104/6 49/105/6 58/99/6 57/106/6
f 55/100/6 51/104/6 57/106/6 59/107/6
f 53/101/6 55/100/6 59/107/6 60/108/6
f 49/105/6 53/109/6 60/96/6 58/99/6
f 61/110/6 63/111/6 64/112/6 62/113/6
f 49/105/3 51/104/3 61/114/3 62/115/3
f 53/109/2 49/105/2 62/115/2 64/116/2
f 51/104/4 55/100/4 63/103/4 61/114/4
f 74/117/1 66/118/1 68/119/1 73/120/1
f 73/120/2 68/119/2 72/121/2 75/122/2
f 75/122/3 72/121/3 70/123/3 76/124/3
f 76/125/4 70/126/4 66/127/4 74/128/4
f 71/129/1 69/130/1 80/131/1 79/132/1
f 72/121/5 68/119/5 66/118/5 70/123/5
f 67/133/6 65/134/6 74/128/6 73/135/6
f 71/129/6 67/133/6 73/135/6 75/136/6
f 69/130/6 71/129/6 75/136/6 76/137/6
f 65/134/6 69/138/6 76/125/6 74/128/6
f 77/139/6 79/140/6 80/141/6 78/142/6
f 65/134/3 67/133/3 77/143/3 78/144/3
f 69/138/2 65/134/2 78/144/2 80/145/2
f 67/133/4 71/129/4 79/132/4 77/143/4
f 90/146/1 82/147/1 84/148/1 89/149/1
f 89/149/2 84/148/2 88/150/2 91/151/2
f 91/151/3 88/150/3 86/152/3 92/153/3
f 92/154/4 86/155/4 82/156/4 90/157/4
f 87/158/1 85/159/1 96/160/1 95/161/1
f 88/150/5 84/148/5 82/147/5 86/152/5
f 83/162/6 81/163/6 90/157/6 89/164/6
f 87/158/6 83/162/6 89/164/6 91/165/6
f 85/159/6 87/158/6 91/165/6 92/166/6
f 81/163/6 85/167/6 92/154/6 90/157/6
f 93/168/6 95/169/6 96/170/6 94/171/6
f 81/163/3 83/162/3 93/172/3 94/173/3
f 85/167/2 81/163/2 94/173/2 96/174/2
f 83/162/4 87/158/4 95/161/4 93/172/4
f 97/175/7 98/176/7 100/177/7 99/178/7
f 99/178/3 100/177/3 102/179/3 101/180/3
f 101/180/8 102/179/8 104/181/8 103/182/8
f 103/182/9 104/181/9 106/183/9 105/184/9
f 100/185/4 98/186/4 108/187/4 106/188/4 104/189/4 102/190/4
f 105/184/1 106/183/1 108/191/1 107/192/1
f 107/192/10 108/191/10 98/193/10 97/194/10
f 97/195/2 99/196/2 101/197/2 103/198/2 105/199/2 107/200/2
f 109/201/10 111/202/10 112/203/10 110/204/10
f 111/202/1 113/205/1 114/206/1 112/203/1
f 113/205/9 115/207/9 116/208/9 114/206/9
f 115/207/8 117/209/8 118/210/8 116/208/8
f 112/211/4 114/212/4 116/213/4 118/214/4 120/215/4 110/216/4
f 117/209/3 119/217/3 120/218/3 118/210/3
f 119/217/7 109/219/7 110/220/7 120/218/7
f 109/221/2 119/222/2 117/223/2 115/224/2 113/225/2 111/226/2
f 121/227/7 123/228/7 124/229/7 122/230/7
f 123/228/3 125/231/3 126/232/3 124/229/3
f 125/231/8 127/233/8 128/234/8 126/232/8
f 127/233/9 129/235/9 130/236/9 128/234/9
f 124/237/2 126/238/2 128/239/2 130/240/2 132/241/2 122/242/2
f 129/235/1 131/243/1 132/244/1 130/236/1
f 131/243/10 121/245/10 122/246/10 132/244/10
f 121/247/4 131/248/4 129/249/4 127/250/4 125/251/4 123/252/4
f 133/253/10 134/254/10 136/255/10 135/256/10
f 135/256/1 136/255/1 138/257/1 137/258/1
f 137/258/9 138/257/9 140/259/9 139/260/9
f 139/260/8 140/259/8 142/261/8 141/262/8
f 136/263/2 134/264/2 144/265/2 142/266/2 140/267/2 138/268/2
f 141/262/3 142/261/3 144/269/3 143/270/3
f 143/270/7 144/269/7 134/271/7 133/272/7
f 133/273/4 135/274/4 137/275/4 139/276/4 141/277/4 143/278/4
f 145/279/7 146/280/7 148/281/7 147/282/7
f 147/282/3 148/281/3 150/283/3 149/284/3
f 149/284/8 150/283/8 152/285/8 151/286/8
f 151/286/9 152/285/9 154/287/9 153/288/9
f 148/289/4 146/290/4 156/291/4 154/292/4 152/293/4 150/294/4
f 153/288/1 154/287/1 156/295/1 155/296/1
f 155/296/10 156/295/10 146/297/10 145/298/10
f 145/299/2 147/300/2 149/301/2 151/302/2 153/303/2 155/304/2
f 157/305/10 159/306/10 160/307/10 158/308/10
f 159/306/1 161/309/1 162/310/1 160/307/1
f 161/309/9 163/311/9 164/312/9 162/310/9
f 163/311/8 165/313/8 166/314/8 164/312/8
f 160/315/4 162/316/4 164/317/4 166/318/4 168/319/4 158/320/4
f 165/313/3 167/321/3 168/322/3 166/314/3
f 167/321/7 157/323/7 158/324/7 168/322/7
f 157/325/2 167/326/2 165/327/2 163/328/2 161/329/2 159/330/2
f 169/331/7 171/332/7 172/333/7 170/334/7
f 171/332/3 173/335/3 174/336/3 172/333/3
f 173/335/8 175/337/8 176/338/8 174/336/8
f 175/337/9 177/339/9 178/340/9 176/338/9
f 172/341/2 174/342/2 176/343/2 178/344/2 180/345/2 170/346/2
f 177/339/1 179/347/1 180/348/1 178/340/1
f 179/347/10 169/349/10 170/350/10 180/348/10
f 169/351/4 179/352/4 177/353/4 175/354/4 173/355/4 171/356/4
f 181/357/10 182/358/10 184/359/10 183/360/10
f 183/360/1 184/359/1 186/361/1 185/362/1
f 185/362/9 186/361/9 188/363/9 187/364/9
f 187/364/8 188/363/8 190/365/8 189/366/8
f 184/367/2 182/368/2 192/369/2 190/370/2 188/371/2 186/372/2
f 189/366/3 190/365/3 192/373/3 191/374/3
f 191/374/7 192/373/7 182/375/7 181/376/7
f 181/377/4 183/378/4 185/379/4 187/380/4 189/381/4 191/382/4
f 193/383/7 194/384/7 196/385/7 195/386/7
f 195/386/3 196/385/3 198/387/3 197/388/3
f 197/388/8 198/387/8 200/389/8 199/390/8
f 199/390/9 200/389/9 202/391/9 201/392/9
f 196/393/4 194/394/4 204/395/4 202/396/4 200/397/4 198/398/4
f 201/392/1 202/391/1 204/399/1 203/400/1
f 203/400/10 204/399/10 194/401/10 193/402/10
f 193/403/2 195/404/2 197/405/2 199/406/2 201/407/2 203/408/2
f 205/409/10 207/410/10 208/411/10 206/412/10
f 207/410/1 209/413/1 210/414/1 208/411/1
f 209/413/9 211/415/9 212/416/9 210/414/9
f 211/415/8 213/417/8 214/418/8 212/416/8
f 208/419/4 210/420/4 212/421/4 214/422/4 216/423/4 206/424/4
f 213/417/3 215/425/3 216/426/3 214/418/3
f 215/425/7 205/427/7 206/428/7 216/426/7
f 205/429/2 215/430/2 213/431/2 211/432/2 209/433/2 207/434/2
f 217/435/7 219/436/7 220/437/7 218/438/7
f 219/436/3 221/439/3 222/440/3 220/437/3
f 221/439/8 223/441/8 224/442/8 222/440/8
f 223/441/9 225/443/9 226/444/9 224/442/9
f 220/445/2 222/446/2 224/447/2 226/448/2 228/449/2 218/450/2
f 225/443/1 227/451/1 228/452/1 226/444/1
f 227/451/10 217/453/10 218/454/10 228/452/10
f 217/455/4 227/456/4 225/457/4 223/458/4 221/459/4 219/460/4
f 229/461/10 230/462/10 232/463/10 231/464/10
f 231/464/1 232/463/1 234/465/1 233/466/1
f 233/466/9 234/465/9 236/467/9 235/468/9
f 235/468/8 236/467/8 238/469/8 237/470/8
f 232/471/2 230/472/2 240/473/2 238/474/2 236/475/2 234/476/2
f 237/470/3 238/469/3 240/477/3 239/478/3
f 239/478/7 240/477/7 230/479/7 229/480/7
f 229/481/4 231/482/4 233/483/4 235/484/4 237/485/4 239/486/4
f 241/487/7 242/488/7 244/489/7 243/490/7
f 243/490/3 244/489/3 246/491/3 245/492/3
f 245/492/8 246/491/8 248/493/8 247/494/8
f 247/494/9 248/493/9 250/495/9 249/496/9
f 244/497/4 242/498/4 252/499/4 250/500/4 248/501/4 246/502/4
f 249/496/1 250/495/1 252/503/1 251/504/1
f 251/504/10 252/503/10 242/505/10 241/506/10
f 241/507/2 243/508/2 245/509/2 247/510/2 249/511/2 251/512/2
f 253/513/10 255/514/10 256/515/10 254/516/10
f 255/514/1 257/517/1 258/518/1 256/515/1
f 257/517/9 259/519/9 260/520/9 258/518/9
f 259/519/8 261/521/8 262/522/8 260/520/8
f 256/523/4 258/524/4 260/525/4 262/526/4 264/527/4 254/528/4
f 261/521/3 263/529/3 264/530/3 262/522/3
f 263/529/7 253/531/7 254/532/7 264/530/7
f 253/533/2 263/534/2 261/535/2 259/536/2 257/537/2 255/538/2
f 265/539/7 267/540/7 268/541/7 266/542/7
f 267/540/3 269/543/3 270/544/3 268/541/3
f 269/543/8 271/545/8 272/546/8 270/544/8
f 271/545/9 273/547/9 274/548/9 272/546/9
f 268/549/2 270/550/2 272/551/2 274/552/2 276/553/2 266/554/2
f 273/547/1 275/555/1 276/556/1 274/548/1
f 275/555/10 265/557/10 266/558/10 276/556/10
f 265/559/4 275/560/4 273/561/4 271/562/4 269/563/4 267/564/4
f 277/565/10 278/566/10 280/567/10 279/568/10
f 279/568/1 280/567/1 282/569/1 281/570/1
f 281/570/9 282/569/9 284/571/9 283/572/9
f 283/572/8 284/571/8 286/573/8 285/574/8
f 280/575/2 278/576/2 288/577/2 286/578/2 284/579/2 282/580/2
f 285/574/3 286/573/3 288/581/3 287/582/3
f 287/582/7 288/581/7 278/583/7 277/584/7
f 277/585/4 279/586/4 281/587/4 283/588/4 285/589/4 287/590/4
f 289/591/7 290/592/7 292/593/7 291/594/7
f 291/594/3 292/593/3 294/595/3 293/596/3
f 293/596/8 294/595/8 296/597/8 295/598/8
f 295/598/9 296/597/9 298/599/9 297/600/9
f 292/601/4 290/602/4 300/603/4 298/604/4 296/605/4 294/606/4
f 297/600/1 298/599/1 300/607/1 299/608/1
f 299/608/10 300/607/10 290/609/10 289/610/10
f 289/611/2 291/612/2 293/613/2 295/614/2 297/615/2 299/616/2
f 301/617/10 303/618/10 304/619/10 302/620/10
f 303/618/1 305/621/1 306/622/1 304/619/1
f 305/621/9 307/623/9 308/624/9 306/622/9
f 307/623/8 309/625/8 310/626/8 308/624/8
f 304/627/4 306/628/4 308/629/4 310/630/4 312/631/4 302/632/4
f 309/625/3 311/633/3 312/634/3 310/626/3
f 311/633/7 301/635/7 302/636/7 312/634/7
f 301/637/2 311/638/2 309/639/2 307/640/2 305/641/2 303/642/2
f 313/643/7 315/644/7 316/645/7 314/646/7
f 315/644/3 317/647/3 318/648/3 316/645/3
f 317/647/8 319/649/8 320/650/8 318/648/8
f 319/649/9 321/651/9 322/652/9 320/650/9
f 316/653/2 318/654/2 320/655/2 322/656/2 324/657/2 314/658/2
f 321/651/1 323/659/1 324/660/1 322/652/1
f 323/659/10 313/661/10 314/662/10 324/660/10
f 313/663/4 323/664/4 321/665/4 319/666/4 317/667/4 315/668/4
f 325/669/10 326/670/10 328/671/10 327/672/10
f 327/672/1 328/671/1 330/673/1 329/674/1
f 329/674/9 330/673/9 332/675/9 331/676/9
f 331/676/8 332/675/8 334/677/8 333/678/8
f 328/679/2 326/680/2 336/681/2 334/682/2 332/683/2 330/684/2
f 333/678/3 334/677/3 336/685/3 335/686/3
f 335/686/7 336/685/7 326/687/7 325/688/7
f 325/689/4 327/690/4 329/691/4 331/692/4 333/693/4 335/694/4
f 337/695/7 338/696/7 340/697/7 339/698/7
f 339/698/3 340/697/3 342/699/3 341/700/3
f 341/700/8 342/699/8 344/701/8 343/702/8
f 343/702/9 344/701/9 346/703/9 345/704/9
f 340/705/4 338/706/4 348/707/4 346/708/4 344/709/4 342/710/4
f 345/704/1 346/703/1 348/711/1 347/712/1
f 347/712/10 348/711/10 338/713/10 337/714/10
f 337/715/2 339/716/2 341/717/2 343/718/2 345/719/2 347/720/2
f 349/721/10 351/722/10 352/723/10 350/724/10
f 351/722/1 353/725/1 354/726/1 352/723/1
f 353/725/9 355/727/9 356/728/9 354/726/9
f 355/727/8 357/729/8 358/730/8 356/728/8
f 352/731/4 354/732/4 356/733/4 358/734/4 360/735/4 350/736/4
f 357/729/3 359/737/3 360/738/3 358/730/3
f 359/737/7 349/739/7 350/740/7 360/738/7
f 349/741/2 359/742/2 357/743/2 355/744/2 353/745/2 351/746/2
f 361/747/7 363/748/7 364/749/7 362/750/7
f 363/748/3 365/751/3 366/752/3 364/749/3
f 365/751/8 367/753/8 368/754/8 366/752/8
f 367/753/9 369/755/9 370/756/9 368/754/9
f 364/757/2 366/758/2 368/759/2 370/760/2 372/761/2 362/762/2
f 369/755/1 371/763/1 372/764/1 370/756/1
f 371/763/10 361/765/10 362/766/10 372/764/10
f 361/767/4 371/768/4 369/769/4 367/770/4 365/771/4 363/772/4
f 373/773/10 374/774/10 376/775/10 375/776/10
f 375/776/1 376/775/1 378/777/1 377/778/1
f 377/778/9 378/777/9 380/779/9 379/780/9
f 379/780/8 380/779/8 382/781/8 381/782/8
f 376/783/2 374/784/2 384/785/2 382/786/2 380/787/2 378/788/2
f 381/782/3 382/781/3 384/789/3 383/790/3
f 383/790/7 384/789/7 374/791/7 373/792/7
f 373/793/4 375/794/4 377/795/4 379/796/4 381/797/4 383/798/4
f 385/799/7 386/800/7 388/801/7 387/802/7
f 387/802/3 388/801/3 390/803/3 389/804/3
f 389/804/8 390/803/8 392/805/8 391/806/8
f 391/806/9 392/805/9 394/807/9 393/808/9
f 388/809/4 386/810/4 396/811/4 394/812/4 392/813/4 390/814/4
f 393/808/1 394/807/1 396/815/1 395/816/1
f 395/816/10 396/815/10 386/817/10 385/818/10
f 385/819/2 387/820/2 389/821/2 391/822/2 393/823/2 395/824/2
f 397/825/10 399/826/10 400/827/10 398/828/10
f 399/826/1 401/829/1 402/830/1 400/827/1
f 401/829/9 403/831/9 404/832/9 402/830/9
f 403/831/8 405/833/8 406/834/8 404/832/8
f 400/835/4 402/836/4 404/837/4 406/838/4 408/839/4 398/840/4
f 405/833/3 407/841/3 408/842/3 406/834/3
f 407/841/7 397/843/7 398/844/7 408/842/7
f 397/845/2 407/846/2 405/847/2 403/848/2 401/849/2 399/850/2
f 409/851/7 411/852/7 412/853/7 410/854/7
f 411/852/3 413/855/3 414/856/3 412/853/3
f 413/855/8 415/857/8 416/858/8 414/856/8
f 415/857/9 417/859/9 418/860/9 416/858/9
f 412/861/2 414/862/2 416/863/2 418/864/2 420/865/2 410/866/2
f 417/859/1 419/867/1 420/868/1 418/860/1
f 419/867/10 409/869/10 410/870/10 420/868/10
f 409/871/4 419/872/4 417/873/4 415/874/4 413/875/4 411/876/4
f 421/877/10 422/878/10 424/879/10 423/880/10
f 423/880/1 424/879/1 426/881/1 425/882/1
f 425/882/9 426/881/9 428/883/9 427/884/9
f 427/884/8 428/883/8 430/885/8 429/886/8
f 424/887/2 422/888/2 432/889/2 430/890/2 428/891/2 426/892/2
f 429/886/3 430/885/3 432/893/3 431/894/3
f 431/894/7 432/893/7 422/895/7 421/896/7
f 421/897/4 423/898/4 425/899/4 427/900/4 429/901/4 431/902/4
f 433/903/7 434/904/7 436/905/7 435/906/7
f 435/906/3 436/905/3 438/907/3 437/908/3
f 437/908/8 438/907/8 440/909/8 439/910/8
f 439/910/9 440/909/9 442/911/9 441/912/9
f 436/913/4 434/914/4 444/915/4 442/916/4 440/917/4 438/918/4
f 441/912/1 442/911/1 444/919/1 443/920/1
f 443/920/10 444/919/10 434/921/10 433/922/10
f 433/923/2 435/924/2 437/925/2 439/926/2 441/927/2 443/928/2
f 445/929/11 446/930/11 448/931/11 447/932/11
f 447/932/2 448/931/2 450/933/2 449/934/2
f 449/934/12 450/933/12 452/935/12 451/936/12
f 451/936/13 452/935/13 454/937/13 453/938/13
f 448/939/3 446/940/3 456/941/3 454/942/3 452/943/3 450/944/3
f 453/938/4 454/937/4 456/945/4 455/946/4
f 455/946/14 456/945/14 446/947/14 445/948/14
f 445/949/1 447/950/1 449/951/1 451/952/1 453/953/1 455/954/1
f 457/955/11 459/956/11 460/957/11 458/958/11
f 459/956/2 461/959/2 462/960/2 460/957/2
f 461/959/12 463/961/12 464/962/12 462/960/12
f 463/961/13 465/963/13 466/964/13 464/962/13
f 460/965/1 462/966/1 464/967/1 466/968/1 468/969/1 458/970/1
f 465/963/4 467/971/4 468/972/4 466/964/4
f 467/971/14 457/973/14 458/974/14 468/972/14
f 457/975/3 467/976/3 465/977/3 463/978/3 461/979/3 459/980/3
f 469/981/14 471/982/14 472/983/14 470/984/14
f 471/982/4 473/985/4 474/986/4 472/983/4
f 473/985/13 475/987/13 476/988/13 474/986/13
f 475/987/12 477/989/12 478/990/12 476/988/12
f 472/991/3 474/992/3 476/993/3 478/994/3 480/995/3 470/996/3
f 477/989/2 479/997/2 480/998/2 478/990/2
f 479/997/11 469/999/11 470/1000/11 480/998/11
f 469/1001/1 479/1002/1 477/1003/1 475/1004/1 473/1005/1 471/1006/1
f 481/1007/14 482/1008/14 484/1009/14 483/1010/14
f 483/1010/4 484/1009/4 486/1011/4 485/1012/4
f 485/1012/13 486/1011/13 488/1013/13 487/1014/13
f 487/1014/12 488/1013/12 490/1015/12 489/1016/12
f 484/1017/1 482/1018/1 492/1019/1 490/1020/1 488/1021/1 486/1022/1
f 489/1016/2 490/1015/2 492/1023/2 491/1024/2
f 491/1024/11 492/1023/11 482/1025/11 481/1026/11
f 481/1027/3 483/1028/3 485/1029/3 487/1030/3 489/1031/3 491/1032/3
f 493/1033/7 494/1034/7 496/1035/7 495/1036/7
f 495/1036/3 496/1035/3 498/1037/3 497/1038/3
f 497/1038/8 498/1037/8 500/1039/8 499/1040/8
f 499/1040/9 500/1039/9 502/1041/9 501/1042/9
f 496/1043/4 494/1044/4 504/1045/4 502/1046/4 500/1047/4 498/1048/4
f 501/1042/1 502/1041/1 504/1049/1 503/1050/1
f 503/1050/10 504/1049/10 494/1051/10 493/1052/10
f 493/1053/2 495/1054/2 497/1055/2 499/1056/2 501/1057/2 503/1058/2
f 505/1059/10 507/1060/10 508/1061/10 506/1062/10
f 507/1060/1 509/1063/1 510/1064/1 508/1061/1
f 509/1063/9 511/1065/9 512/1066/9 510/1064/9
f 511/1065/8 513/1067/8 514/1068/8 512/1066/8
f 508/1069/4 510/1070/4 512/1071/4 514/1072/4 516/1073/4 506/1074/4
f 513/1067/3 515/1075/3 516/1076/3 514/1068/3
f 515/1075/7 505/1077/7 506/1078/7 516/1076/7
f 505/1079/2 515/1080/2 513/1081/2 511/1082/2 509/1083/2 507/1084/2
f 517/1085/7 519/1086/7 520/1087/7 518/1088/7
f 519/1086/3 521/1089/3 522/1090/3 520/1087/3
f 521/1089/8 523/1091/8 524/1092/8 522/1090/8
f 523/1091/9 525/1093/9 526/1094/9 524/1092/9
f 520/1095/2 522/1096/2 524/1097/2 526/1098/2 528/1099/2 518/1100/2
f 525/1093/1 527/1101/1 528/1102/1 526/1094/1
f 527/1101/10 517/1103/10 518/1104/10 528/1102/10
f 517/1105/4 527/1106/4 525/1107/4 523/1108/4 521/1109/4 519/1110/4
f 529/1111/10 530/1112/10 532/1113/10 531/1114/10
f 531/1114/1 532/1113/1 534/1115/1 533/1116/1
f 533/1116/9 534/1115/9 536/1117/9 535/1118/9
f 535/1118/8 536/1117/8 538/1119/8 537/1120/8
f 532/1121/2 530/1122/2 540/1123/2 538/1124/2 536/1125/2 534/1126/2
f 537/1120/3 538/1119/3 540/1127/3 539/1128/3
f 539/1128/7 540/1127/7 530/1129/7 529/1130/7
f 529/1131/4 531/1132/4 533/1133/4 535/1134/4 537/1135/4 539/1136/4
f 541/1137/7 542/1138/7 544/1139/7 543/1140/7
f 543/1140/3 544/1139/3 546/1141/3 545/1142/3
f 545/1142/8 546/1141/8 548/1143/8 547/1144/8
f 547/1144/9 548/1143/9 550/1145/9 549/1146/9
f 544/1147/4 542/1148/4 552/1149/4 550/1150/4 548/1151/4 546/1152/4
f 549/1146/1 550/1145/1 552/1153/1 551/1154/1
f 551/1154/10 552/1153/10 542/1155/10 541/1156/10
f 541/1157/2 543/1158/2 545/1159/2 547/1160/2 549/1161/2 551/1162/2
f 553/1163/11 554/1164/11 556/1165/11 555/1166/11
f 555/1166/2 556/1165/2 558/1167/2 557/1168/2
f 557/1168/12 558/1167/12 560/1169/12 559/1170/12
f 559/1170/13 560/1169/13 562/1171/13 561/1172/13
f 556/1173/3 554/1174/3 564/1175/3 562/1176/3 560/1177/3 558/1178/3
f 561/1172/4 562/1171/4 564/1179/4 563/1180/4
f 563/1180/14 564/1179/14 554/1181/14 553/1182/14
f 553/1183/1 555/1184/1 557/1185/1 559/1186/1 561/1187/1 563/1188/1
f 565/1189/11 567/1190/11 568/1191/11 566/1192/11
f 567/1190/2 569/1193/2 570/1194/2 568/1191/2
f 569/1193/12 571/1195/12 572/1196/12 570/1194/12
f 571/1195/13 573/1197/13 574/1198/13 572/1196/13
f 568/1199/1 570/1200/1 572/1201/1 574/1202/1 576/1203/1 566/1204/1
f 573/1197/4 575/1205/4 576/1206/4 574/1198/4
f 575/1205/14 565/1207/14 566/1208/14 576/1206/14
f 565/1209/3 575/1210/3 573/1211/3 571/1212/3 569/1213/3 567/1214/3
f 577/1215/14 579/1216/14 580/1217/14 578/1218/14
f 579/1216/4 581/1219/4 582/1220/4 580/1217/4
f 581/1219/13 583/1221/13 584/1222/13 582/1220/13
f 583/1221/12 585/1223/12 586/1224/12 584/1222/12
f 580/1225/3 582/1226/3 584/1227/3 586/1228/3 588/1229/3 578/1230/3
f 585/1223/2 587/1231/2 588/1232/2 586/1224/2
f 587/1231/11 577/1233/11 578/1234/11 588/1232/11
f 577/1235/1 587/1236/1 585/1237/1 583/1238/1 581/1239/1 579/1240/1
f 589/1241/14 590/1242/14 592/1243/14 591/1244/14
f 591/1244/4 592/1243/4 594/1245/4 593/1246/4
f 593/1246/13 594/1245/13 596/1247/13 595/1248/13
f 595/1248/12 596/1247/12 598/1249/12 597/1250/12
f 592/1251/1 590/1252/1 600/1253/1 598/1254/1 596/1255/1 594/1256/1
f 597/1250/2 598/1249/2 600/1257/2 599/1258/2
f 599/1258/11 600/1257/11 590/1259/11 589/1260/11
f 589/1261/3 591/1262/3 593/1263/3 595/1264/3 597/1265/3 599/1266/3
f 601/1267/11 602/1268/11 604/1269/11 603/1270/11
f 603/1270/2 604/1269/2 606/1271/2 605/1272/2
f 605/1272/12 606/1271/12 608/1273/12 607/1274/12
f 607/1274/13 608/1273/13 610/1275/13 609/1276/13
f 604/1277/3 602/1278/3 612/1279/3 610/1280/3 608/1281/3 606/1282/3
f 609/1276/4 610/1275/4 612/1283/4 611/1284/4
f 611/1284/14 612/1283/14 602/1285/14 601/1286/14
f 601/1287/1 603/1288/1 605/1289/1 607/1290/1 609/1291/1 611/1292/1
f 613/1293/11 615/1294/11 616/1295/11 614/1296/11
f 615/1294/2 617/1297/2 618/1298/2 616/1295/2
f 617/1297/12 619/1299/12 620/1300/12 618/1298/12
f 619/1299/13 621/1301/13 622/1302/13 620/1300/13
f 616/1303/1 618/1304/1 620/1305/1 622/1306/1 624/1307/1 614/1308/1
f 621/1301/4 623/1309/4 624/1310/4 622/1302/4
f 623/1309/14 613/1311/14 614/1312/14 624/1310/14
f 613/1313/3 623/1314/3 621/1315/3 619/1316/3 617/1317/3 615/1318/3
f 625/1319/14 627/1320/14 628/1321/14 626/1322/14
f 627/1320/4 629/1323/4 630/1324/4 628/1321/4
f 629/1323/13 631/1325/13 632/1326/13 630/1324/13
f 631/1325/12 633/1327/12 634/1328/12 632/1326/12
f 628/1329/3 630/1330/3 632/1331/3 634/1332/3 636/1333/3 626/1334/3
f 633/1327/2 635/1335/2 636/1336/2 634/1328/2
f 635/1335/11 625/1337/11 626/1338/11 636/1336/11
f 625/1339/1 635/1340/1 633/1341/1 631/1342/1 629/1343/1 627/1344/1
f 637/1345/14 638/1346/14 640/1347/14 639/1348/14
f 639/1348/4 640/1347/4 642/1349/4 641/1350/4
f 641/1350/13 642/1349/13 644/1351/13 643/1352/13
f 643/1352/12 644/1351/12 646/1353/12 645/1354/12
f 640/1355/1 638/1356/1 648/1357/1 646/1358/1 644/1359/1 642/1360/1
f 645/1354/2 646/1353/2 648/1361/2 647/1362/2
f 647/1362/11 648/1361/11 638/1363/11 637/1364/11
f 637/1365/3 639/1366/3 641/1367/3 643/1368/3 645/1369/3 647/1370/3
f 649/1371/11 650/1372/11 652/1373/11 651/1374/11
f 651/1374/2 652/1373/2 654/1375/2 653/1376/2
f 653/1376/12 654/1375/12 656/1377/12 655/1378/12
f 655/1378/13 656/1377/13 658/1379/13 657/1380/13
f 652/1381/3 650/1382/3 660/1383/3 658/1384/3 656/1385/3 654/1386/3
f 657/1380/4 658/1379/4 660/1387/4 659/1388/4
f 659/1388/14 660/1387/14 650/1389/14 649/1390/14
f 649/1391/1 651/1392/1 653/1393/1 655/1394/1 657/1395/1 659/1396/1
f 661/1397/11 663/1398/11 664/1399/11 662/1400/11
f 663/1398/2 665/1401/2 666/1402/2 664/1399/2
f 665/1401/12 667/1403/12 668/1404/12 666/1402/12
f 667/1403/13 669/1405/13 670/1406/13 668/1404/13
f 664/1407/1 666/1408/1 668/1409/1 670/1410/1 672/1411/1 662/1412/1
f 669/1405/4 671/1413/4 672/1414/4 670/1406/4
f 671/1413/14 661/1415/14 662/1416/14 672/1414/14
f 661/1417/3 671/1418/3 669/1419/3 667/1420/3 665/1421/3 663/1422/3
f 673/1423/14 675/1424/14 676/1425/14 674/1426/14
f 675/1424/4 677/1427/4 678/1428/4 676/1425/4
f 677/1427/13 679/1429/13 680/1430/13 678/1428/13
f 679/1429/12 681/1431/12 682/1432/12 680/1430/12
f 676/1433/3 678/1434/3 680/1435/3 682/1436/3 684/1437/3 674/1438/3
f 681/1431/2 683/1439/2 684/1440/2 682/1432/2
f 683/1439/11 673/1441/11 674/1442/11 684/1440/11
f 673/1443/1 683/1444/1 681/1445/1 679/1446/1 677/1447/1 675/1448/1
f 685/1449/14 686/1450/14 688/1451/14 687/1452/14
f 687/1452/4 688/1451/4 690/1453/4 689/1454/4
f 689/1454/13 690/1453/13 692/1455/13 691/1456/13
f 691/1456/12 692/1455/12 694/1457/12 693/1458/12
f 688/1459/1 686/1460/1 696/1461/1 694/1462/1 692/1463/1 690/1464/1
f 693/1458/2 694/1457/2 696/1465/2 695/1466/2
f 695/1466/11 696/1465/11 686/1467/11 685/1468/11
f 685/1469/3 687/1470/3 689/1471/3 691/1472/3 693/1473/3 695/1474/3
f 697/1475/11 698/1476/11 700/1477/11 699/1478/11
f 699/1478/2 700/1477/2 702/1479/2 701/1480/2
f 701/1480/12 702/1479/12 704/1481/12 703/1482/12
f 703/1482/13 704/1481/13 706/1483/13 705/1484/13
f 700/1485/3 698/1486/3 708/1487/3 706/1488/3 704/1489/3 702/1490/3
f 705/1484/4 706/1483/4 708/1491/4 707/1492/4
f 707/1492/14 708/1491/14 698/1493/14 697/1494/14
f 697/1495/1 699/1496/1 701/1497/1 703/1498/1 705/1499/1 707/1500/1
f 709/1501/11 711/1502/11 712/1503/11 710/1504/11
f 711/1502/2 713/1505/2 714/1506/2 712/1503/2
f 713/1505/12 715/1507/12 716/1508/12 714/1506/12
f 715/1507/13 717/1509/13 718/1510/13 716/1508/13
f 712/1511/1 714/1512/1 716/1513/1 718/1514/1 720/1515/1 710/1516/1
f 717/1509/4 719/1517/4 720/1518/4 718/1510/4
f 719/1517/14 709/1519/14 710/1520/14 720/1518/14
f 709/1521/3 719/1522/3 717/1523/3 715/1524/3 713/1525/3 711/1526/3
f 721/1527/14 723/1528/14 724/1529/14 722/1530/14
f 723/1528/4 725/1531/4 726/1532/4 724/1529/4
f 725/1531/13 727/1533/13 728/1534/13 726/1532/13
f 727/1533/12 729/1535/12 730/1536/12 728/1534/12
f 724/1537/3 726/1538/3 728/1539/3 730/1540/3 732/1541/3 722/1542/3
f 729/1535/2 731/1543/2 732/1544/2 730/1536/2
f 731/1543/11 721/1545/11 722/1546/11 732/1544/11
f 721/1547/1 731/1548/1 729/1549/1 727/1550/1 725/1551/1 723/1552/1
f 733/1553/14 734/1554/14 736/1555/14 735/1556/14
f 735/1556/4 736/1555/4 738/1557/4 737/1558/4
f 737/1558/13 738/1557/13 740/1559/13 739/1560/13
f 739/1560/12 740/1559/12 742/1561/12 741/1562/12
f 736/1563/1 734/1564/1 744/1565/1 742/1566/1 740/1567/1 738/1568/1
f 741/1562/2 742/1561/2 744/1569/2 743/1570/2
f 743/1570/11 744/1569/11 734/1571/11 733/1572/11
f 733/1573/3 735/1574/3 737/1575/3 739/1576/3 741/1577/3 743/1578/3
f 745/1579/11 746/1580/11 748/1581/11 747/1582/11
f 747/1582/2 748/1581/2 750/1583/2 749/1584/2
f 749/1584/12 750/1583/12 752/1585/12 751/1586/12
f 751/1586/13 752/1585/13 754/1587/13 753/1588/13
f 748/1589/3 746/1590/3 756/1591/3 754/1592/3 752/1593/3 750/1594/3
f 753/1588/4 754/1587/4 756/1595/4 755/1596/4
f 755/1596/14 756/1595/14 746/1597/14 745/1598/14
f 745/1599/1 747/1600/1 749/1601/1 751/1602/1 753/1603/1 755/1604/1
f 757/1605/11 759/1606/11 760/1607/11 758/1608/11
f 759/1606/2 761/1609/2 762/1610/2 760/1607/2
f 761/1609/12 763/1611/12 764/1612/12 762/1610/12
f 763/1611/13 765/1613/13 766/1614/13 764/1612/13
f 760/1615/1 762/1616/1 764/1617/1 766/1618/1 768/1619/1 758/1620/1
f 765/1613/4 767/1621/4 768/1622/4 766/1614/4
f 767/1621/14 757/1623/14 758/1624/14 768/1622/14
f 757/1625/3 767/1626/3 765/1627/3 763/1628/3 761/1629/3 759/1630/3
f 769/1631/14 771/1632/14 772/1633/14 770/1634/14
f 771/1632/4 773/1635/4 774/1636/4 772/1633/4
f 773/1635/13 775/1637/13 776/1638/13 774/1636/13
f 775/1637/12 777/1639/12 778/1640/12 776/1638/12
f 772/1641/3 774/1642/3 776/1643/3 778/1644/3 780/1645/3 770/1646/3
f 777/1639/2 779/1647/2 780/1648/2 778/1640/2
f 779/1647/11 769/1649/11 770/1650/11 780/1648/11
f 769/1651/1 779/1652/1 777/1653/1 775/1654/1 773/1655/1 771/1656/1
f 781/1657/14 782/1658/14 784/1659/14 783/1660/14
f 783/1660/4 784/1659/4 786/1661/4 785/1662/4
f 785/1662/13 786/1661/13 788/1663/13 787/1664/13
f 787/1664/12 788/1663/12 790/1665/12 789/1666/12
f 784/1667/1 782/1668/1 792/1669/1 790/1670/1 788/1671/1 786/1672/1
f 789/1666/2 790/1665/2 792/1673/2 791/1674/2
f 791/1674/11 792/1673/11 782/1675/11 781/1676/11
f 781/1677/3 783/1678/3 785/1679/3 787/1680/3 789/1681/3 791/1682/3
f 793/1683/11 794/1684/11 796/1685/11 795/1686/11
f 795/1686/2 796/1685/2 798/1687/2 797/1688/2
f 797/1688/12 798/1687/12 800/1689/12 799/1690/12
f 799/1690/13 800/1689/13 802/1691/13 801/1692/13
f 796/1693/3 794/1694/3 804/1695/3 802/1696/3 800/1697/3 798/1698/3
f 801/1692/4 802/1691/4 804/1699/4 803/1700/4
f 803/1700/14 804/1699/14 794/1701/14 793/1702/14
f 793/1703/1 795/1704/1 797/1705/1 799/1706/1 801/1707/1 803/1708/1
f 805/1709/11 807/1710/11 808/1711/11 806/1712/11
f 807/1710/2 809/1713/2 810/1714/2 808/1711/2
f 809/1713/12 811/1715/12 812/1716/12 810/1714/12
f 811/1715/13 813/1717/13 814/1718/13 812/1716/13
f 808/1719/1 810/1720/1 812/1721/1 814/1722/1 816/1723/1 806/1724/1
f 813/1717/4 815/1725/4 816/1726/4 814/1718/4
f 815/1725/14 805/1727/14 806/1728/14 816/1726/14
f 805/1729/3 815/1730/3 813/1731/3 811/1732/3 809/1733/3 807/1734/3
f 817/1735/14 819/1736/14 820/1737/14 818/1738/14
f 819/1736/4 821/1739/4 822/1740/4 820/1737/4
f 821/1739/13 823/1741/13 824/1742/13 822/1740/13
f 823/1741/12 825/1743/12 826/1744/12 824/1742/12
f 820/1745/3 822/1746/3 824/1747/3 826/1748/3 828/1749/3 818/1750/3
f 825/1743/2 827/1751/2 828/1752/2 826/1744/2
f 827/1751/11 817/1753/11 818/1754/11 828/1752/11
f 817/1755/1 827/1756/1 825/1757/1 823/1758/1 821/1759/1 819/1760/1
f 829/1761/14 830/1762/14 832/1763/14 831/1764/14
f 831/1764/4 832/1763/4 834/1765/4 833/1766/4
f 833/1766/13 834/1765/13 836/1767/13 835/1768/13
f 835/1768/12 836/1767/12 838/1769/12 837/1770/12
f 832/1771/1 830/1772/1 840/1773/1 838/1774/1 836/1775/1 834/1776/1
f 837/1770/2 838/1769/2 840/1777/2 839/1778/2
f 839/1778/11 840/1777/11 830/1779/11 829/1780/11
f 829/1781/3 831/1782/3 833/1783/3 835/1784/3 837/1785/3 839/1786/3
f 841/1787/5 842/1788/5 844/1789/5 843/1790/5
f 841/1791/15 843/1792/15 846/1793/15 845/1794/15
f 845/1794/3 846/1793/3 844/1795/3 842/1796/3
f 841/1791/4 845/1794/4 842/1796/4
f 846/1797/2 843/1790/2 844/1789/2
f 847/1798/5 849/1799/5 850/1800/5 848/1801/5
f 847/1802/16 851/1803/16 852/1804/16 849/1805/16
f 851/1803/1 848/1806/1 850/1807/1 852/1804/1
f 847/1802/4 848/1806/4 851/1803/4
f 852/1808/2 850/1800/2 849/1799/2
f 853/1809/5 855/1810/5 856/1811/5 854/1812/5
f 853/1813/17 857/1814/17 858/1815/17 855/1816/17
f 857/1814/3 854/1817/3 856/1818/3 858/1815/3
f 853/1813/2 854/1817/2 857/1814/2
f 858/1819/4 856/1811/4 855/1810/4
f 859/1820/5 860/1821/5 862/1822/5 861/1823/5
f 859/1824/16 861/1825/16 864/1826/16 863/1827/16
f 863/1827/1 864/1826/1 862/1828/1 860/1829/1
f 859/1824/2 863/1827/2 860/1829/2
f 864/1830/4 861/1823/4 862/1822/4
f 865/1831/3 866/1832/3 868/1833/3 867/1834/3
f 865/1835/18 867/1836/18 870/1837/18 869/1838/18
f 869/1839/6 870/1840/6 868/1841/6 866/1842/6
f 865/1831/4 869/1843/4 866/1832/4
f 870/1840/2 867/1844/2 868/1841/2
f 871/1845/1 873/1846/1 874/1847/1 872/1848/1
f 871/1849/19 875/1850/19 876/1851/19 873/1852/19
f 875/1853/6 872/1854/6 874/1855/6 876/1856/6
f 871/1845/4 872/1848/4 875/1857/4
f 876/1856/2 874/1855/2 873/1858/2
f 877/1859/3 879/1860/3 880/1861/3 878/1862/3
f 877/1859/18 881/1863/18 882/1864/18 879/1865/18
f 881/1866/6 878/1867/6 880/1868/6 882/1869/6
f 877/1859/2 878/1862/2 881/1863/2
f 882/1869/4 880/1868/4 879/1870/4
f 883/1871/1 884/1872/1 886/1873/1 885/1874/1
f 883/1871/19 885/1874/19 888/1875/19 887/1876/19
f 887/1877/6 888/1878/6 886/1879/6 884/1880/6
f 883/1871/2 887/1876/2 884/1872/2
f 888/1878/4 885/1881/4 886/1879/4
f 895/1882/2 896/1883/2 891/1884/2 892/1885/2
f 892/1885/3 891/1884/3 898/1886/3 897/1887/3
f 900/1888/6 897/1889/6 889/1890/6 903/1891/6
f 899/1892/5 894/1893/5 902/1894/5 904/1895/5
f 895/1896/6 892/1897/6 897/1889/6 900/1888/6
f 902/1898/1 894/1899/1 893/1900/1 901/1901/1
f 891/1884/5 896/1883/5 899/1892/5 898/1902/5
f 898/1902/5 899/1892/5 904/1895/5 890/1903/5
f 893/1904/6 900/1888/6 903/1891/6 901/1905/6
f 897/1887/3 898/1886/3 890/1906/3 889/1907/3
f 900/1908/1 899/1909/1 896/1883/1 895/1882/1
f 900/1910/2 893/1900/2 894/1899/2 899/1911/2
f 903/1912/4 904/1913/4 902/1898/4 901/1901/4
f 890/1906/4 904/1913/4 903/1912/4 889/1907/4
f 911/1914/2 908/1915/2 907/1916/2 912/1917/2
f 908/1915/1 913/1918/1 914/1919/1 907/1916/1
f 916/1920/6 919/1921/6 905/1922/6 913/1923/6
f 915/1924/5 920/1925/5 918/1926/5 910/1927/5
f 911/1928/6 916/1920/6 913/1923/6 908/1929/6
f 918/1930/3 917/1931/3 909/1932/3 910/1933/3
f 907/1916/5 914/1934/5 915/1924/5 912/1917/5
f 914/1934/5 906/1935/5 920/1925/5 915/1924/5
f 909/1936/6 917/1937/6 919/1921/6 916/1920/6
f 913/1918/1 905/1938/1 906/1939/1 914/1919/1
f 916/1940/3 911/1914/3 912/1917/3 915/1941/3
f 916/1942/2 915/1943/2 910/1933/2 909/1932/2
f 919/1944/4 917/1931/4 918/1930/4 920/1945/4
f 906/1939/4 905/1938/4 919/1944/4 920/1945/4
f 927/1946/4 924/1947/4 923/1948/4 928/1949/4
f 924/1947/3 929/1950/3 930/1951/3 923/1948/3
f 932/1952/6 935/1953/6 921/1954/6 929/1955/6
f 931/1956/5 936/1957/5 934/1958/5 926/1959/5
f 927/1960/6 932/1952/6 929/1955/6 924/1961/6
f 934/1962/1 933/1963/1 925/1964/1 926/1965/1
f 923/1948/5 930/1966/5 931/1956/5 928/1949/5
f 930/1966/5 922/1967/5 936/1957/5 931/1956/5
f 925/1968/6 933/1969/6 935/1953/6 932/1952/6
f 929/1950/3 921/1970/3 922/1971/3 930/1951/3
f 932/1972/1 927/1946/1 928/1949/1 931/1973/1
f 932/1974/4 931/1975/4 926/1965/4 925/1964/4
f 935/1976/2 933/1963/2 934/1962/2 936/1977/2
f 922/1971/2 921/1970/2 935/1976/2 936/1977/2
f 943/1978/4 944/1979/4 939/1980/4 940/1981/4
f 940/1981/1 939/1980/1 946/1982/1 945/1983/1
f 948/1984/6 945/1985/6 937/1986/6 951/1987/6
f 947/1988/5 942/1989/5 950/1990/5 952/1991/5
f 943/1992/6 940/1993/6 945/1985/6 948/1984/6
f 950/1994/3 942/1995/3 941/1996/3 949/1997/3
f 939/1980/5 944/1979/5 947/1988/5 946/1998/5
f 946/1998/5 947/1988/5 952/1991/5 938/1999/5
f 941/2000/6 948/1984/6 951/1987/6 949/2001/6
f 945/1983/1 946/1982/1 938/2002/1 937/2003/1
f 948/2004/3 947/2005/3 944/1979/3 943/1978/3
f 948/2006/4 941/1996/4 942/1995/4 947/2007/4
f 951/2008/2 952/2009/2 950/1994/2 949/1997/2
f 938/2002/2 952/2009/2 951/2008/2 937/2003/2
