# This file is brought to you by Roblox Corporation
# Generated by Roblox Studio

mtllib 1.mtl

g Frame1

v -136.986 0.835758 -110.817 
v -136.986 0.644764 -110.817 
v -140.932 0.000751495 -111.035 
v -141.313 0.355762 -111.39 
v -136.79 0.355762 -111.39 
v -136.79 0.000751495 -111.035 
v -137.069 2.35875 -109.295 
v -137.069 2.16875 -109.295 
v -116.859 13.4978 -111.079 
v -144.257 13.4978 -111.079 
v -117.009 13.7998 -110.573 
v -145.163 15.6368 -88.6877 
v -145.163 -0.000240326 -88.0185 
v -145.163 15.6368 -107.631 
v -145.163 -0.000240326 -106.961 
v -144.996 11.0828 -100.414 
v -145.045 12.7267 -107.63 
v -145.038 10.3258 -95.5427 
v -145.038 10.3258 -107.201 
v -145.038 12.4698 -107.201 
v -145.038 12.4688 -88.0791 
v -137.086 2.93076 -108.532 
v -144.65 3.09575 -107.038 
v -144.65 3.09476 -88.1039 
v -136.58 10.9077 -107.629 
v -117.983 10.3258 -107.63 
v -117.725 7.62175 -107.63 
v -117.595 15.6368 -107.631 
v -117.595 -0.000240326 -107.631 
v -117.726 12.4688 -107.63 
v -117.726 14.5228 -107.63 
v -141.279 10.8288 -107.629 
v -141.536 3.12876 -107.629 
v -141.278 3.12876 -107.629 
v -144.564 15.6368 -107.631 
v -144.563 -0.000240326 -107.631 
v -136.836 3.12876 -107.629 
v -136.58 3.38875 -107.629 
v -117.725 3.31876 -107.527 
v -117.725 3.06075 -107.527 
v -144.604 7.87975 -107.317 
v -144.604 7.62175 -107.317 
v -117.73 14.7708 -107.201 
v -117.73 12.7267 -107.201 
v -117.73 12.4688 -107.201 
v -117.73 7.87975 -107.201 
v -144.604 14.7708 -107.201 
v -144.604 14.5128 -107.201 
v -144.604 12.7278 -107.201 
v -144.604 12.4698 -107.201 
v -144.604 3.31876 -107.098 
v -116.859 13.4978 -111.079 
v -116.859 21.2858 -98.0667 
v -116.859 12.8968 -110.719 
v -116.859 20.6857 -97.707 
v -116.861 21.2818 -98.0248 
v -116.861 12.9207 -83.6632 
v -116.861 20.6688 -98.3821 
v -116.861 12.3068 -84.0204 
v -116.89 13.2008 -84.144 
v -116.89 12.9028 -83.6319 
v -116.89 12.5868 -84.5011 
v -116.89 12.2888 -83.9892 
v -117.009 13.5008 -111.074 
v -117.009 13.7998 -110.573 
v -117.009 12.8998 -110.714 
v -117.009 13.1998 -110.214 
v -117.595 15.6368 -107.631 
v -117.595 15.6368 -106.961 
v -117.595 -0.000240326 -107.631 
v -117.595 -0.000240326 -106.961 
v -117.595 15.6368 -88.6876 
v -117.595 15.6368 -88.0185 
v -117.595 -0.000240326 -88.6877 
v -117.595 -0.000240326 -88.0185 
v -117.725 7.87975 -88.0834 
v -117.725 7.62175 -88.0834 
v -117.725 7.87975 -88.517 
v -117.725 7.62175 -88.517 
v -117.726 10.5838 -88.0832 
v -117.726 10.3258 -88.0832 
v -117.726 10.5838 -88.517 
v -117.726 10.3258 -88.517 
v -117.725 5.61876 -88.0834 
v -117.725 5.36075 -88.0834 
v -117.725 5.61876 -88.5172 
v -117.725 5.36075 -88.5172 
v -117.725 7.87975 -107.196 
v -117.725 7.62175 -107.196 
v -117.725 7.87975 -107.63 
v -117.725 7.62175 -107.63 
v -117.726 12.7267 -107.196 
v -117.726 12.4688 -107.196 
v -117.726 12.7267 -107.63 
v -117.726 12.4688 -107.63 
v -117.726 14.7808 -107.196 
v -117.726 14.5228 -107.196 
v -117.726 14.7808 -107.63 
v -117.726 14.5228 -107.63 
v -117.726 14.7708 -88.0834 
v -117.726 14.5128 -88.0834 
v -117.726 14.7708 -88.5172 
v -117.726 14.5128 -88.5172 
v -117.726 12.7267 -88.0834 
v -117.726 12.4698 -88.0834 
v -117.726 12.7267 -88.5172 
v -117.726 12.4698 -88.5172 
v -117.725 3.31876 -87.9801 
v -117.725 3.06075 -87.9801 
v -117.725 3.31876 -88.4139 
v -117.725 3.06075 -88.4139 
v -117.725 3.31876 -107.093 
v -117.725 3.06075 -107.093 
v -117.725 3.31876 -107.527 
v -117.725 3.06075 -107.527 
v -117.73 3.06075 -107.098 
v -117.73 3.31876 -107.098 
v -117.73 3.06075 -87.9758 
v -117.73 3.31775 -87.9758 
v -117.73 5.36075 -107.201 
v -117.73 5.61876 -107.201 
v -117.73 5.36075 -88.079 
v -117.73 5.61876 -88.079 
v -117.73 10.3258 -95.515 
v -117.73 10.5838 -95.515 
v -117.73 10.3258 -88.079 
v -117.73 10.5838 -88.079 
v -117.73 7.62175 -95.5005 
v -117.73 7.87975 -95.5005 
v -117.73 7.62175 -88.5955 
v -117.73 7.87876 -88.5955 
v -117.73 14.5128 -107.201 
v -117.73 14.7708 -107.201 
v -117.73 14.5128 -88.0791 
v -117.73 14.7708 -88.0791 
v -117.73 12.4688 -107.201 
v -117.73 12.7267 -107.201 
v -117.73 12.4688 -88.0791 
v -117.73 12.7267 -88.0791 
v -117.73 7.62175 -107.201 
v -117.73 7.87975 -107.201 
v -117.73 7.62175 -100.296 
v -117.73 7.87975 -100.296 
v -117.73 10.3258 -107.201 
v -117.73 10.5838 -107.201 
v -117.73 10.3258 -100.245 
v -117.73 10.5838 -100.245 
v -117.684 11.2488 -95.6538 
v -117.684 11.2488 -95.4538 
v -117.739 7.27275 -95.6538 
v -117.739 7.27275 -95.4538 
v -117.739 7.23775 -100.367 
v -117.737 7.43776 -100.367 
v -117.739 7.23775 -95.4575 
v -117.737 7.43776 -95.4575 
v -117.684 11.2488 -100.366 
v -117.684 11.2488 -100.166 
v -117.739 7.27275 -100.366 
v -117.739 7.27275 -100.166 
v -117.687 11.0828 -100.367 
v -117.684 11.2827 -100.367 
v -117.687 11.0828 -95.4575 
v -117.684 11.2827 -95.4575 
v -131.367 -0.000240326 -81.4824 
v -118.992 6.29976 -81.4824 
v -118.992 -0.000240326 -81.4824 
v -118.993 5.82175 -81.4828 
v -118.993 6.07875 -81.4828 
v -131.901 6.07875 -81.4828 
v -127.34 5.86475 -81.5359 
v -124.34 5.86475 -81.5359 
v -119.567 6.07875 -81.6569 
v -131.394 6.07875 -81.6569 
v -131.394 5.82175 -81.6569 
v -127.104 3.16176 -81.6758 
v -124.104 3.16176 -81.6758 
v -117.983 10.5838 -107.196 
v -117.983 10.3258 -107.196 
v -117.983 10.5838 -107.63 
v -117.983 10.3258 -107.63 
v -118.006 5.61876 -107.196 
v -118.006 5.36075 -107.196 
v -118.006 5.61876 -107.63 
v -118.006 5.36075 -107.63 
v -118.042 14.9128 -97.3522 
v -118.042 14.3728 -97.3523 
v -118.042 14.9128 -97.9669 
v -118.042 14.3728 -97.9669 
v -118.117 3.19675 -104.104 
v -118.117 3.09575 -104.104 
v -118.117 3.19675 -104.538 
v -118.117 3.09575 -104.538 
v -118.117 3.19675 -104.604 
v -118.117 3.09575 -104.604 
v -118.117 3.19675 -105.038 
v -118.117 3.09575 -105.038 
v -118.117 3.19675 -106.104 
v -118.117 3.09575 -106.104 
v -118.117 3.19675 -106.538 
v -118.117 3.09575 -106.538 
v -118.117 3.19675 -106.604 
v -118.117 3.09575 -106.604 
v -118.117 3.19675 -107.038 
v -118.117 3.09575 -107.038 
v -118.117 3.19675 -105.604 
v -118.117 3.09575 -105.604 
v -118.117 3.19675 -106.038 
v -118.117 3.09575 -106.038 
v -118.117 3.19675 -102.104 
v -118.117 3.09575 -102.104 
v -118.117 3.19675 -102.538 
v -118.117 3.09575 -102.538 
v -118.117 3.19675 -89.1039 
v -118.117 3.09575 -89.1039 
v -118.117 3.19675 -89.5377 
v -118.117 3.09575 -89.5377 
v -118.117 3.19675 -92.1039 
v -118.117 3.09575 -92.1039 
v -118.117 3.19675 -92.5377 
v -118.117 3.09575 -92.5377 
v -118.117 3.19675 -100.104 
v -118.117 3.09575 -100.104 
v -118.117 3.19675 -100.538 
v -118.117 3.09575 -100.538 
v -118.117 3.19675 -94.1039 
v -118.117 3.09575 -94.1039 
v -118.117 3.19675 -94.5376 
v -118.117 3.09575 -94.5376 
v -118.117 3.19675 -100.604 
v -118.117 3.09575 -100.604 
v -118.117 3.19675 -101.038 
v -118.117 3.09575 -101.038 
v -118.117 3.19675 -94.6039 
v -118.117 3.09575 -94.6039 
v -118.117 3.19675 -95.0376 
v -118.117 3.09575 -95.0376 
v -118.117 3.19675 -96.1039 
v -118.117 3.09575 -96.1039 
v -118.117 3.19675 -96.5376 
v -118.117 3.09575 -96.5376 
v -118.117 3.19675 -90.6039 
v -118.117 3.09575 -90.6039 
v -118.117 3.19675 -91.0377 
v -118.117 3.09575 -91.0377 
v -118.117 3.19675 -103.604 
v -118.117 3.09575 -103.604 
v -118.117 3.19675 -104.038 
v -118.117 3.09575 -104.038 
v -118.117 3.19675 -97.1039 
v -118.117 3.09575 -97.1039 
v -118.117 3.19675 -97.5376 
v -118.117 3.09575 -97.5376 
v -118.117 3.19675 -97.6039 
v -118.117 3.09575 -97.6039 
v -118.117 3.19675 -98.0376 
v -118.117 3.09575 -98.0376 
v -118.117 3.19675 -98.1039 
v -118.117 3.09575 -98.1039 
v -118.117 3.19675 -98.5376 
v -118.117 3.09575 -98.5376 
v -118.117 3.19675 -99.6039 
v -118.117 3.09575 -99.6039 
v -118.117 3.19675 -100.038 
v -118.117 3.09575 -100.038 
v -118.117 3.19675 -103.104 
v -118.117 3.09575 -103.104 
v -118.117 3.19675 -103.538 
v -118.117 3.09575 -103.538 
v -118.117 3.19675 -99.1039 
v -118.117 3.09575 -99.1039 
v -118.117 3.19675 -99.5376 
v -118.117 3.09575 -99.5376 
v -118.117 3.19675 -90.1039 
v -118.117 3.09575 -90.1039 
v -118.117 3.19675 -90.5377 
v -118.117 3.09575 -90.5377 
v -118.117 3.19675 -101.604 
v -118.117 3.09575 -101.604 
v -118.117 3.19675 -102.038 
v -118.117 3.09575 -102.038 
v -118.117 3.19675 -96.6039 
v -118.117 3.09575 -96.6039 
v -118.117 3.19675 -97.0376 
v -118.117 3.09575 -97.0376 
v -118.117 3.19675 -102.604 
v -118.117 3.09575 -102.604 
v -118.117 3.19675 -103.038 
v -118.117 3.09575 -103.038 
v -118.117 3.19675 -88.6039 
v -118.117 3.09575 -88.6039 
v -118.117 3.19675 -89.0377 
v -118.117 3.09575 -89.0377 
v -118.117 3.19675 -93.1039 
v -118.117 3.09575 -93.1039 
v -118.117 3.19675 -93.5377 
v -118.117 3.09575 -93.5377 
v -118.117 3.19675 -95.6039 
v -118.117 3.09575 -95.6039 
v -118.117 3.19675 -96.0376 
v -118.117 3.09575 -96.0376 
v -118.117 3.19675 -89.6039 
v -118.117 3.09575 -89.6039 
v -118.117 3.19675 -90.0377 
v -118.117 3.09575 -90.0377 
v -118.117 3.19675 -101.104 
v -118.117 3.09575 -101.104 
v -118.117 3.19675 -101.538 
v -118.117 3.09575 -101.538 
v -118.117 3.19675 -92.6039 
v -118.117 3.09575 -92.6039 
v -118.117 3.19675 -93.0377 
v -118.117 3.09575 -93.0377 
v -118.117 3.19675 -91.6039 
v -118.117 3.09575 -91.6039 
v -118.117 3.19675 -92.0377 
v -118.117 3.09575 -92.0377 
v -118.117 3.19675 -93.6039 
v -118.117 3.09575 -93.6039 
v -118.117 3.19675 -94.0377 
v -118.117 3.09575 -94.0377 
v -118.117 3.19675 -98.6039 
v -118.117 3.09575 -98.6039 
v -118.117 3.19675 -99.0376 
v -118.117 3.09575 -99.0376 
v -118.117 3.19675 -91.1039 
v -118.117 3.09575 -91.1039 
v -118.117 3.19675 -91.5377 
v -118.117 3.09575 -91.5377 
v -118.117 3.19675 -95.1039 
v -118.117 3.09575 -95.1039 
v -118.117 3.19675 -95.5376 
v -118.117 3.09575 -95.5376 
v -118.117 3.19675 -88.1039 
v -118.117 3.09575 -88.1039 
v -118.117 3.19675 -88.5375 
v -118.117 3.09575 -88.5375 
v -118.117 3.19675 -105.104 
v -118.117 3.09575 -105.104 
v -118.117 3.19675 -105.538 
v -118.117 3.09575 -105.538 
v -141.542 10.9077 -107.195 
v -144.259 21.2818 -98.0248 
v -144.259 20.6688 -98.3821 
v -141.313 3.68676 -107.348 
v -131.543 3.09575 -82.3965 
v -144.257 12.8968 -110.719 
v -144.259 12.9118 -83.6475 
v -118.994 11.9018 -88.2113 
v -118.994 12.1598 -88.2113 
v -118.994 11.9018 -84.9569 
v -118.994 12.1598 -84.9569 
v -118.994 5.82175 -88.2113 
v -118.994 6.07875 -88.2113 
v -118.994 5.82175 -81.6569 
v -118.994 6.07875 -81.6569 
v -118.992 6.29976 -82.0517 
v -118.992 6.29976 -81.4824 
v -118.992 -0.000240326 -82.0517 
v -118.992 -0.000240326 -81.4824 
v -118.992 13.4998 -85.2134 
v -118.992 13.4998 -84.6443 
v -118.992 3.12676 -85.2135 
v -118.992 3.12676 -84.6443 
v -118.993 6.07875 -81.4828 
v -118.993 5.82175 -81.4828 
v -118.993 6.07875 -82.0444 
v -118.993 5.82175 -82.0444 
v -119.063 3.25975 -81.3793 
v -119.063 3.00176 -81.3793 
v -119.063 3.25975 -81.7076 
v -119.063 3.00176 -81.7076 
v -119.104 3.06075 -107.098 
v -119.104 3.16275 -107.098 
v -119.104 3.06075 -81.8758 
v -119.104 3.16176 -81.8758 
v -119.143 3.09575 -84.7966 
v -119.143 3.09575 -85.1329 
v -119.143 5.86475 -84.7965 
v -119.143 5.86475 -85.1329 
v -119.143 3.09575 -86.5966 
v -119.143 3.09575 -86.933 
v -119.143 5.86475 -86.5966 
v -119.143 5.86475 -86.933 
v -119.143 3.09575 -85.9967 
v -119.143 3.09575 -86.333 
v -119.143 5.86475 -85.9967 
v -119.143 5.86475 -86.3329 
v -119.143 3.09575 -85.3966 
v -119.143 3.09575 -85.7329 
v -119.143 5.86475 -85.3966 
v -119.143 5.86475 -85.7329 
v -119.143 3.09575 -84.1965 
v -119.143 3.09575 -84.533 
v -119.143 5.86475 -84.1965 
v -119.143 5.86475 -84.533 
v -119.143 3.09575 -83.5965 
v -119.143 3.09575 -83.9329 
v -119.143 5.86475 -83.5965 
v -119.143 5.86475 -83.9329 
v -119.143 3.09575 -82.9965 
v -119.143 3.09575 -83.3329 
v -119.143 5.86475 -82.9965 
v -119.143 5.86475 -83.3329 
v -119.143 3.09575 -82.3965 
v -119.143 3.09575 -82.7329 
v -119.143 5.86475 -82.3965 
v -119.143 5.86475 -82.7329 
v -119.143 3.09575 -87.1966 
v -119.143 3.09575 -87.5331 
v -119.143 5.86475 -87.1966 
v -119.143 5.86475 -87.5331 
v -119.401 3.09575 -82.9965 
v -131.801 3.09575 -82.9965 
v -131.543 5.86475 -82.9965 
v -119.39 3.24276 -85.8694 
v -119.39 3.10175 -85.8694 
v -119.39 3.24276 -86.3032 
v -119.39 3.10175 -86.3032 
v -119.39 3.24276 -85.3695 
v -119.39 3.10175 -85.3695 
v -119.39 3.24276 -85.8032 
v -119.39 3.10175 -85.8032 
v -119.39 3.24276 -84.8694 
v -119.39 3.10175 -84.8694 
v -119.39 3.24276 -85.3032 
v -119.39 3.10175 -85.3032 
v -119.39 3.24276 -84.3694 
v -119.39 3.10175 -84.3694 
v -119.39 3.24276 -84.8032 
v -119.39 3.10175 -84.8032 
v -119.39 3.24276 -83.8694 
v -119.39 3.10175 -83.8694 
v -119.39 3.24276 -84.3032 
v -119.39 3.10175 -84.3032 
v -119.39 3.24276 -83.3694 
v -119.39 3.10175 -83.3694 
v -119.39 3.24276 -83.8032 
v -119.39 3.10175 -83.8032 
v -119.39 3.24276 -82.3694 
v -119.39 3.10175 -82.3694 
v -119.39 3.24276 -82.8032 
v -119.39 3.10175 -82.8032 
v -119.39 3.24276 -81.8694 
v -119.39 3.10175 -81.8694 
v -119.39 3.24276 -82.3032 
v -119.39 3.10175 -82.3032 
v -119.39 3.24276 -82.8694 
v -119.39 3.10175 -82.8694 
v -119.39 3.24276 -83.3032 
v -119.39 3.10175 -83.3032 
v -119.39 3.24276 -87.3695 
v -119.39 3.10175 -87.3695 
v -119.39 3.24276 -87.8033 
v -119.39 3.10175 -87.8033 
v -119.39 3.24276 -86.8695 
v -119.39 3.10175 -86.8695 
v -119.39 3.24276 -87.3033 
v -119.39 3.10175 -87.3033 
v -119.39 3.24276 -86.3695 
v -119.39 3.10175 -86.3695 
v -119.39 3.24276 -86.8032 
v -119.39 3.10175 -86.8032 
v -119.39 3.24276 -87.8695 
v -119.39 3.10175 -87.8695 
v -119.39 3.24276 -88.3033 
v -119.39 3.10175 -88.3033 
v -119.804 3.09575 -81.5358 
v -119.804 3.09575 -81.7936 
v -119.804 5.86475 -81.5359 
v -119.804 5.86475 -81.7936 
v -119.401 3.09575 -83.5965 
v -131.801 3.09575 -83.5965 
v -131.801 5.86475 -83.5965 
v -144.564 15.6368 -88.6877 
v -144.564 15.6368 -88.0185 
v -144.564 15.6368 -106.961 
v -120.404 3.09575 -81.5358 
v -120.404 3.09575 -81.7936 
v -120.404 5.86475 -81.5359 
v -120.404 5.86475 -81.7936 
v -119.401 3.09575 -84.1965 
v -119.401 5.86475 -84.1965 
v -131.801 5.86475 -84.1965 
v -120.768 3.05275 -107.098 
v -120.768 3.17075 -107.098 
v -120.768 3.05176 -81.6758 
v -120.768 3.17075 -81.6758 
v -138.991 7.47376 -88.0689 
v -138.99 11.2848 -88.507 
v -138.99 7.30976 -88.5071 
v -131.367 13.4098 -84.6442 
v -131.367 3.21576 -84.6443 
v -121.004 3.09575 -81.5358 
v -121.004 3.09575 -81.7936 
v -121.004 5.86475 -81.5359 
v -121.004 5.86475 -81.7936 
v -144.604 14.7708 -88.0791 
v -119.401 5.86475 -84.7965 
v -131.801 3.09575 -84.7965 
v -131.801 5.86475 -84.7965 
v -140.932 4.04175 -107.703 
v -136.79 4.04175 -107.703 
v -121.604 3.09575 -81.5358 
v -121.604 3.09575 -81.7936 
v -121.604 5.86475 -81.5359 
v -121.604 5.86475 -81.7936 
v -119.401 3.09575 -85.3966 
v -131.801 3.09575 -85.3966 
v -131.801 5.86475 -85.3966 
v -122.204 3.09575 -81.5358 
v -122.204 3.09575 -81.7936 
v -122.204 5.86475 -81.5359 
v -122.204 5.86475 -81.7936 
v -119.401 3.09575 -85.9967 
v -131.801 3.09575 -85.9967 
v -131.801 5.86475 -85.9967 
v -131.543 5.86475 -85.9967 
v -131.367 13.4098 -85.2134 
v -122.604 3.06075 -107.098 
v -122.604 3.16275 -107.098 
v -122.604 3.06075 -81.6758 
v -122.604 3.16176 -81.6758 
v -122.804 3.09575 -81.5358 
v -122.804 3.09575 -81.7936 
v -122.804 5.86475 -81.5359 
v -122.804 5.86475 -81.7936 
v -122.898 3.38875 -88.0718 
v -122.898 3.13076 -88.0718 
v -122.898 3.38875 -88.5056 
v -122.898 3.13076 -88.5056 
v -122.897 10.8288 -88.5056 
v -122.897 10.8288 -88.0718 
v -122.897 3.12876 -88.5056 
v -122.897 3.12876 -88.0718 
v -122.898 10.9077 -88.0718 
v -122.898 10.6498 -88.0718 
v -122.898 10.9077 -88.5056 
v -122.898 10.6498 -88.5056 
v -131.801 5.86475 -86.5966 
v -136.836 10.8288 -107.195 
v -144.555 11.2768 -100.414 
v -144.558 11.0768 -100.414 
v -144.608 7.43175 -100.414 
v -144.604 12.7267 -88.0791 
v -118.125 11.0887 -100.367 
v -136.617 11.2848 -88.507 
v -136.617 7.30976 -88.0689 
v -123.404 3.09575 -81.5359 
v -123.404 3.09575 -81.7937 
v -123.404 5.86475 -81.5359 
v -123.404 5.86475 -81.7937 
v -119.401 3.09575 -87.1966 
v -119.401 5.86475 -87.1966 
v -131.801 3.09575 -87.1966 
v -131.801 5.86475 -87.1966 
v -131.543 5.86475 -87.1966 
v -131.367 -0.000240326 -82.0517 
v -144.563 -0.000240326 -88.0185 
v -144.563 -0.000240326 -88.6877 
v -144.563 -0.000240326 -106.961 
v -124.004 3.09575 -81.5359 
v -124.004 3.09575 -81.7937 
v -124.004 5.86475 -81.5359 
v -124.004 5.86475 -81.7937 
v -124.06 7.48476 -107.212 
v -124.06 7.28476 -107.212 
v -124.06 7.48476 -107.65 
v -124.06 7.28476 -107.65 
v -124.056 11.2957 -107.65 
v -124.056 11.2957 -107.212 
v -124.056 7.32076 -107.65 
v -124.056 7.32076 -107.212 
v -124.06 11.3308 -107.212 
v -124.06 11.1308 -107.212 
v -124.06 11.3308 -107.65 
v -124.06 11.1308 -107.65 
v -124.104 3.06075 -107.098 
v -124.104 3.16275 -107.098 
v -124.104 3.06075 -81.6758 
v -124.104 3.16176 -81.6758 
v -144.604 3.31876 -87.9758 
v -136.417 11.2848 -88.0689 
v -136.417 7.30976 -88.0689 
v -134.081 7.47376 -88.0689 
v -134.081 11.3188 -88.0689 
v -134.081 11.1188 -88.0689 
v -138.79 11.2848 -88.0689 
v -138.872 7.62076 -88.0834 
v -138.872 7.87876 -88.0834 
v -122.998 10.5838 -88.0832 
v -144.604 10.3258 -88.079 
v -127.701 7.62175 -88.0834 
v -127.701 7.87876 -88.0834 
v -134.154 7.62175 -88.0834 
v -144.604 7.87876 -88.079 
v -144.604 7.62076 -88.079 
v -144.604 14.5128 -88.0791 
v -144.604 12.4688 -88.0791 
v -123.155 3.12876 -88.0718 
v -127.597 10.8288 -88.0718 
v -127.855 3.12876 -88.0718 
v -136.417 11.2848 -88.507 
v -134.277 11.2848 -88.507 
v -138.79 11.2848 -88.507 
v -124.604 3.09575 -81.5359 
v -124.604 3.09575 -81.7937 
v -124.604 5.86475 -81.5359 
v -124.604 5.86475 -81.7937 
v -136.986 0.644764 -110.056 
v -144.555 11.2428 -95.7003 
v -144.259 12.2978 -84.0047 
v -123.155 10.8288 -88.5056 
v -127.855 10.8288 -88.5056 
v -125.204 3.09575 -81.5359 
v -125.204 3.09575 -81.7937 
v -125.204 5.86475 -81.5359 
v -125.204 5.86475 -81.7937 
v -122.998 10.5838 -88.517 
v -125.595 3.05875 -107.098 
v -125.595 3.16475 -107.098 
v -125.595 3.05875 -81.6758 
v -125.595 3.16376 -81.6758 
v -134.154 7.62175 -88.517 
v -125.804 3.09575 -81.5359 
v -125.804 3.09575 -81.7937 
v -125.804 5.86475 -81.5359 
v -125.804 5.86475 -81.7937 
v -144.257 20.6857 -97.707 
v -137.069 2.16875 -108.533 
v -126.404 3.09575 -81.5359 
v -126.404 3.09575 -81.7937 
v -126.404 5.86475 -81.5359 
v -126.404 5.86475 -81.7937 
v -127.004 3.09575 -81.5359 
v -127.004 3.09575 -81.7937 
v -127.004 5.86475 -81.5359 
v -127.004 5.86475 -81.7937 
v -119.401 3.09575 -85.1329 
v -119.401 3.09575 -86.933 
v -119.401 3.09575 -84.533 
v -119.401 3.09575 -87.5331 
v -131.801 3.09575 -83.9329 
v -131.801 3.09575 -83.3329 
v -131.543 3.09575 -85.1329 
v -131.801 3.09575 -85.1329 
v -131.801 3.09575 -87.5331 
v -131.801 3.09575 -86.933 
v -131.801 3.09575 -86.3329 
v -131.801 3.09575 -84.533 
v -127.104 3.06075 -107.098 
v -127.104 3.16275 -107.098 
v -127.104 3.06075 -81.6758 
v -127.104 3.16176 -81.6758 
v -141.278 3.12876 -107.195 
v -136.58 3.13076 -107.195 
v -127.597 3.12876 -88.5056 
v -131.367 3.21576 -85.2135 
v -127.597 10.8288 -88.5056 
v -127.597 10.8288 -88.0718 
v -127.597 3.12876 -88.5056 
v -127.597 3.12876 -88.0718 
v -127.604 3.09575 -81.5359 
v -127.604 3.09575 -81.7936 
v -127.604 5.86475 -81.5359 
v -127.604 5.86475 -81.7937 
v -127.701 7.87876 -88.0834 
v -127.701 7.62175 -88.0834 
v -127.701 7.87975 -88.517 
v -127.701 7.62175 -88.517 
v -127.74 5.61876 -88.0834 
v -127.74 5.36075 -88.0834 
v -127.74 5.61876 -88.5172 
v -127.74 5.36075 -88.5172 
v -127.762 10.5838 -88.0832 
v -127.762 10.3258 -88.0832 
v -127.762 10.5838 -88.517 
v -127.762 10.3258 -88.517 
v -131.901 6.07875 -82.0444 
v -131.876 3.24276 -84.3032 
v -144.604 7.87975 -95.5623 
v -144.604 7.87975 -100.36 
v -138.872 7.87876 -88.517 
v -118.164 10.3258 -95.515 
v -131.801 5.86475 -85.1329 
v -131.801 5.86475 -87.5331 
v -128.204 3.09575 -81.5359 
v -128.204 3.09575 -81.7936 
v -128.204 5.86475 -81.5359 
v -128.204 5.86475 -81.7937 
v -134.081 7.47376 -88.5071 
v -144.608 7.43175 -95.5039 
v -128.769 11.2957 -107.65 
v -128.769 11.2957 -107.212 
v -128.769 7.32076 -107.65 
v -128.769 7.32076 -107.212 
v -128.804 3.09575 -81.5359 
v -128.804 3.09575 -81.7936 
v -128.804 5.86475 -81.5359 
v -128.804 5.86475 -81.7937 
v -128.855 7.87975 -107.196 
v -128.855 7.62175 -107.196 
v -128.855 7.87975 -107.63 
v -128.855 7.62175 -107.63 
v -128.904 3.06075 -107.098 
v -128.904 3.16275 -107.098 
v -128.904 3.06075 -81.4758 
v -128.904 3.16176 -81.4758 
v -128.954 10.5838 -107.196 
v -128.954 10.3258 -107.196 
v -128.954 10.5838 -107.63 
v -128.954 10.3258 -107.63 
v -129.404 3.09575 -81.5359 
v -129.404 3.09575 -81.7936 
v -129.404 5.86475 -81.5359 
v -129.404 5.86475 -81.7937 
v -131.367 6.20975 -82.0517 
v -119.401 5.86475 -85.1329 
v -119.401 5.86475 -87.5331 
v -131.543 5.86475 -83.3329 
v -131.543 5.86475 -85.1329 
v -130.004 3.09575 -81.5359 
v -130.004 3.09575 -81.7936 
v -130.004 5.86475 -81.5359 
v -130.004 5.86475 -81.7937 
v -130.404 3.06075 -107.098 
v -130.404 3.16275 -107.098 
v -130.404 3.06075 -81.6758 
v -130.404 3.16176 -81.6758 
v -130.604 3.09575 -81.5358 
v -130.604 3.09575 -81.7936 
v -130.604 5.86475 -81.5359 
v -130.604 5.86475 -81.7936 
v -136.417 7.30976 -88.5071 
v -131.367 6.20975 -82.0517 
v -131.367 6.20975 -81.4824 
v -131.367 -0.000240326 -82.0517 
v -131.367 -0.000240326 -81.4824 
v -131.367 13.4098 -85.2134 
v -131.367 13.4098 -84.6442 
v -131.367 3.21576 -85.2135 
v -131.367 3.21576 -84.6443 
v -131.394 5.82175 -88.2113 
v -131.394 6.07875 -88.2113 
v -131.394 5.82175 -81.6569 
v -131.394 6.07875 -81.6569 
v -131.417 11.9018 -88.2113 
v -131.417 12.1598 -88.2113 
v -131.417 11.9018 -84.9569 
v -131.417 12.1598 -84.9569 
v -131.543 3.09575 -82.3965 
v -131.543 3.09575 -82.7329 
v -131.543 5.86475 -82.3965 
v -131.543 5.86475 -82.7329 
v -131.543 3.09575 -83.5965 
v -131.543 3.09575 -83.9329 
v -131.543 5.86475 -83.5965 
v -131.543 5.86475 -83.9329 
v -131.543 3.09575 -82.9965 
v -131.543 3.09575 -83.3329 
v -131.543 5.86475 -82.9965 
v -131.543 5.86475 -83.3329 
v -131.543 3.09575 -84.7965 
v -131.543 3.09575 -85.1329 
v -131.543 5.86475 -84.7965 
v -131.543 5.86475 -85.1329 
v -131.543 3.09575 -87.1966 
v -131.543 3.09575 -87.5331 
v -131.543 5.86475 -87.1966 
v -131.543 5.86475 -87.5331 
v -131.543 3.09575 -86.5966 
v -131.543 3.09575 -86.933 
v -131.543 5.86475 -86.5966 
v -131.543 5.86475 -86.933 
v -131.543 3.09575 -85.9967 
v -131.543 3.09575 -86.3329 
v -131.543 5.86475 -85.9967 
v -131.543 5.86475 -86.3329 
v -131.543 3.09575 -85.3966 
v -131.543 3.09575 -85.7329 
v -131.543 5.86475 -85.3966 
v -131.543 5.86475 -85.7329 
v -131.543 3.09575 -84.1965 
v -131.543 3.09575 -84.533 
v -131.543 5.86475 -84.1965 
v -131.543 5.86475 -84.533 
v -138.872 7.62076 -88.517 
v -144.558 11.0768 -95.5039 
v -131.904 3.06075 -107.098 
v -131.904 3.16275 -107.098 
v -131.904 3.06075 -87.9758 
v -131.904 3.16176 -87.9758 
v -133.404 3.06075 -107.098 
v -133.404 3.16275 -107.098 
v -133.404 3.06075 -87.9758 
v -133.404 3.16176 -87.9758 
v -137.069 2.35875 -108.533 
v -134.081 7.47376 -88.0689 
v -134.081 7.27376 -88.0689 
v -134.081 7.47376 -88.5071 
v -134.081 7.27376 -88.5071 
v -134.077 11.2848 -88.507 
v -134.077 11.2848 -88.0689 
v -134.077 7.30976 -88.5071 
v -134.077 7.30976 -88.0689 
v -134.081 11.3188 -88.0689 
v -134.081 11.1188 -88.0689 
v -134.081 11.3188 -88.507 
v -134.081 11.1188 -88.507 
v -137.086 1.59676 -109.294 
v -144.604 10.3258 -100.241 
v -136.986 0.835758 -110.056 
v -135.204 3.06075 -107.098 
v -135.204 3.16275 -107.098 
v -135.204 3.06075 -87.9758 
v -135.204 3.16176 -87.9758 
v -136.417 11.2848 -88.507 
v -136.417 11.2848 -88.0689 
v -136.417 7.30976 -88.5071 
v -136.417 7.30976 -88.0689 
v -136.58 10.9077 -107.195 
v -136.58 10.6498 -107.195 
v -136.58 10.9077 -107.629 
v -136.58 10.6498 -107.629 
v -136.579 10.8288 -107.629 
v -136.579 10.8288 -107.195 
v -136.578 3.12876 -107.629 
v -136.578 3.12876 -107.195 
v -136.58 3.38875 -107.195 
v -136.58 3.13076 -107.195 
v -136.58 3.38875 -107.629 
v -136.58 3.13076 -107.629 
v -136.704 3.06075 -107.098 
v -136.704 3.16275 -107.098 
v -136.704 3.06075 -87.9758 
v -136.704 3.16176 -87.9758 
v -136.79 0.355762 -111.39 
v -136.79 4.04175 -107.703 
v -136.79 0.000751495 -111.035 
v -136.79 3.68676 -107.348 
v -136.986 0.835758 -110.817 
v -136.986 0.835758 -110.056 
v -136.986 0.644764 -110.817 
v -136.986 0.644764 -110.056 
v -137.069 2.35875 -109.295 
v -137.069 2.35875 -108.533 
v -137.069 2.16875 -109.295 
v -137.069 2.16875 -108.533 
v -137.086 3.12076 -108.532 
v -137.086 3.12076 -107.77 
v -137.086 2.93076 -108.532 
v -137.086 2.93076 -107.77 
v -137.086 1.59676 -110.056 
v -137.086 1.59676 -109.294 
v -137.086 1.40676 -110.056 
v -137.086 1.40676 -109.294 
v -138.504 3.06075 -107.098 
v -138.504 3.16275 -107.098 
v -138.504 3.06075 -87.9758 
v -138.504 3.16176 -87.9758 
v -138.79 11.2848 -88.507 
v -138.79 11.2848 -88.0689 
v -138.79 7.30976 -88.5071 
v -138.79 7.30976 -88.0689 
v -138.872 7.87876 -88.0834 
v -138.872 7.62076 -88.0834 
v -138.872 7.87876 -88.517 
v -138.872 7.62076 -88.517 
v -138.885 10.5828 -88.0832 
v -138.885 10.3258 -88.0832 
v -138.885 10.5828 -88.517 
v -138.885 10.3258 -88.517 
v -140.004 3.06075 -107.098 
v -140.004 3.16275 -107.098 
v -140.004 3.06075 -87.9758 
v -140.004 3.16176 -87.9758 
v -140.932 0.355762 -111.39 
v -140.932 4.04175 -107.703 
v -140.932 0.000751495 -111.035 
v -140.932 3.68676 -107.348 
v -141.279 10.8288 -107.629 
v -141.279 10.8288 -107.195 
v -141.278 3.12876 -107.629 
v -141.278 3.12876 -107.195 
v -141.408 10.5838 -107.196 
v -141.408 10.3258 -107.196 
v -141.408 10.5838 -107.63 
v -141.408 10.3258 -107.63 
v -141.443 7.87975 -107.196 
v -141.443 7.62175 -107.196 
v -141.443 7.87975 -107.63 
v -141.443 7.62175 -107.63 
v -141.48 5.61876 -107.196 
v -141.48 5.36075 -107.196 
v -141.48 5.61876 -107.63 
v -141.48 5.36075 -107.63 
v -141.804 3.06075 -107.098 
v -141.804 3.16275 -107.098 
v -141.804 3.06075 -87.9758 
v -141.804 3.16176 -87.9758 
v -143.304 3.06075 -107.098 
v -143.304 3.16275 -107.098 
v -143.304 3.06075 -87.9758 
v -143.304 3.16176 -87.9758 
v -144.257 13.4978 -111.079 
v -144.257 21.2858 -98.0667 
v -144.257 12.8968 -110.719 
v -144.257 20.6857 -97.707 
v -144.259 21.2818 -98.0248 
v -144.259 12.9118 -83.6475 
v -144.259 20.6688 -98.3821 
v -144.259 12.2978 -84.0047 
v -144.564 15.6368 -88.6877 
v -144.564 15.6368 -88.0185 
v -144.563 -0.000240326 -88.6877 
v -144.563 -0.000240326 -88.0185 
v -144.564 15.6368 -107.631 
v -144.564 15.6368 -106.961 
v -144.563 -0.000240326 -107.631 
v -144.563 -0.000240326 -106.961 
v -144.604 10.3258 -95.5427 
v -144.604 10.5838 -95.5426 
v -144.604 10.3258 -88.079 
v -144.604 10.5828 -88.079 
v -144.604 5.36075 -107.201 
v -144.604 5.61876 -107.201 
v -144.604 5.36075 -88.079 
v -144.604 5.61876 -88.079 
v -144.604 7.62175 -95.5623 
v -144.604 7.87975 -95.5623 
v -144.604 7.62076 -88.079 
v -144.604 7.87876 -88.079 
v -144.604 3.06075 -107.098 
v -144.604 3.31876 -107.098 
v -144.604 3.06075 -87.9758 
v -144.604 3.31876 -87.9758 
v -144.604 7.62175 -107.317 
v -144.604 7.87975 -107.317 
v -144.604 7.62175 -100.36 
v -144.604 7.87975 -100.36 
v -144.604 10.3258 -107.201 
v -144.604 10.5838 -107.201 
v -144.604 10.3258 -100.241 
v -144.604 10.5838 -100.241 
v -144.604 14.5128 -107.201 
v -144.604 14.7708 -107.201 
v -144.604 14.5128 -88.0791 
v -144.604 14.7708 -88.0791 
v -144.604 12.4698 -107.201 
v -144.604 12.7278 -107.201 
v -144.604 12.4688 -88.0791 
v -144.604 12.7267 -88.0791 
v -144.61 7.23175 -100.414 
v -144.608 7.43175 -100.414 
v -144.61 7.23175 -95.5039 
v -144.608 7.43175 -95.5039 
v -144.555 11.2428 -95.7003 
v -144.555 11.2428 -95.5004 
v -144.61 7.26676 -95.7003 
v -144.61 7.26676 -95.5004 
v -144.555 11.2428 -100.413 
v -144.555 11.2428 -100.213 
v -144.61 7.26676 -100.413 
v -144.61 7.26676 -100.213 
v -144.558 11.0768 -100.414 
v -144.555 11.2768 -100.414 
v -144.558 11.0768 -95.5039 
v -144.555 11.2768 -95.5039 
v -141.033 0.835758 -110.817 
v -136.986 0.835758 -110.817 
v -141.033 0.644764 -110.817 
v -136.986 0.644764 -110.817 
v -136.79 0.355762 -111.39 
v -137.171 0.355762 -111.39 
v -141.033 1.59676 -110.056 
v -137.086 1.40676 -110.056 
v -145.64 21.2858 -98.0667 
v -145.64 13.4978 -111.079 
v -145.627 12.9118 -83.6475 
v -145.627 20.6688 -98.3821 
v -141.016 2.35875 -109.295 
v -137.069 2.35875 -109.295 
v -141.016 2.16875 -109.295 
v -137.069 2.16875 -109.295 
v -145.55 13.2008 -84.144 
v -145.55 12.5868 -84.5011 
v -145.521 13.7998 -110.573 
v -145.521 13.1998 -110.214 
v -116.859 21.2858 -98.0667 
v -116.859 13.4978 -111.079 
v -118.242 21.2858 -98.0667 
v -118.242 13.4978 -111.079 
v -144.257 21.2858 -98.0667 
v -144.257 13.4978 -111.079 
v -145.64 21.2858 -98.0667 
v -145.64 13.4978 -111.079 
v -117.009 13.5008 -111.074 
v -145.521 13.5008 -111.074 
v -117.009 13.7998 -110.573 
v -145.521 13.7998 -110.573 
v -145.163 15.6368 -88.0185 
v -145.163 15.6368 -88.6877 
v -145.163 15.6368 -106.961 
v -145.163 15.6368 -107.631 
v -144.996 11.0828 -100.414 
v -144.993 11.2827 -95.5039 
v -144.996 11.0828 -95.5039 
v -145.046 7.43776 -100.414 
v -145.046 7.43776 -95.5039 
v -144.993 11.2488 -100.213 
v -145.045 7.87876 -88.517 
v -145.045 7.62076 -88.517 
v -145.045 12.7267 -107.63 
v -145.045 14.7808 -107.63 
v -145.038 10.5838 -95.5426 
v -145.038 10.3258 -88.079 
v -145.037 5.61876 -107.201 
v -145.037 5.61876 -88.079 
v -145.037 5.36075 -88.079 
v -145.045 14.7708 -88.5172 
v -145.045 14.5128 -88.5172 
v -145.045 14.7708 -88.0834 
v -145.045 12.7267 -88.5172 
v -145.045 12.7267 -88.0834 
v -145.045 5.36075 -88.5172 
v -145.045 3.31876 -88.4139 
v -145.038 7.87975 -95.5623 
v -145.038 7.87876 -88.079 
v -145.038 3.31876 -107.098 
v -145.038 3.31876 -87.9758 
v -145.038 7.87975 -107.317 
v -145.038 7.87975 -100.36 
v -145.038 10.5838 -107.201 
v -145.038 10.3258 -100.241 
v -145.038 14.5128 -107.201 
v -145.038 14.7708 -88.0791 
v -145.038 12.4698 -107.201 
v -145.038 12.7267 -88.0791 
v -145.045 3.31775 -107.527 
v -145.015 10.3248 -88.517 
v -145.015 10.5828 -88.0832 
v -141.033 3.12076 -108.532 
v -141.033 2.93076 -108.532 
v -137.086 2.93076 -108.532 
v -144.739 14.9128 -97.9669 
v -144.739 14.9128 -97.3523 
v -144.65 3.19675 -104.538 
v -144.65 3.09575 -104.538 
v -144.65 3.19675 -105.038 
v -144.65 3.19675 -104.604 
v -144.65 3.19675 -106.538 
v -144.65 3.19675 -106.104 
v -144.65 3.19675 -107.038 
v -144.65 3.09575 -107.038 
v -144.65 3.19675 -106.038 
v -144.65 3.19675 -105.604 
v -144.65 3.19675 -102.104 
v -144.65 3.19675 -89.5377 
v -144.65 3.19675 -89.1039 
v -144.65 3.19675 -92.5377 
v -144.65 3.09575 -92.5377 
v -144.65 3.19675 -100.538 
v -144.65 3.19675 -100.104 
v -144.65 3.19675 -94.5376 
v -144.65 3.19675 -94.1039 
v -144.65 3.19675 -101.038 
v -144.65 3.19675 -100.604 
v -144.65 3.19675 -95.0376 
v -144.65 3.19675 -94.6039 
v -144.65 3.09575 -94.6039 
v -144.65 3.19675 -96.5376 
v -144.65 3.19675 -96.1039 
v -144.65 3.19675 -91.0377 
v -144.65 3.19675 -90.6039 
v -144.65 3.19675 -104.038 
v -144.65 3.19675 -103.604 
v -144.65 3.19675 -97.5376 
v -144.65 3.09575 -97.5376 
v -144.65 3.19675 -97.1039 
v -144.65 3.19675 -98.0376 
v -144.65 3.19675 -98.5376 
v -144.65 3.19675 -98.1039 
v -144.65 3.19675 -99.6039 
v -144.65 3.19675 -103.104 
v -144.65 3.19675 -99.5376 
v -144.65 3.19675 -99.1039 
v -144.65 3.09476 -90.5377 
v -144.65 3.19675 -102.038 
v -144.65 3.19675 -101.604 
v -144.65 3.19675 -103.038 
v -144.65 3.19675 -102.604 
v -144.65 3.09476 -89.0377 
v -144.65 3.19675 -88.6039 
v -144.65 3.09476 -88.6039 
v -144.65 3.19675 -93.5377 
v -144.65 3.19675 -93.1039 
v -144.65 3.19675 -95.6039 
v -144.65 3.19675 -90.0377 
v -144.65 3.09575 -101.538 
v -144.65 3.09575 -101.104 
v -144.65 3.19675 -92.6039 
v -144.65 3.19675 -92.0377 
v -144.65 3.09575 -91.6039 
v -144.65 3.19675 -93.6039 
v -144.65 3.09476 -91.5377 
v -144.65 3.19675 -95.5376 
v -144.65 3.19675 -95.1039 
v -144.65 3.19675 -88.5375 
v -144.65 3.09476 -88.1039 
v -144.65 3.19675 -105.104 
v -128.97 7.48476 -107.65 
v -128.97 11.3308 -107.65 
v -124.06 11.1308 -107.65 
v -141.408 10.3258 -107.63 
v -136.58 10.6498 -107.629 
v -136.626 10.5838 -107.63 
v -117.725 7.62175 -107.63 
v -124.115 7.87975 -107.63 
v -118.195 15.6368 -107.631 
v -117.595 15.6368 -107.631 
v -117.726 12.4688 -107.63 
v -117.726 14.5228 -107.63 
v -141.443 7.62175 -107.63 
v -141.278 3.12876 -107.629 
v -144.564 15.6368 -107.631 
v -136.836 3.12876 -107.629 
v -136.578 3.12876 -107.629 
v -136.686 7.87975 -107.63 
v -117.725 3.31876 -107.527 
v -143.738 3.16275 -107.098 
v -143.738 3.06075 -87.9758 
v -144.604 7.87975 -107.317 
v -117.73 5.36075 -107.201 
v -118.164 5.61876 -107.201 
v -117.73 14.7708 -107.201 
v -118.164 14.7708 -107.201 
v -117.73 12.7267 -107.201 
v -118.164 12.7267 -107.201 
v -118.164 12.4688 -107.201 
v -117.73 7.87975 -107.201 
v -117.73 7.62175 -107.201 
v -118.164 7.87975 -107.201 
v -117.73 10.3258 -107.201 
v -118.164 10.5838 -107.201 
v -144.604 5.36075 -107.201 
v -144.604 10.3258 -107.201 
v -144.604 14.7708 -107.201 
v -144.604 12.7278 -107.201 
v -127.104 3.16275 -107.098 
v -127.104 3.06075 -107.098 
v -127.537 3.16275 -107.098 
v -125.595 3.05875 -107.098 
v -126.046 3.16475 -107.098 
v -124.104 3.06075 -107.098 
v -124.537 3.16275 -107.098 
v -124.537 3.06075 -107.098 
v -128.904 3.06075 -107.098 
v -129.337 3.16275 -107.098 
v -129.337 3.06075 -107.098 
v -138.504 3.06075 -107.098 
v -138.938 3.16275 -107.098 
v -119.104 3.06075 -107.098 
v -119.737 3.16275 -107.098 
v -119.737 3.06075 -107.098 
v -135.204 3.06075 -107.098 
v -135.638 3.16275 -107.098 
v -120.768 3.05275 -107.098 
v -121.273 3.17075 -107.098 
v -122.604 3.16275 -107.098 
v -122.604 3.06075 -107.098 
v -123.037 3.16275 -107.098 
v -118.164 3.31876 -107.098 
v -136.704 3.06075 -107.098 
v -137.138 3.16275 -107.098 
v -133.404 3.06075 -107.098 
v -133.838 3.16275 -107.098 
v -144.604 3.31876 -107.098 
v -131.904 3.16275 -107.098 
v -131.904 3.06075 -107.098 
v -132.337 3.16275 -107.098 
v -140.004 3.06075 -107.098 
v -140.438 3.16275 -107.098 
v -130.404 3.06075 -107.098 
v -130.837 3.16275 -107.098 
v -143.304 3.16275 -107.098 
v -143.304 3.06075 -107.098 
v -141.804 3.06075 -107.098 
v -142.238 3.16275 -107.098 
v -118.117 3.09575 -107.038 
v -118.117 3.19675 -107.038 
v -116.859 20.6857 -97.707 
v -116.861 21.2818 -98.0248 
v -116.861 12.9207 -83.6632 
v -116.861 12.3068 -84.0204 
v -116.89 13.2008 -84.144 
v -118.117 3.09575 -106.538 
v -117.009 13.1998 -110.214 
v -118.117 3.09575 -106.038 
v -142.238 3.06075 -87.9758 
v -117.595 15.6368 -106.961 
v -117.595 15.6368 -88.6876 
v -117.595 15.6368 -88.0185 
v -119.063 3.25975 -81.3793 
v -131.961 3.00176 -81.3793 
v -117.725 7.87975 -88.0834 
v -117.725 7.62175 -88.0834 
v -117.725 7.87975 -88.517 
v -117.726 10.5838 -88.517 
v -117.725 5.61876 -88.5172 
v -117.726 14.5228 -107.196 
v -117.726 14.7708 -88.0834 
v -117.726 14.5128 -88.0834 
v -117.726 14.7708 -88.5172 
v -117.726 12.7267 -88.0834 
v -117.726 12.7267 -88.5172 
v -117.725 3.31876 -87.9801 
v -117.725 3.31876 -88.4139 
v -117.725 3.06075 -88.4139 
v -117.725 3.31876 -107.093 
v -117.73 3.31775 -87.9758 
v -117.73 5.61876 -88.079 
v -117.73 10.3258 -95.515 
v -117.73 10.5838 -88.079 
v -117.73 7.62175 -95.5005 
v -117.73 7.87975 -95.5005 
v -117.73 12.4688 -88.0791 
v -117.73 7.62175 -100.296 
v -117.73 7.87975 -100.296 
v -117.73 10.5838 -100.245 
v -117.684 11.2488 -95.6538 
v -117.737 7.43776 -100.367 
v -117.737 7.43776 -95.4575 
v -117.684 11.2488 -100.366 
v -117.684 11.2488 -100.166 
v -117.684 11.2827 -100.367 
v -117.687 11.0828 -95.4575 
v -118.992 6.29976 -81.4824 
v -119.592 6.29976 -81.4824 
v -118.993 5.82175 -81.4828 
v -118.993 6.07875 -81.4828 
v -131.901 6.07875 -81.4828 
v -120.14 3.09575 -81.5358 
v -130.941 3.09575 -81.5358 
v -129.404 3.09575 -81.5359 
v -129.14 3.09575 -81.5359 
v -128.804 3.09575 -81.5359 
v -127.604 3.09575 -81.5359 
v -118.117 3.09575 -105.538 
v -119.567 5.82175 -81.6569 
v -118.994 5.82175 -81.6569 
v -131.394 6.07875 -81.6569 
v -131.394 5.82175 -81.6569 
v -127.104 3.16176 -81.6758 
v -125.595 3.16376 -81.6758 
v -124.104 3.16176 -81.6758 
v -121.273 3.05176 -81.6758 
v -120.768 3.17075 -81.6758 
v -123.037 3.06075 -81.6758 
v -122.604 3.16176 -81.6758 
v -130.837 3.06075 -81.6758 
v -118.042 14.9128 -97.3522 
v -118.042 14.9128 -97.9669 
v -118.117 3.19675 -104.538 
v -118.117 3.19675 -104.604 
v -118.117 3.09575 -104.604 
v -118.117 3.19675 -106.104 
v -118.117 3.09575 -106.604 
v -118.117 3.19675 -102.104 
v -118.117 3.19675 -89.1039 
v -118.117 3.09575 -89.5377 
v -118.117 3.19675 -92.5377 
v -118.117 3.09575 -92.5377 
v -118.117 3.19675 -100.104 
v -118.117 3.19675 -94.1039 
v -118.117 3.19675 -94.5376 
v -118.117 3.19675 -100.604 
v -118.117 3.19675 -101.038 
v -118.117 3.19675 -94.6039 
v -118.117 3.09575 -94.6039 
v -118.117 3.19675 -95.0376 
v -118.117 3.19675 -96.1039 
v -118.117 3.19675 -96.5376 
v -118.117 3.19675 -90.6039 
v -118.117 3.19675 -91.0377 
v -118.117 3.19675 -103.604 
v -118.117 3.19675 -104.038 
v -118.117 3.19675 -97.1039 
v -118.117 3.19675 -97.5376 
v -118.117 3.19675 -98.0376 
v -118.117 3.19675 -98.1039 
v -118.117 3.19675 -98.5376 
v -118.117 3.09575 -99.6039 
v -118.117 3.19675 -103.104 
v -118.117 3.19675 -99.1039 
v -118.117 3.19675 -99.5376 
v -118.117 3.19675 -90.1039 
v -118.117 3.09575 -90.1039 
v -118.117 3.19675 -101.604 
v -118.117 3.09575 -102.038 
v -118.117 3.19675 -102.604 
v -118.117 3.19675 -103.038 
v -118.117 3.19675 -88.6039 
v -118.117 3.19675 -93.1039 
v -118.117 3.19675 -93.5377 
v -118.117 3.19675 -95.6039 
v -118.117 3.19675 -89.6039 
v -118.117 3.19675 -101.104 
v -118.117 3.19675 -101.538 
v -118.117 3.19675 -92.6039 
v -118.117 3.19675 -91.6039 
v -118.117 3.19675 -92.0377 
v -118.117 3.19675 -93.6039 
v -118.117 3.19675 -91.5377 
v -118.117 3.19675 -95.1039 
v -118.117 3.09575 -95.5376 
v -118.117 3.19675 -88.1039 
v -118.117 3.09575 -88.1039 
v -118.117 3.19675 -88.5375 
v -118.117 3.19675 -105.104 
v -119.39 3.10175 -81.8694 
v -119.39 3.24276 -81.8694 
v -131.876 3.10175 -81.8694 
v -119.737 3.06075 -81.8758 
v -119.104 3.16176 -81.8758 
v -141.542 10.9077 -107.195 
v -141.542 10.6498 -107.195 
v -144.259 21.2818 -98.0248 
v -118.23 20.6688 -98.3821 
v -119.39 3.24276 -82.3694 
v -131.801 3.09575 -82.3965 
v -131.543 3.09575 -82.3965 
v -131.801 5.86475 -82.3965 
v -141.033 2.93076 -107.77 
v -141.033 1.59676 -109.294 
v -141.033 1.40676 -109.294 
v -141.033 0.835758 -110.056 
v -141.033 0.644764 -110.056 
v -141.016 2.35875 -108.533 
v -118.242 12.8968 -110.719 
v -144.259 12.9118 -83.6475 
v -144.259 21.2818 -98.0248 
v -145.627 12.9118 -83.6475 
v -145.627 21.2818 -98.0248 
v -116.861 12.9207 -83.6632 
v -116.861 21.2818 -98.0248 
v -118.23 12.9207 -83.6632 
v -118.23 21.2818 -98.0248 
v -145.55 12.9028 -83.6319 
v -116.89 12.9028 -83.6319 
v -145.55 13.2008 -84.144 
v -116.89 13.2008 -84.144 
v -118.994 11.9018 -88.2113 
v -118.994 12.1598 -88.2113 
v -118.994 12.1598 -84.9569 
v -118.994 5.82175 -88.2113 
v -118.994 6.07875 -88.2113 
v -118.992 6.29976 -82.0517 
v -118.992 13.4998 -85.2134 
v -118.992 13.4998 -84.6443 
v -118.993 6.07875 -82.0444 
v -118.993 5.82175 -82.0444 
v -119.063 3.00176 -81.7076 
v -119.143 3.09575 -85.1329 
v -119.143 5.86475 -87.1966 
v -119.39 3.24276 -82.8694 
v -131.801 3.09575 -82.9965 
v -140.438 3.16176 -87.9758 
v -140.438 3.06075 -87.9758 
v -119.39 3.24276 -85.8694 
v -119.39 3.10175 -85.8694 
v -119.39 3.24276 -85.3695 
v -119.39 3.24276 -84.8694 
v -119.39 3.24276 -84.3694 
v -119.39 3.10175 -84.8032 
v -119.39 3.24276 -83.8694 
v -119.39 3.10175 -84.3032 
v -119.39 3.24276 -83.3694 
v -119.39 3.10175 -83.3694 
v -119.39 3.10175 -82.3032 
v -119.39 3.10175 -83.3032 
v -119.39 3.24276 -87.3695 
v -119.39 3.10175 -87.3695 
v -119.39 3.24276 -86.8695 
v -119.39 3.24276 -86.3695 
v -119.39 3.24276 -87.8695 
v -119.39 3.24276 -88.3033 
v -119.804 5.86475 -81.7936 
v -119.401 3.09575 -83.5965 
v -131.801 3.09575 -83.5965 
v -117.595 15.6368 -107.631 
v -118.195 15.6368 -107.631 
v -117.595 15.6368 -106.961 
v -118.195 15.6368 -106.961 
v -117.595 15.6368 -88.6876 
v -118.195 15.6368 -88.6876 
v -117.595 15.6368 -88.0185 
v -118.195 15.6368 -88.0185 
v -144.564 15.6368 -88.6877 
v -145.163 15.6368 -88.6877 
v -144.564 15.6368 -88.0185 
v -145.163 15.6368 -88.0185 
v -144.564 15.6368 -107.631 
v -145.163 15.6368 -107.631 
v -144.564 15.6368 -106.961 
v -145.163 15.6368 -106.961 
v -120.404 3.09575 -81.7936 
v -119.401 3.09575 -84.1965 
v -138.991 7.47376 -88.0689 
v -138.991 11.3188 -88.507 
v -138.991 11.3188 -88.0689 
v -138.99 11.2848 -88.507 
v -138.99 7.30976 -88.5071 
v -138.938 3.06075 -87.9758 
v -144.739 14.9128 -97.9669 
v -144.739 14.9128 -97.3523 
v -118.042 14.9128 -97.9669 
v -118.042 14.9128 -97.3522 
v -131.367 13.4098 -84.6442 
v -131.967 13.4098 -84.6442 
v -119.592 13.4998 -84.6443 
v -117.726 14.7808 -107.196 
v -117.726 14.7808 -107.63 
v -145.045 14.7808 -107.196 
v -145.045 14.7808 -107.63 
v -117.73 14.7708 -107.201 
v -118.164 14.7708 -107.201 
v -117.73 14.7708 -88.0791 
v -118.164 14.7708 -88.0791 
v -117.726 14.7708 -88.0834 
v -117.726 14.7708 -88.5172 
v -145.045 14.7708 -88.0834 
v -145.045 14.7708 -88.5172 
v -144.604 14.7708 -107.201 
v -145.038 14.7708 -107.201 
v -144.604 14.7708 -88.0791 
v -145.038 14.7708 -88.0791 
v -131.801 3.09575 -84.7965 
v -131.876 3.24276 -84.8694 
v -140.932 4.04175 -107.703 
v -140.932 0.355762 -111.39 
v -141.313 4.04175 -107.703 
v -141.313 0.355762 -111.39 
v -136.79 4.04175 -107.703 
v -136.79 0.355762 -111.39 
v -137.171 4.04175 -107.703 
v -137.171 0.355762 -111.39 
v -131.953 11.9018 -84.9569 
v -131.417 12.1598 -84.9569 
v -119.567 11.9018 -84.9569 
v -119.401 3.09575 -85.3966 
v -131.801 3.09575 -85.3966 
v -122.204 3.09575 -81.7936 
v -119.592 13.4998 -84.6443 
v -118.992 13.4998 -84.6443 
v -119.592 13.4998 -85.2134 
v -118.992 13.4998 -85.2134 
v -119.401 3.09575 -85.9967 
v -131.801 3.09575 -85.9967 
v -131.967 13.4098 -84.6442 
v -131.367 13.4098 -84.6442 
v -131.967 13.4098 -85.2134 
v -131.367 13.4098 -85.2134 
v -137.171 3.68676 -107.348 
v -137.138 3.06075 -87.9758 
v -122.898 3.38875 -88.0718 
v -122.898 3.38875 -88.5056 
v -122.898 10.9077 -88.0718 
v -122.898 10.9077 -88.5056 
v -122.898 10.6498 -88.5056 
v -144.555 11.2768 -100.414 
v -144.558 11.0768 -100.414 
v -144.608 7.43175 -100.414 
v -117.726 12.7267 -107.196 
v -117.726 12.7267 -107.63 
v -145.045 12.7267 -107.196 
v -145.045 12.7267 -107.63 
v -117.73 12.7267 -107.201 
v -118.164 12.7267 -107.201 
v -117.73 12.7267 -88.0791 
v -118.164 12.7267 -88.0791 
v -117.726 12.7267 -88.0834 
v -117.726 12.7267 -88.5172 
v -145.045 12.7267 -88.0834 
v -145.045 12.7267 -88.5172 
v -144.604 12.7278 -107.201 
v -145.038 12.7278 -107.201 
v -144.604 12.7267 -88.0791 
v -145.038 12.7267 -88.0791 
v -118.122 11.2888 -100.367 
v -118.175 7.44376 -100.367 
v -136.686 7.62175 -107.196 
v -136.617 11.2848 -88.0689 
v -136.617 11.2848 -88.507 
v -136.626 10.3258 -107.196 
v -119.401 3.09575 -87.1966 
v -131.801 3.09575 -87.1966 
v -131.543 5.86475 -87.1966 
v -131.417 12.1598 -88.2113 
v -131.953 12.1598 -88.2113 
v -131.417 12.1598 -84.9569 
v -131.953 12.1598 -84.9569 
v -118.994 12.1598 -88.2113 
v -119.567 12.1598 -88.2113 
v -118.994 12.1598 -84.9569 
v -119.567 12.1598 -84.9569 
v -124.06 7.48476 -107.212 
v -124.06 11.3308 -107.212 
v -135.638 3.06075 -87.9758 
v -131.876 3.10175 -87.8695 
v -138.504 3.16176 -87.9758 
v -135.204 3.16176 -87.9758 
v -118.164 3.31775 -87.9758 
v -136.704 3.16176 -87.9758 
v -133.838 3.06075 -87.9758 
v -133.404 3.16176 -87.9758 
v -144.604 3.31876 -87.9758 
v -132.337 3.06075 -87.9758 
v -131.904 3.16176 -87.9758 
v -140.004 3.16176 -87.9758 
v -143.304 3.16176 -87.9758 
v -143.304 3.06075 -87.9758 
v -141.804 3.16176 -87.9758 
v -117.684 11.2827 -100.367 
v -118.122 11.2888 -100.367 
v -117.684 11.2827 -95.4575 
v -118.122 11.2888 -95.4575 
v -136.417 11.2848 -88.0689 
v -134.081 7.47376 -88.0689 
v -117.684 11.2488 -95.4538 
v -117.684 11.2488 -95.6538 
v -118.123 11.2547 -95.4538 
v -118.123 11.2547 -95.6538 
v -117.684 11.2488 -100.166 
v -117.684 11.2488 -100.366 
v -118.123 11.2547 -100.166 
v -118.123 11.2547 -100.366 
v -134.081 11.3188 -88.0689 
v -134.081 11.1188 -88.0689 
v -138.79 11.2848 -88.0689 
v -138.872 7.87876 -88.0834 
v -127.861 3.38875 -88.0718 
v -123.045 7.87975 -88.0834 
v -122.998 10.3258 -88.0832 
v -122.998 10.5838 -88.0832 
v -123.045 5.61876 -88.0834 
v -118.164 5.61876 -88.079 
v -118.164 5.36075 -88.079 
v -118.164 10.3258 -88.079 
v -118.164 14.5128 -88.0791 
v -144.604 10.5828 -88.079 
v -144.604 5.61876 -88.079 
v -127.701 7.62175 -88.0834 
v -127.701 7.87876 -88.0834 
v -134.154 7.62175 -88.0834 
v -134.154 7.87876 -88.0834 
v -127.74 5.36075 -88.0834 
v -138.885 10.3258 -88.0832 
v -144.604 7.87876 -88.079 
v -127.762 10.5838 -88.0832 
v -134.145 10.5828 -88.0832 
v -144.604 12.4688 -88.0791 
v -123.155 10.8288 -88.0718 
v -127.597 10.8288 -88.0718 
v -128.97 11.3308 -107.65 
v -128.97 11.3308 -107.212 
v -124.06 11.3308 -107.65 
v -124.06 11.3308 -107.212 
v -138.991 11.3188 -88.507 
v -138.991 11.3188 -88.0689 
v -134.081 11.3188 -88.507 
v -134.081 11.3188 -88.0689 
v -136.417 11.2848 -88.507 
v -136.617 11.2848 -88.507 
v -136.417 11.2848 -88.0689 
v -136.617 11.2848 -88.0689 
v -124.056 11.2957 -107.65 
v -124.256 11.2957 -107.65 
v -124.056 11.2957 -107.212 
v -124.256 11.2957 -107.212 
v -128.769 11.2957 -107.65 
v -128.969 11.2957 -107.65 
v -128.769 11.2957 -107.212 
v -128.969 11.2957 -107.212 
v -134.077 11.2848 -88.507 
v -134.277 11.2848 -88.507 
v -134.077 11.2848 -88.0689 
v -134.277 11.2848 -88.0689 
v -138.79 11.2848 -88.507 
v -138.99 11.2848 -88.507 
v -138.79 11.2848 -88.0689 
v -138.99 11.2848 -88.0689 
v -124.604 3.09575 -81.7937 
v -144.555 11.2768 -100.414 
v -144.993 11.2827 -100.414 
v -144.555 11.2768 -95.5039 
v -144.993 11.2827 -95.5039 
v -144.555 11.2428 -95.5004 
v -144.555 11.2428 -95.7003 
v -144.993 11.2488 -95.5004 
v -144.993 11.2488 -95.7003 
v -144.555 11.2428 -100.213 
v -144.555 11.2428 -100.413 
v -144.993 11.2488 -100.213 
v -144.993 11.2488 -100.413 
v -118.23 12.3068 -84.0204 
v -141.542 10.9077 -107.629 
v -141.542 10.9077 -107.195 
v -136.58 10.9077 -107.629 
v -136.58 10.9077 -107.195 
v -127.861 10.9077 -88.5056 
v -127.861 10.9077 -88.0718 
v -122.898 10.9077 -88.5056 
v -122.898 10.9077 -88.0718 
v -118.164 7.87876 -88.5955 
v -118.164 7.62175 -88.5955 
v -141.279 10.8288 -107.629 
v -141.536 10.8288 -107.629 
v -141.279 10.8288 -107.195 
v -141.536 10.8288 -107.195 
v -136.579 10.8288 -107.629 
v -136.836 10.8288 -107.629 
v -136.579 10.8288 -107.195 
v -136.836 10.8288 -107.195 
v -122.897 10.8288 -88.5056 
v -123.155 10.8288 -88.5056 
v -122.897 10.8288 -88.0718 
v -123.155 10.8288 -88.0718 
v -127.597 10.8288 -88.5056 
v -127.855 10.8288 -88.5056 
v -127.597 10.8288 -88.0718 
v -127.855 10.8288 -88.0718 
v -141.408 10.5838 -107.196 
v -141.408 10.5838 -107.63 
v -145.045 10.5838 -107.196 
v -145.045 10.5838 -107.63 
v -128.954 10.5838 -107.196 
v -128.954 10.5838 -107.63 
v -136.626 10.5838 -107.196 
v -136.626 10.5838 -107.63 
v -117.726 10.5838 -88.0832 
v -117.726 10.5838 -88.517 
v -122.998 10.5838 -88.0832 
v -122.998 10.5838 -88.517 
v -117.983 10.5838 -107.196 
v -117.983 10.5838 -107.63 
v -124.091 10.5838 -107.196 
v -124.091 10.5838 -107.63 
v -117.73 10.5838 -95.515 
v -118.164 10.5838 -95.515 
v -117.73 10.5838 -88.079 
v -118.164 10.5838 -88.079 
v -117.73 10.5838 -107.201 
v -118.164 10.5838 -107.201 
v -117.73 10.5838 -100.245 
v -118.164 10.5838 -100.245 
v -144.604 10.5838 -95.5426 
v -145.038 10.5838 -95.5426 
v -144.604 10.5828 -88.079 
v -145.038 10.5828 -88.079 
v -138.885 10.5828 -88.0832 
v -138.885 10.5828 -88.517 
v -145.015 10.5828 -88.0832 
v -145.015 10.5828 -88.517 
v -127.762 10.5838 -88.0832 
v -127.762 10.5838 -88.517 
v -134.145 10.5828 -88.0832 
v -134.145 10.5828 -88.517 
v -144.604 10.5838 -107.201 
v -145.038 10.5838 -107.201 
v -144.604 10.5838 -100.241 
v -145.038 10.5838 -100.241 
v -134.154 7.87876 -88.517 
v -134.154 7.62175 -88.517 
v -134.145 10.3258 -88.517 
v -144.257 20.6857 -97.707 
v -127.004 3.09575 -81.7937 
v -131.801 3.09575 -82.7329 
v -122.54 3.09575 -81.7936 
v -119.401 3.09575 -85.1329 
v -119.401 3.09575 -84.533 
v -119.401 3.09575 -82.7329 
v -131.801 3.09575 -83.9329 
v -131.801 3.09575 -83.3329 
v -130.341 3.09575 -81.7936 
v -128.804 3.09575 -81.7936 
v -131.543 3.09575 -85.1329 
v -131.801 3.09575 -87.5331 
v -131.801 3.09575 -84.533 
v -127.604 3.09575 -81.7936 
v -126.14 3.09575 -81.7937 
v -123.14 3.09575 -81.7936 
v -127.701 7.87975 -88.517 
v -127.74 5.61876 -88.5172 
v -127.762 10.3258 -88.517 
v -131.967 6.07875 -88.2113 
v -131.967 5.82175 -88.2113 
v -131.961 3.25975 -81.7076 
v -131.901 6.07875 -82.0444 
v -131.901 5.82175 -82.0444 
v -131.876 3.24276 -86.3032 
v -131.876 3.24276 -85.8032 
v -131.876 3.24276 -85.3032 
v -131.876 3.24276 -84.8032 
v -131.876 3.24276 -84.3032 
v -131.876 3.24276 -83.8032 
v -131.876 3.24276 -82.8032 
v -131.876 3.24276 -82.3032 
v -131.876 3.24276 -83.3032 
v -131.876 3.24276 -87.8033 
v -131.876 3.24276 -87.3033 
v -131.876 3.24276 -86.8032 
v -131.876 3.24276 -88.3033 
v -117.725 7.87975 -88.0834 
v -117.725 7.87975 -88.517 
v -123.045 7.87975 -88.0834 
v -123.045 7.87975 -88.517 
v -117.725 7.87975 -107.196 
v -117.725 7.87975 -107.63 
v -124.115 7.87975 -107.196 
v -124.115 7.87975 -107.63 
v -117.73 7.87975 -95.5005 
v -118.164 7.87975 -95.5005 
v -117.73 7.87876 -88.5955 
v -118.164 7.87876 -88.5955 
v -117.73 7.87975 -107.201 
v -118.164 7.87975 -107.201 
v -117.73 7.87975 -100.296 
v -118.164 7.87975 -100.296 
v -127.701 7.87876 -88.0834 
v -127.701 7.87975 -88.517 
v -134.154 7.87876 -88.0834 
v -134.154 7.87876 -88.517 
v -144.604 7.87975 -95.5623 
v -144.604 7.87975 -95.5623 
v -145.038 7.87975 -95.5623 
v -144.604 7.87876 -88.079 
v -145.038 7.87876 -88.079 
v -144.604 7.87975 -107.317 
v -145.038 7.87975 -107.317 
v -144.604 7.87975 -100.36 
v -145.038 7.87975 -100.36 
v -128.855 7.87975 -107.196 
v -128.855 7.87975 -107.63 
v -136.686 7.87975 -107.196 
v -136.686 7.87975 -107.63 
v -138.872 7.87876 -88.0834 
v -138.872 7.87876 -88.517 
v -145.045 7.87876 -88.0834 
v -145.045 7.87876 -88.517 
v -144.604 10.3258 -95.5427 
v -141.443 7.87975 -107.196 
v -141.443 7.87975 -107.63 
v -145.045 7.87876 -107.196 
v -145.045 7.87975 -107.63 
v -118.164 7.62175 -95.5005 
v -117.737 7.43776 -100.367 
v -118.175 7.44376 -100.367 
v -117.737 7.43776 -95.4575 
v -118.175 7.44376 -95.4575 
v -128.97 7.48476 -107.65 
v -128.97 7.48476 -107.212 
v -124.06 7.48476 -107.65 
v -124.06 7.48476 -107.212 
v -138.991 7.47376 -88.5071 
v -138.991 7.47376 -88.0689 
v -134.081 7.47376 -88.5071 
v -134.081 7.47376 -88.0689 
v -144.608 7.43175 -100.414 
v -145.046 7.43776 -100.414 
v -144.608 7.43175 -95.5039 
v -145.046 7.43776 -95.5039 
v -123.045 5.36075 -88.5172 
v -119.592 6.29976 -81.4824 
v -118.992 6.29976 -81.4824 
v -119.592 6.29976 -82.0517 
v -118.992 6.29976 -82.0517 
v -131.967 6.20975 -81.4824 
v -131.367 6.20975 -81.4824 
v -131.967 6.20975 -82.0517 
v -131.367 6.20975 -82.0517 
v -118.994 6.07875 -88.2113 
v -119.567 6.07875 -88.2113 
v -118.994 6.07875 -81.6569 
v -119.567 6.07875 -81.6569 
v -131.394 6.07875 -88.2113 
v -131.967 6.07875 -88.2113 
v -131.394 6.07875 -81.6569 
v -131.967 6.07875 -81.6569 
v -118.993 6.07875 -81.4828 
v -118.993 6.07875 -82.0444 
v -131.901 6.07875 -81.4828 
v -131.901 6.07875 -82.0444 
v -119.567 5.82175 -88.2113 
v -131.394 5.82175 -88.2113 
v -131.543 5.86475 -82.7329 
v -131.801 5.86475 -82.7329 
v -131.543 5.86475 -82.3965 
v -131.801 5.86475 -82.3965 
v -122.204 5.86475 -81.5359 
v -122.204 5.86475 -81.7936 
v -122.54 5.86475 -81.5359 
v -122.54 5.86475 -81.7936 
v -121.604 5.86475 -81.5359 
v -121.604 5.86475 -81.7936 
v -121.94 5.86475 -81.5359 
v -121.94 5.86475 -81.7936 
v -121.004 5.86475 -81.5359 
v -121.004 5.86475 -81.7936 
v -121.34 5.86475 -81.5359 
v -121.34 5.86475 -81.7936 
v -120.404 5.86475 -81.5359 
v -120.404 5.86475 -81.7936 
v -120.74 5.86475 -81.5359 
v -120.74 5.86475 -81.7936 
v -119.804 5.86475 -81.5359 
v -119.804 5.86475 -81.7936 
v -120.14 5.86475 -81.5359 
v -120.14 5.86475 -81.7936 
v -119.143 5.86475 -85.1329 
v -119.401 5.86475 -85.1329 
v -119.143 5.86475 -84.7965 
v -119.401 5.86475 -84.7965 
v -119.143 5.86475 -86.933 
v -119.401 5.86475 -86.933 
v -119.143 5.86475 -86.5966 
v -119.401 5.86475 -86.5966 
v -119.143 5.86475 -86.3329 
v -119.401 5.86475 -86.3329 
v -119.143 5.86475 -85.9967 
v -119.401 5.86475 -85.9967 
v -119.143 5.86475 -85.7329 
v -119.401 5.86475 -85.7329 
v -119.143 5.86475 -85.3966 
v -119.401 5.86475 -85.3966 
v -119.143 5.86475 -84.533 
v -119.401 5.86475 -84.533 
v -119.143 5.86475 -84.1965 
v -119.401 5.86475 -84.1965 
v -119.143 5.86475 -83.9329 
v -119.401 5.86475 -83.9329 
v -119.143 5.86475 -83.5965 
v -119.401 5.86475 -83.5965 
v -119.143 5.86475 -83.3329 
v -119.401 5.86475 -83.3329 
v -119.143 5.86475 -82.9965 
v -119.401 5.86475 -82.9965 
v -119.143 5.86475 -82.7329 
v -119.401 5.86475 -82.7329 
v -119.143 5.86475 -82.3965 
v -119.401 5.86475 -82.3965 
v -119.143 5.86475 -87.5331 
v -119.401 5.86475 -87.5331 
v -119.143 5.86475 -87.1966 
v -119.401 5.86475 -87.1966 
v -131.543 5.86475 -83.9329 
v -131.801 5.86475 -83.9329 
v -131.543 5.86475 -83.5965 
v -131.801 5.86475 -83.5965 
v -131.543 5.86475 -83.3329 
v -131.801 5.86475 -83.3329 
v -131.543 5.86475 -82.9965 
v -131.801 5.86475 -82.9965 
v -130.604 5.86475 -81.5359 
v -130.604 5.86475 -81.7936 
v -130.941 5.86475 -81.5359 
v -130.941 5.86475 -81.7936 
v -130.004 5.86475 -81.5359 
v -130.004 5.86475 -81.7937 
v -130.341 5.86475 -81.5359 
v -130.341 5.86475 -81.7937 
v -129.404 5.86475 -81.5359 
v -129.404 5.86475 -81.7937 
v -129.741 5.86475 -81.5359 
v -129.741 5.86475 -81.7937 
v -128.804 5.86475 -81.5359 
v -128.804 5.86475 -81.7937 
v -129.14 5.86475 -81.5359 
v -129.14 5.86475 -81.7937 
v -131.543 5.86475 -85.1329 
v -131.801 5.86475 -85.1329 
v -131.543 5.86475 -84.7965 
v -131.801 5.86475 -84.7965 
v -131.543 5.86475 -87.5331 
v -131.801 5.86475 -87.5331 
v -131.543 5.86475 -87.1966 
v -131.801 5.86475 -87.1966 
v -131.543 5.86475 -86.933 
v -131.801 5.86475 -86.933 
v -131.543 5.86475 -86.5966 
v -131.801 5.86475 -86.5966 
v -131.543 5.86475 -86.3329 
v -131.801 5.86475 -86.3329 
v -131.543 5.86475 -85.9967 
v -131.801 5.86475 -85.9967 
v -131.543 5.86475 -85.7329 
v -131.801 5.86475 -85.7329 
v -131.543 5.86475 -85.3966 
v -131.801 5.86475 -85.3966 
v -131.543 5.86475 -84.533 
v -131.801 5.86475 -84.533 
v -131.543 5.86475 -84.1965 
v -131.801 5.86475 -84.1965 
v -128.204 5.86475 -81.5359 
v -128.204 5.86475 -81.7937 
v -128.54 5.86475 -81.5359 
v -128.54 5.86475 -81.7937 
v -127.604 5.86475 -81.5359 
v -127.604 5.86475 -81.7937 
v -127.94 5.86475 -81.5359 
v -127.94 5.86475 -81.7937 
v -127.004 5.86475 -81.5359 
v -127.004 5.86475 -81.7937 
v -127.34 5.86475 -81.5359 
v -127.34 5.86475 -81.7937 
v -126.404 5.86475 -81.5359 
v -126.404 5.86475 -81.7937 
v -126.74 5.86475 -81.5359 
v -126.74 5.86475 -81.7937 
v -125.804 5.86475 -81.5359 
v -125.804 5.86475 -81.7937 
v -126.14 5.86475 -81.5359 
v -126.14 5.86475 -81.7937 
v -125.204 5.86475 -81.5359 
v -125.204 5.86475 -81.7937 
v -125.54 5.86475 -81.5359 
v -125.54 5.86475 -81.7937 
v -124.604 5.86475 -81.5359 
v -124.604 5.86475 -81.7937 
v -124.94 5.86475 -81.5359 
v -124.94 5.86475 -81.7937 
v -124.004 5.86475 -81.5359 
v -124.004 5.86475 -81.7937 
v -124.34 5.86475 -81.5359 
v -124.34 5.86475 -81.7937 
v -123.404 5.86475 -81.5359 
v -123.404 5.86475 -81.7937 
v -123.74 5.86475 -81.5359 
v -123.74 5.86475 -81.7937 
v -122.804 5.86475 -81.5359 
v -122.804 5.86475 -81.7936 
v -123.14 5.86475 -81.5359 
v -123.14 5.86475 -81.7936 
v -118.006 5.61876 -107.196 
v -118.006 5.61876 -107.63 
v -136.712 5.61876 -107.196 
v -136.712 5.61876 -107.63 
v -117.725 5.61876 -88.0834 
v -117.725 5.61876 -88.5172 
v -123.045 5.61876 -88.0834 
v -123.045 5.61876 -88.5172 
v -117.73 5.61876 -107.201 
v -118.164 5.61876 -107.201 
v -117.73 5.61876 -88.079 
v -118.164 5.61876 -88.079 
v -144.604 5.61876 -107.201 
v -145.037 5.61876 -107.201 
v -144.604 5.61876 -88.079 
v -145.037 5.61876 -88.079 
v -127.74 5.61876 -88.0834 
v -127.74 5.61876 -88.5172 
v -145.045 5.61876 -88.0834 
v -145.045 5.61876 -88.5172 
v -141.48 5.61876 -107.196 
v -141.48 5.61876 -107.63 
v -145.045 5.61876 -107.196 
v -145.045 5.61876 -107.63 
v -128.97 11.1308 -107.212 
v -131.417 11.9018 -88.2113 
v -138.872 7.62076 -88.517 
v -123.045 7.62175 -88.517 
v -118.164 7.62175 -100.296 
v -118.125 11.0887 -95.4575 
v -144.558 11.0768 -95.5039 
v -127.861 3.38875 -88.5056 
v -127.861 3.38875 -88.5056 
v -127.861 3.38875 -88.0718 
v -122.898 3.38875 -88.5056 
v -122.898 3.38875 -88.0718 
v -141.542 3.38875 -107.629 
v -141.542 3.38875 -107.195 
v -136.58 3.38875 -107.629 
v -136.58 3.38875 -107.195 
v -117.73 3.31876 -107.098 
v -118.164 3.31876 -107.098 
v -117.73 3.31775 -87.9758 
v -118.164 3.31775 -87.9758 
v -117.725 3.31876 -87.9801 
v -117.725 3.31876 -88.4139 
v -145.045 3.31876 -87.9801 
v -145.045 3.31876 -88.4139 
v -144.604 3.31876 -107.098 
v -145.038 3.31876 -107.098 
v -144.604 3.31876 -87.9758 
v -145.038 3.31876 -87.9758 
v -117.725 3.31876 -107.093 
v -117.725 3.31876 -107.527 
v -145.045 3.31775 -107.093 
v -145.045 3.31775 -107.527 
v -119.063 3.25975 -81.3793 
v -119.063 3.25975 -81.7076 
v -131.961 3.25975 -81.3793 
v -131.961 3.25975 -81.7076 
v -119.39 3.24276 -85.8694 
v -119.39 3.24276 -86.3032 
v -131.876 3.24276 -85.8694 
v -131.876 3.24276 -86.3032 
v -119.39 3.24276 -85.3695 
v -119.39 3.24276 -85.8032 
v -131.876 3.24276 -85.3695 
v -131.876 3.24276 -85.8032 
v -119.39 3.24276 -84.8694 
v -119.39 3.24276 -85.3032 
v -131.876 3.24276 -84.8694 
v -131.876 3.24276 -85.3032 
v -119.39 3.24276 -84.3694 
v -119.39 3.24276 -84.8032 
v -131.876 3.24276 -84.3694 
v -131.876 3.24276 -84.8032 
v -119.39 3.24276 -83.8694 
v -119.39 3.24276 -84.3032 
v -131.876 3.24276 -83.8694 
v -131.876 3.24276 -84.3032 
v -119.39 3.24276 -83.3694 
v -119.39 3.24276 -83.8032 
v -131.876 3.24276 -83.3694 
v -131.876 3.24276 -83.8032 
v -119.39 3.24276 -82.3694 
v -119.39 3.24276 -82.8032 
v -131.876 3.24276 -82.3694 
v -131.876 3.24276 -82.8032 
v -119.39 3.24276 -81.8694 
v -119.39 3.24276 -82.3032 
v -131.876 3.24276 -81.8694 
v -131.876 3.24276 -82.3032 
v -119.39 3.24276 -82.8694 
v -119.39 3.24276 -83.3032 
v -131.876 3.24276 -82.8694 
v -131.876 3.24276 -83.3032 
v -119.39 3.24276 -87.3695 
v -119.39 3.24276 -87.8033 
v -131.876 3.24276 -87.3695 
v -131.876 3.24276 -87.8033 
v -119.39 3.24276 -86.8695 
v -119.39 3.24276 -87.3033 
v -131.876 3.24276 -86.8695 
v -131.876 3.24276 -87.3033 
v -119.39 3.24276 -86.3695 
v -119.39 3.24276 -86.8032 
v -131.876 3.24276 -86.3695 
v -131.876 3.24276 -86.8032 
v -119.39 3.24276 -87.8695 
v -119.39 3.24276 -88.3033 
v -131.876 3.24276 -87.8695 
v -131.876 3.24276 -88.3033 
v -144.65 3.19675 -104.538 
v -144.65 3.19675 -104.104 
v -118.117 3.19675 -104.538 
v -118.117 3.19675 -104.104 
v -144.65 3.19675 -105.038 
v -144.65 3.19675 -104.604 
v -118.117 3.19675 -105.038 
v -118.117 3.19675 -104.604 
v -144.65 3.19675 -106.538 
v -144.65 3.19675 -106.104 
v -118.117 3.19675 -106.538 
v -118.117 3.19675 -106.104 
v -144.65 3.19675 -107.038 
v -144.65 3.19675 -106.604 
v -118.117 3.19675 -107.038 
v -118.117 3.19675 -106.604 
v -144.65 3.19675 -106.038 
v -144.65 3.19675 -105.604 
v -118.117 3.19675 -106.038 
v -118.117 3.19675 -105.604 
v -144.65 3.19675 -102.538 
v -144.65 3.19675 -102.104 
v -118.117 3.19675 -102.538 
v -118.117 3.19675 -102.104 
v -144.65 3.19675 -89.5377 
v -144.65 3.19675 -89.1039 
v -118.117 3.19675 -89.5377 
v -118.117 3.19675 -89.1039 
v -144.65 3.19675 -92.5377 
v -144.65 3.19675 -92.1039 
v -118.117 3.19675 -92.5377 
v -118.117 3.19675 -92.1039 
v -144.65 3.19675 -100.538 
v -144.65 3.19675 -100.104 
v -118.117 3.19675 -100.538 
v -118.117 3.19675 -100.104 
v -144.65 3.19675 -94.5376 
v -144.65 3.19675 -94.1039 
v -118.117 3.19675 -94.5376 
v -118.117 3.19675 -94.1039 
v -144.65 3.19675 -101.038 
v -144.65 3.19675 -100.604 
v -118.117 3.19675 -101.038 
v -118.117 3.19675 -100.604 
v -144.65 3.19675 -95.0376 
v -144.65 3.19675 -94.6039 
v -118.117 3.19675 -95.0376 
v -118.117 3.19675 -94.6039 
v -144.65 3.19675 -96.5376 
v -144.65 3.19675 -96.1039 
v -118.117 3.19675 -96.5376 
v -118.117 3.19675 -96.1039 
v -144.65 3.19675 -91.0377 
v -144.65 3.19675 -90.6039 
v -118.117 3.19675 -91.0377 
v -118.117 3.19675 -90.6039 
v -144.65 3.19675 -104.038 
v -144.65 3.19675 -103.604 
v -118.117 3.19675 -104.038 
v -118.117 3.19675 -103.604 
v -144.65 3.19675 -97.5376 
v -144.65 3.19675 -97.1039 
v -118.117 3.19675 -97.5376 
v -118.117 3.19675 -97.1039 
v -144.65 3.19675 -98.0376 
v -144.65 3.19675 -97.6039 
v -118.117 3.19675 -98.0376 
v -118.117 3.19675 -97.6039 
v -144.65 3.19675 -98.5376 
v -144.65 3.19675 -98.1039 
v -118.117 3.19675 -98.5376 
v -118.117 3.19675 -98.1039 
v -144.65 3.19675 -100.038 
v -144.65 3.19675 -99.6039 
v -118.117 3.19675 -100.038 
v -118.117 3.19675 -99.6039 
v -144.65 3.19675 -103.538 
v -144.65 3.19675 -103.104 
v -118.117 3.19675 -103.538 
v -118.117 3.19675 -103.104 
v -144.65 3.19675 -99.5376 
v -144.65 3.19675 -99.1039 
v -118.117 3.19675 -99.5376 
v -118.117 3.19675 -99.1039 
v -144.65 3.19675 -90.5377 
v -144.65 3.19675 -90.1039 
v -118.117 3.19675 -90.5377 
v -118.117 3.19675 -90.1039 
v -144.65 3.19675 -102.038 
v -144.65 3.19675 -101.604 
v -118.117 3.19675 -102.038 
v -118.117 3.19675 -101.604 
v -144.65 3.19675 -97.0376 
v -144.65 3.19675 -96.6039 
v -118.117 3.19675 -97.0376 
v -118.117 3.19675 -96.6039 
v -144.65 3.19675 -103.038 
v -144.65 3.19675 -102.604 
v -118.117 3.19675 -103.038 
v -118.117 3.19675 -102.604 
v -144.65 3.19675 -89.0377 
v -144.65 3.19675 -88.6039 
v -118.117 3.19675 -89.0377 
v -118.117 3.19675 -88.6039 
v -144.65 3.19675 -93.5377 
v -144.65 3.19675 -93.1039 
v -118.117 3.19675 -93.5377 
v -118.117 3.19675 -93.1039 
v -144.65 3.19675 -96.0376 
v -144.65 3.19675 -95.6039 
v -118.117 3.19675 -96.0376 
v -118.117 3.19675 -95.6039 
v -144.65 3.19675 -90.0377 
v -144.65 3.19675 -89.6039 
v -118.117 3.19675 -90.0377 
v -118.117 3.19675 -89.6039 
v -144.65 3.19675 -101.538 
v -144.65 3.19675 -101.104 
v -118.117 3.19675 -101.538 
v -118.117 3.19675 -101.104 
v -144.65 3.19675 -93.0377 
v -144.65 3.19675 -92.6039 
v -118.117 3.19675 -93.0377 
v -118.117 3.19675 -92.6039 
v -144.65 3.19675 -92.0377 
v -144.65 3.19675 -91.6039 
v -118.117 3.19675 -92.0377 
v -118.117 3.19675 -91.6039 
v -144.65 3.19675 -94.0377 
v -144.65 3.19675 -93.6039 
v -118.117 3.19675 -94.0377 
v -118.117 3.19675 -93.6039 
v -144.65 3.19675 -99.0376 
v -144.65 3.19675 -98.6039 
v -118.117 3.19675 -99.0376 
v -118.117 3.19675 -98.6039 
v -144.65 3.19675 -91.5377 
v -144.65 3.19675 -91.1039 
v -118.117 3.19675 -91.5377 
v -118.117 3.19675 -91.1039 
v -144.65 3.19675 -95.5376 
v -144.65 3.19675 -95.1039 
v -118.117 3.19675 -95.5376 
v -118.117 3.19675 -95.1039 
v -144.65 3.19675 -88.5375 
v -144.65 3.19675 -88.1039 
v -118.117 3.19675 -88.5375 
v -118.117 3.19675 -88.1039 
v -144.65 3.19675 -105.538 
v -144.65 3.19675 -105.104 
v -118.117 3.19675 -105.538 
v -118.117 3.19675 -105.104 
v -125.595 3.16475 -107.098 
v -126.046 3.16475 -107.098 
v -125.595 3.16376 -81.6758 
v -126.046 3.16376 -81.6758 
v -120.768 3.17075 -107.098 
v -121.273 3.17075 -107.098 
v -120.768 3.17075 -81.6758 
v -121.273 3.17075 -81.6758 
v -127.104 3.16275 -107.098 
v -127.537 3.16275 -107.098 
v -127.104 3.16176 -81.6758 
v -127.537 3.16176 -81.6758 
v -124.104 3.16275 -107.098 
v -124.537 3.16275 -107.098 
v -124.104 3.16176 -81.6758 
v -124.537 3.16176 -81.6758 
v -128.904 3.16275 -107.098 
v -129.337 3.16275 -107.098 
v -128.904 3.16176 -81.4758 
v -129.337 3.16176 -81.4758 
v -138.504 3.16275 -107.098 
v -138.938 3.16275 -107.098 
v -138.504 3.16176 -87.9758 
v -138.938 3.16176 -87.9758 
v -119.104 3.16275 -107.098 
v -119.737 3.16275 -107.098 
v -119.104 3.16176 -81.8758 
v -119.737 3.16176 -81.8758 
v -135.204 3.16275 -107.098 
v -135.638 3.16275 -107.098 
v -135.204 3.16176 -87.9758 
v -135.638 3.16176 -87.9758 
v -122.604 3.16275 -107.098 
v -123.037 3.16275 -107.098 
v -122.604 3.16176 -81.6758 
v -123.037 3.16176 -81.6758 
v -136.704 3.16275 -107.098 
v -137.138 3.16275 -107.098 
v -136.704 3.16176 -87.9758 
v -137.138 3.16176 -87.9758 
v -133.404 3.16275 -107.098 
v -133.838 3.16275 -107.098 
v -133.404 3.16176 -87.9758 
v -133.838 3.16176 -87.9758 
v -131.904 3.16275 -107.098 
v -132.337 3.16275 -107.098 
v -131.904 3.16176 -87.9758 
v -132.337 3.16176 -87.9758 
v -140.004 3.16275 -107.098 
v -140.438 3.16275 -107.098 
v -140.004 3.16176 -87.9758 
v -140.438 3.16176 -87.9758 
v -130.404 3.16275 -107.098 
v -130.837 3.16275 -107.098 
v -130.404 3.16176 -81.6758 
v -130.837 3.16176 -81.6758 
v -143.304 3.16275 -107.098 
v -143.738 3.16275 -107.098 
v -143.304 3.16176 -87.9758 
v -143.738 3.16176 -87.9758 
v -141.804 3.16275 -107.098 
v -142.238 3.16275 -107.098 
v -141.804 3.16176 -87.9758 
v -142.238 3.16176 -87.9758 
v -141.033 3.12076 -107.77 
v -137.086 3.12076 -107.77 
v -141.033 3.12076 -108.532 
v -137.086 3.12076 -108.532 
v -141.016 2.35875 -108.533 
v -137.069 2.35875 -108.533 
v -141.016 2.35875 -109.295 
v -137.069 2.35875 -109.295 
v -134.081 11.1188 -88.507 
v -141.033 1.59676 -109.294 
v -137.086 1.59676 -109.294 
v -141.033 1.59676 -110.056 
v -137.086 1.59676 -110.056 
v -118.164 10.3258 -100.245 
v -141.033 0.835758 -110.056 
v -136.986 0.835758 -110.056 
v -141.033 0.835758 -110.817 
v -136.986 0.835758 -110.817 
v -140.932 3.68676 -107.348 
v -140.932 4.04175 -107.703 
v -141.313 3.68676 -107.348 
v -141.313 4.04175 -107.703 
v -136.79 3.68676 -107.348 
v -136.79 4.04175 -107.703 
v -137.171 3.68676 -107.348 
v -137.171 4.04175 -107.703 
v -145.64 21.2858 -98.0667 
v -145.64 20.6857 -97.707 
v -145.627 12.9118 -83.6475 
v -145.627 12.2978 -84.0047 
v -145.521 13.7998 -110.573 
v -145.521 13.1998 -110.214 
v -145.521 12.8998 -110.714 
v -118.242 21.2858 -98.0667 
v -117.009 13.7998 -110.573 
v -145.163 15.6368 -88.0185 
v -145.163 -0.000240326 -88.0185 
v -145.163 15.6368 -106.961 
v -145.163 -0.000240326 -106.961 
v -144.993 11.2827 -95.5039 
v -144.996 11.0828 -95.5039 
v -145.046 7.43776 -100.414 
v -145.046 7.43776 -95.5039 
v -144.993 11.2488 -100.213 
v -145.045 7.62076 -88.0834 
v -145.045 14.7708 -88.0834 
v -145.045 12.7267 -88.0834 
v -145.045 3.06075 -87.9801 
v -145.038 7.87876 -88.079 
v -145.038 3.31876 -107.098 
v -145.038 3.06075 -107.098 
v -145.038 3.31876 -87.9758 
v -145.038 7.87975 -107.317 
v -145.038 7.62175 -107.317 
v -145.038 7.87975 -100.36 
v -145.038 10.3258 -107.201 
v -145.038 14.5128 -88.0791 
v -145.038 12.4698 -107.201 
v -145.038 12.7267 -88.0791 
v -145.038 12.4688 -88.0791 
v -145.045 3.31775 -107.527 
v -145.045 3.06075 -107.527 
v -141.033 2.93076 -108.532 
v -137.086 2.93076 -108.532 
v -144.739 14.9128 -97.3523 
v -144.739 14.3728 -97.3523 
v -144.65 3.09575 -107.038 
v -144.65 3.09476 -88.1039 
v -124.06 11.1308 -107.65 
v -136.58 10.9077 -107.629 
v -128.954 10.3258 -107.63 
v -136.626 10.5838 -107.63 
v -117.983 10.3258 -107.63 
v -141.536 3.12876 -107.629 
v -141.278 3.12876 -107.629 
v -141.542 3.38875 -107.629 
v -136.58 3.13076 -107.629 
v -136.58 3.38875 -107.629 
v -117.73 12.4688 -107.201 
v -144.604 3.31876 -107.098 
v -116.859 20.6857 -97.707 
v -116.861 21.2818 -98.0248 
v -116.861 12.9207 -83.6632 
v -116.861 12.3068 -84.0204 
v -116.89 13.2008 -84.144 
v -116.89 12.2888 -83.9892 
v -117.009 13.1998 -110.214 
v -117.595 15.6368 -106.961 
v -117.595 -0.000240326 -106.961 
v -117.595 15.6368 -88.0185 
v -117.595 -0.000240326 -88.0185 
v -119.063 3.00176 -81.3793 
v -119.063 3.25975 -81.3793 
v -131.961 3.00176 -81.3793 
v -131.961 3.25975 -81.3793 
v -117.725 7.87975 -88.0834 
v -117.725 7.62175 -88.0834 
v -117.725 7.87975 -88.517 
v -117.725 7.62175 -88.517 
v -117.726 10.3258 -88.517 
v -117.726 14.7708 -88.0834 
v -117.726 14.5128 -88.0834 
v -117.726 12.7267 -88.0834 
v -117.725 3.31876 -87.9801 
v -117.725 3.31876 -107.093 
v -117.725 3.06075 -107.093 
v -117.73 3.06075 -87.9758 
v -117.73 3.31775 -87.9758 
v -117.73 7.62175 -95.5005 
v -117.73 12.4688 -88.0791 
v -117.73 7.62175 -100.296 
v -117.73 7.87975 -100.296 
v -117.684 11.2488 -95.6538 
v -117.737 7.43776 -100.367 
v -117.737 7.43776 -95.4575 
v -117.684 11.2488 -100.366 
v -117.684 11.2488 -100.166 
v -117.739 7.27275 -100.166 
v -129.337 3.16176 -81.4758 
v -129.337 3.06075 -81.4758 
v -128.904 3.16176 -81.4758 
v -128.904 3.06075 -81.4758 
v -131.367 6.20975 -81.4824 
v -131.967 6.20975 -81.4824 
v -131.367 -0.000240326 -81.4824 
v -131.967 -0.000240326 -81.4824 
v -118.992 6.29976 -81.4824 
v -119.592 6.29976 -81.4824 
v -118.992 -0.000240326 -81.4824 
v -119.592 -0.000240326 -81.4824 
v -118.993 5.82175 -81.4828 
v -118.993 6.07875 -81.4828 
v -131.901 5.82175 -81.4828 
v -131.901 6.07875 -81.4828 
v -122.54 3.09575 -81.5358 
v -122.204 3.09575 -81.5358 
v -122.54 5.86475 -81.5359 
v -122.204 5.86475 -81.5359 
v -121.94 3.09575 -81.5358 
v -121.604 3.09575 -81.5358 
v -121.94 5.86475 -81.5359 
v -121.604 5.86475 -81.5359 
v -121.34 3.09575 -81.5358 
v -121.004 3.09575 -81.5358 
v -121.34 5.86475 -81.5359 
v -121.004 5.86475 -81.5359 
v -120.74 3.09575 -81.5358 
v -120.404 3.09575 -81.5358 
v -120.74 5.86475 -81.5359 
v -120.404 5.86475 -81.5359 
v -120.14 3.09575 -81.5358 
v -119.804 3.09575 -81.5358 
v -120.14 5.86475 -81.5359 
v -119.804 5.86475 -81.5359 
v -130.941 3.09575 -81.5358 
v -130.604 3.09575 -81.5358 
v -130.941 5.86475 -81.5359 
v -130.604 5.86475 -81.5359 
v -130.341 3.09575 -81.5359 
v -130.004 3.09575 -81.5359 
v -130.341 5.86475 -81.5359 
v -130.004 5.86475 -81.5359 
v -129.741 3.09575 -81.5359 
v -129.404 3.09575 -81.5359 
v -129.741 5.86475 -81.5359 
v -129.404 5.86475 -81.5359 
v -129.14 3.09575 -81.5359 
v -128.804 3.09575 -81.5359 
v -129.14 5.86475 -81.5359 
v -128.804 5.86475 -81.5359 
v -128.54 3.09575 -81.5359 
v -128.204 3.09575 -81.5359 
v -128.54 5.86475 -81.5359 
v -128.204 5.86475 -81.5359 
v -127.94 3.09575 -81.5359 
v -127.604 3.09575 -81.5359 
v -127.94 5.86475 -81.5359 
v -127.604 5.86475 -81.5359 
v -127.34 3.09575 -81.5359 
v -127.004 3.09575 -81.5359 
v -127.34 5.86475 -81.5359 
v -127.004 5.86475 -81.5359 
v -126.74 3.09575 -81.5359 
v -126.404 3.09575 -81.5359 
v -126.74 5.86475 -81.5359 
v -126.404 5.86475 -81.5359 
v -126.14 3.09575 -81.5359 
v -125.804 3.09575 -81.5359 
v -126.14 5.86475 -81.5359 
v -125.804 5.86475 -81.5359 
v -125.54 3.09575 -81.5359 
v -125.204 3.09575 -81.5359 
v -125.54 5.86475 -81.5359 
v -125.204 5.86475 -81.5359 
v -124.94 3.09575 -81.5359 
v -124.604 3.09575 -81.5359 
v -124.94 5.86475 -81.5359 
v -124.604 5.86475 -81.5359 
v -124.34 3.09575 -81.5359 
v -124.004 3.09575 -81.5359 
v -124.34 5.86475 -81.5359 
v -124.004 5.86475 -81.5359 
v -123.74 3.09575 -81.5359 
v -123.404 3.09575 -81.5359 
v -123.74 5.86475 -81.5359 
v -123.404 5.86475 -81.5359 
v -123.14 3.09575 -81.5358 
v -122.804 3.09575 -81.5358 
v -123.14 5.86475 -81.5359 
v -122.804 5.86475 -81.5359 
v -119.567 6.07875 -81.6569 
v -119.567 5.82175 -81.6569 
v -118.994 6.07875 -81.6569 
v -118.994 5.82175 -81.6569 
v -131.967 6.07875 -81.6569 
v -131.967 5.82175 -81.6569 
v -131.394 6.07875 -81.6569 
v -131.394 5.82175 -81.6569 
v -127.537 3.16176 -81.6758 
v -127.537 3.06075 -81.6758 
v -127.104 3.16176 -81.6758 
v -127.104 3.06075 -81.6758 
v -126.046 3.16376 -81.6758 
v -126.046 3.05875 -81.6758 
v -125.595 3.16376 -81.6758 
v -125.595 3.05875 -81.6758 
v -124.537 3.16176 -81.6758 
v -124.537 3.06075 -81.6758 
v -124.104 3.16176 -81.6758 
v -124.104 3.06075 -81.6758 
v -121.273 3.17075 -81.6758 
v -121.273 3.05176 -81.6758 
v -120.768 3.17075 -81.6758 
v -120.768 3.05176 -81.6758 
v -123.037 3.16176 -81.6758 
v -123.037 3.06075 -81.6758 
v -122.604 3.16176 -81.6758 
v -122.604 3.06075 -81.6758 
v -130.837 3.16176 -81.6758 
v -130.837 3.06075 -81.6758 
v -130.404 3.16176 -81.6758 
v -130.404 3.06075 -81.6758 
v -118.042 14.9128 -97.3522 
v -118.042 14.3728 -97.3523 
v -118.117 3.09575 -88.1039 
v -119.39 3.10175 -81.8694 
v -119.39 3.24276 -81.8694 
v -131.876 3.10175 -81.8694 
v -131.876 3.24276 -81.8694 
v -119.737 3.16176 -81.8758 
v -119.737 3.06075 -81.8758 
v -119.104 3.16176 -81.8758 
v -119.104 3.06075 -81.8758 
v -141.542 10.9077 -107.195 
v -141.542 10.6498 -107.195 
v -144.259 21.2818 -98.0248 
v -119.39 3.10175 -82.3694 
v -119.39 3.24276 -82.3694 
v -131.876 3.10175 -82.3694 
v -131.876 3.24276 -82.3694 
v -131.801 3.09575 -82.3965 
v -131.543 3.09575 -82.3965 
v -131.801 5.86475 -82.3965 
v -131.543 5.86475 -82.3965 
v -119.401 3.09575 -82.3965 
v -119.143 3.09575 -82.3965 
v -119.401 5.86475 -82.3965 
v -119.143 5.86475 -82.3965 
v -141.033 0.835758 -110.056 
v -141.033 0.644764 -110.056 
v -141.016 2.35875 -108.533 
v -141.016 2.16875 -108.533 
v -144.259 12.9118 -83.6475 
v -118.23 12.9207 -83.6632 
v -118.994 12.1598 -88.2113 
v -118.992 13.4998 -84.6443 
v -118.992 3.12676 -84.6443 
v -119.39 3.10175 -82.8694 
v -119.39 3.24276 -82.8694 
v -131.876 3.10175 -82.8694 
v -131.876 3.24276 -82.8694 
v -119.401 3.09575 -82.9965 
v -119.143 3.09575 -82.9965 
v -119.401 5.86475 -82.9965 
v -119.143 5.86475 -82.9965 
v -131.801 3.09575 -82.9965 
v -131.543 3.09575 -82.9965 
v -131.801 5.86475 -82.9965 
v -131.543 5.86475 -82.9965 
v -119.39 3.24276 -85.8694 
v -119.39 3.10175 -85.8694 
v -119.39 3.24276 -85.3695 
v -119.39 3.10175 -84.3032 
v -119.39 3.10175 -82.3032 
v -119.39 3.24276 -87.3695 
v -119.39 3.10175 -87.3695 
v -119.39 3.10175 -87.8033 
v -119.39 3.24276 -86.8695 
v -119.39 3.24276 -86.3695 
v -119.39 3.10175 -86.3695 
v -119.39 3.24276 -87.8695 
v -119.39 3.10175 -83.3694 
v -119.39 3.24276 -83.3694 
v -131.876 3.10175 -83.3694 
v -131.876 3.24276 -83.3694 
v -119.804 5.86475 -81.7936 
v -119.401 3.09575 -83.5965 
v -119.143 3.09575 -83.5965 
v -119.401 5.86475 -83.5965 
v -119.143 5.86475 -83.5965 
v -131.801 3.09575 -83.5965 
v -131.543 3.09575 -83.5965 
v -131.801 5.86475 -83.5965 
v -131.543 5.86475 -83.5965 
v -118.195 15.6368 -106.961 
v -118.195 15.6368 -88.0185 
v -144.564 15.6368 -88.0185 
v -144.564 15.6368 -106.961 
v -119.39 3.10175 -83.8694 
v -119.39 3.24276 -83.8694 
v -131.876 3.10175 -83.8694 
v -131.876 3.24276 -83.8694 
v -120.404 3.09575 -81.7936 
v -119.401 3.09575 -84.1965 
v -119.143 3.09575 -84.1965 
v -119.401 5.86475 -84.1965 
v -119.143 5.86475 -84.1965 
v -131.801 3.09575 -84.1965 
v -131.543 3.09575 -84.1965 
v -131.801 5.86475 -84.1965 
v -131.543 5.86475 -84.1965 
v -119.39 3.10175 -84.3694 
v -119.39 3.24276 -84.3694 
v -131.876 3.10175 -84.3694 
v -131.876 3.24276 -84.3694 
v -138.991 7.47376 -88.0689 
v -138.991 11.3188 -88.0689 
v -138.991 11.1188 -88.0689 
v -131.367 13.4098 -84.6442 
v -131.967 13.4098 -84.6442 
v -131.367 3.21576 -84.6443 
v -131.967 3.21576 -84.6443 
v -118.992 13.4998 -84.6443 
v -119.592 13.4998 -84.6443 
v -118.992 3.12676 -84.6443 
v -119.592 3.12676 -84.6443 
v -118.164 14.7708 -88.0791 
v -144.604 14.7708 -88.0791 
v -119.401 3.09575 -84.7966 
v -119.143 3.09575 -84.7966 
v -119.401 5.86475 -84.7965 
v -119.143 5.86475 -84.7965 
v -131.801 3.09575 -84.7965 
v -131.543 3.09575 -84.7965 
v -131.801 5.86475 -84.7965 
v -131.543 5.86475 -84.7965 
v -119.39 3.10175 -84.8694 
v -119.39 3.24276 -84.8694 
v -131.876 3.10175 -84.8694 
v -131.876 3.24276 -84.8694 
v -136.79 4.04175 -107.703 
v -131.953 12.1598 -84.9569 
v -131.953 11.9018 -84.9569 
v -131.417 12.1598 -84.9569 
v -131.417 11.9018 -84.9569 
v -119.567 12.1598 -84.9569 
v -119.567 11.9018 -84.9569 
v -118.994 12.1598 -84.9569 
v -118.994 11.9018 -84.9569 
v -119.39 3.10175 -85.3695 
v -119.39 3.24276 -85.3695 
v -131.876 3.10175 -85.3695 
v -131.876 3.24276 -85.3695 
v -119.401 3.09575 -85.3966 
v -119.143 3.09575 -85.3966 
v -119.401 5.86475 -85.3966 
v -119.143 5.86475 -85.3966 
v -131.801 3.09575 -85.3966 
v -131.543 3.09575 -85.3966 
v -131.801 5.86475 -85.3966 
v -131.543 5.86475 -85.3966 
v -119.39 3.10175 -85.8694 
v -119.39 3.24276 -85.8694 
v -131.876 3.10175 -85.8694 
v -131.876 3.24276 -85.8694 
v -122.204 3.09575 -81.7936 
v -122.204 5.86475 -81.7936 
v -119.401 3.09575 -85.9967 
v -119.143 3.09575 -85.9967 
v -119.401 5.86475 -85.9967 
v -119.143 5.86475 -85.9967 
v -131.801 3.09575 -85.9967 
v -131.543 3.09575 -85.9967 
v -131.801 5.86475 -85.9967 
v -131.543 5.86475 -85.9967 
v -131.967 13.4098 -85.2134 
v -137.171 3.68676 -107.348 
v -119.39 3.10175 -86.3695 
v -119.39 3.24276 -86.3695 
v -131.876 3.10175 -86.3695 
v -131.876 3.24276 -86.3695 
v -122.898 3.38875 -88.0718 
v -122.898 3.13076 -88.0718 
v -122.898 10.9077 -88.0718 
v -119.401 3.09575 -86.5966 
v -119.143 3.09575 -86.5966 
v -119.401 5.86475 -86.5966 
v -119.143 5.86475 -86.5966 
v -131.801 3.09575 -86.5966 
v -131.543 3.09575 -86.5966 
v -131.801 5.86475 -86.5966 
v -131.543 5.86475 -86.5966 
v -144.555 11.2768 -100.414 
v -144.608 7.43175 -100.414 
v -118.164 12.7267 -88.0791 
v -144.604 12.7267 -88.0791 
v -118.175 7.44376 -100.367 
v -136.617 11.2848 -88.0689 
v -136.617 7.30976 -88.0689 
v -136.626 10.3258 -107.196 
v -119.39 3.10175 -86.8695 
v -119.39 3.24276 -86.8695 
v -131.876 3.10175 -86.8695 
v -131.876 3.24276 -86.8695 
v -123.404 5.86475 -81.7937 
v -119.401 3.09575 -87.1966 
v -119.143 3.09575 -87.1966 
v -119.401 5.86475 -87.1966 
v -119.143 5.86475 -87.1966 
v -131.801 3.09575 -87.1966 
v -131.543 3.09575 -87.1966 
v -131.801 5.86475 -87.1966 
v -131.543 5.86475 -87.1966 
v -119.39 3.10175 -87.3695 
v -119.39 3.24276 -87.3695 
v -131.876 3.10175 -87.3695 
v -131.876 3.24276 -87.3695 
v -131.367 -0.000240326 -82.0517 
v -118.195 -0.000240326 -106.961 
v -118.195 -0.000240326 -88.0185 
v -144.563 -0.000240326 -88.0185 
v -144.563 -0.000240326 -106.961 
v -124.004 3.09575 -81.7937 
v -124.004 5.86475 -81.7937 
v -119.39 3.10175 -87.8695 
v -119.39 3.24276 -87.8695 
v -131.876 3.10175 -87.8695 
v -131.876 3.24276 -87.8695 
v -138.938 3.16176 -87.9758 
v -138.938 3.06075 -87.9758 
v -138.504 3.16176 -87.9758 
v -138.504 3.06075 -87.9758 
v -135.638 3.16176 -87.9758 
v -135.638 3.06075 -87.9758 
v -135.204 3.16176 -87.9758 
v -135.204 3.06075 -87.9758 
v -118.164 3.31775 -87.9758 
v -118.164 3.06075 -87.9758 
v -117.73 3.31775 -87.9758 
v -117.73 3.06075 -87.9758 
v -137.138 3.16176 -87.9758 
v -137.138 3.06075 -87.9758 
v -136.704 3.16176 -87.9758 
v -136.704 3.06075 -87.9758 
v -133.838 3.16176 -87.9758 
v -133.838 3.06075 -87.9758 
v -133.404 3.16176 -87.9758 
v -133.404 3.06075 -87.9758 
v -117.725 3.06075 -87.9801 
v -117.725 3.31876 -87.9801 
v -145.045 3.06075 -87.9801 
v -145.045 3.31876 -87.9801 
v -145.038 3.31876 -87.9758 
v -145.038 3.06075 -87.9758 
v -144.604 3.31876 -87.9758 
v -144.604 3.06075 -87.9758 
v -132.337 3.16176 -87.9758 
v -132.337 3.06075 -87.9758 
v -131.904 3.16176 -87.9758 
v -131.904 3.06075 -87.9758 
v -140.438 3.16176 -87.9758 
v -140.438 3.06075 -87.9758 
v -140.004 3.16176 -87.9758 
v -140.004 3.06075 -87.9758 
v -143.738 3.16176 -87.9758 
v -143.738 3.06075 -87.9758 
v -143.304 3.16176 -87.9758 
v -143.304 3.06075 -87.9758 
v -142.238 3.16176 -87.9758 
v -142.238 3.06075 -87.9758 
v -141.804 3.16176 -87.9758 
v -141.804 3.06075 -87.9758 
v -117.595 15.6368 -88.0185 
v -118.195 15.6368 -88.0185 
v -117.595 -0.000240326 -88.0185 
v -118.195 -0.000240326 -88.0185 
v -144.564 15.6368 -88.0185 
v -145.163 15.6368 -88.0185 
v -144.563 -0.000240326 -88.0185 
v -145.163 -0.000240326 -88.0185 
v -118.122 11.2888 -95.4575 
v -136.417 11.2848 -88.0689 
v -136.617 11.2848 -88.0689 
v -136.417 7.30976 -88.0689 
v -136.617 7.30976 -88.0689 
v -138.991 7.47376 -88.0689 
v -138.991 7.27376 -88.0689 
v -134.081 7.47376 -88.0689 
v -134.081 7.27376 -88.0689 
v -118.123 11.2547 -100.166 
v -134.077 11.2848 -88.0689 
v -134.277 11.2848 -88.0689 
v -134.077 7.30976 -88.0689 
v -134.277 7.30976 -88.0689 
v -138.991 11.3188 -88.0689 
v -138.991 11.1188 -88.0689 
v -134.081 11.3188 -88.0689 
v -134.081 11.1188 -88.0689 
v -138.79 11.2848 -88.0689 
v -138.99 11.2848 -88.0689 
v -138.79 7.30976 -88.0689 
v -138.99 7.30976 -88.0689 
v -138.872 7.62076 -88.0834 
v -138.872 7.87876 -88.0834 
v -145.045 7.62076 -88.0834 
v -145.045 7.87876 -88.0834 
v -127.861 3.38875 -88.0718 
v -127.861 3.13076 -88.0718 
v -122.898 3.38875 -88.0718 
v -122.898 3.13076 -88.0718 
v -117.725 7.62175 -88.0834 
v -117.725 7.87975 -88.0834 
v -123.045 7.62175 -88.0834 
v -123.045 7.87975 -88.0834 
v -117.726 10.3258 -88.0832 
v -117.726 10.5838 -88.0832 
v -122.998 10.3258 -88.0832 
v -122.998 10.5838 -88.0832 
v -117.725 5.36075 -88.0834 
v -117.725 5.61876 -88.0834 
v -123.045 5.36075 -88.0834 
v -123.045 5.61876 -88.0834 
v -118.164 5.61876 -88.079 
v -118.164 5.36075 -88.079 
v -117.73 5.61876 -88.079 
v -117.73 5.36075 -88.079 
v -118.164 10.5838 -88.079 
v -118.164 10.3258 -88.079 
v -117.73 10.5838 -88.079 
v -117.73 10.3258 -88.079 
v -118.164 14.7708 -88.0791 
v -118.164 14.5128 -88.0791 
v -117.73 14.7708 -88.0791 
v -117.73 14.5128 -88.0791 
v -118.164 12.7267 -88.0791 
v -118.164 12.4688 -88.0791 
v -117.73 12.7267 -88.0791 
v -117.73 12.4688 -88.0791 
v -145.038 10.5828 -88.079 
v -145.038 10.3258 -88.079 
v -144.604 10.5828 -88.079 
v -144.604 10.3258 -88.079 
v -145.037 5.61876 -88.079 
v -145.037 5.36075 -88.079 
v -144.604 5.61876 -88.079 
v -144.604 5.36075 -88.079 
v -117.726 14.5128 -88.0834 
v -117.726 14.7708 -88.0834 
v -145.045 14.5128 -88.0834 
v -145.045 14.7708 -88.0834 
v -127.701 7.62175 -88.0834 
v -127.701 7.87876 -88.0834 
v -134.154 7.62175 -88.0834 
v -134.154 7.87876 -88.0834 
v -117.726 12.4698 -88.0834 
v -117.726 12.7267 -88.0834 
v -145.045 12.4688 -88.0834 
v -145.045 12.7267 -88.0834 
v -127.74 5.36075 -88.0834 
v -127.74 5.61876 -88.0834 
v -145.045 5.36075 -88.0834 
v -145.045 5.61876 -88.0834 
v -138.885 10.3258 -88.0832 
v -138.885 10.5828 -88.0832 
v -145.015 10.3248 -88.0832 
v -145.015 10.5828 -88.0832 
v -145.038 7.87876 -88.079 
v -145.038 7.62076 -88.079 
v -144.604 7.87876 -88.079 
v -144.604 7.62076 -88.079 
v -127.762 10.3258 -88.0832 
v -127.762 10.5838 -88.0832 
v -134.145 10.3258 -88.0832 
v -134.145 10.5828 -88.0832 
v -145.038 14.7708 -88.0791 
v -145.038 14.5128 -88.0791 
v -144.604 14.7708 -88.0791 
v -144.604 14.5128 -88.0791 
v -145.038 12.7267 -88.0791 
v -145.038 12.4688 -88.0791 
v -144.604 12.7267 -88.0791 
v -144.604 12.4688 -88.0791 
v -122.897 10.8288 -88.0718 
v -123.155 10.8288 -88.0718 
v -122.897 3.12876 -88.0718 
v -123.155 3.12876 -88.0718 
v -127.597 10.8288 -88.0718 
v -127.855 10.8288 -88.0718 
v -127.597 3.12876 -88.0718 
v -127.855 3.12876 -88.0718 
v -127.861 10.9077 -88.0718 
v -127.861 10.6498 -88.0718 
v -122.898 10.9077 -88.0718 
v -122.898 10.6498 -88.0718 
v -144.65 3.19675 -88.1039 
v -144.65 3.09476 -88.1039 
v -118.117 3.19675 -88.1039 
v -118.117 3.09575 -88.1039 
v -124.604 3.09575 -81.7937 
v -136.986 0.644764 -110.056 
v -144.555 11.2428 -95.7003 
v -116.89 12.9028 -83.6319 
v -145.55 12.9028 -83.6319 
v -116.89 12.2888 -83.9892 
v -145.55 12.2888 -83.9892 
v -144.259 12.9118 -83.6475 
v -145.627 12.9118 -83.6475 
v -144.259 12.2978 -84.0047 
v -145.627 12.2978 -84.0047 
v -116.861 12.9207 -83.6632 
v -118.23 12.9207 -83.6632 
v -116.861 12.3068 -84.0204 
v -118.23 12.3068 -84.0204 
v -136.58 10.9077 -107.195 
v -118.164 7.87876 -88.5955 
v -118.164 7.62175 -88.5955 
v -117.73 7.87876 -88.5955 
v -117.73 7.62175 -88.5955 
v -144.65 3.19675 -88.6039 
v -144.65 3.09476 -88.6039 
v -118.117 3.19675 -88.6039 
v -118.117 3.09575 -88.6039 
v -125.204 3.09575 -81.7937 
v -125.204 5.86475 -81.7937 
v -144.65 3.19675 -89.1039 
v -144.65 3.09476 -89.1039 
v -118.117 3.19675 -89.1039 
v -118.117 3.09575 -89.1039 
v -116.859 21.2858 -98.0667 
v -118.242 21.2858 -98.0667 
v -116.859 20.6857 -97.707 
v -118.242 20.6857 -97.707 
v -144.257 21.2858 -98.0667 
v -145.64 21.2858 -98.0667 
v -144.257 20.6857 -97.707 
v -145.64 20.6857 -97.707 
v -144.65 3.19675 -89.6039 
v -144.65 3.09476 -89.6039 
v -118.117 3.19675 -89.6039 
v -118.117 3.09575 -89.6039 
v -137.069 2.16875 -108.533 
v -144.65 3.19675 -90.1039 
v -144.65 3.09476 -90.1039 
v -118.117 3.19675 -90.1039 
v -118.117 3.09575 -90.1039 
v -126.404 5.86475 -81.7937 
v -144.65 3.19675 -90.6039 
v -144.65 3.09476 -90.6039 
v -118.117 3.19675 -90.6039 
v -118.117 3.09575 -90.6039 
v -127.004 3.09575 -81.7937 
v -127.004 5.86475 -81.7937 
v -122.54 3.09575 -81.7936 
v -119.401 3.09575 -86.933 
v -130.604 3.09575 -81.7936 
v -129.741 3.09575 -81.7936 
v -128.804 3.09575 -81.7936 
v -131.801 3.09575 -87.5331 
v -131.801 3.09575 -86.933 
v -131.801 3.09575 -86.3329 
v -131.801 3.09575 -84.533 
v -126.14 3.09575 -81.7937 
v -124.34 3.09575 -81.7937 
v -123.14 3.09575 -81.7936 
v -136.58 3.13076 -107.195 
v -144.65 3.19675 -91.1039 
v -144.65 3.09476 -91.1039 
v -118.117 3.19675 -91.1039 
v -118.117 3.09575 -91.1039 
v -131.901 6.07875 -82.0444 
v -131.876 3.24276 -86.3032 
v -131.876 3.24276 -85.3032 
v -131.876 3.24276 -84.3032 
v -131.876 3.24276 -87.8033 
v -131.876 3.24276 -86.8032 
v -118.164 7.87975 -100.296 
v -144.65 3.19675 -91.6039 
v -144.65 3.09575 -91.6039 
v -118.117 3.19675 -91.6039 
v -118.117 3.09575 -91.6039 
v -144.604 7.87975 -100.36 
v -141.443 7.87975 -107.196 
v -118.164 7.62175 -95.5005 
v -118.175 7.44376 -95.4575 
v -128.204 5.86475 -81.7937 
v -144.65 3.19675 -92.1039 
v -144.65 3.09575 -92.1039 
v -118.117 3.19675 -92.1039 
v -118.117 3.09575 -92.1039 
v -144.608 7.43175 -95.5039 
v -144.65 3.19675 -92.6039 
v -144.65 3.09575 -92.6039 
v -118.117 3.19675 -92.6039 
v -118.117 3.09575 -92.6039 
v -144.65 3.19675 -93.1039 
v -144.65 3.09575 -93.1039 
v -118.117 3.19675 -93.1039 
v -118.117 3.09575 -93.1039 
v -144.65 3.19675 -93.6039 
v -144.65 3.09575 -93.6039 
v -118.117 3.19675 -93.6039 
v -118.117 3.09575 -93.6039 
v -121.34 5.86475 -81.7936 
v -129.741 5.86475 -81.7937 
v -127.94 5.86475 -81.7937 
v -126.14 5.86475 -81.7937 
v -125.54 5.86475 -81.7937 
v -123.14 5.86475 -81.7936 
v -144.65 3.19675 -94.1039 
v -144.65 3.09575 -94.1039 
v -118.117 3.19675 -94.1039 
v -118.117 3.09575 -94.1039 
v -128.97 11.1308 -107.212 
v -144.65 3.19675 -94.6039 
v -144.65 3.09575 -94.6039 
v -118.117 3.19675 -94.6039 
v -118.117 3.09575 -94.6039 
v -118.177 7.27875 -100.166 
v -144.65 3.19675 -95.1039 
v -144.65 3.09575 -95.1039 
v -118.117 3.19675 -95.1039 
v -118.117 3.09575 -95.1039 
v -118.164 7.62175 -100.296 
v -118.122 11.2888 -95.4575 
v -118.125 11.0887 -95.4575 
v -117.684 11.2827 -95.4575 
v -117.687 11.0828 -95.4575 
v -117.684 11.2488 -95.4538 
v -118.123 11.2547 -95.4538 
v -117.739 7.27275 -95.4538 
v -118.177 7.27875 -95.4538 
v -118.175 7.44376 -95.4575 
v -118.178 7.24376 -95.4575 
v -117.737 7.43776 -95.4575 
v -117.737 7.43776 -95.4575 
v -118.178 7.24376 -95.4575 
v -117.739 7.23775 -95.4575 
v -144.993 11.2827 -95.5039 
v -144.996 11.0828 -95.5039 
v -144.555 11.2768 -95.5039 
v -144.558 11.0768 -95.5039 
v -145.046 7.43776 -95.5039 
v -145.048 7.23775 -95.5039 
v -144.608 7.43175 -95.5039 
v -144.61 7.23175 -95.5039 
v -144.555 11.2428 -95.5004 
v -144.993 11.2488 -95.5004 
v -144.61 7.26676 -95.5004 
v -145.048 7.27275 -95.5004 
v -144.65 3.19675 -95.6039 
v -144.65 3.09575 -95.6039 
v -118.117 3.19675 -95.6039 
v -118.117 3.09575 -95.6039 
v -136.58 3.38875 -107.195 
v -144.65 3.19675 -96.1039 
v -144.65 3.09575 -96.1039 
v -118.117 3.19675 -96.1039 
v -118.117 3.09575 -96.1039 
v -144.65 3.19675 -96.6039 
v -144.65 3.09575 -96.6039 
v -118.117 3.19675 -96.6039 
v -118.117 3.09575 -96.6039 
v -144.65 3.19675 -97.1039 
v -144.65 3.09575 -97.1039 
v -118.117 3.19675 -97.1039 
v -118.117 3.09575 -97.1039 
v -137.069 2.35875 -108.533 
v -144.739 14.9128 -97.3523 
v -144.739 14.3728 -97.3523 
v -118.042 14.9128 -97.3522 
v -118.042 14.3728 -97.3523 
v -144.65 3.19675 -97.6039 
v -144.65 3.09575 -97.6039 
v -118.117 3.19675 -97.6039 
v -118.117 3.09575 -97.6039 
v -134.081 11.1188 -88.507 
v -124.091 10.3258 -107.196 
v -138.885 10.3258 -88.517 
v -144.65 3.19675 -98.1039 
v -144.65 3.09575 -98.1039 
v -118.117 3.19675 -98.1039 
v -118.117 3.09575 -98.1039 
v -144.65 3.19675 -98.6039 
v -144.65 3.09575 -98.6039 
v -118.117 3.19675 -98.6039 
v -118.117 3.09575 -98.6039 
v -136.986 0.835758 -110.056 
v -144.65 3.19675 -99.1039 
v -144.65 3.09575 -99.1039 
v -118.117 3.19675 -99.1039 
v -118.117 3.09575 -99.1039 
v -144.65 3.19675 -99.6039 
v -144.65 3.09575 -99.6039 
v -118.117 3.19675 -99.6039 
v -118.117 3.09575 -99.6039 
v -144.65 3.19675 -100.104 
v -144.65 3.09575 -100.104 
v -118.117 3.19675 -100.104 
v -118.117 3.09575 -100.104 
v -117.684 11.2488 -100.166 
v -118.123 11.2547 -100.166 
v -117.739 7.27275 -100.166 
v -118.177 7.27875 -100.166 
v -144.555 11.2428 -100.213 
v -144.993 11.2488 -100.213 
v -144.61 7.26676 -100.213 
v -145.048 7.27275 -100.213 
v -118.164 10.5838 -100.245 
v -118.164 10.3258 -100.245 
v -117.73 10.5838 -100.245 
v -117.73 10.3258 -100.245 
v -145.038 10.5838 -100.241 
v -145.038 10.3258 -100.241 
v -144.604 10.5838 -100.241 
v -144.604 10.3258 -100.241 
v -118.164 7.87975 -100.296 
v -118.164 7.62175 -100.296 
v -117.73 7.87975 -100.296 
v -117.73 7.62175 -100.296 
v -145.038 7.87975 -100.36 
v -145.038 7.62175 -100.36 
v -144.604 7.87975 -100.36 
v -144.604 7.62175 -100.36 
v -144.65 3.19675 -100.604 
v -144.65 3.09575 -100.604 
v -118.117 3.19675 -100.604 
v -118.117 3.09575 -100.604 
v -144.65 3.19675 -101.104 
v -144.65 3.09575 -101.104 
v -118.117 3.19675 -101.104 
v -118.117 3.09575 -101.104 
v -144.65 3.19675 -101.604 
v -144.65 3.09575 -101.604 
v -118.117 3.19675 -101.604 
v -118.117 3.09575 -101.604 
v -144.65 3.19675 -102.104 
v -144.65 3.09575 -102.104 
v -118.117 3.19675 -102.104 
v -118.117 3.09575 -102.104 
v -144.65 3.19675 -102.604 
v -144.65 3.09575 -102.604 
v -118.117 3.19675 -102.604 
v -118.117 3.09575 -102.604 
v -144.65 3.19675 -103.104 
v -144.65 3.09575 -103.104 
v -118.117 3.19675 -103.104 
v -118.117 3.09575 -103.104 
v -144.65 3.19675 -103.604 
v -144.65 3.09575 -103.604 
v -118.117 3.19675 -103.604 
v -118.117 3.09575 -103.604 
v -117.009 13.7998 -110.573 
v -145.521 13.7998 -110.573 
v -117.009 13.1998 -110.214 
v -145.521 13.1998 -110.214 
v -144.65 3.19675 -104.104 
v -144.65 3.09575 -104.104 
v -118.117 3.19675 -104.104 
v -118.117 3.09575 -104.104 
v -144.65 3.19675 -104.604 
v -144.65 3.09575 -104.604 
v -118.117 3.19675 -104.604 
v -118.117 3.09575 -104.604 
v -144.65 3.19675 -105.104 
v -144.65 3.09575 -105.104 
v -118.117 3.19675 -105.104 
v -118.117 3.09575 -105.104 
v -144.65 3.19675 -105.604 
v -144.65 3.09575 -105.604 
v -118.117 3.19675 -105.604 
v -118.117 3.09575 -105.604 
v -144.65 3.19675 -106.104 
v -144.65 3.09575 -106.104 
v -118.117 3.19675 -106.104 
v -118.117 3.09575 -106.104 
v -144.65 3.19675 -106.604 
v -144.65 3.09575 -106.604 
v -118.117 3.19675 -106.604 
v -118.117 3.09575 -106.604 
v -117.595 15.6368 -106.961 
v -118.195 15.6368 -106.961 
v -117.595 -0.000240326 -106.961 
v -118.195 -0.000240326 -106.961 
v -144.564 15.6368 -106.961 
v -145.163 15.6368 -106.961 
v -144.563 -0.000240326 -106.961 
v -145.163 -0.000240326 -106.961 
v -117.725 3.06075 -107.093 
v -117.725 3.31876 -107.093 
v -145.045 3.06075 -107.093 
v -145.045 3.31775 -107.093 
v -118.006 5.36075 -107.196 
v -118.006 5.61876 -107.196 
v -136.712 5.36075 -107.196 
v -136.712 5.61876 -107.196 
v -141.408 10.3258 -107.196 
v -141.408 10.5838 -107.196 
v -145.045 10.3258 -107.196 
v -145.045 10.5838 -107.196 
v -141.542 10.9077 -107.195 
v -141.542 10.6498 -107.195 
v -136.58 10.9077 -107.195 
v -136.58 10.6498 -107.195 
v -128.954 10.3258 -107.196 
v -128.954 10.5838 -107.196 
v -136.626 10.3258 -107.196 
v -136.626 10.5838 -107.196 
v -117.983 10.3258 -107.196 
v -117.983 10.5838 -107.196 
v -124.091 10.3258 -107.196 
v -124.091 10.5838 -107.196 
v -117.725 7.62175 -107.196 
v -117.725 7.87975 -107.196 
v -124.115 7.62175 -107.196 
v -124.115 7.87975 -107.196 
v -117.726 12.4688 -107.196 
v -117.726 12.7267 -107.196 
v -145.045 12.4688 -107.196 
v -145.045 12.7267 -107.196 
v -117.726 14.5228 -107.196 
v -117.726 14.7808 -107.196 
v -145.045 14.5228 -107.196 
v -145.045 14.7808 -107.196 
v -141.443 7.62175 -107.196 
v -141.443 7.87975 -107.196 
v -145.045 7.62175 -107.196 
v -145.045 7.87876 -107.196 
v -141.279 10.8288 -107.195 
v -141.536 10.8288 -107.195 
v -141.278 3.12876 -107.195 
v -141.536 3.12876 -107.195 
v -141.48 5.36075 -107.196 
v -141.48 5.61876 -107.196 
v -145.045 5.36075 -107.196 
v -145.045 5.61876 -107.196 
v -136.579 10.8288 -107.195 
v -136.836 10.8288 -107.195 
v -136.578 3.12876 -107.195 
v -136.836 3.12876 -107.195 
v -141.542 3.38875 -107.195 
v -141.542 3.13076 -107.195 
v -136.58 3.38875 -107.195 
v -136.58 3.13076 -107.195 
v -128.855 7.62175 -107.196 
v -128.855 7.87975 -107.196 
v -136.686 7.62175 -107.196 
v -136.686 7.87975 -107.196 
v -128.97 7.48476 -107.212 
v -128.97 7.28476 -107.212 
v -124.06 7.48476 -107.212 
v -124.06 7.28476 -107.212 
v -124.056 11.2957 -107.212 
v -124.256 11.2957 -107.212 
v -124.056 7.32076 -107.212 
v -124.256 7.32076 -107.212 
v -128.769 11.2957 -107.212 
v -128.969 11.2957 -107.212 
v -128.769 7.32076 -107.212 
v -128.969 7.32076 -107.212 
v -128.97 11.3308 -107.212 
v -128.97 11.1308 -107.212 
v -124.06 11.3308 -107.212 
v -124.06 11.1308 -107.212 
v -137.086 3.12076 -107.77 
v -141.033 3.12076 -107.77 
v -137.086 2.93076 -107.77 
v -141.033 2.93076 -107.77 
v -137.069 2.35875 -108.533 
v -141.016 2.35875 -108.533 
v -137.069 2.16875 -108.533 
v -141.016 2.16875 -108.533 
v -137.086 1.59676 -109.294 
v -141.033 1.59676 -109.294 
v -137.086 1.40676 -109.294 
v -141.033 1.40676 -109.294 
v -136.986 0.835758 -110.056 
v -141.033 0.835758 -110.056 
v -136.986 0.644764 -110.056 
v -141.033 0.644764 -110.056 
v -141.033 0.835758 -110.817 
v -141.033 0.644764 -110.817 
v -140.932 0.000751495 -111.035 
v -141.313 0.355762 -111.39 
v -137.171 0.355762 -111.39 
v -137.171 0.000751495 -111.035 
v -145.64 21.2858 -98.0667 
v -145.64 13.4978 -111.079 
v -145.64 20.6857 -97.707 
v -145.64 12.8968 -110.719 
v -145.627 12.9118 -83.6475 
v -145.627 21.2818 -98.0248 
v -145.627 12.2978 -84.0047 
v -145.627 20.6688 -98.3821 
v -141.016 2.35875 -109.295 
v -141.016 2.16875 -109.295 
v -145.55 12.9028 -83.6319 
v -145.55 13.2008 -84.144 
v -145.55 12.2888 -83.9892 
v -145.55 12.5868 -84.5011 
v -145.521 13.7998 -110.573 
v -145.521 13.5008 -111.074 
v -145.521 13.1998 -110.214 
v -145.521 12.8998 -110.714 
v -118.242 21.2858 -98.0667 
v -118.242 13.4978 -111.079 
v -145.163 15.6368 -88.0185 
v -145.163 15.6368 -88.6877 
v -145.163 -0.000240326 -88.0185 
v -145.163 -0.000240326 -88.6877 
v -145.163 15.6368 -106.961 
v -145.163 15.6368 -107.631 
v -145.163 -0.000240326 -106.961 
v -145.163 -0.000240326 -107.631 
v -144.993 11.2827 -100.414 
v -144.996 11.0828 -100.414 
v -144.993 11.2827 -95.5039 
v -144.996 11.0828 -95.5039 
v -145.046 7.43776 -100.414 
v -145.048 7.23775 -100.414 
v -145.046 7.43776 -95.5039 
v -145.048 7.23775 -95.5039 
v -144.993 11.2488 -95.5004 
v -144.993 11.2488 -95.7003 
v -145.048 7.27275 -95.5004 
v -145.048 7.27275 -95.7003 
v -144.993 11.2488 -100.213 
v -144.993 11.2488 -100.413 
v -145.048 7.27275 -100.213 
v -145.048 7.27275 -100.413 
v -145.045 7.87876 -88.517 
v -145.045 7.62076 -88.517 
v -145.045 7.87876 -88.0834 
v -145.045 7.62076 -88.0834 
v -145.045 10.5838 -107.63 
v -145.045 10.3258 -107.63 
v -145.045 10.5838 -107.196 
v -145.045 10.3258 -107.196 
v -145.045 12.7267 -107.63 
v -145.045 12.4688 -107.63 
v -145.045 12.7267 -107.196 
v -145.045 12.4688 -107.196 
v -145.045 14.7808 -107.63 
v -145.045 14.5228 -107.63 
v -145.045 14.7808 -107.196 
v -145.045 14.5228 -107.196 
v -145.038 10.5838 -95.5426 
v -145.038 10.3258 -95.5427 
v -145.038 10.5828 -88.079 
v -145.038 10.3258 -88.079 
v -145.037 5.61876 -107.201 
v -145.037 5.36075 -107.201 
v -145.037 5.61876 -88.079 
v -145.037 5.36075 -88.079 
v -145.045 14.7708 -88.5172 
v -145.045 14.5128 -88.5172 
v -145.045 14.7708 -88.0834 
v -145.045 14.5128 -88.0834 
v -145.045 12.7267 -88.5172 
v -145.045 12.4688 -88.5172 
v -145.045 12.7267 -88.0834 
v -145.045 12.4688 -88.0834 
v -145.045 5.61876 -88.5172 
v -145.045 5.36075 -88.5172 
v -145.045 5.61876 -88.0834 
v -145.045 5.36075 -88.0834 
v -145.045 3.31876 -88.4139 
v -145.045 3.06075 -88.4139 
v -145.045 3.31876 -87.9801 
v -145.045 3.06075 -87.9801 
v -145.038 7.87975 -95.5623 
v -145.038 7.62175 -95.5623 
v -145.038 7.87876 -88.079 
v -145.038 7.62076 -88.079 
v -145.038 3.31876 -107.098 
v -145.038 3.06075 -107.098 
v -145.038 3.31876 -87.9758 
v -145.038 3.06075 -87.9758 
v -145.045 7.87975 -107.63 
v -145.045 7.62175 -107.63 
v -145.045 7.87876 -107.196 
v -145.045 7.62175 -107.196 
v -145.038 7.87975 -107.317 
v -145.038 7.62175 -107.317 
v -145.038 7.87975 -100.36 
v -145.038 7.62175 -100.36 
v -145.038 10.5838 -107.201 
v -145.038 10.3258 -107.201 
v -145.038 10.5838 -100.241 
v -145.038 10.3258 -100.241 
v -145.045 5.61876 -107.63 
v -145.045 5.36075 -107.63 
v -145.045 5.61876 -107.196 
v -145.045 5.36075 -107.196 
v -145.038 14.7708 -107.201 
v -145.038 14.5128 -107.201 
v -145.038 14.7708 -88.0791 
v -145.038 14.5128 -88.0791 
v -145.038 12.7278 -107.201 
v -145.038 12.4698 -107.201 
v -145.038 12.7267 -88.0791 
v -145.038 12.4688 -88.0791 
v -145.045 3.31775 -107.527 
v -145.045 3.06075 -107.527 
v -145.045 3.31775 -107.093 
v -145.045 3.06075 -107.093 
v -145.015 10.5828 -88.517 
v -145.015 10.3248 -88.517 
v -145.015 10.5828 -88.0832 
v -145.015 10.3248 -88.0832 
v -141.033 2.93076 -108.532 
v -144.739 14.9128 -97.9669 
v -144.739 14.3728 -97.9669 
v -144.739 14.9128 -97.3523 
v -144.739 14.3728 -97.3523 
v -144.65 3.19675 -104.538 
v -144.65 3.09575 -104.538 
v -144.65 3.19675 -104.104 
v -144.65 3.09575 -104.104 
v -144.65 3.19675 -105.038 
v -144.65 3.09575 -105.038 
v -144.65 3.19675 -104.604 
v -144.65 3.09575 -104.604 
v -144.65 3.19675 -106.538 
v -144.65 3.09575 -106.538 
v -144.65 3.19675 -106.104 
v -144.65 3.09575 -106.104 
v -144.65 3.19675 -107.038 
v -144.65 3.09575 -107.038 
v -144.65 3.19675 -106.604 
v -144.65 3.09575 -106.604 
v -144.65 3.19675 -106.038 
v -144.65 3.09575 -106.038 
v -144.65 3.19675 -105.604 
v -144.65 3.09575 -105.604 
v -144.65 3.19675 -102.538 
v -144.65 3.09575 -102.538 
v -144.65 3.19675 -102.104 
v -144.65 3.09575 -102.104 
v -144.65 3.19675 -89.5377 
v -144.65 3.09476 -89.5377 
v -144.65 3.19675 -89.1039 
v -144.65 3.09476 -89.1039 
v -144.65 3.19675 -92.5377 
v -144.65 3.09575 -92.5377 
v -144.65 3.19675 -92.1039 
v -144.65 3.09575 -92.1039 
v -144.65 3.19675 -100.538 
v -144.65 3.09575 -100.538 
v -144.65 3.19675 -100.104 
v -144.65 3.09575 -100.104 
v -144.65 3.19675 -94.5376 
v -144.65 3.09575 -94.5376 
v -144.65 3.19675 -94.1039 
v -144.65 3.09575 -94.1039 
v -144.65 3.19675 -101.038 
v -144.65 3.09575 -101.038 
v -144.65 3.19675 -100.604 
v -144.65 3.09575 -100.604 
v -144.65 3.19675 -95.0376 
v -144.65 3.09575 -95.0376 
v -144.65 3.19675 -94.6039 
v -144.65 3.09575 -94.6039 
v -144.65 3.19675 -96.5376 
v -144.65 3.09575 -96.5376 
v -144.65 3.19675 -96.1039 
v -144.65 3.09575 -96.1039 
v -144.65 3.19675 -91.0377 
v -144.65 3.09476 -91.0377 
v -144.65 3.19675 -90.6039 
v -144.65 3.09476 -90.6039 
v -144.65 3.19675 -104.038 
v -144.65 3.09575 -104.038 
v -144.65 3.19675 -103.604 
v -144.65 3.09575 -103.604 
v -144.65 3.19675 -97.5376 
v -144.65 3.09575 -97.5376 
v -144.65 3.19675 -97.1039 
v -144.65 3.09575 -97.1039 
v -144.65 3.19675 -98.0376 
v -144.65 3.09575 -98.0376 
v -144.65 3.19675 -97.6039 
v -144.65 3.09575 -97.6039 
v -144.65 3.19675 -98.5376 
v -144.65 3.09575 -98.5376 
v -144.65 3.19675 -98.1039 
v -144.65 3.09575 -98.1039 
v -144.65 3.19675 -100.038 
v -144.65 3.09575 -100.038 
v -144.65 3.19675 -99.6039 
v -144.65 3.09575 -99.6039 
v -144.65 3.19675 -103.538 
v -144.65 3.09575 -103.538 
v -144.65 3.19675 -103.104 
v -144.65 3.09575 -103.104 
v -144.65 3.19675 -99.5376 
v -144.65 3.09575 -99.5376 
v -144.65 3.19675 -99.1039 
v -144.65 3.09575 -99.1039 
v -144.65 3.19675 -90.5377 
v -144.65 3.09476 -90.5377 
v -144.65 3.19675 -90.1039 
v -144.65 3.09476 -90.1039 
v -144.65 3.19675 -102.038 
v -144.65 3.09575 -102.038 
v -144.65 3.19675 -101.604 
v -144.65 3.09575 -101.604 
v -144.65 3.19675 -97.0376 
v -144.65 3.09575 -97.0376 
v -144.65 3.19675 -96.6039 
v -144.65 3.09575 -96.6039 
v -144.65 3.19675 -103.038 
v -144.65 3.09575 -103.038 
v -144.65 3.19675 -102.604 
v -144.65 3.09575 -102.604 
v -144.65 3.19675 -89.0377 
v -144.65 3.09476 -89.0377 
v -144.65 3.19675 -88.6039 
v -144.65 3.09476 -88.6039 
v -144.65 3.19675 -93.5377 
v -144.65 3.09575 -93.5377 
v -144.65 3.19675 -93.1039 
v -144.65 3.09575 -93.1039 
v -144.65 3.19675 -96.0376 
v -144.65 3.09575 -96.0376 
v -144.65 3.19675 -95.6039 
v -144.65 3.09575 -95.6039 
v -144.65 3.19675 -90.0377 
v -144.65 3.09476 -90.0377 
v -144.65 3.19675 -89.6039 
v -144.65 3.09476 -89.6039 
v -144.65 3.19675 -101.538 
v -144.65 3.09575 -101.538 
v -144.65 3.19675 -101.104 
v -144.65 3.09575 -101.104 
v -144.65 3.19675 -93.0377 
v -144.65 3.09575 -93.0377 
v -144.65 3.19675 -92.6039 
v -144.65 3.09575 -92.6039 
v -144.65 3.19675 -92.0377 
v -144.65 3.09575 -92.0377 
v -144.65 3.19675 -91.6039 
v -144.65 3.09575 -91.6039 
v -144.65 3.19675 -94.0377 
v -144.65 3.09575 -94.0377 
v -144.65 3.19675 -93.6039 
v -144.65 3.09575 -93.6039 
v -144.65 3.19675 -99.0376 
v -144.65 3.09575 -99.0376 
v -144.65 3.19675 -98.6039 
v -144.65 3.09575 -98.6039 
v -144.65 3.19675 -91.5377 
v -144.65 3.09476 -91.5377 
v -144.65 3.19675 -91.1039 
v -144.65 3.09476 -91.1039 
v -144.65 3.19675 -95.5376 
v -144.65 3.09575 -95.5376 
v -144.65 3.19675 -95.1039 
v -144.65 3.09575 -95.1039 
v -144.65 3.19675 -88.5375 
v -144.65 3.09476 -88.5377 
v -144.65 3.19675 -88.1039 
v -144.65 3.09476 -88.1039 
v -144.65 3.19675 -105.538 
v -144.65 3.09575 -105.538 
v -144.65 3.19675 -105.104 
v -144.65 3.09575 -105.104 
v -136.58 10.9077 -107.629 
v -117.983 10.3258 -107.63 
v -118.195 15.6368 -107.631 
v -118.195 -0.000240326 -107.631 
v -141.279 10.8288 -107.629 
v -141.536 3.12876 -107.629 
v -144.563 -0.000240326 -107.631 
v -136.836 3.12876 -107.629 
v -143.738 3.16275 -107.098 
v -143.738 3.06075 -107.098 
v -143.738 3.16176 -87.9758 
v -143.738 3.06075 -87.9758 
v -118.164 14.7708 -107.201 
v -118.164 14.5128 -107.201 
v -117.73 12.4688 -107.201 
v -118.164 12.7267 -107.201 
v -118.164 12.4688 -107.201 
v -118.164 7.87975 -107.201 
v -118.164 7.62175 -107.201 
v -118.164 3.31876 -107.098 
v -144.604 3.31876 -107.098 
v -118.117 3.09575 -107.038 
v -142.238 3.16275 -107.098 
v -142.238 3.06075 -107.098 
v -142.238 3.16176 -87.9758 
v -142.238 3.06075 -87.9758 
v -117.726 10.3258 -88.517 
v -117.73 12.4688 -88.0791 
v -117.73 10.3258 -100.245 
v -117.687 11.0828 -95.4575 
v -131.967 -0.000240326 -81.4824 
v -119.592 6.29976 -81.4824 
v -119.592 -0.000240326 -81.4824 
v -131.901 6.07875 -81.4828 
v -119.567 6.07875 -81.6569 
v -131.394 6.07875 -81.6569 
v -131.394 5.82175 -81.6569 
v -127.104 3.16176 -81.6758 
v -124.104 3.16176 -81.6758 
v -118.117 3.09575 -106.604 
v -118.117 3.09575 -88.1039 
v -141.542 10.9077 -107.629 
v -141.542 10.6498 -107.629 
v -141.542 10.9077 -107.195 
v -141.542 10.6498 -107.195 
v -141.536 10.8288 -107.195 
v -141.536 10.8288 -107.629 
v -141.536 3.12876 -107.195 
v -141.536 3.12876 -107.629 
v -141.542 3.38875 -107.629 
v -141.542 3.13076 -107.629 
v -141.542 3.38875 -107.195 
v -141.542 3.13076 -107.195 
v -118.23 20.6688 -98.3821 
v -141.313 0.000751495 -111.035 
v -141.313 3.68676 -107.348 
v -141.313 0.355762 -111.39 
v -141.313 4.04175 -107.703 
v -131.543 3.09575 -82.3965 
v -131.801 5.86475 -82.3965 
v -141.033 3.12076 -107.77 
v -141.033 3.12076 -108.532 
v -141.033 2.93076 -107.77 
v -141.033 2.93076 -108.532 
v -141.033 1.59676 -109.294 
v -141.033 1.59676 -110.056 
v -141.033 1.40676 -109.294 
v -141.033 1.40676 -110.056 
v -141.033 0.835758 -110.056 
v -141.033 0.835758 -110.817 
v -141.033 0.644764 -110.056 
v -141.033 0.644764 -110.817 
v -141.016 2.35875 -108.533 
v -141.016 2.35875 -109.295 
v -141.016 2.16875 -108.533 
v -141.016 2.16875 -109.295 
v -118.242 12.8968 -110.719 
v -118.23 12.9207 -83.6632 
v -119.143 3.09575 -85.1329 
v -119.143 5.86475 -84.7965 
v -119.143 5.86475 -85.1329 
v -119.143 5.86475 -86.933 
v -119.143 5.86475 -85.9967 
v -119.143 5.86475 -86.3329 
v -119.143 5.86475 -85.7329 
v -119.143 5.86475 -84.1965 
v -119.143 5.86475 -83.5965 
v -119.143 5.86475 -82.9965 
v -119.143 5.86475 -83.3329 
v -119.143 5.86475 -87.1966 
v -119.401 3.09575 -82.9965 
v -131.801 3.09575 -82.9965 
v -131.543 5.86475 -82.9965 
v -140.438 3.16275 -107.098 
v -140.438 3.06075 -107.098 
v -140.438 3.16176 -87.9758 
v -140.438 3.06075 -87.9758 
v -119.39 3.10175 -85.8694 
v -119.39 3.10175 -84.8032 
v -119.39 3.10175 -84.3032 
v -119.39 3.10175 -83.3694 
v -119.39 3.10175 -82.3032 
v -119.39 3.10175 -83.3032 
v -119.39 3.10175 -87.3695 
v -119.39 3.10175 -86.3695 
v -119.804 5.86475 -81.7936 
v -119.401 3.09575 -83.5965 
v -131.801 3.09575 -83.5965 
v -131.801 5.86475 -83.5965 
v -118.195 15.6368 -106.961 
v -118.195 15.6368 -88.6876 
v -118.195 15.6368 -88.0185 
v -144.564 15.6368 -88.0185 
v -144.564 15.6368 -106.961 
v -119.401 3.09575 -84.1965 
v -119.401 5.86475 -84.1965 
v -131.801 5.86475 -84.1965 
v -138.991 7.47376 -88.5071 
v -138.991 7.27376 -88.5071 
v -138.991 7.47376 -88.0689 
v -138.991 7.27376 -88.0689 
v -138.991 11.3188 -88.507 
v -138.991 11.1188 -88.507 
v -138.991 11.3188 -88.0689 
v -138.991 11.1188 -88.0689 
v -138.99 11.2848 -88.0689 
v -138.99 11.2848 -88.507 
v -138.99 7.30976 -88.0689 
v -138.99 7.30976 -88.5071 
v -138.938 3.16275 -107.098 
v -138.938 3.06075 -107.098 
v -138.938 3.16176 -87.9758 
v -138.938 3.06075 -87.9758 
v -131.967 13.4098 -84.6442 
v -119.592 13.4998 -84.6443 
v -119.592 3.12676 -84.6443 
v -118.164 14.7708 -88.0791 
v -119.401 5.86475 -84.7965 
v -131.801 3.09575 -84.7965 
v -131.801 5.86475 -84.7965 
v -131.876 3.24276 -84.8694 
v -140.932 4.04175 -107.703 
v -137.171 4.04175 -107.703 
v -119.401 3.09575 -85.3966 
v -131.801 3.09575 -85.3966 
v -131.801 5.86475 -85.3966 
v -119.592 13.4998 -85.2134 
v -119.401 3.09575 -85.9967 
v -131.801 3.09575 -85.9967 
v -131.801 5.86475 -85.9967 
v -131.543 5.86475 -85.9967 
v -131.967 13.4098 -85.2134 
v -137.171 0.000751495 -111.035 
v -137.171 3.68676 -107.348 
v -137.171 0.355762 -111.39 
v -137.171 4.04175 -107.703 
v -137.138 3.16275 -107.098 
v -137.138 3.06075 -107.098 
v -137.138 3.16176 -87.9758 
v -137.138 3.06075 -87.9758 
v -122.898 3.13076 -88.5056 
v -122.898 10.9077 -88.0718 
v -131.801 5.86475 -86.5966 
v -136.836 10.8288 -107.195 
v -136.836 10.8288 -107.629 
v -136.836 3.12876 -107.195 
v -136.836 3.12876 -107.629 
v -136.712 5.61876 -107.63 
v -136.712 5.36075 -107.63 
v -136.712 5.61876 -107.196 
v -136.712 5.36075 -107.196 
v -118.164 12.7267 -88.0791 
v -118.122 11.2888 -100.367 
v -118.125 11.0887 -100.367 
v -118.175 7.44376 -100.367 
v -136.686 7.87975 -107.63 
v -136.686 7.62175 -107.63 
v -136.686 7.87975 -107.196 
v -136.686 7.62175 -107.196 
v -136.617 11.2848 -88.0689 
v -136.617 11.2848 -88.507 
v -136.617 7.30976 -88.0689 
v -136.617 7.30976 -88.5071 
v -136.626 10.5838 -107.63 
v -136.626 10.3258 -107.63 
v -136.626 10.5838 -107.196 
v -136.626 10.3258 -107.196 
v -119.401 3.09575 -87.1966 
v -119.401 5.86475 -87.1966 
v -131.801 3.09575 -87.1966 
v -131.801 5.86475 -87.1966 
v -131.543 5.86475 -87.1966 
v -131.967 -0.000240326 -82.0517 
v -119.592 -0.000240326 -82.0517 
v -118.195 -0.000240326 -106.961 
v -118.195 -0.000240326 -88.0185 
v -118.195 -0.000240326 -88.6877 
v -144.563 -0.000240326 -88.6877 
v -124.004 3.09575 -81.7937 
v -124.004 5.86475 -81.7937 
v -135.638 3.16275 -107.098 
v -135.638 3.06075 -107.098 
v -135.638 3.16176 -87.9758 
v -135.638 3.06075 -87.9758 
v -131.876 3.10175 -87.8695 
v -118.164 3.31775 -87.9758 
v -118.122 11.2888 -95.4575 
v -136.417 11.2848 -88.0689 
v -134.081 7.47376 -88.0689 
v -118.123 11.2547 -100.166 
v -134.081 11.3188 -88.0689 
v -134.081 11.1188 -88.0689 
v -138.79 11.2848 -88.0689 
v -127.861 3.38875 -88.0718 
v -123.045 7.62175 -88.0834 
v -123.045 7.87975 -88.0834 
v -118.164 14.5128 -88.0791 
v -118.164 12.4688 -88.0791 
v -144.604 10.3258 -88.079 
v -134.154 7.62175 -88.0834 
v -134.154 7.87876 -88.0834 
v -127.762 10.5838 -88.0832 
v -123.155 10.8288 -88.0718 
v -123.155 3.12876 -88.0718 
v -127.597 10.8288 -88.0718 
v -127.855 3.12876 -88.0718 
v -134.277 11.2848 -88.507 
v -118.23 12.3068 -84.0204 
v -118.164 7.87876 -88.5955 
v -118.164 7.62175 -88.5955 
v -123.155 10.8288 -88.5056 
v -127.855 10.8288 -88.5056 
v -127.762 10.5838 -88.517 
v -134.277 11.2848 -88.0689 
v -134.277 11.2848 -88.507 
v -134.277 7.30976 -88.0689 
v -134.277 7.30976 -88.5071 
v -134.154 7.87876 -88.517 
v -134.154 7.62175 -88.517 
v -134.154 7.87876 -88.0834 
v -134.154 7.62175 -88.0834 
v -134.145 10.5828 -88.517 
v -134.145 10.3258 -88.517 
v -134.145 10.5828 -88.0832 
v -134.145 10.3258 -88.0832 
v -118.242 20.6857 -97.707 
v -133.838 3.16275 -107.098 
v -133.838 3.06075 -107.098 
v -133.838 3.16176 -87.9758 
v -133.838 3.06075 -87.9758 
v -127.004 3.09575 -81.7937 
v -127.004 5.86475 -81.7937 
v -131.876 3.10175 -88.3033 
v -119.401 3.09575 -85.1329 
v -119.401 3.09575 -86.933 
v -119.401 3.09575 -84.533 
v -119.401 3.09575 -87.5331 
v -131.801 3.09575 -83.9329 
v -131.801 3.09575 -83.3329 
v -131.543 3.09575 -85.1329 
v -131.801 3.09575 -85.1329 
v -131.801 3.09575 -87.5331 
v -131.801 3.09575 -86.933 
v -131.801 3.09575 -86.3329 
v -131.801 3.09575 -84.533 
v -119.592 3.12676 -85.2135 
v -141.278 3.12876 -107.195 
v -136.58 3.13076 -107.195 
v -123.155 3.12876 -88.5056 
v -127.597 3.12876 -88.5056 
v -132.337 3.16275 -107.098 
v -132.337 3.06075 -107.098 
v -132.337 3.16176 -87.9758 
v -132.337 3.06075 -87.9758 
v -131.967 6.20975 -81.4824 
v -131.967 6.20975 -82.0517 
v -131.967 -0.000240326 -81.4824 
v -131.967 -0.000240326 -82.0517 
v -131.967 13.4098 -84.6442 
v -131.967 13.4098 -85.2134 
v -131.967 3.21576 -84.6443 
v -131.967 3.21576 -85.2135 
v -131.967 6.07875 -88.2113 
v -131.967 5.82175 -88.2113 
v -131.967 6.07875 -81.6569 
v -131.967 5.82175 -81.6569 
v -131.953 12.1598 -88.2113 
v -131.953 11.9018 -88.2113 
v -131.953 12.1598 -84.9569 
v -131.953 11.9018 -84.9569 
v -131.961 3.25975 -81.7076 
v -131.961 3.00176 -81.7076 
v -131.961 3.25975 -81.3793 
v -131.961 3.00176 -81.3793 
v -131.901 6.07875 -82.0444 
v -131.901 5.82175 -82.0444 
v -131.901 6.07875 -81.4828 
v -131.901 5.82175 -81.4828 
v -131.876 3.24276 -86.3032 
v -131.876 3.10175 -86.3032 
v -131.876 3.24276 -85.8694 
v -131.876 3.10175 -85.8694 
v -131.876 3.24276 -85.8032 
v -131.876 3.10175 -85.8032 
v -131.876 3.24276 -85.3695 
v -131.876 3.10175 -85.3695 
v -131.876 3.24276 -85.3032 
v -131.876 3.10175 -85.3032 
v -131.876 3.24276 -84.8694 
v -131.876 3.10175 -84.8694 
v -131.876 3.24276 -84.8032 
v -131.876 3.10175 -84.8032 
v -131.876 3.24276 -84.3694 
v -131.876 3.10175 -84.3694 
v -131.876 3.24276 -84.3032 
v -131.876 3.10175 -84.3032 
v -131.876 3.24276 -83.8694 
v -131.876 3.10175 -83.8694 
v -131.876 3.24276 -83.8032 
v -131.876 3.10175 -83.8032 
v -131.876 3.24276 -83.3694 
v -131.876 3.10175 -83.3694 
v -131.876 3.24276 -82.8032 
v -131.876 3.10175 -82.8032 
v -131.876 3.24276 -82.3694 
v -131.876 3.10175 -82.3694 
v -131.876 3.24276 -82.3032 
v -131.876 3.10175 -82.3032 
v -131.876 3.24276 -81.8694 
v -131.876 3.10175 -81.8694 
v -131.876 3.24276 -83.3032 
v -131.876 3.10175 -83.3032 
v -131.876 3.24276 -82.8694 
v -131.876 3.10175 -82.8694 
v -131.876 3.24276 -87.8033 
v -131.876 3.10175 -87.8033 
v -131.876 3.24276 -87.3695 
v -131.876 3.10175 -87.3695 
v -131.876 3.24276 -87.3033 
v -131.876 3.10175 -87.3033 
v -131.876 3.24276 -86.8695 
v -131.876 3.10175 -86.8695 
v -131.876 3.24276 -86.8032 
v -131.876 3.10175 -86.8032 
v -131.876 3.24276 -86.3695 
v -131.876 3.10175 -86.3695 
v -131.876 3.24276 -88.3033 
v -131.876 3.10175 -88.3033 
v -131.876 3.24276 -87.8695 
v -131.876 3.10175 -87.8695 
v -123.045 7.87975 -88.517 
v -118.164 7.87975 -95.5005 
v -118.164 7.87975 -100.296 
v -118.164 10.3258 -95.515 
v -131.801 3.09575 -82.7329 
v -131.801 3.09575 -82.3965 
v -131.801 5.86475 -82.7329 
v -131.801 5.86475 -82.3965 
v -131.801 3.09575 -83.9329 
v -131.801 3.09575 -83.5965 
v -131.801 5.86475 -83.9329 
v -131.801 5.86475 -83.5965 
v -131.801 3.09575 -83.3329 
v -131.801 3.09575 -82.9965 
v -131.801 5.86475 -83.3329 
v -131.801 5.86475 -82.9965 
v -131.801 3.09575 -85.1329 
v -131.801 3.09575 -84.7965 
v -131.801 5.86475 -85.1329 
v -131.801 5.86475 -84.7965 
v -131.801 3.09575 -87.5331 
v -131.801 3.09575 -87.1966 
v -131.801 5.86475 -87.5331 
v -131.801 5.86475 -87.1966 
v -131.801 3.09575 -86.933 
v -131.801 3.09575 -86.5966 
v -131.801 5.86475 -86.933 
v -131.801 5.86475 -86.5966 
v -131.801 3.09575 -86.3329 
v -131.801 3.09575 -85.9967 
v -131.801 5.86475 -86.3329 
v -131.801 5.86475 -85.9967 
v -131.801 3.09575 -85.7329 
v -131.801 3.09575 -85.3966 
v -131.801 5.86475 -85.7329 
v -131.801 5.86475 -85.3966 
v -131.801 3.09575 -84.533 
v -131.801 3.09575 -84.1965 
v -131.801 5.86475 -84.533 
v -131.801 5.86475 -84.1965 
v -118.175 7.44376 -95.4575 
v -134.081 7.47376 -88.5071 
v -130.941 3.09575 -81.7936 
v -130.941 3.09575 -81.5358 
v -130.941 5.86475 -81.7936 
v -130.941 5.86475 -81.5359 
v -130.837 3.16275 -107.098 
v -130.837 3.06075 -107.098 
v -130.837 3.16176 -81.6758 
v -130.837 3.06075 -81.6758 
v -130.341 3.09575 -81.7936 
v -130.341 3.09575 -81.5359 
v -130.341 5.86475 -81.7937 
v -130.341 5.86475 -81.5359 
v -119.592 6.29976 -82.0517 
v -119.567 6.07875 -88.2113 
v -119.567 5.82175 -88.2113 
v -119.401 5.86475 -85.1329 
v -119.401 5.86475 -87.5331 
v -131.543 5.86475 -83.3329 
v -131.543 5.86475 -85.1329 
v -129.741 3.09575 -81.7936 
v -129.741 3.09575 -81.5359 
v -129.741 5.86475 -81.7937 
v -129.741 5.86475 -81.5359 
v -129.337 3.16275 -107.098 
v -129.337 3.06075 -107.098 
v -129.337 3.16176 -81.4758 
v -129.337 3.06075 -81.4758 
v -129.14 3.09575 -81.7936 
v -129.14 3.09575 -81.5359 
v -129.14 5.86475 -81.7937 
v -129.14 5.86475 -81.5359 
v -128.97 7.48476 -107.65 
v -128.97 7.28476 -107.65 
v -128.97 7.48476 -107.212 
v -128.97 7.28476 -107.212 
v -128.969 11.2957 -107.212 
v -128.969 11.2957 -107.65 
v -128.969 7.32076 -107.212 
v -128.969 7.32076 -107.65 
v -128.97 11.3308 -107.65 
v -128.97 11.1308 -107.65 
v -128.97 11.3308 -107.212 
v -128.97 11.1308 -107.212 
v -128.54 3.09575 -81.7936 
v -128.54 3.09575 -81.5359 
v -128.54 5.86475 -81.7937 
v -128.54 5.86475 -81.5359 
v -136.417 7.30976 -88.5071 
v -118.177 7.27875 -100.166 
v -138.872 7.62076 -88.517 
v -123.045 7.62175 -88.517 
v -118.125 11.0887 -95.4575 
v -144.558 11.0768 -95.5039 
v -127.94 3.09575 -81.7936 
v -127.94 3.09575 -81.5359 
v -127.94 5.86475 -81.7937 
v -127.94 5.86475 -81.5359 
v -127.861 3.38875 -88.5056 
v -127.861 3.13076 -88.5056 
v -127.861 3.38875 -88.0718 
v -127.861 3.13076 -88.0718 
v -127.855 10.8288 -88.0718 
v -127.855 10.8288 -88.5056 
v -127.855 3.12876 -88.0718 
v -127.855 3.12876 -88.5056 
v -127.861 10.9077 -88.5056 
v -127.861 10.6498 -88.5056 
v -127.861 10.9077 -88.0718 
v -127.861 10.6498 -88.0718 
v -127.537 3.16275 -107.098 
v -127.537 3.06075 -107.098 
v -127.537 3.16176 -81.6758 
v -127.537 3.06075 -81.6758 
v -127.34 3.09575 -81.7937 
v -127.34 3.09575 -81.5359 
v -127.34 5.86475 -81.7937 
v -127.34 5.86475 -81.5359 
v -126.74 3.09575 -81.7937 
v -126.74 3.09575 -81.5359 
v -126.74 5.86475 -81.7937 
v -126.74 5.86475 -81.5359 
v -126.14 3.09575 -81.7937 
v -126.14 3.09575 -81.5359 
v -126.14 5.86475 -81.7937 
v -126.14 5.86475 -81.5359 
v -126.046 3.16475 -107.098 
v -126.046 3.05875 -107.098 
v -126.046 3.16376 -81.6758 
v -126.046 3.05875 -81.6758 
v -125.54 3.09575 -81.7937 
v -125.54 3.09575 -81.5359 
v -125.54 5.86475 -81.7937 
v -125.54 5.86475 -81.5359 
v -144.604 10.3258 -100.241 
v -124.94 3.09575 -81.7937 
v -124.94 3.09575 -81.5359 
v -124.94 5.86475 -81.7937 
v -124.94 5.86475 -81.5359 
v -124.537 3.16275 -107.098 
v -124.537 3.06075 -107.098 
v -124.537 3.16176 -81.6758 
v -124.537 3.06075 -81.6758 
v -124.34 3.09575 -81.7937 
v -124.34 3.09575 -81.5359 
v -124.34 5.86475 -81.7937 
v -124.34 5.86475 -81.5359 
v -124.256 11.2957 -107.212 
v -124.256 11.2957 -107.65 
v -124.256 7.32076 -107.212 
v -124.256 7.32076 -107.65 
v -124.115 7.87975 -107.63 
v -124.115 7.62175 -107.63 
v -124.115 7.87975 -107.196 
v -124.115 7.62175 -107.196 
v -124.091 10.5838 -107.63 
v -124.091 10.3258 -107.63 
v -124.091 10.5838 -107.196 
v -124.091 10.3258 -107.196 
v -123.74 3.09575 -81.7937 
v -123.74 3.09575 -81.5359 
v -123.74 5.86475 -81.7937 
v -123.74 5.86475 -81.5359 
v -123.155 10.8288 -88.0718 
v -123.155 10.8288 -88.5056 
v -123.155 3.12876 -88.0718 
v -123.155 3.12876 -88.5056 
v -123.14 3.09575 -81.7936 
v -123.14 3.09575 -81.5358 
v -123.14 5.86475 -81.7936 
v -123.14 5.86475 -81.5359 
v -123.045 7.87975 -88.517 
v -123.045 7.62175 -88.517 
v -123.045 7.87975 -88.0834 
v -123.045 7.62175 -88.0834 
v -123.045 5.61876 -88.5172 
v -123.045 5.36075 -88.5172 
v -123.045 5.61876 -88.0834 
v -123.045 5.36075 -88.0834 
v -123.037 3.16275 -107.098 
v -123.037 3.06075 -107.098 
v -123.037 3.16176 -81.6758 
v -123.037 3.06075 -81.6758 
v -122.998 10.5838 -88.517 
v -122.998 10.3258 -88.517 
v -122.998 10.5838 -88.0832 
v -122.998 10.3258 -88.0832 
v -122.54 3.09575 -81.7936 
v -122.54 3.09575 -81.5358 
v -122.54 5.86475 -81.7936 
v -122.54 5.86475 -81.5359 
v -121.94 3.09575 -81.7936 
v -121.94 3.09575 -81.5358 
v -121.94 5.86475 -81.7936 
v -121.94 5.86475 -81.5359 
v -121.34 3.09575 -81.7936 
v -121.34 3.09575 -81.5358 
v -121.34 5.86475 -81.7936 
v -121.34 5.86475 -81.5359 
v -121.273 3.17075 -107.098 
v -121.273 3.05275 -107.098 
v -121.273 3.17075 -81.6758 
v -121.273 3.05176 -81.6758 
v -120.74 3.09575 -81.7936 
v -120.74 3.09575 -81.5358 
v -120.74 5.86475 -81.7936 
v -120.74 5.86475 -81.5359 
v -120.14 3.09575 -81.7936 
v -120.14 3.09575 -81.5358 
v -120.14 5.86475 -81.7936 
v -120.14 5.86475 -81.5359 
v -119.737 3.16275 -107.098 
v -119.737 3.06075 -107.098 
v -119.737 3.16176 -81.8758 
v -119.737 3.06075 -81.8758 
v -119.592 6.29976 -81.4824 
v -119.592 6.29976 -82.0517 
v -119.592 -0.000240326 -81.4824 
v -119.592 -0.000240326 -82.0517 
v -119.592 13.4998 -84.6443 
v -119.592 13.4998 -85.2134 
v -119.592 3.12676 -84.6443 
v -119.592 3.12676 -85.2135 
v -119.567 12.1598 -88.2113 
v -119.567 11.9018 -88.2113 
v -119.567 12.1598 -84.9569 
v -119.567 11.9018 -84.9569 
v -119.567 6.07875 -88.2113 
v -119.567 5.82175 -88.2113 
v -119.567 6.07875 -81.6569 
v -119.567 5.82175 -81.6569 
v -119.401 3.09575 -85.1329 
v -119.401 3.09575 -84.7966 
v -119.401 5.86475 -85.1329 
v -119.401 5.86475 -84.7965 
v -119.401 3.09575 -86.933 
v -119.401 3.09575 -86.5966 
v -119.401 5.86475 -86.933 
v -119.401 5.86475 -86.5966 
v -119.401 3.09575 -86.333 
v -119.401 3.09575 -85.9967 
v -119.401 5.86475 -86.3329 
v -119.401 5.86475 -85.9967 
v -119.401 3.09575 -85.7329 
v -119.401 3.09575 -85.3966 
v -119.401 5.86475 -85.7329 
v -119.401 5.86475 -85.3966 
v -119.401 3.09575 -84.533 
v -119.401 3.09575 -84.1965 
v -119.401 5.86475 -84.533 
v -119.401 5.86475 -84.1965 
v -119.401 3.09575 -83.9329 
v -119.401 3.09575 -83.5965 
v -119.401 5.86475 -83.9329 
v -119.401 5.86475 -83.5965 
v -119.401 3.09575 -83.3329 
v -119.401 3.09575 -82.9965 
v -119.401 5.86475 -83.3329 
v -119.401 5.86475 -82.9965 
v -119.401 3.09575 -82.7329 
v -119.401 3.09575 -82.3965 
v -119.401 5.86475 -82.7329 
v -119.401 5.86475 -82.3965 
v -119.401 3.09575 -87.5331 
v -119.401 3.09575 -87.1966 
v -119.401 5.86475 -87.5331 
v -119.401 5.86475 -87.1966 
v -118.242 21.2858 -98.0667 
v -118.242 13.4978 -111.079 
v -118.242 20.6857 -97.707 
v -118.242 12.8968 -110.719 
v -118.23 12.9207 -83.6632 
v -118.23 21.2818 -98.0248 
v -118.23 12.3068 -84.0204 
v -118.23 20.6688 -98.3821 
v -118.122 11.2888 -100.367 
v -118.125 11.0887 -100.367 
v -118.122 11.2888 -95.4575 
v -118.125 11.0887 -95.4575 
v -118.123 11.2547 -95.4538 
v -118.123 11.2547 -95.6538 
v -118.177 7.27875 -95.4538 
v -118.177 7.27875 -95.6538 
v -118.175 7.44376 -100.367 
v -118.178 7.24376 -100.367 
v -118.175 7.44376 -95.4575 
v -118.178 7.24376 -95.4575 
v -118.123 11.2547 -100.166 
v -118.123 11.2547 -100.366 
v -118.177 7.27875 -100.166 
v -118.177 7.27875 -100.366 
v -118.195 15.6368 -106.961 
v -118.195 15.6368 -107.631 
v -118.195 -0.000240326 -106.961 
v -118.195 -0.000240326 -107.631 
v -118.195 15.6368 -88.0185 
v -118.195 15.6368 -88.6876 
v -118.195 -0.000240326 -88.0185 
v -118.195 -0.000240326 -88.6877 
v -118.164 3.31876 -107.098 
v -118.164 3.06075 -107.098 
v -118.164 3.31775 -87.9758 
v -118.164 3.06075 -87.9758 
v -118.164 5.61876 -107.201 
v -118.164 5.36075 -107.201 
v -118.164 5.61876 -88.079 
v -118.164 5.36075 -88.079 
v -118.164 10.5838 -95.515 
v -118.164 10.3258 -95.515 
v -118.164 10.5838 -88.079 
v -118.164 10.3258 -88.079 
v -118.164 7.87975 -95.5005 
v -118.164 7.62175 -95.5005 
v -118.164 7.87876 -88.5955 
v -118.164 7.62175 -88.5955 
v -118.164 14.7708 -107.201 
v -118.164 14.5128 -107.201 
v -118.164 14.7708 -88.0791 
v -118.164 14.5128 -88.0791 
v -118.164 12.7267 -107.201 
v -118.164 12.4688 -107.201 
v -118.164 12.7267 -88.0791 
v -118.164 12.4688 -88.0791 
v -118.164 7.87975 -107.201 
v -118.164 7.62175 -107.201 
v -118.164 7.87975 -100.296 
v -118.164 7.62175 -100.296 
v -118.164 10.5838 -107.201 
v -118.164 10.3258 -107.201 
v -118.164 10.5838 -100.245 
v -118.164 10.3258 -100.245 
v -141.033 0.835758 -110.817 
v -136.986 0.835758 -110.817 
v -141.033 0.644764 -110.817 
v -136.986 0.644764 -110.817 
v -140.932 0.355762 -111.39 
v -140.932 0.000751495 -111.035 
v -141.313 0.355762 -111.39 
v -141.313 0.000751495 -111.035 
v -136.79 0.355762 -111.39 
v -136.79 0.000751495 -111.035 
v -137.171 0.355762 -111.39 
v -137.171 0.000751495 -111.035 
v -141.033 1.59676 -110.056 
v -137.086 1.40676 -110.056 
v -145.64 13.4978 -111.079 
v -145.64 20.6857 -97.707 
v -145.64 12.8968 -110.719 
v -145.627 12.9118 -83.6475 
v -145.627 12.2978 -84.0047 
v -145.627 20.6688 -98.3821 
v -141.016 2.16875 -109.295 
v -137.069 2.16875 -109.295 
v -145.55 12.5868 -84.5011 
v -145.521 13.1998 -110.214 
v -145.521 12.8998 -110.714 
v -116.859 13.4978 -111.079 
v -144.257 13.4978 -111.079 
v -117.009 13.5008 -111.074 
v -145.163 -0.000240326 -88.0185 
v -145.163 -0.000240326 -88.6877 
v -145.163 -0.000240326 -106.961 
v -145.163 -0.000240326 -107.631 
v -144.996 11.0828 -100.414 
v -144.996 11.0828 -95.5039 
v -145.046 7.43776 -100.414 
v -145.046 7.43776 -95.5039 
v -145.045 7.62076 -88.517 
v -145.045 7.62076 -88.0834 
v -145.045 12.7267 -107.63 
v -145.045 14.7808 -107.63 
v -145.038 10.5838 -95.5426 
v -145.038 10.3258 -88.079 
v -145.037 5.61876 -107.201 
v -145.037 5.61876 -88.079 
v -145.037 5.36075 -88.079 
v -145.045 14.5128 -88.5172 
v -145.045 12.4688 -88.5172 
v -145.045 5.36075 -88.5172 
v -145.045 3.31876 -88.4139 
v -145.045 3.06075 -88.4139 
v -145.045 3.06075 -87.9801 
v -145.038 7.87876 -88.079 
v -145.038 3.06075 -107.098 
v -145.038 7.62175 -107.317 
v -145.038 10.5838 -107.201 
v -145.038 10.3258 -107.201 
v -145.038 10.3258 -100.241 
v -145.038 14.5128 -107.201 
v -145.038 14.7708 -88.0791 
v -145.038 14.5128 -88.0791 
v -145.038 12.4698 -107.201 
v -145.038 12.7267 -88.0791 
v -145.038 12.4688 -88.0791 
v -145.045 3.06075 -107.527 
v -145.015 10.3248 -88.517 
v -145.015 10.5828 -88.0832 
v -141.033 3.12076 -108.532 
v -141.033 2.93076 -108.532 
v -137.086 2.93076 -108.532 
v -144.739 14.3728 -97.9669 
v -144.739 14.3728 -97.3523 
v -144.65 3.19675 -104.538 
v -144.65 3.09575 -104.538 
v -144.65 3.19675 -105.038 
v -144.65 3.19675 -104.604 
v -144.65 3.19675 -106.538 
v -144.65 3.19675 -106.104 
v -144.65 3.19675 -107.038 
v -144.65 3.09575 -107.038 
v -144.65 3.19675 -106.038 
v -144.65 3.19675 -105.604 
v -144.65 3.19675 -102.104 
v -144.65 3.19675 -89.5377 
v -144.65 3.19675 -89.1039 
v -144.65 3.19675 -92.5377 
v -144.65 3.09575 -92.5377 
v -144.65 3.19675 -100.538 
v -144.65 3.19675 -100.104 
v -144.65 3.19675 -94.5376 
v -144.65 3.19675 -94.1039 
v -144.65 3.19675 -101.038 
v -144.65 3.19675 -100.604 
v -144.65 3.19675 -95.0376 
v -144.65 3.19675 -94.6039 
v -144.65 3.09575 -94.6039 
v -144.65 3.19675 -96.5376 
v -144.65 3.19675 -96.1039 
v -144.65 3.19675 -91.0377 
v -144.65 3.19675 -90.6039 
v -144.65 3.19675 -104.038 
v -144.65 3.19675 -103.604 
v -144.65 3.19675 -97.5376 
v -144.65 3.09575 -97.5376 
v -144.65 3.19675 -97.1039 
v -144.65 3.19675 -98.0376 
v -144.65 3.19675 -98.5376 
v -144.65 3.19675 -98.1039 
v -144.65 3.19675 -99.6039 
v -144.65 3.19675 -103.104 
v -144.65 3.19675 -99.5376 
v -144.65 3.19675 -99.1039 
v -144.65 3.09476 -90.5377 
v -144.65 3.19675 -102.038 
v -144.65 3.19675 -101.604 
v -144.65 3.19675 -103.038 
v -144.65 3.19675 -102.604 
v -144.65 3.09476 -89.0377 
v -144.65 3.19675 -88.6039 
v -144.65 3.09476 -88.6039 
v -144.65 3.19675 -93.5377 
v -144.65 3.19675 -93.1039 
v -144.65 3.19675 -95.6039 
v -144.65 3.19675 -90.0377 
v -144.65 3.09575 -101.538 
v -144.65 3.09575 -101.104 
v -144.65 3.19675 -92.6039 
v -144.65 3.19675 -92.0377 
v -144.65 3.09575 -91.6039 
v -144.65 3.19675 -93.6039 
v -144.65 3.09476 -91.5377 
v -144.65 3.19675 -95.5376 
v -144.65 3.19675 -95.1039 
v -144.65 3.19675 -88.5375 
v -144.65 3.09476 -88.1039 
v -144.65 3.19675 -105.104 
v -128.97 7.48476 -107.65 
v -128.97 11.3308 -107.65 
v -124.06 11.1308 -107.65 
v -141.408 10.3258 -107.63 
v -136.58 10.6498 -107.629 
v -128.954 10.3258 -107.63 
v -136.626 10.5838 -107.63 
v -117.725 7.62175 -107.63 
v -124.115 7.87975 -107.63 
v -118.195 -0.000240326 -107.631 
v -117.595 -0.000240326 -107.631 
v -117.726 12.4688 -107.63 
v -117.726 14.5228 -107.63 
v -141.443 7.62175 -107.63 
v -141.278 3.12876 -107.629 
v -144.563 -0.000240326 -107.631 
v -136.836 3.12876 -107.629 
v -136.578 3.12876 -107.629 
v -136.58 3.38875 -107.629 
v -136.686 7.87975 -107.63 
v -117.725 3.06075 -107.527 
v -143.738 3.16275 -107.098 
v -143.738 3.06075 -87.9758 
v -144.604 7.62175 -107.317 
v -117.73 5.36075 -107.201 
v -118.164 5.61876 -107.201 
v -117.73 14.7708 -107.201 
v -118.164 14.7708 -107.201 
v -118.164 14.5128 -107.201 
v -117.73 12.7267 -107.201 
v -118.164 12.4688 -107.201 
v -117.73 7.87975 -107.201 
v -117.73 7.62175 -107.201 
v -118.164 7.87975 -107.201 
v -118.164 7.62175 -107.201 
v -117.73 10.3258 -107.201 
v -118.164 10.5838 -107.201 
v -144.604 5.36075 -107.201 
v -144.604 10.3258 -107.201 
v -144.604 14.5128 -107.201 
v -144.604 12.4698 -107.201 
v -127.104 3.16275 -107.098 
v -127.104 3.06075 -107.098 
v -127.537 3.16275 -107.098 
v -125.595 3.05875 -107.098 
v -126.046 3.16475 -107.098 
v -124.104 3.06075 -107.098 
v -124.537 3.16275 -107.098 
v -124.537 3.06075 -107.098 
v -128.904 3.06075 -107.098 
v -129.337 3.16275 -107.098 
v -129.337 3.06075 -107.098 
v -138.504 3.06075 -107.098 
v -138.938 3.16275 -107.098 
v -119.104 3.06075 -107.098 
v -119.737 3.16275 -107.098 
v -119.737 3.06075 -107.098 
v -135.204 3.06075 -107.098 
v -135.638 3.16275 -107.098 
v -120.768 3.05275 -107.098 
v -121.273 3.17075 -107.098 
v -122.604 3.16275 -107.098 
v -122.604 3.06075 -107.098 
v -123.037 3.16275 -107.098 
v -118.164 3.31876 -107.098 
v -136.704 3.06075 -107.098 
v -137.138 3.16275 -107.098 
v -133.404 3.06075 -107.098 
v -133.838 3.16275 -107.098 
v -131.904 3.16275 -107.098 
v -131.904 3.06075 -107.098 
v -132.337 3.16275 -107.098 
v -140.004 3.06075 -107.098 
v -140.438 3.16275 -107.098 
v -130.404 3.06075 -107.098 
v -130.837 3.16275 -107.098 
v -143.304 3.16275 -107.098 
v -143.304 3.06075 -107.098 
v -141.804 3.06075 -107.098 
v -142.238 3.16275 -107.098 
v -118.117 3.09575 -107.038 
v -118.117 3.19675 -107.038 
v -116.859 12.8968 -110.719 
v -116.859 20.6857 -97.707 
v -116.861 20.6688 -98.3821 
v -116.861 12.3068 -84.0204 
v -116.89 13.2008 -84.144 
v -116.89 12.5868 -84.5011 
v -116.89 12.2888 -83.9892 
v -118.117 3.09575 -106.538 
v -117.009 13.1998 -110.214 
v -118.117 3.09575 -106.038 
v -142.238 3.06075 -87.9758 
v -117.595 -0.000240326 -106.961 
v -117.595 -0.000240326 -88.6877 
v -117.595 -0.000240326 -88.0185 
v -119.063 3.25975 -81.3793 
v -131.961 3.00176 -81.3793 
v -117.725 7.62175 -88.0834 
v -117.725 7.87975 -88.517 
v -117.725 7.62175 -88.517 
v -117.726 10.5838 -88.517 
v -117.726 10.3258 -88.517 
v -117.725 5.61876 -88.5172 
v -117.726 14.5228 -107.196 
v -117.726 14.5128 -88.0834 
v -117.726 14.7708 -88.5172 
v -117.726 14.5128 -88.5172 
v -117.726 12.4698 -88.5172 
v -117.725 3.31876 -87.9801 
v -117.725 3.06075 -88.4139 
v -117.725 3.06075 -107.093 
v -117.73 3.06075 -87.9758 
v -117.73 5.61876 -88.079 
v -117.73 10.3258 -95.515 
v -117.73 10.5838 -88.079 
v -117.73 7.62175 -95.5005 
v -117.73 12.4688 -88.0791 
v -117.73 7.62175 -100.296 
v -117.73 10.5838 -100.245 
v -117.684 11.2488 -95.6538 
v -117.737 7.43776 -100.367 
v -117.737 7.43776 -95.4575 
v -117.684 11.2488 -100.366 
v -117.739 7.27275 -100.166 
v -117.687 11.0828 -100.367 
v -117.687 11.0828 -95.4575 
v -131.367 -0.000240326 -81.4824 
v -131.967 -0.000240326 -81.4824 
v -118.992 -0.000240326 -81.4824 
v -119.592 -0.000240326 -81.4824 
v -118.993 5.82175 -81.4828 
v -131.901 6.07875 -81.4828 
v -120.14 3.09575 -81.5358 
v -130.941 3.09575 -81.5358 
v -129.404 3.09575 -81.5359 
v -129.14 3.09575 -81.5359 
v -128.804 3.09575 -81.5359 
v -127.604 3.09575 -81.5359 
v -118.117 3.09575 -105.538 
v -119.567 5.82175 -81.6569 
v -118.994 5.82175 -81.6569 
v -131.394 6.07875 -81.6569 
v -131.394 5.82175 -81.6569 
v -127.104 3.16176 -81.6758 
v -125.595 3.16376 -81.6758 
v -124.104 3.16176 -81.6758 
v -121.273 3.05176 -81.6758 
v -120.768 3.17075 -81.6758 
v -123.037 3.06075 -81.6758 
v -122.604 3.16176 -81.6758 
v -130.837 3.06075 -81.6758 
v -118.042 14.3728 -97.3523 
v -118.042 14.3728 -97.9669 
v -118.117 3.19675 -104.538 
v -118.117 3.19675 -104.604 
v -118.117 3.09575 -104.604 
v -118.117 3.19675 -106.104 
v -118.117 3.09575 -106.604 
v -118.117 3.19675 -102.104 
v -118.117 3.19675 -89.1039 
v -118.117 3.09575 -89.5377 
v -118.117 3.19675 -92.5377 
v -118.117 3.09575 -92.5377 
v -118.117 3.19675 -100.104 
v -118.117 3.19675 -94.1039 
v -118.117 3.19675 -94.5376 
v -118.117 3.19675 -100.604 
v -118.117 3.19675 -101.038 
v -118.117 3.19675 -94.6039 
v -118.117 3.09575 -94.6039 
v -118.117 3.19675 -95.0376 
v -118.117 3.19675 -96.1039 
v -118.117 3.19675 -96.5376 
v -118.117 3.19675 -90.6039 
v -118.117 3.19675 -91.0377 
v -118.117 3.19675 -103.604 
v -118.117 3.19675 -104.038 
v -118.117 3.19675 -97.1039 
v -118.117 3.19675 -97.5376 
v -118.117 3.19675 -98.0376 
v -118.117 3.19675 -98.1039 
v -118.117 3.19675 -98.5376 
v -118.117 3.09575 -99.6039 
v -118.117 3.19675 -103.104 
v -118.117 3.19675 -99.1039 
v -118.117 3.19675 -99.5376 
v -118.117 3.19675 -90.1039 
v -118.117 3.09575 -90.1039 
v -118.117 3.19675 -101.604 
v -118.117 3.09575 -102.038 
v -118.117 3.19675 -102.604 
v -118.117 3.19675 -103.038 
v -118.117 3.19675 -88.6039 
v -118.117 3.19675 -93.1039 
v -118.117 3.19675 -93.5377 
v -118.117 3.19675 -95.6039 
v -118.117 3.19675 -89.6039 
v -118.117 3.19675 -101.104 
v -118.117 3.19675 -101.538 
v -118.117 3.19675 -92.6039 
v -118.117 3.19675 -91.6039 
v -118.117 3.19675 -92.0377 
v -118.117 3.19675 -93.6039 
v -118.117 3.19675 -91.5377 
v -118.117 3.19675 -95.1039 
v -118.117 3.09575 -95.5376 
v -118.117 3.19675 -88.1039 
v -118.117 3.09575 -88.1039 
v -118.117 3.19675 -88.5375 
v -118.117 3.19675 -105.104 
v -119.39 3.10175 -81.8694 
v -131.876 3.10175 -81.8694 
v -119.737 3.06075 -81.8758 
v -119.104 3.16176 -81.8758 
v -141.542 10.6498 -107.195 
v -144.259 20.6688 -98.3821 
v -118.23 20.6688 -98.3821 
v -119.39 3.24276 -82.3694 
v -131.801 3.09575 -82.3965 
v -131.543 3.09575 -82.3965 
v -131.801 5.86475 -82.3965 
v -141.033 2.93076 -107.77 
v -141.033 1.59676 -109.294 
v -141.033 1.40676 -109.294 
v -141.033 0.644764 -110.056 
v -141.016 2.16875 -108.533 
v -118.242 12.8968 -110.719 
v -144.257 12.8968 -110.719 
v -118.994 11.9018 -88.2113 
v -118.994 12.1598 -88.2113 
v -118.994 12.1598 -84.9569 
v -118.994 5.82175 -88.2113 
v -118.992 -0.000240326 -82.0517 
v -118.992 13.4998 -84.6443 
v -118.992 3.12676 -85.2135 
v -118.992 3.12676 -84.6443 
v -118.993 6.07875 -82.0444 
v -118.993 5.82175 -82.0444 
v -119.063 3.00176 -81.7076 
v -119.143 3.09575 -85.1329 
v -119.143 5.86475 -87.1966 
v -119.401 3.09575 -82.9965 
v -131.801 3.09575 -82.9965 
v -140.438 3.16176 -87.9758 
v -140.438 3.06075 -87.9758 
v -119.39 3.24276 -85.8694 
v -119.39 3.10175 -85.8694 
v -119.39 3.24276 -84.8694 
v -119.39 3.24276 -84.3694 
v -119.39 3.10175 -84.8032 
v -119.39 3.24276 -83.8694 
v -119.39 3.10175 -84.3032 
v -119.39 3.24276 -83.3694 
v -119.39 3.10175 -83.3694 
v -119.39 3.10175 -82.3032 
v -119.39 3.10175 -83.3032 
v -119.39 3.24276 -87.3695 
v -119.39 3.10175 -87.3695 
v -119.39 3.10175 -87.8033 
v -119.39 3.10175 -86.3695 
v -119.39 3.24276 -87.8695 
v -119.39 3.10175 -88.3033 
v -119.804 5.86475 -81.7936 
v -119.401 3.09575 -83.5965 
v -131.801 3.09575 -83.5965 
v -120.404 3.09575 -81.7936 
v -119.401 3.09575 -84.1965 
v -138.991 7.47376 -88.0689 
v -138.991 11.1188 -88.507 
v -138.991 11.1188 -88.0689 
v -138.99 11.2848 -88.507 
v -138.99 7.30976 -88.5071 
v -138.938 3.06075 -87.9758 
v -131.367 3.21576 -84.6443 
v -119.592 3.12676 -84.6443 
v -131.801 3.09575 -84.7965 
v -131.876 3.24276 -84.8694 
v -131.953 11.9018 -84.9569 
v -131.417 12.1598 -84.9569 
v -119.567 11.9018 -84.9569 
v -119.401 3.09575 -85.3966 
v -131.801 3.09575 -85.3966 
v -122.204 3.09575 -81.7936 
v -119.401 3.09575 -85.9967 
v -131.801 3.09575 -85.9967 
v -137.171 3.68676 -107.348 
v -137.138 3.06075 -87.9758 
v -122.898 3.13076 -88.0718 
v -122.898 3.13076 -88.5056 
v -122.898 10.6498 -88.5056 
v -144.558 11.0768 -100.414 
v -144.608 7.43175 -100.414 
v -118.125 11.0887 -100.367 
v -118.175 7.44376 -100.367 
v -136.686 7.62175 -107.196 
v -136.617 7.30976 -88.0689 
v -136.617 7.30976 -88.5071 
v -136.626 10.3258 -107.196 
v -119.401 3.09575 -87.1966 
v -131.801 3.09575 -87.1966 
v -131.543 5.86475 -87.1966 
v -131.953 12.1598 -88.2113 
v -119.567 12.1598 -88.2113 
v -131.967 -0.000240326 -82.0517 
v -131.367 -0.000240326 -82.0517 
v -131.967 -0.000240326 -81.4824 
v -131.367 -0.000240326 -81.4824 
v -119.592 -0.000240326 -82.0517 
v -118.992 -0.000240326 -82.0517 
v -119.592 -0.000240326 -81.4824 
v -118.992 -0.000240326 -81.4824 
v -117.595 -0.000240326 -106.961 
v -118.195 -0.000240326 -106.961 
v -117.595 -0.000240326 -107.631 
v -118.195 -0.000240326 -107.631 
v -117.595 -0.000240326 -88.0185 
v -118.195 -0.000240326 -88.0185 
v -117.595 -0.000240326 -88.6877 
v -118.195 -0.000240326 -88.6877 
v -144.563 -0.000240326 -88.0185 
v -145.163 -0.000240326 -88.0185 
v -144.563 -0.000240326 -88.6877 
v -145.163 -0.000240326 -88.6877 
v -144.563 -0.000240326 -106.961 
v -145.163 -0.000240326 -106.961 
v -144.563 -0.000240326 -107.631 
v -145.163 -0.000240326 -107.631 
v -124.06 7.48476 -107.212 
v -124.06 11.3308 -107.212 
v -135.638 3.06075 -87.9758 
v -131.876 3.10175 -87.8695 
v -138.504 3.16176 -87.9758 
v -135.204 3.16176 -87.9758 
v -136.704 3.16176 -87.9758 
v -133.838 3.06075 -87.9758 
v -133.404 3.16176 -87.9758 
v -132.337 3.06075 -87.9758 
v -131.904 3.16176 -87.9758 
v -140.004 3.16176 -87.9758 
v -143.304 3.16176 -87.9758 
v -143.304 3.06075 -87.9758 
v -141.804 3.16176 -87.9758 
v -136.417 7.30976 -88.0689 
v -134.081 7.47376 -88.0689 
v -118.123 11.2547 -100.166 
v -134.081 11.1188 -88.0689 
v -138.79 11.2848 -88.0689 
v -138.872 7.62076 -88.0834 
v -127.861 3.38875 -88.0718 
v -123.045 7.62175 -88.0834 
v -123.045 7.87975 -88.0834 
v -122.998 10.3258 -88.0832 
v -122.998 10.5838 -88.0832 
v -123.045 5.61876 -88.0834 
v -118.164 5.61876 -88.079 
v -118.164 5.36075 -88.079 
v -118.164 10.3258 -88.079 
v -118.164 14.5128 -88.0791 
v -118.164 12.4688 -88.0791 
v -144.604 10.5828 -88.079 
v -144.604 5.61876 -88.079 
v -127.701 7.62175 -88.0834 
v -134.154 7.62175 -88.0834 
v -127.74 5.36075 -88.0834 
v -138.885 10.3258 -88.0832 
v -144.604 7.62076 -88.079 
v -127.762 10.5838 -88.0832 
v -134.145 10.3258 -88.0832 
v -134.145 10.5828 -88.0832 
v -144.604 14.5128 -88.0791 
v -144.604 12.4688 -88.0791 
v -123.155 3.12876 -88.0718 
v -127.855 3.12876 -88.0718 
v -134.277 11.2848 -88.507 
v -124.604 3.09575 -81.7937 
v -141.033 0.644764 -110.817 
v -136.986 0.644764 -110.817 
v -141.033 0.644764 -110.056 
v -136.986 0.644764 -110.056 
v -144.259 12.2978 -84.0047 
v -118.23 12.3068 -84.0204 
v -136.58 10.9077 -107.195 
v -118.164 7.62175 -88.5955 
v -122.998 10.5838 -88.517 
v -118.164 10.5838 -95.515 
v -138.885 10.5828 -88.517 
v -127.762 10.5838 -88.517 
v -144.604 10.5838 -100.241 
v -141.033 1.40676 -110.056 
v -137.086 1.40676 -110.056 
v -141.033 1.40676 -109.294 
v -137.086 1.40676 -109.294 
v -134.154 7.62175 -88.517 
v -134.145 10.3258 -88.517 
v -118.242 20.6857 -97.707 
v -144.257 20.6857 -97.707 
v -141.016 2.16875 -109.295 
v -137.069 2.16875 -109.295 
v -141.016 2.16875 -108.533 
v -137.069 2.16875 -108.533 
v -141.033 2.93076 -108.532 
v -137.086 2.93076 -108.532 
v -141.033 2.93076 -107.77 
v -137.086 2.93076 -107.77 
v -119.063 3.00176 -81.7076 
v -119.063 3.00176 -81.3793 
v -131.961 3.00176 -81.7076 
v -131.961 3.00176 -81.3793 
v -127.004 3.09575 -81.7937 
v -127.537 3.06075 -107.098 
v -127.104 3.06075 -107.098 
v -127.537 3.06075 -81.6758 
v -127.104 3.06075 -81.6758 
v -126.046 3.05875 -107.098 
v -125.595 3.05875 -107.098 
v -126.046 3.05875 -81.6758 
v -125.595 3.05875 -81.6758 
v -124.537 3.06075 -107.098 
v -124.104 3.06075 -107.098 
v -124.537 3.06075 -81.6758 
v -124.104 3.06075 -81.6758 
v -129.337 3.06075 -107.098 
v -128.904 3.06075 -107.098 
v -129.337 3.06075 -81.4758 
v -128.904 3.06075 -81.4758 
v -138.938 3.06075 -107.098 
v -138.504 3.06075 -107.098 
v -138.938 3.06075 -87.9758 
v -138.504 3.06075 -87.9758 
v -119.737 3.06075 -107.098 
v -119.104 3.06075 -107.098 
v -119.737 3.06075 -81.8758 
v -119.104 3.06075 -81.8758 
v -135.638 3.06075 -107.098 
v -135.204 3.06075 -107.098 
v -135.638 3.06075 -87.9758 
v -135.204 3.06075 -87.9758 
v -121.273 3.05275 -107.098 
v -120.768 3.05275 -107.098 
v -121.273 3.05176 -81.6758 
v -120.768 3.05176 -81.6758 
v -123.037 3.06075 -107.098 
v -122.604 3.06075 -107.098 
v -123.037 3.06075 -81.6758 
v -122.604 3.06075 -81.6758 
v -118.164 3.06075 -107.098 
v -117.73 3.06075 -107.098 
v -118.164 3.06075 -87.9758 
v -117.73 3.06075 -87.9758 
v -137.138 3.06075 -107.098 
v -136.704 3.06075 -107.098 
v -137.138 3.06075 -87.9758 
v -136.704 3.06075 -87.9758 
v -133.838 3.06075 -107.098 
v -133.404 3.06075 -107.098 
v -133.838 3.06075 -87.9758 
v -133.404 3.06075 -87.9758 
v -117.725 3.06075 -88.4139 
v -117.725 3.06075 -87.9801 
v -145.045 3.06075 -88.4139 
v -145.045 3.06075 -87.9801 
v -145.038 3.06075 -107.098 
v -144.604 3.06075 -107.098 
v -145.038 3.06075 -87.9758 
v -144.604 3.06075 -87.9758 
v -132.337 3.06075 -107.098 
v -131.904 3.06075 -107.098 
v -132.337 3.06075 -87.9758 
v -131.904 3.06075 -87.9758 
v -140.438 3.06075 -107.098 
v -140.004 3.06075 -107.098 
v -140.438 3.06075 -87.9758 
v -140.004 3.06075 -87.9758 
v -130.837 3.06075 -107.098 
v -130.404 3.06075 -107.098 
v -130.837 3.06075 -81.6758 
v -130.404 3.06075 -81.6758 
v -143.738 3.06075 -107.098 
v -143.304 3.06075 -107.098 
v -143.738 3.06075 -87.9758 
v -143.304 3.06075 -87.9758 
v -142.238 3.06075 -107.098 
v -141.804 3.06075 -107.098 
v -142.238 3.06075 -87.9758 
v -141.804 3.06075 -87.9758 
v -117.725 3.06075 -107.527 
v -117.725 3.06075 -107.093 
v -145.045 3.06075 -107.527 
v -145.045 3.06075 -107.093 
v -131.543 3.09575 -82.3965 
v -131.801 3.09575 -82.3965 
v -131.543 3.09575 -82.7329 
v -131.801 3.09575 -82.7329 
v -144.65 3.09575 -104.104 
v -144.65 3.09575 -104.538 
v -118.117 3.09575 -104.104 
v -118.117 3.09575 -104.538 
v -144.65 3.09575 -104.604 
v -144.65 3.09575 -105.038 
v -118.117 3.09575 -104.604 
v -118.117 3.09575 -105.038 
v -144.65 3.09575 -106.104 
v -144.65 3.09575 -106.538 
v -118.117 3.09575 -106.104 
v -118.117 3.09575 -106.538 
v -144.65 3.09575 -106.604 
v -144.65 3.09575 -107.038 
v -118.117 3.09575 -106.604 
v -118.117 3.09575 -107.038 
v -144.65 3.09575 -105.604 
v -144.65 3.09575 -106.038 
v -118.117 3.09575 -105.604 
v -118.117 3.09575 -106.038 
v -119.39 3.10175 -86.3032 
v -119.39 3.10175 -85.8694 
v -131.876 3.10175 -86.3032 
v -131.876 3.10175 -85.8694 
v -119.39 3.10175 -85.8032 
v -119.39 3.10175 -85.3695 
v -131.876 3.10175 -85.8032 
v -131.876 3.10175 -85.3695 
v -119.39 3.10175 -85.3032 
v -119.39 3.10175 -84.8694 
v -131.876 3.10175 -85.3032 
v -131.876 3.10175 -84.8694 
v -119.39 3.10175 -84.8032 
v -119.39 3.10175 -84.3694 
v -131.876 3.10175 -84.8032 
v -131.876 3.10175 -84.3694 
v -119.39 3.10175 -84.3032 
v -119.39 3.10175 -83.8694 
v -131.876 3.10175 -84.3032 
v -131.876 3.10175 -83.8694 
v -119.39 3.10175 -83.8032 
v -119.39 3.10175 -83.3694 
v -131.876 3.10175 -83.8032 
v -131.876 3.10175 -83.3694 
v -119.39 3.10175 -82.8032 
v -119.39 3.10175 -82.3694 
v -131.876 3.10175 -82.8032 
v -131.876 3.10175 -82.3694 
v -119.39 3.10175 -82.3032 
v -119.39 3.10175 -81.8694 
v -131.876 3.10175 -82.3032 
v -131.876 3.10175 -81.8694 
v -119.39 3.10175 -83.3032 
v -119.39 3.10175 -82.8694 
v -131.876 3.10175 -83.3032 
v -131.876 3.10175 -82.8694 
v -119.39 3.10175 -87.8033 
v -119.39 3.10175 -87.3695 
v -131.876 3.10175 -87.8033 
v -131.876 3.10175 -87.3695 
v -119.39 3.10175 -87.3033 
v -119.39 3.10175 -86.8695 
v -131.876 3.10175 -87.3033 
v -131.876 3.10175 -86.8695 
v -119.39 3.10175 -86.8032 
v -119.39 3.10175 -86.3695 
v -131.876 3.10175 -86.8032 
v -131.876 3.10175 -86.3695 
v -119.39 3.10175 -88.3033 
v -119.39 3.10175 -87.8695 
v -131.876 3.10175 -88.3033 
v -131.876 3.10175 -87.8695 
v -122.54 3.09575 -81.5358 
v -122.54 3.09575 -81.7936 
v -122.204 3.09575 -81.5358 
v -122.204 3.09575 -81.7936 
v -121.94 3.09575 -81.5358 
v -121.94 3.09575 -81.7936 
v -121.604 3.09575 -81.5358 
v -121.604 3.09575 -81.7936 
v -121.34 3.09575 -81.5358 
v -121.34 3.09575 -81.7936 
v -121.004 3.09575 -81.5358 
v -121.004 3.09575 -81.7936 
v -120.74 3.09575 -81.5358 
v -120.74 3.09575 -81.7936 
v -120.404 3.09575 -81.5358 
v -120.404 3.09575 -81.7936 
v -120.14 3.09575 -81.5358 
v -120.14 3.09575 -81.7936 
v -119.804 3.09575 -81.5358 
v -119.804 3.09575 -81.7936 
v -119.143 3.09575 -84.7966 
v -119.401 3.09575 -84.7966 
v -119.143 3.09575 -85.1329 
v -119.401 3.09575 -85.1329 
v -119.143 3.09575 -86.5966 
v -119.401 3.09575 -86.5966 
v -119.143 3.09575 -86.933 
v -119.401 3.09575 -86.933 
v -119.143 3.09575 -85.9967 
v -119.401 3.09575 -85.9967 
v -119.143 3.09575 -86.333 
v -119.401 3.09575 -86.333 
v -119.143 3.09575 -85.3966 
v -119.401 3.09575 -85.3966 
v -119.143 3.09575 -85.7329 
v -119.401 3.09575 -85.7329 
v -119.143 3.09575 -84.1965 
v -119.401 3.09575 -84.1965 
v -119.143 3.09575 -84.533 
v -119.401 3.09575 -84.533 
v -119.143 3.09575 -83.5965 
v -119.401 3.09575 -83.5965 
v -119.143 3.09575 -83.9329 
v -119.401 3.09575 -83.9329 
v -119.143 3.09575 -82.9965 
v -119.401 3.09575 -82.9965 
v -119.143 3.09575 -83.3329 
v -119.401 3.09575 -83.3329 
v -119.143 3.09575 -82.3965 
v -119.401 3.09575 -82.3965 
v -119.143 3.09575 -82.7329 
v -119.401 3.09575 -82.7329 
v -119.143 3.09575 -87.1966 
v -119.401 3.09575 -87.1966 
v -119.143 3.09575 -87.5331 
v -119.401 3.09575 -87.5331 
v -131.543 3.09575 -83.5965 
v -131.801 3.09575 -83.5965 
v -131.543 3.09575 -83.9329 
v -131.801 3.09575 -83.9329 
v -131.543 3.09575 -82.9965 
v -131.801 3.09575 -82.9965 
v -131.543 3.09575 -83.3329 
v -131.801 3.09575 -83.3329 
v -130.941 3.09575 -81.5358 
v -130.941 3.09575 -81.7936 
v -130.604 3.09575 -81.5358 
v -130.604 3.09575 -81.7936 
v -130.341 3.09575 -81.5359 
v -130.341 3.09575 -81.7936 
v -130.004 3.09575 -81.5359 
v -130.004 3.09575 -81.7936 
v -129.741 3.09575 -81.5359 
v -129.741 3.09575 -81.7936 
v -129.404 3.09575 -81.5359 
v -129.404 3.09575 -81.7936 
v -129.14 3.09575 -81.5359 
v -129.14 3.09575 -81.7936 
v -128.804 3.09575 -81.5359 
v -128.804 3.09575 -81.7936 
v -144.65 3.09575 -102.104 
v -144.65 3.09575 -102.538 
v -118.117 3.09575 -102.104 
v -118.117 3.09575 -102.538 
v -144.65 3.09476 -89.1039 
v -144.65 3.09476 -89.5377 
v -118.117 3.09575 -89.1039 
v -118.117 3.09575 -89.5377 
v -144.65 3.09575 -92.1039 
v -144.65 3.09575 -92.5377 
v -118.117 3.09575 -92.1039 
v -118.117 3.09575 -92.5377 
v -144.65 3.09575 -100.104 
v -144.65 3.09575 -100.538 
v -118.117 3.09575 -100.104 
v -118.117 3.09575 -100.538 
v -144.65 3.09575 -94.1039 
v -144.65 3.09575 -94.5376 
v -118.117 3.09575 -94.1039 
v -118.117 3.09575 -94.5376 
v -144.65 3.09575 -100.604 
v -144.65 3.09575 -101.038 
v -118.117 3.09575 -100.604 
v -118.117 3.09575 -101.038 
v -144.65 3.09575 -94.6039 
v -144.65 3.09575 -95.0376 
v -118.117 3.09575 -94.6039 
v -118.117 3.09575 -95.0376 
v -144.65 3.09575 -96.1039 
v -144.65 3.09575 -96.5376 
v -118.117 3.09575 -96.1039 
v -118.117 3.09575 -96.5376 
v -144.65 3.09476 -90.6039 
v -144.65 3.09476 -91.0377 
v -118.117 3.09575 -90.6039 
v -118.117 3.09575 -91.0377 
v -144.65 3.09575 -103.604 
v -144.65 3.09575 -104.038 
v -118.117 3.09575 -103.604 
v -118.117 3.09575 -104.038 
v -144.65 3.09575 -97.1039 
v -144.65 3.09575 -97.5376 
v -118.117 3.09575 -97.1039 
v -118.117 3.09575 -97.5376 
v -144.65 3.09575 -97.6039 
v -144.65 3.09575 -98.0376 
v -118.117 3.09575 -97.6039 
v -118.117 3.09575 -98.0376 
v -144.65 3.09575 -98.1039 
v -144.65 3.09575 -98.5376 
v -118.117 3.09575 -98.1039 
v -118.117 3.09575 -98.5376 
v -144.65 3.09575 -99.6039 
v -144.65 3.09575 -100.038 
v -118.117 3.09575 -99.6039 
v -118.117 3.09575 -100.038 
v -144.65 3.09575 -103.104 
v -144.65 3.09575 -103.538 
v -118.117 3.09575 -103.104 
v -118.117 3.09575 -103.538 
v -144.65 3.09575 -99.1039 
v -144.65 3.09575 -99.5376 
v -118.117 3.09575 -99.1039 
v -118.117 3.09575 -99.5376 
v -144.65 3.09476 -90.1039 
v -144.65 3.09476 -90.5377 
v -118.117 3.09575 -90.1039 
v -118.117 3.09575 -90.5377 
v -144.65 3.09575 -101.604 
v -144.65 3.09575 -102.038 
v -118.117 3.09575 -101.604 
v -118.117 3.09575 -102.038 
v -144.65 3.09575 -96.6039 
v -144.65 3.09575 -97.0376 
v -118.117 3.09575 -96.6039 
v -118.117 3.09575 -97.0376 
v -144.65 3.09575 -102.604 
v -144.65 3.09575 -103.038 
v -118.117 3.09575 -102.604 
v -118.117 3.09575 -103.038 
v -144.65 3.09476 -88.6039 
v -144.65 3.09476 -89.0377 
v -118.117 3.09575 -88.6039 
v -118.117 3.09575 -89.0377 
v -144.65 3.09575 -93.1039 
v -144.65 3.09575 -93.5377 
v -118.117 3.09575 -93.1039 
v -118.117 3.09575 -93.5377 
v -144.65 3.09575 -95.6039 
v -144.65 3.09575 -96.0376 
v -118.117 3.09575 -95.6039 
v -118.117 3.09575 -96.0376 
v -144.65 3.09476 -89.6039 
v -144.65 3.09476 -90.0377 
v -118.117 3.09575 -89.6039 
v -118.117 3.09575 -90.0377 
v -144.65 3.09575 -101.104 
v -144.65 3.09575 -101.538 
v -118.117 3.09575 -101.104 
v -118.117 3.09575 -101.538 
v -144.65 3.09575 -92.6039 
v -144.65 3.09575 -93.0377 
v -118.117 3.09575 -92.6039 
v -118.117 3.09575 -93.0377 
v -144.65 3.09575 -91.6039 
v -144.65 3.09575 -92.0377 
v -118.117 3.09575 -91.6039 
v -118.117 3.09575 -92.0377 
v -144.65 3.09575 -93.6039 
v -144.65 3.09575 -94.0377 
v -118.117 3.09575 -93.6039 
v -118.117 3.09575 -94.0377 
v -144.65 3.09575 -98.6039 
v -144.65 3.09575 -99.0376 
v -118.117 3.09575 -98.6039 
v -118.117 3.09575 -99.0376 
v -144.65 3.09476 -91.1039 
v -144.65 3.09476 -91.5377 
v -118.117 3.09575 -91.1039 
v -118.117 3.09575 -91.5377 
v -144.65 3.09575 -95.1039 
v -144.65 3.09575 -95.5376 
v -118.117 3.09575 -95.1039 
v -118.117 3.09575 -95.5376 
v -131.543 3.09575 -84.7965 
v -131.801 3.09575 -84.7965 
v -131.543 3.09575 -85.1329 
v -131.801 3.09575 -85.1329 
v -131.543 3.09575 -87.1966 
v -131.801 3.09575 -87.1966 
v -131.543 3.09575 -87.5331 
v -131.801 3.09575 -87.5331 
v -131.543 3.09575 -86.5966 
v -131.801 3.09575 -86.5966 
v -131.543 3.09575 -86.933 
v -131.801 3.09575 -86.933 
v -131.543 3.09575 -85.9967 
v -131.801 3.09575 -85.9967 
v -131.543 3.09575 -86.3329 
v -131.801 3.09575 -86.3329 
v -131.543 3.09575 -85.3966 
v -131.801 3.09575 -85.3966 
v -131.543 3.09575 -85.7329 
v -131.801 3.09575 -85.7329 
v -131.543 3.09575 -84.1965 
v -131.801 3.09575 -84.1965 
v -131.543 3.09575 -84.533 
v -131.801 3.09575 -84.533 
v -144.65 3.09476 -88.1039 
v -144.65 3.09476 -88.5377 
v -118.117 3.09575 -88.1039 
v -118.117 3.09575 -88.5375 
v -128.54 3.09575 -81.5359 
v -128.54 3.09575 -81.7936 
v -128.204 3.09575 -81.5359 
v -128.204 3.09575 -81.7936 
v -127.94 3.09575 -81.5359 
v -127.94 3.09575 -81.7936 
v -127.604 3.09575 -81.5359 
v -127.604 3.09575 -81.7936 
v -127.34 3.09575 -81.5359 
v -127.34 3.09575 -81.7937 
v -127.004 3.09575 -81.5359 
v -127.004 3.09575 -81.7937 
v -126.74 3.09575 -81.5359 
v -126.74 3.09575 -81.7937 
v -126.404 3.09575 -81.5359 
v -126.404 3.09575 -81.7937 
v -126.14 3.09575 -81.5359 
v -126.14 3.09575 -81.7937 
v -125.804 3.09575 -81.5359 
v -125.804 3.09575 -81.7937 
v -125.54 3.09575 -81.5359 
v -125.54 3.09575 -81.7937 
v -125.204 3.09575 -81.5359 
v -125.204 3.09575 -81.7937 
v -124.94 3.09575 -81.5359 
v -124.94 3.09575 -81.7937 
v -124.604 3.09575 -81.5359 
v -124.604 3.09575 -81.7937 
v -124.34 3.09575 -81.5359 
v -124.34 3.09575 -81.7937 
v -124.004 3.09575 -81.5359 
v -124.004 3.09575 -81.7937 
v -123.74 3.09575 -81.5359 
v -123.74 3.09575 -81.7937 
v -123.404 3.09575 -81.5359 
v -123.404 3.09575 -81.7937 
v -123.14 3.09575 -81.5358 
v -123.14 3.09575 -81.7936 
v -122.804 3.09575 -81.5358 
v -122.804 3.09575 -81.7936 
v -144.65 3.09575 -105.104 
v -144.65 3.09575 -105.538 
v -118.117 3.09575 -105.104 
v -118.117 3.09575 -105.538 
v -119.592 3.12676 -85.2135 
v -118.992 3.12676 -85.2135 
v -119.592 3.12676 -84.6443 
v -118.992 3.12676 -84.6443 
v -127.861 3.13076 -88.0718 
v -127.861 3.13076 -88.5056 
v -122.898 3.13076 -88.0718 
v -122.898 3.13076 -88.5056 
v -141.278 3.12876 -107.195 
v -141.536 3.12876 -107.195 
v -141.278 3.12876 -107.629 
v -141.536 3.12876 -107.629 
v -136.578 3.12876 -107.195 
v -136.836 3.12876 -107.195 
v -136.578 3.12876 -107.629 
v -136.836 3.12876 -107.629 
v -141.542 3.13076 -107.195 
v -141.542 3.13076 -107.629 
v -136.58 3.13076 -107.195 
v -136.58 3.13076 -107.629 
v -122.897 3.12876 -88.0718 
v -123.155 3.12876 -88.0718 
v -122.897 3.12876 -88.5056 
v -123.155 3.12876 -88.5056 
v -127.597 3.12876 -88.0718 
v -127.855 3.12876 -88.0718 
v -127.597 3.12876 -88.5056 
v -127.855 3.12876 -88.5056 
v -131.967 3.21576 -85.2135 
v -131.367 3.21576 -85.2135 
v -131.967 3.21576 -84.6443 
v -131.367 3.21576 -84.6443 
v -127.701 7.87975 -88.517 
v -127.701 7.62175 -88.517 
v -127.74 5.61876 -88.5172 
v -127.762 10.3258 -88.517 
v -131.967 6.07875 -88.2113 
v -131.967 5.82175 -88.2113 
v -131.961 3.25975 -81.7076 
v -131.901 5.82175 -82.0444 
v -131.876 3.24276 -85.8032 
v -131.876 3.24276 -84.8032 
v -131.876 3.24276 -84.3032 
v -131.876 3.24276 -83.8032 
v -131.876 3.24276 -82.8032 
v -131.876 3.24276 -82.3032 
v -131.876 3.24276 -83.3032 
v -131.876 3.24276 -87.3033 
v -128.855 7.87975 -107.196 
v -144.604 10.3258 -95.5427 
v -141.443 7.87975 -107.196 
v -118.164 7.62175 -95.5005 
v -118.175 7.44376 -95.4575 
v -134.081 7.47376 -88.5071 
v -144.608 7.43175 -95.5039 
v -118.006 5.36075 -107.63 
v -118.006 5.36075 -107.196 
v -136.712 5.36075 -107.63 
v -136.712 5.36075 -107.196 
v -117.725 5.36075 -88.5172 
v -117.725 5.36075 -88.0834 
v -123.045 5.36075 -88.5172 
v -123.045 5.36075 -88.0834 
v -118.164 5.36075 -107.201 
v -117.73 5.36075 -107.201 
v -118.164 5.36075 -88.079 
v -117.73 5.36075 -88.079 
v -145.037 5.36075 -107.201 
v -144.604 5.36075 -107.201 
v -145.037 5.36075 -88.079 
v -144.604 5.36075 -88.079 
v -127.74 5.36075 -88.5172 
v -127.74 5.36075 -88.0834 
v -145.045 5.36075 -88.5172 
v -145.045 5.36075 -88.0834 
v -141.48 5.36075 -107.63 
v -141.48 5.36075 -107.196 
v -145.045 5.36075 -107.63 
v -145.045 5.36075 -107.196 
v -119.567 6.07875 -88.2113 
v -131.394 6.07875 -88.2113 
v -119.567 5.82175 -88.2113 
v -118.994 5.82175 -88.2113 
v -119.567 5.82175 -81.6569 
v -118.994 5.82175 -81.6569 
v -131.967 5.82175 -88.2113 
v -131.394 5.82175 -88.2113 
v -131.967 5.82175 -81.6569 
v -131.394 5.82175 -81.6569 
v -118.993 5.82175 -82.0444 
v -118.993 5.82175 -81.4828 
v -131.901 5.82175 -82.0444 
v -131.901 5.82175 -81.4828 
v -128.97 11.1308 -107.212 
v -145.048 7.23775 -100.414 
v -144.61 7.23175 -100.414 
v -145.048 7.23775 -95.5039 
v -144.61 7.23175 -95.5039 
v -145.048 7.27275 -95.5004 
v -145.048 7.27275 -95.7003 
v -144.61 7.26676 -95.5004 
v -144.61 7.26676 -95.7003 
v -145.048 7.27275 -100.213 
v -145.048 7.27275 -100.413 
v -144.61 7.26676 -100.213 
v -144.61 7.26676 -100.413 
v -128.97 7.28476 -107.212 
v -128.97 7.28476 -107.65 
v -124.06 7.28476 -107.212 
v -124.06 7.28476 -107.65 
v -138.991 7.27376 -88.0689 
v -138.991 7.27376 -88.5071 
v -134.081 7.27376 -88.0689 
v -134.081 7.27376 -88.5071 
v -136.417 7.30976 -88.0689 
v -136.617 7.30976 -88.0689 
v -136.417 7.30976 -88.5071 
v -136.617 7.30976 -88.5071 
v -124.056 7.32076 -107.212 
v -124.256 7.32076 -107.212 
v -124.056 7.32076 -107.65 
v -124.256 7.32076 -107.65 
v -128.769 7.32076 -107.212 
v -128.969 7.32076 -107.212 
v -128.769 7.32076 -107.65 
v -128.969 7.32076 -107.65 
v -134.077 7.30976 -88.0689 
v -134.277 7.30976 -88.0689 
v -134.077 7.30976 -88.5071 
v -134.277 7.30976 -88.5071 
v -138.79 7.30976 -88.0689 
v -138.99 7.30976 -88.0689 
v -138.79 7.30976 -88.5071 
v -138.99 7.30976 -88.5071 
v -118.178 7.24376 -100.367 
v -117.739 7.23775 -100.367 
v -118.178 7.24376 -95.4575 
v -117.739 7.23775 -95.4575 
v -118.177 7.27875 -95.4538 
v -118.177 7.27875 -95.6538 
v -117.739 7.27275 -95.4538 
v -117.739 7.27275 -95.6538 
v -118.177 7.27875 -100.166 
v -118.177 7.27875 -100.366 
v -117.739 7.27275 -100.166 
v -117.739 7.27275 -100.366 
v -131.417 11.9018 -88.2113 
v -138.872 7.62076 -88.517 
v -138.872 7.62076 -88.0834 
v -145.045 7.62076 -88.517 
v -145.045 7.62076 -88.0834 
v -117.725 7.62175 -88.517 
v -117.725 7.62175 -88.0834 
v -123.045 7.62175 -88.517 
v -123.045 7.62175 -88.0834 
v -117.725 7.62175 -107.63 
v -117.725 7.62175 -107.196 
v -124.115 7.62175 -107.63 
v -124.115 7.62175 -107.196 
v -118.164 7.62175 -95.5005 
v -117.73 7.62175 -95.5005 
v -118.164 7.62175 -88.5955 
v -117.73 7.62175 -88.5955 
v -118.164 7.62175 -107.201 
v -117.73 7.62175 -107.201 
v -118.164 7.62175 -100.296 
v -117.73 7.62175 -100.296 
v -127.701 7.62175 -88.517 
v -127.701 7.62175 -88.0834 
v -134.154 7.62175 -88.517 
v -134.154 7.62175 -88.0834 
v -145.038 7.62175 -95.5623 
v -144.604 7.62175 -95.5623 
v -145.038 7.62076 -88.079 
v -144.604 7.62076 -88.079 
v -141.443 7.62175 -107.63 
v -141.443 7.62175 -107.196 
v -145.045 7.62175 -107.63 
v -145.045 7.62175 -107.196 
v -145.038 7.62175 -107.317 
v -144.604 7.62175 -107.317 
v -145.038 7.62175 -100.36 
v -144.604 7.62175 -100.36 
v -128.855 7.62175 -107.63 
v -128.855 7.62175 -107.196 
v -136.686 7.62175 -107.63 
v -136.686 7.62175 -107.196 
v -118.125 11.0887 -95.4575 
v -144.558 11.0768 -95.5039 
v -127.861 3.38875 -88.5056 
v -137.086 3.12076 -107.77 
v -134.081 11.1188 -88.507 
v -137.086 1.59676 -109.294 
v -141.408 10.3258 -107.63 
v -141.408 10.3258 -107.196 
v -145.045 10.3258 -107.63 
v -145.045 10.3258 -107.196 
v -128.954 10.3258 -107.63 
v -128.954 10.3258 -107.196 
v -136.626 10.3258 -107.63 
v -136.626 10.3258 -107.196 
v -117.726 10.3258 -88.517 
v -117.726 10.3258 -88.0832 
v -122.998 10.3258 -88.517 
v -122.998 10.3258 -88.0832 
v -117.983 10.3258 -107.63 
v -117.983 10.3258 -107.196 
v -124.091 10.3258 -107.63 
v -124.091 10.3258 -107.196 
v -118.164 10.3258 -95.515 
v -117.73 10.3258 -95.515 
v -118.164 10.3258 -88.079 
v -117.73 10.3258 -88.079 
v -118.164 10.3258 -107.201 
v -117.73 10.3258 -107.201 
v -118.164 10.3258 -100.245 
v -117.73 10.3258 -100.245 
v -145.038 10.3258 -95.5427 
v -144.604 10.3258 -95.5427 
v -145.038 10.3258 -88.079 
v -144.604 10.3258 -88.079 
v -138.885 10.3258 -88.517 
v -138.885 10.3258 -88.0832 
v -145.015 10.3248 -88.517 
v -145.015 10.3248 -88.0832 
v -127.762 10.3258 -88.517 
v -127.762 10.3258 -88.0832 
v -134.145 10.3258 -88.517 
v -134.145 10.3258 -88.0832 
v -145.038 10.3258 -107.201 
v -144.604 10.3258 -107.201 
v -145.038 10.3258 -100.241 
v -144.604 10.3258 -100.241 
v -141.542 10.6498 -107.195 
v -141.542 10.6498 -107.629 
v -136.58 10.6498 -107.195 
v -136.58 10.6498 -107.629 
v -127.861 10.6498 -88.0718 
v -127.861 10.6498 -88.5056 
v -122.898 10.6498 -88.0718 
v -122.898 10.6498 -88.5056 
v -144.996 11.0828 -100.414 
v -144.558 11.0768 -100.414 
v -144.996 11.0828 -95.5039 
v -144.558 11.0768 -95.5039 
v -136.986 0.835758 -110.056 
v -138.991 11.1188 -88.0689 
v -138.991 11.1188 -88.507 
v -134.081 11.1188 -88.0689 
v -134.081 11.1188 -88.507 
v -128.97 11.1308 -107.212 
v -128.97 11.1308 -107.65 
v -124.06 11.1308 -107.212 
v -124.06 11.1308 -107.65 
v -118.125 11.0887 -100.367 
v -117.687 11.0828 -100.367 
v -118.125 11.0887 -95.4575 
v -117.687 11.0828 -95.4575 
v -131.953 11.9018 -88.2113 
v -131.417 11.9018 -88.2113 
v -131.953 11.9018 -84.9569 
v -131.417 11.9018 -84.9569 
v -119.567 11.9018 -88.2113 
v -118.994 11.9018 -88.2113 
v -119.567 11.9018 -84.9569 
v -118.994 11.9018 -84.9569 
v -117.726 12.4688 -107.63 
v -117.726 12.4688 -107.196 
v -145.045 12.4688 -107.63 
v -145.045 12.4688 -107.196 
v -118.164 12.4688 -107.201 
v -117.73 12.4688 -107.201 
v -118.164 12.4688 -88.0791 
v -117.73 12.4688 -88.0791 
v -117.726 12.4698 -88.5172 
v -117.726 12.4698 -88.0834 
v -145.045 12.4688 -88.5172 
v -145.045 12.4688 -88.0834 
v -145.038 12.4698 -107.201 
v -144.604 12.4698 -107.201 
v -145.038 12.4688 -88.0791 
v -144.604 12.4688 -88.0791 
v -140.932 0.000751495 -111.035 
v -140.932 3.68676 -107.348 
v -141.313 0.000751495 -111.035 
v -141.313 3.68676 -107.348 
v -136.79 0.000751495 -111.035 
v -136.79 3.68676 -107.348 
v -137.171 0.000751495 -111.035 
v -137.171 3.68676 -107.348 
v -144.739 14.3728 -97.3523 
v -144.739 14.3728 -97.9669 
v -118.042 14.3728 -97.3523 
v -118.042 14.3728 -97.9669 
v -118.164 14.5128 -107.201 
v -117.73 14.5128 -107.201 
v -118.164 14.5128 -88.0791 
v -117.73 14.5128 -88.0791 
v -117.726 14.5128 -88.5172 
v -117.726 14.5128 -88.0834 
v -145.045 14.5128 -88.5172 
v -145.045 14.5128 -88.0834 
v -145.038 14.5128 -107.201 
v -144.604 14.5128 -107.201 
v -145.038 14.5128 -88.0791 
v -144.604 14.5128 -88.0791 
v -117.726 14.5228 -107.63 
v -117.726 14.5228 -107.196 
v -145.045 14.5228 -107.63 
v -145.045 14.5228 -107.196 
v -145.627 12.2978 -84.0047 
v -145.627 20.6688 -98.3821 
v -144.259 12.2978 -84.0047 
v -144.259 20.6688 -98.3821 
v -118.23 12.3068 -84.0204 
v -118.23 20.6688 -98.3821 
v -116.861 12.3068 -84.0204 
v -116.861 20.6688 -98.3821 
v -145.55 12.5868 -84.5011 
v -116.89 12.5868 -84.5011 
v -145.55 12.2888 -83.9892 
v -116.89 12.2888 -83.9892 
v -118.242 20.6857 -97.707 
v -118.242 12.8968 -110.719 
v -116.859 20.6857 -97.707 
v -116.859 12.8968 -110.719 
v -145.64 20.6857 -97.707 
v -145.64 12.8968 -110.719 
v -144.257 20.6857 -97.707 
v -144.257 12.8968 -110.719 
v -117.009 13.1998 -110.214 
v -145.521 13.1998 -110.214 
v -117.009 12.8998 -110.714 
v -145.521 12.8998 -110.714 
v -141.033 0.835758 -110.817 
v -136.986 0.835758 -110.817 
v -141.033 0.644764 -110.817 
v -136.986 0.644764 -110.817 
v -141.033 1.59676 -110.056 
v -137.086 1.59676 -110.056 
v -141.033 1.40676 -110.056 
v -137.086 1.40676 -110.056 
v -145.64 21.2858 -98.0667 
v -145.64 13.4978 -111.079 
v -145.64 12.8968 -110.719 
v -145.627 20.6688 -98.3821 
v -141.016 2.35875 -109.295 
v -137.069 2.35875 -109.295 
v -141.016 2.16875 -109.295 
v -137.069 2.16875 -109.295 
v -145.55 13.2008 -84.144 
v -145.55 12.5868 -84.5011 
v -145.521 12.8998 -110.714 
v -116.859 13.4978 -111.079 
v -118.242 21.2858 -98.0667 
v -118.242 13.4978 -111.079 
v -144.257 13.4978 -111.079 
v -145.163 15.6368 -88.6877 
v -145.163 -0.000240326 -88.6877 
v -145.163 15.6368 -107.631 
v -145.163 -0.000240326 -107.631 
v -144.993 11.2827 -95.5039 
v -145.046 7.43776 -100.414 
v -145.046 7.43776 -95.5039 
v -144.993 11.2488 -100.213 
v -145.045 7.87876 -88.517 
v -145.045 7.62076 -88.517 
v -145.045 12.7267 -107.63 
v -145.045 14.7808 -107.63 
v -145.045 14.7708 -88.5172 
v -145.045 14.5128 -88.5172 
v -145.045 12.7267 -88.5172 
v -145.045 12.4688 -88.5172 
v -145.045 3.31876 -88.4139 
v -145.045 3.06075 -88.4139 
v -145.038 7.87975 -95.5623 
v -145.038 3.31876 -107.098 
v -145.038 3.06075 -107.098 
v -145.038 7.87975 -107.317 
v -145.038 7.62175 -107.317 
v -145.038 10.3258 -107.201 
v -145.038 12.4698 -107.201 
v -145.038 12.4688 -88.0791 
v -145.045 3.31775 -107.527 
v -145.045 3.06075 -107.527 
v -141.033 3.12076 -108.532 
v -137.086 3.12076 -108.532 
v -141.033 2.93076 -108.532 
v -137.086 2.93076 -108.532 
v -144.739 14.9128 -97.9669 
v -144.739 14.3728 -97.9669 
v -144.65 3.09575 -107.038 
v -128.97 7.28476 -107.65 
v -128.97 7.48476 -107.65 
v -124.06 7.28476 -107.65 
v -124.06 7.48476 -107.65 
v -124.256 11.2957 -107.65 
v -124.056 11.2957 -107.65 
v -124.256 7.32076 -107.65 
v -124.056 7.32076 -107.65 
v -128.969 11.2957 -107.65 
v -128.769 11.2957 -107.65 
v -128.969 7.32076 -107.65 
v -128.769 7.32076 -107.65 
v -128.97 11.1308 -107.65 
v -128.97 11.3308 -107.65 
v -124.06 11.1308 -107.65 
v -124.06 11.3308 -107.65 
v -118.006 5.61876 -107.63 
v -118.006 5.36075 -107.63 
v -136.712 5.61876 -107.63 
v -136.712 5.36075 -107.63 
v -141.408 10.5838 -107.63 
v -141.408 10.3258 -107.63 
v -145.045 10.5838 -107.63 
v -145.045 10.3258 -107.63 
v -141.542 10.6498 -107.629 
v -141.542 10.9077 -107.629 
v -136.58 10.6498 -107.629 
v -136.58 10.9077 -107.629 
v -128.954 10.5838 -107.63 
v -128.954 10.3258 -107.63 
v -136.626 10.5838 -107.63 
v -136.626 10.3258 -107.63 
v -117.983 10.5838 -107.63 
v -117.983 10.3258 -107.63 
v -124.091 10.5838 -107.63 
v -124.091 10.3258 -107.63 
v -117.725 7.87975 -107.63 
v -117.725 7.62175 -107.63 
v -124.115 7.87975 -107.63 
v -124.115 7.62175 -107.63 
v -118.195 15.6368 -107.631 
v -117.595 15.6368 -107.631 
v -118.195 -0.000240326 -107.631 
v -117.595 -0.000240326 -107.631 
v -117.726 12.7267 -107.63 
v -117.726 12.4688 -107.63 
v -145.045 12.7267 -107.63 
v -145.045 12.4688 -107.63 
v -117.726 14.7808 -107.63 
v -117.726 14.5228 -107.63 
v -145.045 14.7808 -107.63 
v -145.045 14.5228 -107.63 
v -141.443 7.87975 -107.63 
v -141.443 7.62175 -107.63 
v -145.045 7.87975 -107.63 
v -145.045 7.62175 -107.63 
v -141.536 10.8288 -107.629 
v -141.279 10.8288 -107.629 
v -141.536 3.12876 -107.629 
v -141.278 3.12876 -107.629 
v -141.48 5.61876 -107.63 
v -141.48 5.36075 -107.63 
v -145.045 5.61876 -107.63 
v -145.045 5.36075 -107.63 
v -145.163 15.6368 -107.631 
v -144.564 15.6368 -107.631 
v -145.163 -0.000240326 -107.631 
v -144.563 -0.000240326 -107.631 
v -136.836 10.8288 -107.629 
v -136.579 10.8288 -107.629 
v -136.836 3.12876 -107.629 
v -136.578 3.12876 -107.629 
v -141.542 3.13076 -107.629 
v -141.542 3.38875 -107.629 
v -136.58 3.13076 -107.629 
v -136.58 3.38875 -107.629 
v -128.855 7.87975 -107.63 
v -128.855 7.62175 -107.63 
v -136.686 7.87975 -107.63 
v -136.686 7.62175 -107.63 
v -117.725 3.31876 -107.527 
v -117.725 3.06075 -107.527 
v -145.045 3.31775 -107.527 
v -145.045 3.06075 -107.527 
v -144.604 7.87975 -107.317 
v -144.604 7.62175 -107.317 
v -145.038 7.87975 -107.317 
v -145.038 7.62175 -107.317 
v -117.73 5.61876 -107.201 
v -117.73 5.36075 -107.201 
v -118.164 5.61876 -107.201 
v -118.164 5.36075 -107.201 
v -117.73 14.7708 -107.201 
v -117.73 14.5128 -107.201 
v -118.164 14.7708 -107.201 
v -118.164 14.5128 -107.201 
v -117.73 12.7267 -107.201 
v -117.73 12.4688 -107.201 
v -118.164 12.7267 -107.201 
v -118.164 12.4688 -107.201 
v -117.73 7.87975 -107.201 
v -117.73 7.62175 -107.201 
v -118.164 7.87975 -107.201 
v -118.164 7.62175 -107.201 
v -117.73 10.5838 -107.201 
v -117.73 10.3258 -107.201 
v -118.164 10.5838 -107.201 
v -118.164 10.3258 -107.201 
v -144.604 5.61876 -107.201 
v -144.604 5.36075 -107.201 
v -145.037 5.61876 -107.201 
v -145.037 5.36075 -107.201 
v -144.604 10.5838 -107.201 
v -144.604 10.3258 -107.201 
v -145.038 10.5838 -107.201 
v -145.038 10.3258 -107.201 
v -144.604 14.7708 -107.201 
v -144.604 14.5128 -107.201 
v -145.038 14.7708 -107.201 
v -145.038 14.5128 -107.201 
v -144.604 12.7278 -107.201 
v -144.604 12.4698 -107.201 
v -145.038 12.7278 -107.201 
v -145.038 12.4698 -107.201 
v -127.104 3.16275 -107.098 
v -127.104 3.06075 -107.098 
v -127.537 3.16275 -107.098 
v -127.537 3.06075 -107.098 
v -125.595 3.16475 -107.098 
v -125.595 3.05875 -107.098 
v -126.046 3.16475 -107.098 
v -126.046 3.05875 -107.098 
v -124.104 3.16275 -107.098 
v -124.104 3.06075 -107.098 
v -124.537 3.16275 -107.098 
v -124.537 3.06075 -107.098 
v -128.904 3.16275 -107.098 
v -128.904 3.06075 -107.098 
v -129.337 3.16275 -107.098 
v -129.337 3.06075 -107.098 
v -138.504 3.16275 -107.098 
v -138.504 3.06075 -107.098 
v -138.938 3.16275 -107.098 
v -138.938 3.06075 -107.098 
v -119.104 3.16275 -107.098 
v -119.104 3.06075 -107.098 
v -119.737 3.16275 -107.098 
v -119.737 3.06075 -107.098 
v -135.204 3.16275 -107.098 
v -135.204 3.06075 -107.098 
v -135.638 3.16275 -107.098 
v -135.638 3.06075 -107.098 
v -120.768 3.17075 -107.098 
v -120.768 3.05275 -107.098 
v -121.273 3.17075 -107.098 
v -121.273 3.05275 -107.098 
v -122.604 3.16275 -107.098 
v -122.604 3.06075 -107.098 
v -123.037 3.16275 -107.098 
v -123.037 3.06075 -107.098 
v -117.73 3.31876 -107.098 
v -117.73 3.06075 -107.098 
v -118.164 3.31876 -107.098 
v -118.164 3.06075 -107.098 
v -136.704 3.16275 -107.098 
v -136.704 3.06075 -107.098 
v -137.138 3.16275 -107.098 
v -137.138 3.06075 -107.098 
v -133.404 3.16275 -107.098 
v -133.404 3.06075 -107.098 
v -133.838 3.16275 -107.098 
v -133.838 3.06075 -107.098 
v -144.604 3.31876 -107.098 
v -144.604 3.06075 -107.098 
v -145.038 3.31876 -107.098 
v -145.038 3.06075 -107.098 
v -131.904 3.16275 -107.098 
v -131.904 3.06075 -107.098 
v -132.337 3.16275 -107.098 
v -132.337 3.06075 -107.098 
v -140.004 3.16275 -107.098 
v -140.004 3.06075 -107.098 
v -140.438 3.16275 -107.098 
v -140.438 3.06075 -107.098 
v -130.404 3.16275 -107.098 
v -130.404 3.06075 -107.098 
v -130.837 3.16275 -107.098 
v -130.837 3.06075 -107.098 
v -143.304 3.16275 -107.098 
v -143.304 3.06075 -107.098 
v -143.738 3.16275 -107.098 
v -143.738 3.06075 -107.098 
v -141.804 3.16275 -107.098 
v -141.804 3.06075 -107.098 
v -142.238 3.16275 -107.098 
v -142.238 3.06075 -107.098 
v -144.65 3.09575 -107.038 
v -144.65 3.19675 -107.038 
v -118.117 3.09575 -107.038 
v -118.117 3.19675 -107.038 
v -116.859 12.8968 -110.719 
v -116.861 21.2818 -98.0248 
v -116.861 20.6688 -98.3821 
v -116.861 12.3068 -84.0204 
v -116.89 13.2008 -84.144 
v -116.89 12.5868 -84.5011 
v -144.65 3.09575 -106.538 
v -144.65 3.19675 -106.538 
v -118.117 3.09575 -106.538 
v -118.117 3.19675 -106.538 
v -144.65 3.09575 -106.038 
v -144.65 3.19675 -106.038 
v -118.117 3.09575 -106.038 
v -118.117 3.19675 -106.038 
v -117.595 15.6368 -88.6876 
v -117.595 -0.000240326 -88.6877 
v -117.725 7.87975 -88.517 
v -117.725 7.62175 -88.517 
v -117.726 10.3258 -88.517 
v -117.726 14.7708 -88.5172 
v -117.726 14.5128 -88.5172 
v -117.726 12.7267 -88.5172 
v -117.726 12.4698 -88.5172 
v -117.725 3.31876 -88.4139 
v -117.725 3.06075 -88.4139 
v -117.725 3.31876 -107.093 
v -117.725 3.06075 -107.093 
v -117.73 7.62175 -95.5005 
v -117.73 7.87975 -95.5005 
v -117.73 12.4688 -88.0791 
v -117.73 7.62175 -100.296 
v -117.684 11.2488 -95.6538 
v -117.737 7.43776 -100.367 
v -117.737 7.43776 -95.4575 
v -117.684 11.2488 -100.366 
v -117.687 11.0828 -100.367 
v -117.684 11.2827 -100.367 
v -131.967 -0.000240326 -81.4824 
v -122.204 3.09575 -81.5358 
v -122.54 5.86475 -81.5359 
v -122.204 5.86475 -81.5359 
v -121.34 5.86475 -81.5359 
v -121.004 5.86475 -81.5359 
v -120.404 5.86475 -81.5359 
v -120.14 3.09575 -81.5358 
v -119.804 3.09575 -81.5358 
v -130.604 5.86475 -81.5359 
v -129.404 3.09575 -81.5359 
v -129.741 5.86475 -81.5359 
v -129.404 5.86475 -81.5359 
v -129.14 3.09575 -81.5359 
v -128.804 3.09575 -81.5359 
v -129.14 5.86475 -81.5359 
v -128.804 5.86475 -81.5359 
v -128.204 3.09575 -81.5359 
v -127.604 3.09575 -81.5359 
v -127.34 5.86475 -81.5359 
v -127.004 5.86475 -81.5359 
v -125.204 3.09575 -81.5359 
v -125.204 5.86475 -81.5359 
v -124.604 5.86475 -81.5359 
v -124.34 5.86475 -81.5359 
v -144.65 3.09575 -105.538 
v -144.65 3.19675 -105.538 
v -118.117 3.09575 -105.538 
v -118.117 3.19675 -105.538 
v -119.567 6.07875 -81.6569 
v -119.567 5.82175 -81.6569 
v -118.994 5.82175 -81.6569 
v -131.394 6.07875 -81.6569 
v -131.394 5.82175 -81.6569 
v -127.104 3.16176 -81.6758 
v -126.046 3.05875 -81.6758 
v -125.595 3.16376 -81.6758 
v -124.104 3.16176 -81.6758 
v -121.273 3.05176 -81.6758 
v -120.768 3.17075 -81.6758 
v -123.037 3.06075 -81.6758 
v -122.604 3.16176 -81.6758 
v -118.042 14.9128 -97.9669 
v -118.042 14.3728 -97.9669 
v -119.39 3.10175 -81.8694 
v -119.39 3.24276 -81.8694 
v -119.104 3.16176 -81.8758 
v -141.542 10.9077 -107.195 
v -141.542 10.6498 -107.195 
v -145.627 21.2818 -98.0248 
v -144.259 21.2818 -98.0248 
v -145.627 20.6688 -98.3821 
v -144.259 20.6688 -98.3821 
v -118.23 21.2818 -98.0248 
v -116.861 21.2818 -98.0248 
v -118.23 20.6688 -98.3821 
v -116.861 20.6688 -98.3821 
v -144.65 3.09575 -105.038 
v -144.65 3.19675 -105.038 
v -118.117 3.09575 -105.038 
v -118.117 3.19675 -105.038 
v -131.543 3.09575 -82.3965 
v -141.033 1.59676 -109.294 
v -118.242 13.4978 -111.079 
v -116.859 13.4978 -111.079 
v -118.242 12.8968 -110.719 
v -116.859 12.8968 -110.719 
v -145.64 13.4978 -111.079 
v -144.257 13.4978 -111.079 
v -145.64 12.8968 -110.719 
v -144.257 12.8968 -110.719 
v -145.521 13.5008 -111.074 
v -117.009 13.5008 -111.074 
v -145.521 12.8998 -110.714 
v -117.009 12.8998 -110.714 
v -144.65 3.09575 -104.538 
v -144.65 3.19675 -104.538 
v -118.117 3.09575 -104.538 
v -118.117 3.19675 -104.538 
v -118.994 6.07875 -88.2113 
v -118.992 6.29976 -82.0517 
v -118.992 -0.000240326 -82.0517 
v -118.992 13.4998 -85.2134 
v -118.992 3.12676 -85.2135 
v -118.993 6.07875 -82.0444 
v -118.993 5.82175 -82.0444 
v -119.39 3.24276 -82.8694 
v -119.401 3.09575 -82.9965 
v -119.39 3.24276 -85.8694 
v -119.39 3.10175 -85.8694 
v -119.39 3.24276 -85.3695 
v -119.39 3.10175 -82.3032 
v -119.39 3.24276 -87.3695 
v -119.39 3.10175 -87.3695 
v -119.39 3.10175 -87.8033 
v -119.39 3.24276 -86.8695 
v -119.39 3.24276 -86.3695 
v -119.39 3.10175 -86.3695 
v -119.39 3.24276 -87.8695 
v -119.39 3.24276 -88.3033 
v -119.39 3.10175 -88.3033 
v -144.65 3.09575 -104.038 
v -144.65 3.19675 -104.038 
v -118.117 3.09575 -104.038 
v -118.117 3.19675 -104.038 
v -119.804 5.86475 -81.7936 
v -144.65 3.09575 -103.538 
v -144.65 3.19675 -103.538 
v -118.117 3.09575 -103.538 
v -118.117 3.19675 -103.538 
v -118.195 15.6368 -88.6876 
v -144.564 15.6368 -88.6877 
v -120.404 3.09575 -81.7936 
v -144.65 3.09575 -103.038 
v -144.65 3.19675 -103.038 
v -118.117 3.09575 -103.038 
v -118.117 3.19675 -103.038 
v -138.991 11.3188 -88.507 
v -138.991 11.1188 -88.507 
v -138.991 11.1188 -88.0689 
v -138.99 7.30976 -88.5071 
v -144.65 3.09575 -102.538 
v -144.65 3.19675 -102.538 
v -118.117 3.09575 -102.538 
v -118.117 3.19675 -102.538 
v -131.367 13.4098 -84.6442 
v -144.65 3.09575 -102.038 
v -144.65 3.19675 -102.038 
v -118.117 3.09575 -102.038 
v -118.117 3.19675 -102.038 
v -119.401 3.09575 -85.3966 
v -131.801 3.09575 -85.3966 
v -144.65 3.09575 -101.538 
v -144.65 3.19675 -101.538 
v -118.117 3.09575 -101.538 
v -118.117 3.19675 -101.538 
v -122.204 3.09575 -81.7936 
v -122.204 5.86475 -81.7936 
v -119.592 13.4998 -85.2134 
v -131.967 13.4098 -85.2134 
v -131.367 13.4098 -85.2134 
v -144.65 3.09575 -101.038 
v -144.65 3.19675 -101.038 
v -118.117 3.09575 -101.038 
v -118.117 3.19675 -101.038 
v -122.898 3.38875 -88.5056 
v -122.898 3.13076 -88.5056 
v -122.898 10.9077 -88.5056 
v -122.898 10.6498 -88.5056 
v -144.65 3.09575 -100.538 
v -144.65 3.19675 -100.538 
v -118.117 3.09575 -100.538 
v -118.117 3.19675 -100.538 
v -144.555 11.2768 -100.414 
v -144.558 11.0768 -100.414 
v -144.993 11.2827 -100.414 
v -144.996 11.0828 -100.414 
v -144.608 7.43175 -100.414 
v -144.61 7.23175 -100.414 
v -145.046 7.43776 -100.414 
v -145.048 7.23775 -100.414 
v -144.993 11.2488 -100.413 
v -144.555 11.2428 -100.413 
v -145.048 7.27275 -100.413 
v -144.61 7.26676 -100.413 
v -117.684 11.2827 -100.367 
v -117.687 11.0828 -100.367 
v -118.122 11.2888 -100.367 
v -118.125 11.0887 -100.367 
v -117.737 7.43776 -100.367 
v -117.739 7.23775 -100.367 
v -118.175 7.44376 -100.367 
v -118.175 7.44376 -100.367 
v -117.739 7.23775 -100.367 
v -118.178 7.24376 -100.367 
v -118.123 11.2547 -100.366 
v -117.684 11.2488 -100.366 
v -118.177 7.27875 -100.366 
v -117.739 7.27275 -100.366 
v -136.617 11.2848 -88.507 
v -136.617 7.30976 -88.5071 
v -123.404 5.86475 -81.7937 
v -144.65 3.09575 -100.038 
v -144.65 3.19675 -100.038 
v -118.117 3.09575 -100.038 
v -118.117 3.19675 -100.038 
v -144.65 3.09575 -99.5376 
v -144.65 3.19675 -99.5376 
v -118.117 3.09575 -99.5376 
v -118.117 3.19675 -99.5376 
v -131.967 -0.000240326 -82.0517 
v -131.367 -0.000240326 -82.0517 
v -119.592 -0.000240326 -82.0517 
v -118.195 -0.000240326 -88.6877 
v -144.563 -0.000240326 -88.6877 
v -124.004 3.09575 -81.7937 
v -124.004 5.86475 -81.7937 
v -131.876 3.10175 -87.8695 
v -118.122 11.2888 -95.4575 
v -118.123 11.2547 -100.166 
v -118.164 5.61876 -88.079 
v -144.604 10.3258 -88.079 
v -134.145 10.3258 -88.0832 
v -144.65 3.09575 -99.0376 
v -144.65 3.19675 -99.0376 
v -118.117 3.09575 -99.0376 
v -118.117 3.19675 -99.0376 
v -136.417 11.2848 -88.507 
v -134.277 11.2848 -88.507 
v -138.79 11.2848 -88.507 
v -124.604 3.09575 -81.7937 
v -144.555 11.2428 -95.7003 
v -118.23 12.3068 -84.0204 
v -144.65 3.09575 -98.5376 
v -144.65 3.19675 -98.5376 
v -118.117 3.09575 -98.5376 
v -118.117 3.19675 -98.5376 
v -123.155 10.8288 -88.5056 
v -127.855 10.8288 -88.5056 
v -125.204 3.09575 -81.7937 
v -125.204 5.86475 -81.7937 
v -122.998 10.5838 -88.517 
v -127.762 10.5838 -88.517 
v -144.65 3.09575 -98.0376 
v -144.65 3.19675 -98.0376 
v -118.117 3.09575 -98.0376 
v -118.117 3.19675 -98.0376 
v -144.739 14.3728 -97.9669 
v -144.739 14.9128 -97.9669 
v -118.042 14.3728 -97.9669 
v -118.042 14.9128 -97.9669 
v -134.154 7.87876 -88.517 
v -144.65 3.09575 -97.5376 
v -144.65 3.19675 -97.5376 
v -118.117 3.09575 -97.5376 
v -118.117 3.19675 -97.5376 
v -126.404 5.86475 -81.7937 
v -144.65 3.09575 -97.0376 
v -144.65 3.19675 -97.0376 
v -118.117 3.09575 -97.0376 
v -118.117 3.19675 -97.0376 
v -144.65 3.09575 -96.5376 
v -144.65 3.19675 -96.5376 
v -118.117 3.09575 -96.5376 
v -118.117 3.19675 -96.5376 
v -127.004 3.09575 -81.7937 
v -127.004 5.86475 -81.7937 
v -131.876 3.10175 -88.3033 
v -122.54 3.09575 -81.7936 
v -119.401 3.09575 -85.1329 
v -119.401 3.09575 -86.933 
v -130.604 3.09575 -81.7936 
v -129.741 3.09575 -81.7936 
v -128.804 3.09575 -81.7936 
v -131.543 3.09575 -85.1329 
v -131.801 3.09575 -85.1329 
v -131.801 3.09575 -86.933 
v -131.801 3.09575 -86.3329 
v -126.14 3.09575 -81.7937 
v -124.34 3.09575 -81.7937 
v -123.14 3.09575 -81.7936 
v -119.592 3.12676 -85.2135 
v -136.58 3.13076 -107.195 
v -123.155 3.12876 -88.5056 
v -127.597 3.12876 -88.5056 
v -131.367 3.21576 -85.2135 
v -144.65 3.09575 -96.0376 
v -144.65 3.19675 -96.0376 
v -118.117 3.09575 -96.0376 
v -118.117 3.19675 -96.0376 
v -127.701 7.87975 -88.517 
v -127.701 7.62175 -88.517 
v -144.993 11.2488 -95.7003 
v -144.555 11.2428 -95.7003 
v -145.048 7.27275 -95.7003 
v -144.61 7.26676 -95.7003 
v -127.762 10.3258 -88.517 
v -118.123 11.2547 -95.6538 
v -117.684 11.2488 -95.6538 
v -118.177 7.27875 -95.6538 
v -117.739 7.27275 -95.6538 
v -131.901 6.07875 -82.0444 
v -131.901 5.82175 -82.0444 
v -131.876 3.24276 -86.3032 
v -131.876 3.24276 -85.8032 
v -131.876 3.24276 -85.3032 
v -131.876 3.24276 -82.3032 
v -131.876 3.24276 -83.3032 
v -131.876 3.24276 -87.8033 
v -131.876 3.24276 -87.3033 
v -131.876 3.24276 -86.8032 
v -131.876 3.24276 -88.3033 
v -123.045 7.87975 -88.517 
v -118.164 7.87975 -95.5005 
v -144.604 7.87975 -95.5623 
v -144.604 7.62175 -95.5623 
v -145.038 7.87975 -95.5623 
v -145.038 7.62175 -95.5623 
v -138.872 7.87876 -88.517 
v -144.604 10.5838 -95.5426 
v -144.604 10.3258 -95.5427 
v -145.038 10.5838 -95.5426 
v -145.038 10.3258 -95.5427 
v -144.65 3.09575 -95.5376 
v -144.65 3.19675 -95.5376 
v -118.117 3.09575 -95.5376 
v -118.117 3.19675 -95.5376 
v -117.73 10.5838 -95.515 
v -117.73 10.3258 -95.515 
v -118.164 10.5838 -95.515 
v -118.164 10.3258 -95.515 
v -117.73 7.87975 -95.5005 
v -117.73 7.62175 -95.5005 
v -118.164 7.87975 -95.5005 
v -118.164 7.62175 -95.5005 
v -118.175 7.44376 -95.4575 
v -128.204 5.86475 -81.7937 
v -134.081 7.47376 -88.5071 
v -144.65 3.09575 -95.0376 
v -144.65 3.19675 -95.0376 
v -118.117 3.09575 -95.0376 
v -118.117 3.19675 -95.0376 
v -144.608 7.43175 -95.5039 
v -144.65 3.09575 -94.5376 
v -144.65 3.19675 -94.5376 
v -118.117 3.09575 -94.5376 
v -118.117 3.19675 -94.5376 
v -144.65 3.09575 -94.0377 
v -144.65 3.19675 -94.0377 
v -118.117 3.09575 -94.0377 
v -118.117 3.19675 -94.0377 
v -119.592 6.29976 -82.0517 
v -131.367 6.20975 -82.0517 
v -119.567 6.07875 -88.2113 
v -119.567 5.82175 -88.2113 
v -121.34 5.86475 -81.7936 
v -129.741 5.86475 -81.7937 
v -144.65 3.09575 -93.5377 
v -144.65 3.19675 -93.5377 
v -118.117 3.09575 -93.5377 
v -118.117 3.19675 -93.5377 
v -127.94 5.86475 -81.7937 
v -126.14 5.86475 -81.7937 
v -125.54 5.86475 -81.7937 
v -123.14 5.86475 -81.7936 
v -144.65 3.09575 -93.0377 
v -144.65 3.19675 -93.0377 
v -118.117 3.09575 -93.0377 
v -118.117 3.19675 -93.0377 
v -128.97 11.1308 -107.212 
v -144.65 3.09575 -92.5377 
v -144.65 3.19675 -92.5377 
v -118.117 3.09575 -92.5377 
v -118.117 3.19675 -92.5377 
v -136.417 7.30976 -88.5071 
v -144.65 3.09575 -92.0377 
v -144.65 3.19675 -92.0377 
v -118.117 3.09575 -92.0377 
v -118.117 3.19675 -92.0377 
v -138.872 7.62076 -88.517 
v -123.045 7.62175 -88.517 
v -118.164 7.62175 -100.296 
v -118.125 11.0887 -95.4575 
v -127.861 3.38875 -88.5056 
v -144.65 3.09476 -91.5377 
v -144.65 3.19675 -91.5377 
v -118.117 3.09575 -91.5377 
v -118.117 3.19675 -91.5377 
v -136.58 3.38875 -107.195 
v -144.65 3.09476 -91.0377 
v -144.65 3.19675 -91.0377 
v -118.117 3.09575 -91.0377 
v -118.117 3.19675 -91.0377 
v -144.65 3.09476 -90.5377 
v -144.65 3.19675 -90.5377 
v -118.117 3.09575 -90.5377 
v -118.117 3.19675 -90.5377 
v -144.65 3.09476 -90.0377 
v -144.65 3.19675 -90.0377 
v -118.117 3.09575 -90.0377 
v -118.117 3.19675 -90.0377 
v -144.65 3.09476 -89.5377 
v -144.65 3.19675 -89.5377 
v -118.117 3.09575 -89.5377 
v -118.117 3.19675 -89.5377 
v -134.081 11.1188 -88.507 
v -137.086 1.59676 -109.294 
v -124.091 10.3258 -107.196 
v -138.885 10.3258 -88.517 
v -145.55 13.2008 -84.144 
v -116.89 13.2008 -84.144 
v -145.55 12.5868 -84.5011 
v -116.89 12.5868 -84.5011 
v -144.65 3.09476 -89.0377 
v -144.65 3.19675 -89.0377 
v -118.117 3.09575 -89.0377 
v -118.117 3.19675 -89.0377 
v -118.195 15.6368 -88.6876 
v -117.595 15.6368 -88.6876 
v -118.195 -0.000240326 -88.6877 
v -117.595 -0.000240326 -88.6877 
v -145.163 15.6368 -88.6877 
v -144.564 15.6368 -88.6877 
v -145.163 -0.000240326 -88.6877 
v -144.563 -0.000240326 -88.6877 
v -144.65 3.09476 -88.5377 
v -144.65 3.19675 -88.5375 
v -118.117 3.09575 -88.5375 
v -118.117 3.19675 -88.5375 
v -136.617 11.2848 -88.507 
v -136.417 11.2848 -88.507 
v -136.617 7.30976 -88.5071 
v -136.417 7.30976 -88.5071 
v -138.991 7.27376 -88.5071 
v -138.991 7.47376 -88.5071 
v -134.081 7.27376 -88.5071 
v -134.081 7.47376 -88.5071 
v -134.277 11.2848 -88.507 
v -134.077 11.2848 -88.507 
v -134.277 7.30976 -88.5071 
v -134.077 7.30976 -88.5071 
v -138.991 11.1188 -88.507 
v -138.991 11.3188 -88.507 
v -134.081 11.1188 -88.507 
v -134.081 11.3188 -88.507 
v -138.99 11.2848 -88.507 
v -138.79 11.2848 -88.507 
v -138.99 7.30976 -88.5071 
v -138.79 7.30976 -88.5071 
v -138.872 7.87876 -88.517 
v -138.872 7.62076 -88.517 
v -145.045 7.87876 -88.517 
v -145.045 7.62076 -88.517 
v -117.725 7.87975 -88.517 
v -117.725 7.62175 -88.517 
v -123.045 7.87975 -88.517 
v -123.045 7.62175 -88.517 
v -117.726 10.5838 -88.517 
v -117.726 10.3258 -88.517 
v -122.998 10.5838 -88.517 
v -122.998 10.3258 -88.517 
v -117.725 5.61876 -88.5172 
v -117.725 5.36075 -88.5172 
v -123.045 5.61876 -88.5172 
v -123.045 5.36075 -88.5172 
v -117.726 14.7708 -88.5172 
v -117.726 14.5128 -88.5172 
v -145.045 14.7708 -88.5172 
v -145.045 14.5128 -88.5172 
v -127.701 7.87975 -88.517 
v -127.701 7.62175 -88.517 
v -134.154 7.87876 -88.517 
v -134.154 7.62175 -88.517 
v -117.726 12.7267 -88.5172 
v -117.726 12.4698 -88.5172 
v -145.045 12.7267 -88.5172 
v -145.045 12.4688 -88.5172 
v -127.74 5.61876 -88.5172 
v -127.74 5.36075 -88.5172 
v -145.045 5.61876 -88.5172 
v -145.045 5.36075 -88.5172 
v -138.885 10.5828 -88.517 
v -138.885 10.3258 -88.517 
v -145.015 10.5828 -88.517 
v -145.015 10.3248 -88.517 
v -127.762 10.5838 -88.517 
v -127.762 10.3258 -88.517 
v -134.145 10.5828 -88.517 
v -134.145 10.3258 -88.517 
v -127.861 3.13076 -88.5056 
v -127.861 3.38875 -88.5056 
v -122.898 3.13076 -88.5056 
v -122.898 3.38875 -88.5056 
v -123.155 10.8288 -88.5056 
v -122.897 10.8288 -88.5056 
v -123.155 3.12876 -88.5056 
v -122.897 3.12876 -88.5056 
v -127.855 10.8288 -88.5056 
v -127.597 10.8288 -88.5056 
v -127.855 3.12876 -88.5056 
v -127.597 3.12876 -88.5056 
v -127.861 10.6498 -88.5056 
v -127.861 10.9077 -88.5056 
v -122.898 10.6498 -88.5056 
v -122.898 10.9077 -88.5056 
v -117.725 3.31876 -88.4139 
v -117.725 3.06075 -88.4139 
v -145.045 3.31876 -88.4139 
v -145.045 3.06075 -88.4139 
v -119.39 3.24276 -88.3033 
v -119.39 3.10175 -88.3033 
v -131.876 3.24276 -88.3033 
v -131.876 3.10175 -88.3033 
v -131.417 12.1598 -88.2113 
v -131.417 11.9018 -88.2113 
v -131.953 12.1598 -88.2113 
v -131.953 11.9018 -88.2113 
v -118.994 12.1598 -88.2113 
v -118.994 11.9018 -88.2113 
v -119.567 12.1598 -88.2113 
v -119.567 11.9018 -88.2113 
v -118.994 6.07875 -88.2113 
v -118.994 5.82175 -88.2113 
v -119.567 6.07875 -88.2113 
v -119.567 5.82175 -88.2113 
v -131.394 6.07875 -88.2113 
v -131.394 5.82175 -88.2113 
v -131.967 6.07875 -88.2113 
v -131.967 5.82175 -88.2113 
v -119.39 3.24276 -87.8033 
v -119.39 3.10175 -87.8033 
v -131.876 3.24276 -87.8033 
v -131.876 3.10175 -87.8033 
v -119.143 3.09575 -87.5331 
v -119.401 3.09575 -87.5331 
v -119.143 5.86475 -87.5331 
v -119.401 5.86475 -87.5331 
v -131.543 3.09575 -87.5331 
v -131.801 3.09575 -87.5331 
v -131.543 5.86475 -87.5331 
v -131.801 5.86475 -87.5331 
v -119.39 3.24276 -87.3033 
v -119.39 3.10175 -87.3033 
v -131.876 3.24276 -87.3033 
v -131.876 3.10175 -87.3033 
v -119.143 3.09575 -86.933 
v -119.401 3.09575 -86.933 
v -119.143 5.86475 -86.933 
v -119.401 5.86475 -86.933 
v -131.543 3.09575 -86.933 
v -131.801 3.09575 -86.933 
v -131.543 5.86475 -86.933 
v -131.801 5.86475 -86.933 
v -119.39 3.24276 -86.8032 
v -119.39 3.10175 -86.8032 
v -131.876 3.24276 -86.8032 
v -131.876 3.10175 -86.8032 
v -119.143 3.09575 -86.333 
v -119.401 3.09575 -86.333 
v -119.143 5.86475 -86.3329 
v -119.401 5.86475 -86.3329 
v -131.543 3.09575 -86.3329 
v -131.801 3.09575 -86.3329 
v -131.543 5.86475 -86.3329 
v -131.801 5.86475 -86.3329 
v -119.39 3.24276 -86.3032 
v -119.39 3.10175 -86.3032 
v -131.876 3.24276 -86.3032 
v -131.876 3.10175 -86.3032 
v -119.39 3.24276 -85.8032 
v -119.39 3.10175 -85.8032 
v -131.876 3.24276 -85.8032 
v -131.876 3.10175 -85.8032 
v -119.143 3.09575 -85.7329 
v -119.401 3.09575 -85.7329 
v -119.143 5.86475 -85.7329 
v -119.401 5.86475 -85.7329 
v -131.543 3.09575 -85.7329 
v -131.801 3.09575 -85.7329 
v -131.543 5.86475 -85.7329 
v -131.801 5.86475 -85.7329 
v -119.39 3.24276 -85.3032 
v -119.39 3.10175 -85.3032 
v -131.876 3.24276 -85.3032 
v -131.876 3.10175 -85.3032 
v -131.967 13.4098 -85.2134 
v -131.367 13.4098 -85.2134 
v -131.967 3.21576 -85.2135 
v -131.367 3.21576 -85.2135 
v -119.592 13.4998 -85.2134 
v -118.992 13.4998 -85.2134 
v -119.592 3.12676 -85.2135 
v -118.992 3.12676 -85.2135 
v -119.143 3.09575 -85.1329 
v -119.401 3.09575 -85.1329 
v -119.143 5.86475 -85.1329 
v -119.401 5.86475 -85.1329 
v -131.543 3.09575 -85.1329 
v -131.801 3.09575 -85.1329 
v -131.543 5.86475 -85.1329 
v -131.801 5.86475 -85.1329 
v -119.39 3.24276 -84.8032 
v -119.39 3.10175 -84.8032 
v -131.876 3.24276 -84.8032 
v -131.876 3.10175 -84.8032 
v -119.143 3.09575 -84.533 
v -119.401 3.09575 -84.533 
v -119.143 5.86475 -84.533 
v -119.401 5.86475 -84.533 
v -131.543 3.09575 -84.533 
v -131.801 3.09575 -84.533 
v -131.543 5.86475 -84.533 
v -131.801 5.86475 -84.533 
v -119.39 3.24276 -84.3032 
v -119.39 3.10175 -84.3032 
v -131.876 3.24276 -84.3032 
v -131.876 3.10175 -84.3032 
v -119.143 3.09575 -83.9329 
v -119.401 3.09575 -83.9329 
v -119.143 5.86475 -83.9329 
v -119.401 5.86475 -83.9329 
v -131.543 3.09575 -83.9329 
v -131.801 3.09575 -83.9329 
v -131.543 5.86475 -83.9329 
v -131.801 5.86475 -83.9329 
v -119.39 3.24276 -83.8032 
v -119.39 3.10175 -83.8032 
v -131.876 3.24276 -83.8032 
v -131.876 3.10175 -83.8032 
v -119.143 3.09575 -83.3329 
v -119.401 3.09575 -83.3329 
v -119.143 5.86475 -83.3329 
v -119.401 5.86475 -83.3329 
v -131.543 3.09575 -83.3329 
v -131.801 3.09575 -83.3329 
v -131.543 5.86475 -83.3329 
v -131.801 5.86475 -83.3329 
v -119.39 3.24276 -83.3032 
v -119.39 3.10175 -83.3032 
v -131.876 3.24276 -83.3032 
v -131.876 3.10175 -83.3032 
v -119.39 3.24276 -82.8032 
v -119.39 3.10175 -82.8032 
v -131.876 3.24276 -82.8032 
v -131.876 3.10175 -82.8032 
v -131.543 3.09575 -82.7329 
v -131.801 3.09575 -82.7329 
v -131.543 5.86475 -82.7329 
v -131.801 5.86475 -82.7329 
v -119.143 3.09575 -82.7329 
v -119.401 3.09575 -82.7329 
v -119.143 5.86475 -82.7329 
v -119.401 5.86475 -82.7329 
v -119.39 3.24276 -82.3032 
v -119.39 3.10175 -82.3032 
v -131.876 3.24276 -82.3032 
v -131.876 3.10175 -82.3032 
v -131.967 6.20975 -82.0517 
v -131.367 6.20975 -82.0517 
v -131.967 -0.000240326 -82.0517 
v -131.367 -0.000240326 -82.0517 
v -119.592 6.29976 -82.0517 
v -118.992 6.29976 -82.0517 
v -119.592 -0.000240326 -82.0517 
v -118.992 -0.000240326 -82.0517 
v -118.993 6.07875 -82.0444 
v -118.993 5.82175 -82.0444 
v -131.901 6.07875 -82.0444 
v -131.901 5.82175 -82.0444 
v -122.204 3.09575 -81.7936 
v -122.54 3.09575 -81.7936 
v -122.204 5.86475 -81.7936 
v -122.54 5.86475 -81.7936 
v -121.604 3.09575 -81.7936 
v -121.94 3.09575 -81.7936 
v -121.604 5.86475 -81.7936 
v -121.94 5.86475 -81.7936 
v -121.004 3.09575 -81.7936 
v -121.34 3.09575 -81.7936 
v -121.004 5.86475 -81.7936 
v -121.34 5.86475 -81.7936 
v -120.404 3.09575 -81.7936 
v -120.74 3.09575 -81.7936 
v -120.404 5.86475 -81.7936 
v -120.74 5.86475 -81.7936 
v -119.804 3.09575 -81.7936 
v -120.14 3.09575 -81.7936 
v -119.804 5.86475 -81.7936 
v -120.14 5.86475 -81.7936 
v -130.604 3.09575 -81.7936 
v -130.941 3.09575 -81.7936 
v -130.604 5.86475 -81.7936 
v -130.941 5.86475 -81.7936 
v -130.004 3.09575 -81.7936 
v -130.341 3.09575 -81.7936 
v -130.004 5.86475 -81.7937 
v -130.341 5.86475 -81.7937 
v -129.404 3.09575 -81.7936 
v -129.741 3.09575 -81.7936 
v -129.404 5.86475 -81.7937 
v -129.741 5.86475 -81.7937 
v -128.804 3.09575 -81.7936 
v -129.14 3.09575 -81.7936 
v -128.804 5.86475 -81.7937 
v -129.14 5.86475 -81.7937 
v -128.204 3.09575 -81.7936 
v -128.54 3.09575 -81.7936 
v -128.204 5.86475 -81.7937 
v -128.54 5.86475 -81.7937 
v -127.604 3.09575 -81.7936 
v -127.94 3.09575 -81.7936 
v -127.604 5.86475 -81.7937 
v -127.94 5.86475 -81.7937 
v -127.004 3.09575 -81.7937 
v -127.34 3.09575 -81.7937 
v -127.004 5.86475 -81.7937 
v -127.34 5.86475 -81.7937 
v -126.404 3.09575 -81.7937 
v -126.74 3.09575 -81.7937 
v -126.404 5.86475 -81.7937 
v -126.74 5.86475 -81.7937 
v -125.804 3.09575 -81.7937 
v -126.14 3.09575 -81.7937 
v -125.804 5.86475 -81.7937 
v -126.14 5.86475 -81.7937 
v -125.204 3.09575 -81.7937 
v -125.54 3.09575 -81.7937 
v -125.204 5.86475 -81.7937 
v -125.54 5.86475 -81.7937 
v -124.604 3.09575 -81.7937 
v -124.94 3.09575 -81.7937 
v -124.604 5.86475 -81.7937 
v -124.94 5.86475 -81.7937 
v -124.004 3.09575 -81.7937 
v -124.34 3.09575 -81.7937 
v -124.004 5.86475 -81.7937 
v -124.34 5.86475 -81.7937 
v -123.404 3.09575 -81.7937 
v -123.74 3.09575 -81.7937 
v -123.404 5.86475 -81.7937 
v -123.74 5.86475 -81.7937 
v -122.804 3.09575 -81.7936 
v -123.14 3.09575 -81.7936 
v -122.804 5.86475 -81.7936 
v -123.14 5.86475 -81.7936 
v -119.063 3.25975 -81.7076 
v -119.063 3.00176 -81.7076 
v -131.961 3.25975 -81.7076 
v -131.961 3.00176 -81.7076 

vn 0 0 -1 
vn 0 0 -1 
vn 0 -0.708661 -0.708661 
vn 0 -0.708661 -0.708661 
vn 0 -0.708661 -0.708661 
vn 0 -0.708661 -0.708661 
vn 0 0 -1 
vn 0 0 -1 
vn 0 0.858268 -0.511811 
vn 0 0.858268 -0.511811 
vn 0 0.858268 -0.511811 
vn -1 0 0 
vn -1 0 0 
vn -1 0 0 
vn -1 0 0 
vn -1 0.015748 0 
vn -1 0 0 
vn -1 0 0 
vn -1 0 0 
vn -1 0 0 
vn -1 0 0 
vn 0 0 -1 
vn -1 0 0 
vn -1 0 0 
vn 0 0 -1 
vn 0 0 -1 
vn 0 0 -1 
vn 0 0 -1 
vn 0 0 -1 
vn 0 0 -1 
vn 0 0 -1 
vn 0 0 -1 
vn 0 0 -1 
vn 0 0 -1 
vn 0 0 -1 
vn 0 0 -1 
vn 0 0 -1 
vn 0 0 -1 
vn 0 0 -1 
vn 0 0 -1 
vn 0 0 -1 
vn 0 0 -1 
vn 0 0 -1 
vn 0 0 -1 
vn 0 0 -1 
vn 0 0 -1 
vn 0 0 -1 
vn 0 0 -1 
vn 0 0 -1 
vn 0 0 -1 
vn 0 0 -1 
vn 1 0 0 
vn 1 0 0 
vn 1 0 0 
vn 1 0 0 
vn 1 0 0 
vn 1 0 0 
vn 1 0 0 
vn 1 0 0 
vn 1 0 0 
vn 1 0 0 
vn 1 0 0 
vn 1 0 0 
vn 1 0 0 
vn 1 0 0 
vn 1 0 0 
vn 1 0 0 
vn 1 0 0 
vn 1 0 0 
vn 1 0 0 
vn 1 0 0 
vn 1 0 0 
vn 1 0 0 
vn 1 0 0 
vn 1 0 0 
vn 1 0 0 
vn 1 0 0 
vn 1 0 0 
vn 1 0 0 
vn 1 0 0 
vn 1 0 0 
vn 1 0 0 
vn 1 0 0 
vn 1 0 0 
vn 1 0 0 
vn 1 0 0 
vn 1 0 0 
vn 1 0 0 
vn 1 0 0 
vn 1 0 0 
vn 1 0 0 
vn 1 0 0 
vn 1 0 0 
vn 1 0 0 
vn 1 0 0 
vn 1 0 0 
vn 1 0 0 
vn 1 0 0 
vn 1 0 0 
vn 1 0 0 
vn 1 0 0 
vn 1 0 0 
vn 1 0 0 
vn 1 0 0 
vn 1 0 0 
vn 1 0 0 
vn 1 0 0 
vn 1 0 0 
vn 1 0 0 
vn 1 0 0 
vn 1 0 0 
vn 1 0 0 
vn 1 0 0 
vn 1 0 0 
vn 1 0 0 
vn 1 0 0 
vn 1 0 0 
vn 1 0 0 
vn 1 0 0 
vn 1 0 0 
vn 1 0 0 
vn 1 0 0 
vn 1 0 0 
vn 1 0 0 
vn 1 0 0 
vn 1 0 0 
vn 1 0 0 
vn 1 0 0 
vn 1 0 0 
vn 1 0 0 
vn 1 0 0 
vn 1 0 0 
vn 1 0 0 
vn 1 0 0 
vn 1 0 0 
vn 1 0 0 
vn 1 0 0 
vn 1 0 0 
vn 1 0 0 
vn 1 0 0 
vn 1 0 0 
vn 1 0 0 
vn 1 0 0 
vn 1 0 0 
vn 1 0 0 
vn 1 0 0 
vn 1 0 0 
vn 1 -0.015748 0 
vn 1 -0.015748 0 
vn 1 -0.015748 0 
vn 1 -0.015748 0 
vn 1 -0.015748 0 
vn 1 -0.015748 0 
vn 1 -0.015748 0 
vn 1 -0.015748 0 
vn 1 -0.015748 0 
vn 1 -0.015748 0 
vn 1 -0.015748 0 
vn 1 -0.015748 0 
vn 1 -0.015748 0 
vn 1 -0.015748 0 
vn 1 -0.015748 0 
vn 1 -0.015748 0 
vn 0 0 1 
vn 0 0 1 
vn 0 0 1 
vn 0 0 1 
vn 0 0 1 
vn 0 0 1 
vn 0 0 1 
vn 0 0 1 
vn 0 0 1 
vn 0 0 1 
vn 0 0 1 
vn 0 0 1 
vn 0 0 1 
vn 1 0 0 
vn 1 0 0 
vn 1 0 0 
vn 1 0 0 
vn 1 0 0 
vn 1 0 0 
vn 1 0 0 
vn 1 0 0 
vn 1 0 0 
vn 1 0 0 
vn 1 0 0 
vn 1 0 0 
vn 1 0 0 
vn 1 0 0 
vn 1 0 0 
vn 1 0 0 
vn 1 0 0 
vn 1 0 0 
vn 1 0 0 
vn 1 0 0 
vn 1 0 0 
vn 1 0 0 
vn 1 0 0 
vn 1 0 0 
vn 1 0 0 
vn 1 0 0 
vn 1 0 0 
vn 1 0 0 
vn 1 0 0 
vn 1 0 0 
vn 1 0 0 
vn 1 0 0 
vn 1 0 0 
vn 1 0 0 
vn 1 0 0 
vn 1 0 0 
vn 1 0 0 
vn 1 0 0 
vn 1 0 0 
vn 1 0 0 
vn 1 0 0 
vn 1 0 0 
vn 1 0 0 
vn 1 0 0 
vn 1 0 0 
vn 1 0 0 
vn 1 0 0 
vn 1 0 0 
vn 1 0 0 
vn 1 0 0 
vn 1 0 0 
vn 1 0 0 
vn 1 0 0 
vn 1 0 0 
vn 1 0 0 
vn 1 0 0 
vn 1 0 0 
vn 1 0 0 
vn 1 0 0 
vn 1 0 0 
vn 1 0 0 
vn 1 0 0 
vn 1 0 0 
vn 1 0 0 
vn 1 0 0 
vn 1 0 0 
vn 1 0 0 
vn 1 0 0 
vn 1 0 0 
vn 1 0 0 
vn 1 0 0 
vn 1 0 0 
vn 1 0 0 
vn 1 0 0 
vn 1 0 0 
vn 1 0 0 
vn 1 0 0 
vn 1 0 0 
vn 1 0 0 
vn 1 0 0 
vn 1 0 0 
vn 1 0 0 
vn 1 0 0 
vn 1 0 0 
vn 1 0 0 
vn 1 0 0 
vn 1 0 0 
vn 1 0 0 
vn 1 0 0 
vn 1 0 0 
vn 1 0 0 
vn 1 0 0 
vn 1 0 0 
vn 1 0 0 
vn 1 0 0 
vn 1 0 0 
vn 1 0 0 
vn 1 0 0 
vn 1 0 0 
vn 1 0 0 
vn 1 0 0 
vn 1 0 0 
vn 1 0 0 
vn 1 0 0 
vn 1 0 0 
vn 1 0 0 
vn 1 0 0 
vn 1 0 0 
vn 1 0 0 
vn 1 0 0 
vn 1 0 0 
vn 1 0 0 
vn 1 0 0 
vn 1 0 0 
vn 1 0 0 
vn 1 0 0 
vn 1 0 0 
vn 1 0 0 
vn 1 0 0 
vn 1 0 0 
vn 1 0 0 
vn 1 0 0 
vn 1 0 0 
vn 1 0 0 
vn 1 0 0 
vn 1 0 0 
vn 1 0 0 
vn 1 0 0 
vn 1 0 0 
vn 1 0 0 
vn 1 0 0 
vn 1 0 0 
vn 1 0 0 
vn 1 0 0 
vn 1 0 0 
vn 1 0 0 
vn 1 0 0 
vn 1 0 0 
vn 1 0 0 
vn 1 0 0 
vn 1 0 0 
vn 1 0 0 
vn 1 0 0 
vn 1 0 0 
vn 1 0 0 
vn 1 0 0 
vn 1 0 0 
vn 1 0 0 
vn 1 0 0 
vn 1 0 0 
vn 1 0 0 
vn 1 0 0 
vn 1 0 0 
vn 1 0 0 
vn 1 0 0 
vn 1 0 0 
vn 1 0 0 
vn 1 0 0 
vn 1 0 0 
vn 1 0 0 
vn 1 0 0 
vn 1 0 0 
vn 1 0 0 
vn 1 0 0 
vn -1 0 0 
vn 0 0.503937 -0.866142 
vn 0 0.503937 -0.866142 
vn -1 0 0 
vn 0 0 1 
vn 0 -0.511811 -0.858268 
vn 0 0.866142 0.503937 
vn 1 0 0 
vn 1 0 0 
vn 1 0 0 
vn 1 0 0 
vn 1 0 0 
vn 1 0 0 
vn 1 0 0 
vn 1 0 0 
vn 1 0 0 
vn 1 0 0 
vn 1 0 0 
vn 1 0 0 
vn 1 0 0 
vn 1 0 0 
vn 1 0 0 
vn 1 0 0 
vn 1 0 0 
vn 1 0 0 
vn 1 0 0 
vn 1 0 0 
vn 1 0 0 
vn 1 0 0 
vn 1 0 0 
vn 1 0 0 
vn 1 0 0 
vn 1 0 0 
vn 1 0 0 
vn 1 0 0 
vn 1 0 0 
vn 1 0 0 
vn 1 0 0 
vn 1 0 0 
vn 1 0 0 
vn 1 0 0 
vn 1 0 0 
vn 1 0 0 
vn 1 0 0 
vn 1 0 0 
vn 1 0 0 
vn 1 0 0 
vn 1 0 0 
vn 1 0 0 
vn 1 0 0 
vn 1 0 0 
vn 1 0 0 
vn 1 0 0 
vn 1 0 0 
vn 1 0 0 
vn 1 0 0 
vn 1 0 0 
vn 1 0 0 
vn 1 0 0 
vn 1 0 0 
vn 1 0 0 
vn 1 0 0 
vn 1 0 0 
vn 1 0 0 
vn 1 0 0 
vn 1 0 0 
vn 1 0 0 
vn 1 0 0 
vn 1 0 0 
vn 1 0 0 
vn 1 0 0 
vn 0 0 1 
vn 0 0 1 
vn 0 0 1 
vn 1 0 0 
vn 1 0 0 
vn 1 0 0 
vn 1 0 0 
vn 1 0 0 
vn 1 0 0 
vn 1 0 0 
vn 1 0 0 
vn 1 0 0 
vn 1 0 0 
vn 1 0 0 
vn 1 0 0 
vn 1 0 0 
vn 1 0 0 
vn 1 0 0 
vn 1 0 0 
vn 1 0 0 
vn 1 0 0 
vn 1 0 0 
vn 1 0 0 
vn 1 0 0 
vn 1 0 0 
vn 1 0 0 
vn 1 0 0 
vn 1 0 0 
vn 1 0 0 
vn 1 0 0 
vn 1 0 0 
vn 1 0 0 
vn 1 0 0 
vn 1 0 0 
vn 1 0 0 
vn 1 0 0 
vn 1 0 0 
vn 1 0 0 
vn 1 0 0 
vn 1 0 0 
vn 1 0 0 
vn 1 0 0 
vn 1 0 0 
vn 1 0 0 
vn 1 0 0 
vn 1 0 0 
vn 1 0 0 
vn 1 0 0 
vn 1 0 0 
vn 1 0 0 
vn 1 0 0 
vn 1 0 0 
vn 1 0 0 
vn 1 0 0 
vn 1 0 0 
vn 1 0 0 
vn 1 0 0 
vn 1 0 0 
vn 1 0 0 
vn 0 0 1 
vn 0 0 1 
vn 0 0 1 
vn 0 1 0 
vn 0 1 0 
vn 0 1 0 
vn 1 0 0 
vn 1 0 0 
vn 1 0 0 
vn 1 0 0 
vn 0 0 1 
vn 0 0 1 
vn 0 0 1 
vn 1 0 0 
vn 1 0 0 
vn 1 0 0 
vn 1 0 0 
vn -1 0 0 
vn -1 0 0 
vn -1 0 0 
vn 0 0 1 
vn 0 0 1 
vn 1 0 0 
vn 1 0 0 
vn 1 0 0 
vn 1 0 0 
vn 0 1 0 
vn 0 0 1 
vn 0 0 1 
vn 0 0 1 
vn 0 0.708661 -0.708661 
vn 0 0.708661 -0.708661 
vn 1 0 0 
vn 1 0 0 
vn 1 0 0 
vn 1 0 0 
vn 0 0 1 
vn 0 0 1 
vn 0 0 1 
vn 1 0 0 
vn 1 0 0 
vn 1 0 0 
vn 1 0 0 
vn 0 0 1 
vn 0 0 1 
vn 0 0 1 
vn 0 0 1 
vn 0 1 0 
vn 1 0 0 
vn 1 0 0 
vn 1 0 0 
vn 1 0 0 
vn 1 0 0 
vn 1 0 0 
vn 1 0 0 
vn 1 0 0 
vn 1 0 0 
vn 1 0 0 
vn 1 0 0 
vn 1 0 0 
vn 1 0 0 
vn 1 0 0 
vn 1 0 0 
vn 1 0 0 
vn 1 0 0 
vn 1 0 0 
vn 1 0 0 
vn 1 0 0 
vn 0 0 1 
vn -1 0 0 
vn 0 0 -1 
vn 0 0 -1 
vn 0 0 -1 
vn 0 1 0 
vn 0 0 -1 
vn -1 0 0 
vn -1 0 0 
vn 1 0 0 
vn 1 0 0 
vn 1 0 0 
vn 1 0 0 
vn 0 0 1 
vn 0 0 1 
vn 0 0 1 
vn 0 0 1 
vn 0 0 1 
vn 0 -1 0 
vn 0 -1 0 
vn 0 -1 0 
vn 0 -1 0 
vn 1 0 0 
vn 1 0 0 
vn 1 0 0 
vn 1 0 0 
vn 1 0 0 
vn 1 0 0 
vn 1 0 0 
vn 1 0 0 
vn 1 0 0 
vn 1 0 0 
vn 1 0 0 
vn 1 0 0 
vn 1 0 0 
vn 1 0 0 
vn 1 0 0 
vn 1 0 0 
vn 1 0 0 
vn 1 0 0 
vn 1 0 0 
vn 1 0 0 
vn 0 0 1 
vn 0 0 1 
vn 0 0 1 
vn 0 0 1 
vn 0 0 1 
vn 0 0 1 
vn 0 0 1 
vn 0 0 1 
vn 0 0 1 
vn 0 0 1 
vn 0 0 1 
vn 0 0 1 
vn 0 0 1 
vn 0 0 1 
vn 0 0 1 
vn 0 0 1 
vn 0 0 1 
vn 0 0 1 
vn 0 0 1 
vn 0 0 1 
vn 0 0 1 
vn 0 1 0 
vn 0 1 0 
vn 0 1 0 
vn 1 0 0 
vn 1 0 0 
vn 1 0 0 
vn 1 0 0 
vn 0 -1 0 
vn 0.015748 1 0 
vn 0 -0.503937 0.866142 
vn 0 1 0 
vn 0 1 0 
vn 1 0 0 
vn 1 0 0 
vn 1 0 0 
vn 1 0 0 
vn 0 1 0 
vn 1 0 0 
vn 1 0 0 
vn 1 0 0 
vn 1 0 0 
vn -1 0 0 
vn 1 0 0 
vn 1 0 0 
vn 1 0 0 
vn 1 0 0 
vn 0 0.511811 0.858268 
vn 0 -1 0 
vn 1 0 0 
vn 1 0 0 
vn 1 0 0 
vn 1 0 0 
vn 1 0 0 
vn 1 0 0 
vn 1 0 0 
vn 1 0 0 
vn 0 -1 0 
vn 0 -1 0 
vn 0 -1 0 
vn 0 -1 0 
vn 0 -1 0 
vn 0 -1 0 
vn 0 -1 0 
vn 0 -1 0 
vn 0 -1 0 
vn 0 -1 0 
vn 0 -1 0 
vn 0 -1 0 
vn 1 0 0 
vn 1 0 0 
vn 1 0 0 
vn 1 0 0 
vn 0 -1 0 
vn 0 -1 0 
vn 0 -1 0 
vn 0 -1 0 
vn 1 0 0 
vn 1 0 0 
vn 1 0 0 
vn 1 0 0 
vn 1 0 0 
vn 1 0 0 
vn 1 0 0 
vn 1 0 0 
vn 1 0 0 
vn 1 0 0 
vn 1 0 0 
vn 1 0 0 
vn 1 0 0 
vn 1 0 0 
vn 1 0 0 
vn 1 0 0 
vn 1 0 0 
vn 1 0 0 
vn 1 0 0 
vn 1 0 0 
vn -1 0 0 
vn -1 0 0 
vn 0 0 -1 
vn 0 1 0 
vn 0 1 0 
vn 0 0 -1 
vn -1 0 0 
vn -1 0 0 
vn 1 0 0 
vn 1 0 0 
vn 1 0 0 
vn 1 0 0 
vn 0 1 0 
vn 0.015748 1 0 
vn 1 0 0 
vn 1 0 0 
vn 1 0 0 
vn 1 0 0 
vn 1 0 0 
vn 1 0 0 
vn 1 0 0 
vn 1 0 0 
vn 1 0 0 
vn 1 0 0 
vn 1 0 0 
vn 1 0 0 
vn 1 0 0 
vn 1 0 0 
vn 1 0 0 
vn 1 0 0 
vn 1 0 0 
vn 1 0 0 
vn 1 0 0 
vn 1 0 0 
vn 1 0 0 
vn 1 0 0 
vn 1 0 0 
vn 1 0 0 
vn 0 1 0 
vn 0 1 0 
vn 0 1 0 
vn 0 1 0 
vn 0 1 0 
vn 1 0 0 
vn 1 0 0 
vn 1 0 0 
vn 1 0 0 
vn 1 0 0 
vn 1 0 0 
vn 1 0 0 
vn 1 0 0 
vn 1 0 0 
vn 1 0 0 
vn 1 0 0 
vn 1 0 0 
vn 0 -1 0 
vn 1 0 0 
vn 1 0 0 
vn 1 0 0 
vn 1 0 0 
vn 1 0 0 
vn 1 0 0 
vn 1 0 0 
vn 1 0 0 
vn 1 0 0 
vn 1 0 0 
vn 1 0 0 
vn 1 0 0 
vn 1 0 0 
vn 1 0 0 
vn 1 0 0 
vn 1 0 0 
vn 1 0 0 
vn 1 0 0 
vn 1 0 0 
vn 1 0 0 
vn 1 0 0 
vn 1 0 0 
vn 1 0 0 
vn 1 0 0 
vn 1 0 0 
vn 1 0 0 
vn 1 0 0 
vn 1 0 0 
vn 1 0 0 
vn 1 0 0 
vn 1 0 0 
vn 1 0 0 
vn 1 0 0 
vn 1 0 0 
vn 1 0 0 
vn 1 0 0 
vn 1 0 0 
vn 1 0 0 
vn 1 0 0 
vn 1 0 0 
vn 1 0 0 
vn 1 0 0 
vn 1 0 0 
vn 1 0 0 
vn 1 0 0 
vn 1 0 0 
vn 1 0 0 
vn 1 0 0 
vn 1 0 0 
vn 1 0 0 
vn 1 0 0 
vn 1 0 0 
vn 0 -1 0 
vn 0 0 1 
vn 1 0 0 
vn 1 0 0 
vn 1 0 0 
vn 1 0 0 
vn 1 0 0 
vn 1 0 0 
vn 1 0 0 
vn 1 0 0 
vn 0 1 0 
vn 1 0 0 
vn 1 0 0 
vn 1 0 0 
vn 1 0 0 
vn 1 0 0 
vn 1 0 0 
vn 1 0 0 
vn 1 0 0 
vn 1 0 0 
vn 1 0 0 
vn 1 0 0 
vn 1 0 0 
vn 0 1 0 
vn 0 -1 0 
vn 0 1 0 
vn 1 0 0 
vn 1 0 0 
vn 1 0 0 
vn 1 0 0 
vn 1 0 0 
vn 1 0 0 
vn 1 0 0 
vn 1 0 0 
vn 1 0 0 
vn 1 0 0 
vn 1 0 0 
vn 1 0 0 
vn 1 0 0 
vn 1 0 0 
vn 1 0 0 
vn 1 0 0 
vn 1 0 0 
vn 1 0 0 
vn 1 0 0 
vn 1 0 0 
vn 1 0 0 
vn 1 0 0 
vn 1 0 0 
vn 1 0 0 
vn 1 0 0 
vn 1 0 0 
vn 1 0 0 
vn 1 0 0 
vn 1 0 0 
vn 1 0 0 
vn 1 0 0 
vn 1 0 0 
vn 1 0 0 
vn 1 0 0 
vn 1 0 0 
vn 1 0 0 
vn 1 0 0 
vn 1 0 0 
vn 1 0 0 
vn 1 0 0 
vn 1 0 0 
vn 1 0 0 
vn 1 0 0 
vn 1 0 0 
vn 1 0 0 
vn 1 0 0 
vn 1 0 0 
vn 1 0 0 
vn 1 0 0 
vn 1 0 0 
vn 1 0 0 
vn 1 0 0 
vn 1 0 0 
vn 1 0 0 
vn 1 0 0 
vn 1 0 0 
vn 1 0 0 
vn 1 0 0 
vn 1 0 0 
vn 1 0 0 
vn 1 0 0 
vn 1 0 0 
vn 1 0 0 
vn 1 0 0 
vn 1 0 0 
vn 1 0 0 
vn 1 0 0 
vn 1 0 0 
vn 1 0 0 
vn 1 0 0 
vn 1 0 0 
vn 1 0 0 
vn 1 0 0 
vn 1 0 0 
vn 1 0 0 
vn 1 0 0 
vn 1 0 0 
vn 1 0 0 
vn 1 0 0 
vn 1 0 0 
vn 1 0 0 
vn 1 0 0 
vn 1 0 0 
vn 1 0 0 
vn 1 0 0 
vn 1 0 0 
vn 1 0 0 
vn 1 0 0 
vn 1 0 0 
vn 1 0 0 
vn 1 0 0 
vn 1 0 0 
vn 1 0 0 
vn 1 0 0 
vn 1 0 0 
vn 1 0 0 
vn 1 0 0 
vn 1 0 0 
vn 1 0 0 
vn 1 0 0 
vn 1 0 0 
vn 1 0 0 
vn 1 0 0 
vn 1 0 0 
vn 1 0 0 
vn 1 0 0 
vn 1 0 0 
vn 1 0 0 
vn 1 0 0 
vn 1 0 0 
vn 1 0 0 
vn 1 0 0 
vn 1 0 0 
vn 1 0 0 
vn 1 0 0 
vn 1 0 0 
vn 1 0 0 
vn 1 0 0 
vn 1 0 0 
vn 1 0 0 
vn 1 0 0 
vn 1 0 0 
vn 1 0 0 
vn 1 0 0 
vn 1 0 0 
vn 1 0 0 
vn 1 0 0 
vn 1 0 0 
vn 1 0 0 
vn 1 0 0 
vn 1 0 0 
vn 1 0 0 
vn 1 0 0 
vn 1 0 0 
vn 1 0 0 
vn 1 0 0 
vn 1 0 0 
vn 1 0 0 
vn 1 0 0 
vn 1 0 0 
vn 1 -0.015748 0 
vn 1 -0.015748 0 
vn 1 -0.015748 0 
vn 1 -0.015748 0 
vn 1 -0.015748 0 
vn 1 -0.015748 0 
vn 1 -0.015748 0 
vn 1 -0.015748 0 
vn 1 -0.015748 0 
vn 1 -0.015748 0 
vn 1 -0.015748 0 
vn 1 -0.015748 0 
vn 1 -0.015748 0 
vn 1 -0.015748 0 
vn 1 -0.015748 0 
vn 1 -0.015748 0 
vn 0 0 -1 
vn 0 0 -1 
vn 0 0 -1 
vn 0 0 -1 
vn 0 -0.708661 -0.708661 
vn 0 -0.708661 -0.708661 
vn 0 0 -1 
vn 0 0 -1 
vn -1 0 0 
vn -1 0 0 
vn -1 0 0 
vn -1 0 0 
vn 0 0 -1 
vn 0 0 -1 
vn 0 0 -1 
vn 0 0 -1 
vn -1 0 0 
vn -1 0 0 
vn -1 0 0 
vn -1 0 0 
vn 0 0.858268 -0.511811 
vn 0 0.858268 -0.511811 
vn 0 0.858268 -0.511811 
vn 0 0.858268 -0.511811 
vn 0 0.858268 -0.511811 
vn 0 0.858268 -0.511811 
vn 0 0.858268 -0.511811 
vn 0 0.858268 -0.511811 
vn 0 0.858268 -0.511811 
vn 0 0.858268 -0.511811 
vn 0 0.858268 -0.511811 
vn 0 0.858268 -0.511811 
vn -1 0 0 
vn -1 0 0 
vn -1 0 0 
vn -1 0 0 
vn -1 0.015748 0 
vn -1 0.015748 0 
vn -1 0.015748 0 
vn -1 0.015748 0 
vn -1 0.015748 0 
vn -1 0.015748 0 
vn -1 0 0 
vn -1 0 0 
vn -1 0 0 
vn -1 0 0 
vn -1 0 0 
vn -1 0 0 
vn -1 0 0 
vn -1 0 0 
vn -1 0 0 
vn -1 0 0 
vn -1 0 0 
vn -1 0 0 
vn -1 0 0 
vn -1 0 0 
vn -1 0 0 
vn -1 0 0 
vn -1 0 0 
vn -1 0 0 
vn -1 0 0 
vn -1 0 0 
vn -1 0 0 
vn -1 0 0 
vn -1 0 0 
vn -1 0 0 
vn -1 0 0 
vn -1 0 0 
vn -1 0 0 
vn -1 0 0 
vn -1 0 0 
vn -1 0 0 
vn -1 0 0 
vn 0 0 -1 
vn 0 0 -1 
vn 0 0 -1 
vn -1 0 0 
vn -1 0 0 
vn -1 0 0 
vn -1 0 0 
vn -1 0 0 
vn -1 0 0 
vn -1 0 0 
vn -1 0 0 
vn -1 0 0 
vn -1 0 0 
vn -1 0 0 
vn -1 0 0 
vn -1 0 0 
vn -1 0 0 
vn -1 0 0 
vn -1 0 0 
vn -1 0 0 
vn -1 0 0 
vn -1 0 0 
vn -1 0 0 
vn -1 0 0 
vn -1 0 0 
vn -1 0 0 
vn -1 0 0 
vn -1 0 0 
vn -1 0 0 
vn -1 0 0 
vn -1 0 0 
vn -1 0 0 
vn -1 0 0 
vn -1 0 0 
vn -1 0 0 
vn -1 0 0 
vn -1 0 0 
vn -1 0 0 
vn -1 0 0 
vn -1 0 0 
vn -1 0 0 
vn -1 0 0 
vn -1 0 0 
vn -1 0 0 
vn -1 0 0 
vn -1 0 0 
vn -1 0 0 
vn -1 0 0 
vn -1 0 0 
vn -1 0 0 
vn -1 0 0 
vn -1 0 0 
vn -1 0 0 
vn -1 0 0 
vn -1 0 0 
vn -1 0 0 
vn -1 0 0 
vn -1 0 0 
vn -1 0 0 
vn -1 0 0 
vn -1 0 0 
vn -1 0 0 
vn -1 0 0 
vn -1 0 0 
vn -1 0 0 
vn -1 0 0 
vn -1 0 0 
vn -1 0 0 
vn -1 0 0 
vn 0 0 -1 
vn 0 0 -1 
vn 0 0 -1 
vn 0 0 -1 
vn 0 0 -1 
vn 0 0 -1 
vn 0 0 -1 
vn 0 0 -1 
vn 0 0 -1 
vn 0 0 -1 
vn 0 0 -1 
vn 0 0 -1 
vn 0 0 -1 
vn 0 0 -1 
vn 0 0 -1 
vn 0 0 -1 
vn 0 0 -1 
vn 0 0 -1 
vn 0 0 -1 
vn -1 0 0 
vn -1 0 0 
vn 0 0 -1 
vn 0 0 -1 
vn 0 0 -1 
vn 0 0 -1 
vn 0 0 -1 
vn 0 0 -1 
vn 0 0 -1 
vn 0 0 -1 
vn 0 0 -1 
vn 0 0 -1 
vn 0 0 -1 
vn 0 0 -1 
vn 0 0 -1 
vn 0 0 -1 
vn 0 0 -1 
vn 0 0 -1 
vn 0 0 -1 
vn 0 0 -1 
vn 0 0 -1 
vn 0 0 -1 
vn 0 0 -1 
vn 0 0 -1 
vn 0 0 -1 
vn 0 0 -1 
vn 0 0 -1 
vn 0 0 -1 
vn 0 0 -1 
vn 0 0 -1 
vn 0 0 -1 
vn 0 0 -1 
vn 0 0 -1 
vn 0 0 -1 
vn 0 0 -1 
vn 0 0 -1 
vn 0 0 -1 
vn 0 0 -1 
vn 0 0 -1 
vn 0 0 -1 
vn 0 0 -1 
vn 0 0 -1 
vn 0 0 -1 
vn 0 0 -1 
vn 0 0 -1 
vn 0 0 -1 
vn 0 0 -1 
vn 0 0 -1 
vn 0 0 -1 
vn 0 0 -1 
vn 0 0 -1 
vn 0 0 -1 
vn 0 0 -1 
vn 0 0 -1 
vn 0 0 -1 
vn 0 0 -1 
vn 0 0 -1 
vn 0 0 -1 
vn 0 0 -1 
vn 0 0 -1 
vn 0 0 -1 
vn 1 0 0 
vn 1 0 0 
vn 1 0 0 
vn 1 0 0 
vn 1 0 0 
vn 0 0 -1 
vn 1 0 0 
vn 0 0 -1 
vn -1 0 0 
vn 1 0 0 
vn 1 0 0 
vn 1 0 0 
vn 0 0 1 
vn 0 0 1 
vn 1 0 0 
vn 1 0 0 
vn 1 0 0 
vn 1 0 0 
vn 1 0 0 
vn 1 0 0 
vn 1 0 0 
vn 1 0 0 
vn 1 0 0 
vn 1 0 0 
vn 1 0 0 
vn 1 0 0 
vn 1 0 0 
vn 1 0 0 
vn 1 0 0 
vn 1 0 0 
vn 1 0 0 
vn 1 0 0 
vn 1 0 0 
vn 1 0 0 
vn 1 0 0 
vn 1 0 0 
vn 1 0 0 
vn 1 0 0 
vn 1 0 0 
vn 1 -0.015748 0 
vn 1 -0.015748 0 
vn 1 -0.015748 0 
vn 1 -0.015748 0 
vn 1 -0.015748 0 
vn 1 -0.015748 0 
vn 1 -0.015748 0 
vn 0 0 1 
vn 0 0 1 
vn 0 0 1 
vn 0 0 1 
vn 0 0 1 
vn 0 0 1 
vn 0 0 1 
vn 0 0 1 
vn 0 0 1 
vn 0 0 1 
vn 0 0 1 
vn 0 0 -1 
vn 0 0 1 
vn 0 0 1 
vn 0 0 1 
vn 0 0 1 
vn 0 0 1 
vn 0 0 1 
vn 0 0 1 
vn 0 0 1 
vn 0 0 1 
vn 0 0 1 
vn 0 0 1 
vn 0 0 1 
vn 1 0 0 
vn 1 0 0 
vn 1 0 0 
vn 1 0 0 
vn 1 0 0 
vn 1 0 0 
vn 1 0 0 
vn 1 0 0 
vn 1 0 0 
vn 1 0 0 
vn 1 0 0 
vn 1 0 0 
vn 1 0 0 
vn 1 0 0 
vn 1 0 0 
vn 1 0 0 
vn 1 0 0 
vn 1 0 0 
vn 1 0 0 
vn 1 0 0 
vn 1 0 0 
vn 1 0 0 
vn 1 0 0 
vn 1 0 0 
vn 1 0 0 
vn 1 0 0 
vn 1 0 0 
vn 1 0 0 
vn 1 0 0 
vn 1 0 0 
vn 1 0 0 
vn 1 0 0 
vn 1 0 0 
vn 1 0 0 
vn 1 0 0 
vn 1 0 0 
vn 1 0 0 
vn 1 0 0 
vn 1 0 0 
vn 1 0 0 
vn 1 0 0 
vn 1 0 0 
vn 1 0 0 
vn 1 0 0 
vn 1 0 0 
vn 1 0 0 
vn 1 0 0 
vn 1 0 0 
vn 1 0 0 
vn 1 0 0 
vn 1 0 0 
vn 1 0 0 
vn 1 0 0 
vn 1 0 0 
vn 1 0 0 
vn 1 0 0 
vn 1 0 0 
vn 1 0 0 
vn 1 0 0 
vn 0 0 1 
vn 0 0 1 
vn 0 0 1 
vn 0 0 1 
vn 0 0 1 
vn -1 0 0 
vn -1 0 0 
vn 0 0.503937 -0.866142 
vn 0 0.503937 -0.866142 
vn 0 0 1 
vn 0 0 1 
vn 0 0 1 
vn 0 0 1 
vn -1 0 0 
vn -1 0 0 
vn -1 0 0 
vn -1 0 0 
vn -1 0 0 
vn -1 0 0 
vn 0 -0.511811 -0.858268 
vn 0 0.866142 0.503937 
vn 0 0.866142 0.503937 
vn 0 0.866142 0.503937 
vn 0 0.866142 0.503937 
vn 0 0.866142 0.503937 
vn 0 0.866142 0.503937 
vn 0 0.866142 0.503937 
vn 0 0.866142 0.503937 
vn 0 0.866142 0.503937 
vn 0 0.866142 0.503937 
vn 0 0.866142 0.503937 
vn 0 0.866142 0.503937 
vn 1 0 0 
vn 1 0 0 
vn 1 0 0 
vn 1 0 0 
vn 1 0 0 
vn 1 0 0 
vn 1 0 0 
vn 1 0 0 
vn 1 0 0 
vn 1 0 0 
vn 1 0 0 
vn 1 0 0 
vn 1 0 0 
vn 0 0 1 
vn 0 0 1 
vn -1 0 0 
vn -1 0 0 
vn 1 0 0 
vn 1 0 0 
vn 1 0 0 
vn 1 0 0 
vn 1 0 0 
vn 1 0 0 
vn 1 0 0 
vn 1 0 0 
vn 1 0 0 
vn 1 0 0 
vn 1 0 0 
vn 1 0 0 
vn 1 0 0 
vn 1 0 0 
vn 1 0 0 
vn 1 0 0 
vn 1 0 0 
vn 1 0 0 
vn 1 0 0 
vn 0 0 1 
vn 0 0 1 
vn 0 1 0 
vn 0 1 0 
vn 0 1 0 
vn 0 1 0 
vn 0 1 0 
vn 0 1 0 
vn 0 1 0 
vn 0 1 0 
vn 0 1 0 
vn 0 1 0 
vn 0 1 0 
vn 0 1 0 
vn 0 1 0 
vn 0 1 0 
vn 0 1 0 
vn 0 1 0 
vn 1 0 0 
vn 0 0 1 
vn -1 0 0 
vn -1 0 0 
vn -1 0 0 
vn -1 0 0 
vn -1 0 0 
vn -1 0 0 
vn 0 1 0 
vn 0 1 0 
vn 0 1 0 
vn 0 1 0 
vn 0 0 1 
vn 0 0 1 
vn 0 0 1 
vn 0 1 0 
vn 0 1 0 
vn 0 1 0 
vn 0 1 0 
vn 0 1 0 
vn 0 1 0 
vn 0 1 0 
vn 0 1 0 
vn 0 1 0 
vn 0 1 0 
vn 0 1 0 
vn 0 1 0 
vn 0 1 0 
vn 0 1 0 
vn 0 1 0 
vn 0 1 0 
vn 0 0 1 
vn 0 0 1 
vn 0 0.708661 -0.708661 
vn 0 0.708661 -0.708661 
vn 0 0.708661 -0.708661 
vn 0 0.708661 -0.708661 
vn 0 0.708661 -0.708661 
vn 0 0.708661 -0.708661 
vn 0 0.708661 -0.708661 
vn 0 0.708661 -0.708661 
vn 0 0 1 
vn 0 0 1 
vn 0 0 1 
vn 0 0 1 
vn 0 0 1 
vn 1 0 0 
vn 0 1 0 
vn 0 1 0 
vn 0 1 0 
vn 0 1 0 
vn 0 0 1 
vn 0 0 1 
vn 0 1 0 
vn 0 1 0 
vn 0 1 0 
vn 0 1 0 
vn -1 0 0 
vn -1 0 0 
vn 1 0 0 
vn 1 0 0 
vn 1 0 0 
vn 1 0 0 
vn 1 0 0 
vn 0 0 -1 
vn 0 0 -1 
vn 0 0 -1 
vn 0 1 0 
vn 0 1 0 
vn 0 1 0 
vn 0 1 0 
vn 0 1 0 
vn 0 1 0 
vn 0 1 0 
vn 0 1 0 
vn 0 1 0 
vn 0 1 0 
vn 0 1 0 
vn 0 1 0 
vn 0 1 0 
vn 0 1 0 
vn 0 1 0 
vn 0 1 0 
vn 0 0 -1 
vn 0 0 -1 
vn -1 0 0 
vn -1 0 0 
vn -1 0 0 
vn -1 0 0 
vn 0 0 1 
vn 0 0 1 
vn 0 0 1 
vn 0 1 0 
vn 0 1 0 
vn 0 1 0 
vn 0 1 0 
vn 0 1 0 
vn 0 1 0 
vn 0 1 0 
vn 0 1 0 
vn 1 0 0 
vn 1 0 0 
vn -1 0 0 
vn 0 0 1 
vn 0 0 1 
vn 0 0 1 
vn 0 0 1 
vn 0 0 1 
vn 0 0 1 
vn 0 0 1 
vn 0 0 1 
vn 0 0 1 
vn 0 0 1 
vn 0 0 1 
vn 0 0 1 
vn 0 0 1 
vn 0 0 1 
vn 0.015748 1 0 
vn 0.015748 1 0 
vn 0.015748 1 0 
vn 0.015748 1 0 
vn 0 0 1 
vn 0 0 1 
vn 0.015748 1 0 
vn 0.015748 1 0 
vn 0.015748 1 0 
vn 0.015748 1 0 
vn 0.015748 1 0 
vn 0.015748 1 0 
vn 0.015748 1 0 
vn 0.015748 1 0 
vn 0 0 1 
vn 0 0 1 
vn 0 0 1 
vn 0 0 1 
vn 0 0 1 
vn 0 0 1 
vn 0 0 1 
vn 0 0 1 
vn 0 0 1 
vn 0 0 1 
vn 0 0 1 
vn 0 0 1 
vn 0 0 1 
vn 0 0 1 
vn 0 0 1 
vn 0 0 1 
vn 0 0 1 
vn 0 0 1 
vn 0 0 1 
vn 0 0 1 
vn 0 0 1 
vn 0 0 1 
vn 0 0 1 
vn 0 0 1 
vn 0 0 1 
vn 0 0 1 
vn 0 0 1 
vn 0 1 0 
vn 0 1 0 
vn 0 1 0 
vn 0 1 0 
vn 0 1 0 
vn 0 1 0 
vn 0 1 0 
vn 0 1 0 
vn 0 1 0 
vn 0 1 0 
vn 0 1 0 
vn 0 1 0 
vn 0 1 0 
vn 0 1 0 
vn 0 1 0 
vn 0 1 0 
vn 0 1 0 
vn 0 1 0 
vn 0 1 0 
vn 0 1 0 
vn 0 1 0 
vn 0 1 0 
vn 0 1 0 
vn 0 1 0 
vn 0 1 0 
vn 0 1 0 
vn 0 1 0 
vn 0 1 0 
vn 1 0 0 
vn 0.015748 1 0 
vn 0.015748 1 0 
vn 0.015748 1 0 
vn 0.015748 1 0 
vn 0.015748 1 0 
vn 0.015748 1 0 
vn 0.015748 1 0 
vn 0.015748 1 0 
vn 0.015748 1 0 
vn 0.015748 1 0 
vn 0.015748 1 0 
vn 0.015748 1 0 
vn 0 -0.503937 0.866142 
vn 0 1 0 
vn 0 1 0 
vn 0 1 0 
vn 0 1 0 
vn 0 1 0 
vn 0 1 0 
vn 0 1 0 
vn 0 1 0 
vn 0 0 1 
vn 0 0 1 
vn 0 1 0 
vn 0 1 0 
vn 0 1 0 
vn 0 1 0 
vn 0 1 0 
vn 0 1 0 
vn 0 1 0 
vn 0 1 0 
vn 0 1 0 
vn 0 1 0 
vn 0 1 0 
vn 0 1 0 
vn 0 1 0 
vn 0 1 0 
vn 0 1 0 
vn 0 1 0 
vn 0 1 0 
vn 0 1 0 
vn 0 1 0 
vn 0 1 0 
vn 0 1 0 
vn 0 1 0 
vn 0 1 0 
vn 0 1 0 
vn 0 1 0 
vn 0 1 0 
vn 0 1 0 
vn 0 1 0 
vn 0 1 0 
vn 0 1 0 
vn 0 1 0 
vn 0 1 0 
vn 0 1 0 
vn 0 1 0 
vn 0 1 0 
vn 0 1 0 
vn 0 1 0 
vn 0 1 0 
vn 0 1 0 
vn 0 1 0 
vn 0 1 0 
vn 0 1 0 
vn 0 1 0 
vn 0 1 0 
vn 0 1 0 
vn 0 1 0 
vn 0 1 0 
vn 0 1 0 
vn 0 1 0 
vn 0 1 0 
vn 0 1 0 
vn 0 1 0 
vn 0 1 0 
vn 0 1 0 
vn 0 1 0 
vn 0 1 0 
vn -1 0 0 
vn -1 0 0 
vn -1 0 0 
vn 0 0.511811 0.858268 
vn 1 0 0 
vn 0 -1 0 
vn 0 -1 0 
vn 0 -1 0 
vn 0 -1 0 
vn 0 -1 0 
vn 0 -1 0 
vn 0 -1 0 
vn 0 -1 0 
vn 0 -1 0 
vn 0 -1 0 
vn 0 -1 0 
vn 0 -1 0 
vn 0 -1 0 
vn 0 -1 0 
vn 0 -1 0 
vn 1 0 0 
vn 1 0 0 
vn 1 0 0 
vn -1 0 0 
vn -1 0 0 
vn -1 0 0 
vn -1 0 0 
vn -1 0 0 
vn -1 0 0 
vn -1 0 0 
vn -1 0 0 
vn -1 0 0 
vn -1 0 0 
vn -1 0 0 
vn -1 0 0 
vn -1 0 0 
vn -1 0 0 
vn -1 0 0 
vn -1 0 0 
vn -1 0 0 
vn -1 0 0 
vn 0 1 0 
vn 0 1 0 
vn 0 1 0 
vn 0 1 0 
vn 0 1 0 
vn 0 1 0 
vn 0 1 0 
vn 0 1 0 
vn 0 1 0 
vn 0 1 0 
vn 0 1 0 
vn 0 1 0 
vn 0 1 0 
vn 0 1 0 
vn 0 1 0 
vn 0 1 0 
vn 0 1 0 
vn 0 1 0 
vn 0 1 0 
vn 0 1 0 
vn 0 0 -1 
vn 0 1 0 
vn 0 1 0 
vn 0 1 0 
vn 0 1 0 
vn 0 1 0 
vn 0 1 0 
vn 0 1 0 
vn 0 1 0 
vn 0 1 0 
vn 0 1 0 
vn 0 1 0 
vn 0 1 0 
vn 0 1 0 
vn 0 1 0 
vn 0 1 0 
vn 0 1 0 
vn 0 0 -1 
vn 0 1 0 
vn 0 1 0 
vn 0 1 0 
vn 0 1 0 
vn 0 0 -1 
vn 0.015748 1 0 
vn 0.015748 1 0 
vn 0.015748 1 0 
vn 0.015748 1 0 
vn 0 1 0 
vn 0 1 0 
vn 0 1 0 
vn 0 1 0 
vn 0 1 0 
vn 0 1 0 
vn 0 1 0 
vn 0 1 0 
vn 0.015748 1 0 
vn 0.015748 1 0 
vn 0.015748 1 0 
vn 0.015748 1 0 
vn 0 -1 0 
vn 0 1 0 
vn 0 1 0 
vn 0 1 0 
vn 0 1 0 
vn 0 1 0 
vn 0 1 0 
vn 0 1 0 
vn 0 1 0 
vn 0 1 0 
vn 0 1 0 
vn 0 1 0 
vn 0 1 0 
vn 0 1 0 
vn 0 1 0 
vn 0 1 0 
vn 0 1 0 
vn 0 1 0 
vn 0 1 0 
vn 0 1 0 
vn 0 1 0 
vn 0 -1 0 
vn 0 -1 0 
vn 0 1 0 
vn 0 1 0 
vn 0 1 0 
vn 0 1 0 
vn 0 1 0 
vn 0 1 0 
vn 0 1 0 
vn 0 1 0 
vn 0 1 0 
vn 0 1 0 
vn 0 1 0 
vn 0 1 0 
vn 0 1 0 
vn 0 1 0 
vn 0 1 0 
vn 0 1 0 
vn 0 1 0 
vn 0 1 0 
vn 0 1 0 
vn 0 1 0 
vn 0 1 0 
vn 0 1 0 
vn 0 1 0 
vn 0 1 0 
vn 0 1 0 
vn 0 1 0 
vn 0 1 0 
vn 0 1 0 
vn 0 1 0 
vn 0 1 0 
vn 0 1 0 
vn 0 1 0 
vn 0 1 0 
vn 0 1 0 
vn 0 1 0 
vn 0 1 0 
vn 0 1 0 
vn 0 1 0 
vn 0 1 0 
vn 0 1 0 
vn 0 1 0 
vn 0 1 0 
vn 0 1 0 
vn 0 1 0 
vn 0 1 0 
vn 0 1 0 
vn 0 1 0 
vn 0 1 0 
vn 0 1 0 
vn 0 1 0 
vn 0 1 0 
vn 0 1 0 
vn 0 1 0 
vn 0 1 0 
vn 0 1 0 
vn 0 1 0 
vn 0 1 0 
vn 0 1 0 
vn 0 1 0 
vn 0 1 0 
vn 0 1 0 
vn 0 1 0 
vn 0 1 0 
vn 0 1 0 
vn 0 1 0 
vn 0 1 0 
vn 0 1 0 
vn 0 1 0 
vn 0 1 0 
vn 0 1 0 
vn 0 1 0 
vn 0 1 0 
vn 0 1 0 
vn 0 1 0 
vn 0 1 0 
vn 0 1 0 
vn 0 1 0 
vn 0 1 0 
vn 0 1 0 
vn 0 1 0 
vn 0 1 0 
vn 0 1 0 
vn 0 1 0 
vn 0 1 0 
vn 0 1 0 
vn 0 1 0 
vn 0 1 0 
vn 0 1 0 
vn 0 1 0 
vn 0 1 0 
vn 0 1 0 
vn 0 1 0 
vn 0 1 0 
vn 0 1 0 
vn 0 1 0 
vn 0 1 0 
vn 0 1 0 
vn 0 1 0 
vn 0 1 0 
vn 0 1 0 
vn 0 1 0 
vn 0 1 0 
vn 0 1 0 
vn 0 1 0 
vn 0 1 0 
vn 0 1 0 
vn 0 1 0 
vn 0 1 0 
vn 0 1 0 
vn 0 1 0 
vn 0 1 0 
vn 0 1 0 
vn 0 1 0 
vn 0 1 0 
vn 0 1 0 
vn 0 1 0 
vn 0 1 0 
vn 0 1 0 
vn 0 1 0 
vn 0 1 0 
vn 0 1 0 
vn 0 1 0 
vn 0 1 0 
vn 0 1 0 
vn 0 1 0 
vn 0 1 0 
vn 0 1 0 
vn 0 1 0 
vn 0 1 0 
vn 0 1 0 
vn 0 1 0 
vn 0 1 0 
vn 0 1 0 
vn 0 1 0 
vn 0 1 0 
vn 0 1 0 
vn 0 1 0 
vn 0 1 0 
vn 0 1 0 
vn 0 1 0 
vn 0 1 0 
vn 0 1 0 
vn 0 1 0 
vn 0 1 0 
vn 0 1 0 
vn 0 1 0 
vn 0 1 0 
vn 0 1 0 
vn 0 1 0 
vn 0 1 0 
vn 0 1 0 
vn 0 1 0 
vn 0 1 0 
vn 0 1 0 
vn 0 1 0 
vn 0 1 0 
vn 0 1 0 
vn 0 1 0 
vn 0 1 0 
vn 0 1 0 
vn 0 1 0 
vn 0 1 0 
vn 0 1 0 
vn 0 1 0 
vn 0 1 0 
vn 0 1 0 
vn 0 1 0 
vn 0 1 0 
vn 0 1 0 
vn 0 1 0 
vn 0 1 0 
vn 0 1 0 
vn -1 0 0 
vn 1 0 0 
vn 0 -1 0 
vn 0 -1 0 
vn 0 -1 0 
vn 0 0 1 
vn 0 0 1 
vn -1 0 0 
vn 0 1 0 
vn 0 1 0 
vn 0 1 0 
vn 0 1 0 
vn 0 1 0 
vn 0 1 0 
vn 0 1 0 
vn 0 1 0 
vn 0 1 0 
vn 0 1 0 
vn 0 1 0 
vn 0 1 0 
vn 0 1 0 
vn 0 1 0 
vn 0 1 0 
vn 0 1 0 
vn 0 1 0 
vn 0 1 0 
vn 0 1 0 
vn 0 1 0 
vn 0 1 0 
vn 0 1 0 
vn 0 1 0 
vn 0 1 0 
vn 0 1 0 
vn 0 1 0 
vn 0 1 0 
vn 0 1 0 
vn 0 1 0 
vn 0 1 0 
vn 0 1 0 
vn 0 1 0 
vn 0 1 0 
vn 0 1 0 
vn 0 1 0 
vn 0 1 0 
vn 0 1 0 
vn 0 1 0 
vn 0 1 0 
vn 0 1 0 
vn 0 1 0 
vn 0 1 0 
vn 0 1 0 
vn 0 1 0 
vn 0 1 0 
vn 0 1 0 
vn 0 1 0 
vn 0 1 0 
vn 0 1 0 
vn 0 1 0 
vn 0 1 0 
vn 0 1 0 
vn 0 1 0 
vn 0 1 0 
vn 0 1 0 
vn 0 1 0 
vn 0 1 0 
vn 0 1 0 
vn 0 1 0 
vn 0 1 0 
vn 0 1 0 
vn 0 1 0 
vn 0 1 0 
vn 0 1 0 
vn 0 1 0 
vn 0 1 0 
vn 0 1 0 
vn 0 1 0 
vn 0 1 0 
vn 0 1 0 
vn 0 1 0 
vn 0 1 0 
vn 0 1 0 
vn 0 1 0 
vn 0 1 0 
vn 0 1 0 
vn 0 1 0 
vn 0 1 0 
vn 0 1 0 
vn 0 1 0 
vn 0 1 0 
vn 0 1 0 
vn 0 1 0 
vn 0 1 0 
vn 0 1 0 
vn 0 1 0 
vn 0 1 0 
vn 0 1 0 
vn 0 1 0 
vn 0 1 0 
vn 0 1 0 
vn 0 1 0 
vn 0 1 0 
vn 0 1 0 
vn 0 1 0 
vn 0 1 0 
vn 0 1 0 
vn 0 1 0 
vn 0 1 0 
vn 0 1 0 
vn 0 1 0 
vn 0 1 0 
vn 0 1 0 
vn 0 1 0 
vn 0 1 0 
vn 0 1 0 
vn 0 1 0 
vn 0 1 0 
vn 0 1 0 
vn 0 1 0 
vn 0 1 0 
vn 0 1 0 
vn 0 1 0 
vn 0 1 0 
vn 0 1 0 
vn 0 1 0 
vn 0 1 0 
vn 0 1 0 
vn 0 1 0 
vn 0 1 0 
vn 0 1 0 
vn 0 1 0 
vn 0 1 0 
vn 0 1 0 
vn 0 1 0 
vn 0 1 0 
vn 0 1 0 
vn 0 1 0 
vn 0 1 0 
vn 0 1 0 
vn 0 1 0 
vn 0 1 0 
vn 0 1 0 
vn 0 1 0 
vn 0 1 0 
vn 0 1 0 
vn 0 1 0 
vn 0 1 0 
vn 0 1 0 
vn 0 1 0 
vn 0 1 0 
vn 0 1 0 
vn 0 1 0 
vn 0 1 0 
vn 0 1 0 
vn 0 1 0 
vn 0 1 0 
vn 0 1 0 
vn 0 1 0 
vn 0 1 0 
vn 0 1 0 
vn 0 1 0 
vn 0 1 0 
vn 0 1 0 
vn 0 1 0 
vn 0 1 0 
vn 0 1 0 
vn 0 1 0 
vn 0 1 0 
vn 0 1 0 
vn 0 1 0 
vn 0 1 0 
vn 0 1 0 
vn 0 1 0 
vn 0 1 0 
vn 0 1 0 
vn 0 1 0 
vn 0 1 0 
vn 0 1 0 
vn 0 1 0 
vn 0 1 0 
vn 0 1 0 
vn 0 1 0 
vn 0 1 0 
vn 0 1 0 
vn 0 1 0 
vn 0 1 0 
vn 0 1 0 
vn 0 1 0 
vn 0 1 0 
vn 0 1 0 
vn 0 1 0 
vn 0 1 0 
vn 0 1 0 
vn 0 1 0 
vn 0 1 0 
vn 0 1 0 
vn 0 1 0 
vn 0 1 0 
vn 0 1 0 
vn 0 1 0 
vn 0 1 0 
vn 0 1 0 
vn 0 1 0 
vn 0 1 0 
vn 0 1 0 
vn 0 1 0 
vn 0 1 0 
vn 0 1 0 
vn 0 1 0 
vn 0 1 0 
vn 0 1 0 
vn 0 1 0 
vn 0 1 0 
vn 0 1 0 
vn 0 1 0 
vn 0 1 0 
vn 0 1 0 
vn 0 1 0 
vn 0 1 0 
vn 0 1 0 
vn 0 1 0 
vn 0 1 0 
vn 0 1 0 
vn 0 1 0 
vn 0 1 0 
vn 0 1 0 
vn 0 1 0 
vn 0 1 0 
vn 0 1 0 
vn 0 1 0 
vn 0 1 0 
vn 0 1 0 
vn 0 1 0 
vn 0 1 0 
vn 0 1 0 
vn 0 1 0 
vn 0 1 0 
vn 0 1 0 
vn 0 1 0 
vn 0 1 0 
vn 0 1 0 
vn 0 1 0 
vn 0 1 0 
vn 0 1 0 
vn 0 1 0 
vn 0 1 0 
vn 0 1 0 
vn 0 1 0 
vn 0 1 0 
vn 0 1 0 
vn 0 1 0 
vn 0 1 0 
vn 0 1 0 
vn 0 1 0 
vn 0 1 0 
vn 0 1 0 
vn 0 1 0 
vn 0 1 0 
vn 0 1 0 
vn 0 1 0 
vn 0 1 0 
vn 0 1 0 
vn 0 1 0 
vn 0 1 0 
vn 0 1 0 
vn 0 1 0 
vn 0 1 0 
vn 0 1 0 
vn 0 1 0 
vn 0 1 0 
vn 0 1 0 
vn 0 1 0 
vn 0 1 0 
vn 0 1 0 
vn 0 1 0 
vn 0 1 0 
vn 0 1 0 
vn 0 1 0 
vn 0 1 0 
vn 0 1 0 
vn 0 1 0 
vn 0 1 0 
vn 0 1 0 
vn 0 1 0 
vn 0 1 0 
vn 0 1 0 
vn 0 1 0 
vn 0 1 0 
vn 0 1 0 
vn 0 1 0 
vn 0 1 0 
vn 0 1 0 
vn 0 1 0 
vn 0 1 0 
vn 0 1 0 
vn 0 1 0 
vn 0 1 0 
vn 0 1 0 
vn 0 1 0 
vn 0 1 0 
vn 0 1 0 
vn 0 1 0 
vn 0 1 0 
vn 0 1 0 
vn 0 1 0 
vn 0 1 0 
vn 0 1 0 
vn 0 1 0 
vn 0 1 0 
vn 0 1 0 
vn 0 1 0 
vn 0 1 0 
vn 0 1 0 
vn 1 0 0 
vn 0 1 0 
vn 0 1 0 
vn 0 1 0 
vn 0 1 0 
vn 0 -1 0 
vn 0 1 0 
vn 0 1 0 
vn 0 1 0 
vn 0 1 0 
vn 0 0.708661 0.708661 
vn 0 0.708661 0.708661 
vn 0 0.708661 0.708661 
vn 0 0.708661 0.708661 
vn 0 0.708661 0.708661 
vn 0 0.708661 0.708661 
vn 0 0.708661 0.708661 
vn 0 0.708661 0.708661 
vn -1 0 0 
vn -1 0 0 
vn -1 0 0 
vn -1 0 0 
vn -1 0 0 
vn -1 0 0 
vn -1 0 0 
vn 0 0.858268 -0.511811 
vn 0 0.858268 -0.511811 
vn -1 0 0 
vn -1 0 0 
vn -1 0 0 
vn -1 0 0 
vn -1 0.015748 0 
vn -1 0.015748 0 
vn -1 0.015748 0 
vn -1 0.015748 0 
vn -1 0.015748 0 
vn -1 0 0 
vn -1 0 0 
vn -1 0 0 
vn -1 0 0 
vn -1 0 0 
vn -1 0 0 
vn -1 0 0 
vn -1 0 0 
vn -1 0 0 
vn -1 0 0 
vn -1 0 0 
vn -1 0 0 
vn -1 0 0 
vn -1 0 0 
vn -1 0 0 
vn -1 0 0 
vn -1 0 0 
vn -1 0 0 
vn 0 0 -1 
vn 0 0 -1 
vn -1 0 0 
vn -1 0 0 
vn -1 0 0 
vn -1 0 0 
vn 0 0 -1 
vn 0 0 -1 
vn 0 0 -1 
vn 0 0 -1 
vn 0 0 -1 
vn 0 0 -1 
vn 0 0 -1 
vn 0 0 -1 
vn 0 0 -1 
vn 0 0 -1 
vn 0 0 -1 
vn 0 0 -1 
vn 1 0 0 
vn 1 0 0 
vn 1 0 0 
vn 1 0 0 
vn 1 0 0 
vn 1 0 0 
vn 1 0 0 
vn 1 0 0 
vn 1 0 0 
vn 1 0 0 
vn 1 0 0 
vn 0 0 1 
vn 0 0 1 
vn 0 0 1 
vn 0 0 1 
vn 1 0 0 
vn 1 0 0 
vn 1 0 0 
vn 1 0 0 
vn 1 0 0 
vn 1 0 0 
vn 1 0 0 
vn 1 0 0 
vn 1 0 0 
vn 1 0 0 
vn 1 0 0 
vn 1 0 0 
vn 1 0 0 
vn 1 0 0 
vn 1 0 0 
vn 1 0 0 
vn 1 0 0 
vn 1 -0.015748 0 
vn 1 -0.015748 0 
vn 1 -0.015748 0 
vn 1 -0.015748 0 
vn 1 -0.015748 0 
vn 1 -0.015748 0 
vn 0 0 1 
vn 0 0 1 
vn 0 0 1 
vn 0 0 1 
vn 0 0 1 
vn 0 0 1 
vn 0 0 1 
vn 0 0 1 
vn 0 0 1 
vn 0 0 1 
vn 0 0 1 
vn 0 0 1 
vn 0 0 1 
vn 0 0 1 
vn 0 0 1 
vn 0 0 1 
vn 0 0 1 
vn 0 0 1 
vn 0 0 1 
vn 0 0 1 
vn 0 0 1 
vn 0 0 1 
vn 0 0 1 
vn 0 0 1 
vn 0 0 1 
vn 0 0 1 
vn 0 0 1 
vn 0 0 1 
vn 0 0 1 
vn 0 0 1 
vn 0 0 1 
vn 0 0 1 
vn 0 0 1 
vn 0 0 1 
vn 0 0 1 
vn 0 0 1 
vn 0 0 1 
vn 0 0 1 
vn 0 0 1 
vn 0 0 1 
vn 0 0 1 
vn 0 0 1 
vn 0 0 1 
vn 0 0 1 
vn 0 0 1 
vn 0 0 1 
vn 0 0 1 
vn 0 0 1 
vn 0 0 1 
vn 0 0 1 
vn 0 0 1 
vn 0 0 1 
vn 0 0 1 
vn 0 0 1 
vn 0 0 1 
vn 0 0 1 
vn 0 0 1 
vn 0 0 1 
vn 0 0 1 
vn 0 0 1 
vn 0 0 1 
vn 0 0 1 
vn 0 0 1 
vn 0 0 1 
vn 0 0 1 
vn 0 0 1 
vn 0 0 1 
vn 0 0 1 
vn 0 0 1 
vn 0 0 1 
vn 0 0 1 
vn 0 0 1 
vn 0 0 1 
vn 0 0 1 
vn 0 0 1 
vn 0 0 1 
vn 0 0 1 
vn 0 0 1 
vn 0 0 1 
vn 0 0 1 
vn 0 0 1 
vn 0 0 1 
vn 0 0 1 
vn 0 0 1 
vn 0 0 1 
vn 0 0 1 
vn 0 0 1 
vn 0 0 1 
vn 0 0 1 
vn 0 0 1 
vn 0 0 1 
vn 0 0 1 
vn 0 0 1 
vn 0 0 1 
vn 0 0 1 
vn 0 0 1 
vn 0 0 1 
vn 0 0 1 
vn 0 0 1 
vn 0 0 1 
vn 0 0 1 
vn 0 0 1 
vn 0 0 1 
vn 0 0 1 
vn 0 0 1 
vn 0 0 1 
vn 0 0 1 
vn 0 0 1 
vn 0 0 1 
vn 0 0 1 
vn 0 0 1 
vn 0 0 1 
vn 0 0 1 
vn 0 0 1 
vn 0 0 1 
vn 0 0 1 
vn 0 0 1 
vn 0 0 1 
vn 0 0 1 
vn 0 0 1 
vn 0 0 1 
vn 0 0 1 
vn 0 0 1 
vn 0 0 1 
vn 1 0 0 
vn 1 0 0 
vn 1 0 0 
vn 0 0 1 
vn 0 0 1 
vn 0 0 1 
vn 0 0 1 
vn 0 0 1 
vn 0 0 1 
vn 0 0 1 
vn 0 0 1 
vn -1 0 0 
vn -1 0 0 
vn 0 0.503937 -0.866142 
vn 0 0 1 
vn 0 0 1 
vn 0 0 1 
vn 0 0 1 
vn 0 0 1 
vn 0 0 1 
vn 0 0 1 
vn 0 0 1 
vn 0 0 1 
vn 0 0 1 
vn 0 0 1 
vn 0 0 1 
vn -1 0 0 
vn -1 0 0 
vn -1 0 0 
vn -1 0 0 
vn 0 0.866142 0.503937 
vn 0 0.866142 0.503937 
vn 1 0 0 
vn 1 0 0 
vn 1 0 0 
vn 0 0 1 
vn 0 0 1 
vn 0 0 1 
vn 0 0 1 
vn 0 0 1 
vn 0 0 1 
vn 0 0 1 
vn 0 0 1 
vn 0 0 1 
vn 0 0 1 
vn 0 0 1 
vn 0 0 1 
vn 1 0 0 
vn 1 0 0 
vn 1 0 0 
vn 1 0 0 
vn 1 0 0 
vn 1 0 0 
vn 1 0 0 
vn 1 0 0 
vn 1 0 0 
vn 1 0 0 
vn 1 0 0 
vn 1 0 0 
vn 0 0 1 
vn 0 0 1 
vn 0 0 1 
vn 0 0 1 
vn 1 0 0 
vn 0 0 1 
vn 0 0 1 
vn 0 0 1 
vn 0 0 1 
vn 0 0 1 
vn 0 0 1 
vn 0 0 1 
vn 0 0 1 
vn 0 1 0 
vn 0 1 0 
vn 0 1 0 
vn 0 1 0 
vn 0 0 1 
vn 0 0 1 
vn 0 0 1 
vn 0 0 1 
vn 1 0 0 
vn 0 0 1 
vn 0 0 1 
vn 0 0 1 
vn 0 0 1 
vn 0 0 1 
vn 0 0 1 
vn 0 0 1 
vn 0 0 1 
vn 0 0 1 
vn 0 0 1 
vn 0 0 1 
vn 0 0 1 
vn -1 0 0 
vn -1 0 0 
vn -1 0 0 
vn 0 0 1 
vn 0 0 1 
vn 0 0 1 
vn 0 0 1 
vn 0 0 1 
vn 0 0 1 
vn 0 0 1 
vn 0 0 1 
vn 0 1 0 
vn 0 1 0 
vn 0 0 1 
vn 0 0 1 
vn 0 0 1 
vn 0 0 1 
vn 0 0 1 
vn 0 0 1 
vn 0 0 1 
vn 0 0 1 
vn 0 0 1 
vn 0 0 1 
vn 0 0 1 
vn 0 0 1 
vn 0 0.708661 -0.708661 
vn 0 0 1 
vn 0 0 1 
vn 0 0 1 
vn 0 0 1 
vn 0 0 1 
vn 0 0 1 
vn 0 0 1 
vn 0 0 1 
vn 0 0 1 
vn 0 0 1 
vn 0 0 1 
vn 0 0 1 
vn 0 0 1 
vn 0 0 1 
vn 0 0 1 
vn 0 0 1 
vn 0 0 1 
vn 0 0 1 
vn 0 0 1 
vn 0 0 1 
vn 0 0 1 
vn 0 0 1 
vn 0 0 1 
vn 0 0 1 
vn 1 0 0 
vn 1 0 0 
vn 0 0 1 
vn 0 0 1 
vn 0 0 1 
vn 0 0 1 
vn 0 0 1 
vn 0 0 1 
vn 0 0 1 
vn 0 0 1 
vn 0 1 0 
vn -1 0 0 
vn 0 0 1 
vn 0 0 1 
vn 0 0 1 
vn 0 0 1 
vn 1 0 0 
vn 1 0 0 
vn 1 0 0 
vn 0 0 1 
vn 0 0 1 
vn 0 0 1 
vn 0 0 1 
vn 0 0 1 
vn 0 0 1 
vn 0 0 1 
vn 0 0 1 
vn 0 0 -1 
vn 0 0 -1 
vn 0 1 0 
vn 0 1 0 
vn 0 0 -1 
vn -1 0 0 
vn -1 0 0 
vn -1 0 0 
vn 0 0 1 
vn 0 0 1 
vn 0 0 1 
vn 0 0 1 
vn 1 0 0 
vn 0 0 1 
vn 0 0 1 
vn 0 0 1 
vn 0 0 1 
vn 0 0 1 
vn 0 0 1 
vn 0 0 1 
vn 0 0 1 
vn 0 0 1 
vn 0 0 1 
vn 0 0 1 
vn 0 0 1 
vn 0 -1 0 
vn 0 -1 0 
vn 0 -1 0 
vn 0 -1 0 
vn 0 -1 0 
vn 1 0 0 
vn 1 0 0 
vn 0 0 1 
vn 0 0 1 
vn 0 0 1 
vn 0 0 1 
vn 0 0 1 
vn 0 0 1 
vn 0 0 1 
vn 0 0 1 
vn 0 0 1 
vn 0 0 1 
vn 0 0 1 
vn 0 0 1 
vn 0 0 1 
vn 0 0 1 
vn 0 0 1 
vn 0 0 1 
vn 0 0 1 
vn 0 0 1 
vn 0 0 1 
vn 0 0 1 
vn 0 0 1 
vn 0 0 1 
vn 0 0 1 
vn 0 0 1 
vn 0 0 1 
vn 0 0 1 
vn 0 0 1 
vn 0 0 1 
vn 0 0 1 
vn 0 0 1 
vn 0 0 1 
vn 0 0 1 
vn 0 0 1 
vn 0 0 1 
vn 0 0 1 
vn 0 0 1 
vn 0 0 1 
vn 0 0 1 
vn 0 0 1 
vn 0 0 1 
vn 0 0 1 
vn 0 0 1 
vn 0 0 1 
vn 0 0 1 
vn 0 0 1 
vn 0 0 1 
vn 0 0 1 
vn 0 0 1 
vn 0 0 1 
vn 0 0 1 
vn 0 0 1 
vn 0 0 1 
vn 0 0 1 
vn 0 0 1 
vn 0 0 1 
vn 0 0 1 
vn 0.015748 1 0 
vn 0 0 1 
vn 0 0 1 
vn 0 0 1 
vn 0 0 1 
vn 0 0 1 
vn 0 0 1 
vn 0 0 1 
vn 0 0 1 
vn 0.015748 1 0 
vn 0 0 1 
vn 0 0 1 
vn 0 0 1 
vn 0 0 1 
vn 0 0 1 
vn 0 0 1 
vn 0 0 1 
vn 0 0 1 
vn 0 0 1 
vn 0 0 1 
vn 0 0 1 
vn 0 0 1 
vn 0 0 1 
vn 0 0 1 
vn 0 0 1 
vn 0 0 1 
vn 0 0 1 
vn 0 0 1 
vn 0 0 1 
vn 0 0 1 
vn 0 0 1 
vn 0 0 1 
vn 0 0 1 
vn 0 0 1 
vn 0 0 1 
vn 0 0 1 
vn 0 0 1 
vn 0 0 1 
vn 0 0 1 
vn 0 0 1 
vn 0 0 1 
vn 0 0 1 
vn 0 0 1 
vn 0 0 1 
vn 0 0 1 
vn 0 0 1 
vn 0 0 1 
vn 0 0 1 
vn 0 0 1 
vn 0 0 1 
vn 0 0 1 
vn 0 0 1 
vn 0 0 1 
vn 0 0 1 
vn 0 0 1 
vn 0 0 1 
vn 0 0 1 
vn 0 0 1 
vn 0 0 1 
vn 0 0 1 
vn 0 0 1 
vn 0 0 1 
vn 0 0 1 
vn 0 0 1 
vn 0 0 1 
vn 0 0 1 
vn 0 0 1 
vn 0 0 1 
vn 0 0 1 
vn 0 0 1 
vn 0 0 1 
vn 0 0 1 
vn 0 0 1 
vn 0 0 1 
vn 0 0 1 
vn 0 0 1 
vn 0 0 1 
vn 0 0 1 
vn 0 0 1 
vn 0 0 1 
vn 0 0 1 
vn 0 0 1 
vn 0 0 1 
vn 0 0 1 
vn 0 0 1 
vn 0 0 1 
vn 0 0 1 
vn 0 0 1 
vn 0 0 1 
vn 0 0 1 
vn 0 0 1 
vn 0 0 1 
vn 0 0 1 
vn 0 0 1 
vn 0 0 1 
vn 0 0 1 
vn 0 0 1 
vn 0 0 1 
vn 0 0 1 
vn 0 0 1 
vn 0 0 1 
vn 0 0 1 
vn 0 0 1 
vn 0 0 1 
vn 0 0 1 
vn 0 0 1 
vn 0 0 1 
vn 0 0 1 
vn 0 0 1 
vn 0 0 1 
vn 0 0 1 
vn 0 0 1 
vn 0 0 1 
vn 0 0 1 
vn 0 0 1 
vn 0 0 1 
vn 0 0 1 
vn 0 0 1 
vn 1 0 0 
vn 0 -1 0 
vn 0.015748 1 0 
vn 0 -0.503937 0.866142 
vn 0 -0.503937 0.866142 
vn 0 -0.503937 0.866142 
vn 0 -0.503937 0.866142 
vn 0 -0.503937 0.866142 
vn 0 -0.503937 0.866142 
vn 0 -0.503937 0.866142 
vn 0 -0.503937 0.866142 
vn 0 -0.503937 0.866142 
vn 0 -0.503937 0.866142 
vn 0 -0.503937 0.866142 
vn 0 -0.503937 0.866142 
vn 0 1 0 
vn 0 0 1 
vn 0 0 1 
vn 0 0 1 
vn 0 0 1 
vn 0 0 1 
vn 0 0 1 
vn 0 0 1 
vn 0 0 1 
vn 1 0 0 
vn 1 0 0 
vn 0 0 1 
vn 0 0 1 
vn 0 0 1 
vn 0 0 1 
vn 0 0.511811 0.858268 
vn 0 0.511811 0.858268 
vn 0 0.511811 0.858268 
vn 0 0.511811 0.858268 
vn 0 0.511811 0.858268 
vn 0 0.511811 0.858268 
vn 0 0.511811 0.858268 
vn 0 0.511811 0.858268 
vn 0 0 1 
vn 0 0 1 
vn 0 0 1 
vn 0 0 1 
vn 0 -1 0 
vn 0 0 1 
vn 0 0 1 
vn 0 0 1 
vn 0 0 1 
vn 1 0 0 
vn 0 0 1 
vn 0 0 1 
vn 0 0 1 
vn 0 0 1 
vn 1 0 0 
vn 1 0 0 
vn 0 -1 0 
vn 0 -1 0 
vn 0 -1 0 
vn 0 -1 0 
vn 0 -1 0 
vn 0 -1 0 
vn 0 -1 0 
vn 0 -1 0 
vn 0 -1 0 
vn 0 -1 0 
vn 0 -1 0 
vn 0 -1 0 
vn 0 -1 0 
vn 0 0 1 
vn 0 0 1 
vn 0 0 1 
vn 0 0 1 
vn -1 0 0 
vn -1 0 0 
vn -1 0 0 
vn -1 0 0 
vn -1 0 0 
vn -1 0 0 
vn 0 1 0 
vn 0 0 1 
vn 0 0 1 
vn 0 0 1 
vn 0 0 1 
vn 0 1 0 
vn 0 1 0 
vn 0 0 -1 
vn 0.015748 1 0 
vn 1 0 0 
vn 0 0 1 
vn 0 0 1 
vn 0 0 1 
vn 0 0 1 
vn 0.015748 1 0 
vn 0 0 1 
vn 0 0 1 
vn 0 0 1 
vn 0 0 1 
vn 0 0 1 
vn 0 0 1 
vn 0 0 1 
vn 0 0 1 
vn 0 0 1 
vn 0 0 1 
vn 0 0 1 
vn 0 0 1 
vn 0 1 0 
vn 0 1 0 
vn 0 1 0 
vn 0 1 0 
vn 0 1 0 
vn 0 1 0 
vn 0 0 1 
vn 0 0 1 
vn 0 0 1 
vn 0 0 1 
vn -1 0 0 
vn 0 0 1 
vn 0 0 1 
vn 0 0 1 
vn 0 0 1 
vn -0.015748 -1 0 
vn 0 0 1 
vn 0 0 1 
vn 0 0 1 
vn 0 0 1 
vn 0 -1 0 
vn 0 0 1 
vn 0 0 1 
vn 0 0 1 
vn 0 0 1 
vn 0 0 1 
vn 0 0 1 
vn 0 0 1 
vn 0 0 1 
vn 0 0 1 
vn 0 0 1 
vn 0 0 1 
vn 0 0 1 
vn 0 0 1 
vn 0 0 1 
vn 0 0 1 
vn 0 0 1 
vn 0 0 1 
vn 0 0 1 
vn 0 0 1 
vn 0 0 1 
vn 0 0 1 
vn 0 0 1 
vn 0 0 1 
vn 0 0 1 
vn 0 0 1 
vn 0 0 1 
vn 0 0 1 
vn 0 0 1 
vn 0 0 1 
vn 0 0 1 
vn 0 1 0 
vn 0 0 1 
vn 0 0 1 
vn 0 0 1 
vn 0 0 1 
vn 0 0 1 
vn 0 0 1 
vn 0 0 1 
vn 0 0 1 
vn 0 0 1 
vn 0 0 1 
vn 0 0 1 
vn 0 0 1 
vn 0 1 0 
vn 0 0 1 
vn 0 0 1 
vn 0 0 1 
vn 0 0 1 
vn 0 0 1 
vn 0 0 1 
vn 0 0 1 
vn 0 0 1 
vn 1 0 0 
vn 0 -1 0 
vn 0 -1 0 
vn 0 0 1 
vn 0 0 1 
vn 0 0 1 
vn 0 0 1 
vn 0 0 1 
vn 0 0 1 
vn 0 0 1 
vn 0 0 1 
vn 0 1 0 
vn 0 0 1 
vn 0 0 1 
vn 0 0 1 
vn 0 0 1 
vn 0 0 1 
vn 0 0 1 
vn 0 0 1 
vn 0 0 1 
vn 0 0 1 
vn 0 0 1 
vn 0 0 1 
vn 0 0 1 
vn 0 0 1 
vn 0 0 1 
vn 0 0 1 
vn 0 0 1 
vn 0 0 1 
vn 0 0 1 
vn 0 0 1 
vn 0 0 1 
vn 0 0 1 
vn 0 0 1 
vn 0 0 1 
vn 0 0 1 
vn 0 0 1 
vn 0 0 1 
vn 0 0 1 
vn 0 0 1 
vn 0 0 1 
vn 0 0 1 
vn 0 0 1 
vn 0 0 1 
vn 0 0 1 
vn 0 0 1 
vn 0 0 1 
vn 0 0 1 
vn 0 0 1 
vn 0 0 1 
vn 0 0 1 
vn 0 0 1 
vn 0 0 1 
vn 0 0 1 
vn 0 0 1 
vn 0 0 1 
vn 0 0 1 
vn 0 0 1 
vn 0 0 1 
vn 0 0 1 
vn 0 0 1 
vn 0 0 1 
vn 0 0 1 
vn 0 0 1 
vn 0 0 1 
vn 0 0 1 
vn 0 0 1 
vn 0 0 1 
vn 0 0 1 
vn 0 0 1 
vn 0 0 1 
vn 0 0 1 
vn 0 0 1 
vn 0 0 1 
vn 0 0 1 
vn 0 0 1 
vn 0 0.511811 0.858268 
vn 0 0.511811 0.858268 
vn 0 0.511811 0.858268 
vn 0 0.511811 0.858268 
vn 0 0 1 
vn 0 0 1 
vn 0 0 1 
vn 0 0 1 
vn 0 0 1 
vn 0 0 1 
vn 0 0 1 
vn 0 0 1 
vn 0 0 1 
vn 0 0 1 
vn 0 0 1 
vn 0 0 1 
vn 0 0 1 
vn 0 0 1 
vn 0 0 1 
vn 0 0 1 
vn 0 0 1 
vn 0 0 1 
vn 0 0 1 
vn 0 0 1 
vn 0 0 1 
vn 0 0 1 
vn 0 0 1 
vn 0 0 1 
vn 0 0 1 
vn 0 0 1 
vn 0 0 1 
vn 0 0 1 
vn 0 0 1 
vn 0 0 1 
vn 0 0 1 
vn 0 0 1 
vn 0 0 1 
vn 0 0 1 
vn 0 0 1 
vn 0 0 1 
vn 0 0 1 
vn 0 0 1 
vn 0 0 1 
vn 0 0 1 
vn 0 0 1 
vn 0 0 1 
vn 0 0 1 
vn 0 0 1 
vn 0 0 1 
vn 0 0 1 
vn 0 0 1 
vn 0 0 1 
vn 0 0 1 
vn 0 0 1 
vn 0 0 1 
vn 0 0 1 
vn 0 0 1 
vn 0 0 1 
vn 0 0 1 
vn 0 0 1 
vn 0 0 1 
vn 0 0 1 
vn 0 0 1 
vn 0 0 1 
vn 0 0 1 
vn 0 0 1 
vn 0 0 1 
vn 0 0 1 
vn 0 0 1 
vn 0 0 1 
vn 0 0 1 
vn 0 0 1 
vn 0 0 1 
vn 0 0 1 
vn 0 0 1 
vn 0 0 1 
vn 0 0 1 
vn 0 0 1 
vn 0 0 1 
vn 0 0 1 
vn 0 0 1 
vn 0 0 1 
vn 0 0 1 
vn 0 0 1 
vn 0 0 1 
vn 0 0 1 
vn 0 0 1 
vn 0 0 1 
vn 0 0 1 
vn 0 0 1 
vn 0 0 1 
vn 0 0 1 
vn 0 0 1 
vn 0 0 1 
vn 0 0 1 
vn 0 0 1 
vn 0 0 1 
vn 0 0 1 
vn 0 0 1 
vn 0 0 1 
vn 0 0 1 
vn 0 0 1 
vn 0 0 1 
vn 0 0 1 
vn 0 0 1 
vn 0 0 1 
vn 0 0 1 
vn 0 0 1 
vn 0 0 1 
vn 0 0 1 
vn 0 0 1 
vn 0 0 1 
vn 0 0 1 
vn 0 0 1 
vn 0 0 1 
vn 0 0 1 
vn 0 0 1 
vn 0 0 1 
vn 0 0 1 
vn 0 0 1 
vn 0 0 1 
vn 0 0 1 
vn 0 0 1 
vn 0 0 1 
vn 0 0 1 
vn 0 0 1 
vn 0 0 1 
vn 0 0 1 
vn 0 0 -1 
vn 0 0 -1 
vn 0 -0.708661 -0.708661 
vn 0 -0.708661 -0.708661 
vn 0 -0.708661 -0.708661 
vn 0 -0.708661 -0.708661 
vn -1 0 0 
vn -1 0 0 
vn -1 0 0 
vn -1 0 0 
vn -1 0 0 
vn -1 0 0 
vn -1 0 0 
vn -1 0 0 
vn 0 0 -1 
vn 0 0 -1 
vn -1 0 0 
vn -1 0 0 
vn -1 0 0 
vn -1 0 0 
vn -1 0 0 
vn -1 0 0 
vn -1 0 0 
vn -1 0 0 
vn 0 0.858268 -0.511811 
vn 0 0.858268 -0.511811 
vn -1 0 0 
vn -1 0 0 
vn -1 0 0 
vn -1 0 0 
vn -1 0 0 
vn -1 0 0 
vn -1 0 0 
vn -1 0 0 
vn -1 0.015748 0 
vn -1 0.015748 0 
vn -1 0.015748 0 
vn -1 0.015748 0 
vn -1 0.015748 0 
vn -1 0.015748 0 
vn -1 0.015748 0 
vn -1 0.015748 0 
vn -1 0.015748 0 
vn -1 0.015748 0 
vn -1 0.015748 0 
vn -1 0.015748 0 
vn -1 0.015748 0 
vn -1 0.015748 0 
vn -1 0.015748 0 
vn -1 0.015748 0 
vn -1 0 0 
vn -1 0 0 
vn -1 0 0 
vn -1 0 0 
vn -1 0 0 
vn -1 0 0 
vn -1 0 0 
vn -1 0 0 
vn -1 0 0 
vn -1 0 0 
vn -1 0 0 
vn -1 0 0 
vn -1 0 0 
vn -1 0 0 
vn -1 0 0 
vn -1 0 0 
vn -1 0 0 
vn -1 0 0 
vn -1 0 0 
vn -1 0 0 
vn -1 0 0 
vn -1 0 0 
vn -1 0 0 
vn -1 0 0 
vn -1 0 0 
vn -1 0 0 
vn -1 0 0 
vn -1 0 0 
vn -1 0 0 
vn -1 0 0 
vn -1 0 0 
vn -1 0 0 
vn -1 0 0 
vn -1 0 0 
vn -1 0 0 
vn -1 0 0 
vn -1 0 0 
vn -1 0 0 
vn -1 0 0 
vn -1 0 0 
vn -1 0 0 
vn -1 0 0 
vn -1 0 0 
vn -1 0 0 
vn -1 0 0 
vn -1 0 0 
vn -1 0 0 
vn -1 0 0 
vn -1 0 0 
vn -1 0 0 
vn -1 0 0 
vn -1 0 0 
vn -1 0 0 
vn -1 0 0 
vn -1 0 0 
vn -1 0 0 
vn -1 0 0 
vn -1 0 0 
vn -1 0 0 
vn -1 0 0 
vn -1 0 0 
vn -1 0 0 
vn -1 0 0 
vn -1 0 0 
vn -1 0 0 
vn -1 0 0 
vn -1 0 0 
vn -1 0 0 
vn -1 0 0 
vn -1 0 0 
vn -1 0 0 
vn -1 0 0 
vn -1 0 0 
vn -1 0 0 
vn -1 0 0 
vn -1 0 0 
vn -1 0 0 
vn -1 0 0 
vn -1 0 0 
vn -1 0 0 
vn 0 0 -1 
vn -1 0 0 
vn -1 0 0 
vn -1 0 0 
vn -1 0 0 
vn -1 0 0 
vn -1 0 0 
vn -1 0 0 
vn -1 0 0 
vn -1 0 0 
vn -1 0 0 
vn -1 0 0 
vn -1 0 0 
vn -1 0 0 
vn -1 0 0 
vn -1 0 0 
vn -1 0 0 
vn -1 0 0 
vn -1 0 0 
vn -1 0 0 
vn -1 0 0 
vn -1 0 0 
vn -1 0 0 
vn -1 0 0 
vn -1 0 0 
vn -1 0 0 
vn -1 0 0 
vn -1 0 0 
vn -1 0 0 
vn -1 0 0 
vn -1 0 0 
vn -1 0 0 
vn -1 0 0 
vn -1 0 0 
vn -1 0 0 
vn -1 0 0 
vn -1 0 0 
vn -1 0 0 
vn -1 0 0 
vn -1 0 0 
vn -1 0 0 
vn -1 0 0 
vn -1 0 0 
vn -1 0 0 
vn -1 0 0 
vn -1 0 0 
vn -1 0 0 
vn -1 0 0 
vn -1 0 0 
vn -1 0 0 
vn -1 0 0 
vn -1 0 0 
vn -1 0 0 
vn -1 0 0 
vn -1 0 0 
vn -1 0 0 
vn -1 0 0 
vn -1 0 0 
vn -1 0 0 
vn -1 0 0 
vn -1 0 0 
vn -1 0 0 
vn -1 0 0 
vn -1 0 0 
vn -1 0 0 
vn -1 0 0 
vn -1 0 0 
vn -1 0 0 
vn -1 0 0 
vn -1 0 0 
vn -1 0 0 
vn -1 0 0 
vn -1 0 0 
vn -1 0 0 
vn -1 0 0 
vn -1 0 0 
vn -1 0 0 
vn -1 0 0 
vn -1 0 0 
vn -1 0 0 
vn -1 0 0 
vn -1 0 0 
vn -1 0 0 
vn -1 0 0 
vn -1 0 0 
vn -1 0 0 
vn -1 0 0 
vn -1 0 0 
vn -1 0 0 
vn -1 0 0 
vn -1 0 0 
vn -1 0 0 
vn -1 0 0 
vn -1 0 0 
vn -1 0 0 
vn -1 0 0 
vn -1 0 0 
vn -1 0 0 
vn -1 0 0 
vn -1 0 0 
vn -1 0 0 
vn -1 0 0 
vn -1 0 0 
vn -1 0 0 
vn -1 0 0 
vn -1 0 0 
vn -1 0 0 
vn -1 0 0 
vn -1 0 0 
vn -1 0 0 
vn -1 0 0 
vn -1 0 0 
vn -1 0 0 
vn -1 0 0 
vn -1 0 0 
vn -1 0 0 
vn -1 0 0 
vn -1 0 0 
vn -1 0 0 
vn -1 0 0 
vn -1 0 0 
vn -1 0 0 
vn -1 0 0 
vn -1 0 0 
vn -1 0 0 
vn -1 0 0 
vn -1 0 0 
vn -1 0 0 
vn -1 0 0 
vn -1 0 0 
vn -1 0 0 
vn -1 0 0 
vn -1 0 0 
vn -1 0 0 
vn -1 0 0 
vn -1 0 0 
vn -1 0 0 
vn -1 0 0 
vn -1 0 0 
vn -1 0 0 
vn -1 0 0 
vn -1 0 0 
vn -1 0 0 
vn -1 0 0 
vn -1 0 0 
vn -1 0 0 
vn -1 0 0 
vn -1 0 0 
vn -1 0 0 
vn -1 0 0 
vn -1 0 0 
vn -1 0 0 
vn -1 0 0 
vn -1 0 0 
vn -1 0 0 
vn -1 0 0 
vn -1 0 0 
vn 0 0 -1 
vn 0 0 -1 
vn 0 0 -1 
vn 0 0 -1 
vn 0 0 -1 
vn 0 0 -1 
vn 0 0 -1 
vn 0 0 -1 
vn -1 0 0 
vn -1 0 0 
vn -1 0 0 
vn -1 0 0 
vn 0 0 -1 
vn 0 0 -1 
vn 0 0 -1 
vn 0 0 -1 
vn 0 0 -1 
vn 0 0 -1 
vn 0 0 -1 
vn 0 0 -1 
vn 0 0 -1 
vn 0 0 -1 
vn -1 0 0 
vn -1 0 0 
vn -1 0 0 
vn -1 0 0 
vn 1 0 0 
vn 1 0 0 
vn 1 0 0 
vn 1 -0.015748 0 
vn 0 0 1 
vn 0 0 1 
vn 0 0 1 
vn 0 0 1 
vn 0 0 1 
vn 0 0 1 
vn 0 0 1 
vn 0 0 1 
vn 0 0 1 
vn 1 0 0 
vn 1 0 0 
vn -1 0 0 
vn -1 0 0 
vn -1 0 0 
vn -1 0 0 
vn -1 0 0 
vn -1 0 0 
vn -1 0 0 
vn -1 0 0 
vn -1 0 0 
vn -1 0 0 
vn -1 0 0 
vn -1 0 0 
vn 0 0.503937 -0.866142 
vn -1 0 0 
vn -1 0 0 
vn -1 0 0 
vn -1 0 0 
vn 0 0 1 
vn 0 0 1 
vn -1 0 0 
vn -1 0 0 
vn -1 0 0 
vn -1 0 0 
vn -1 0 0 
vn -1 0 0 
vn -1 0 0 
vn -1 0 0 
vn -1 0 0 
vn -1 0 0 
vn -1 0 0 
vn -1 0 0 
vn -1 0 0 
vn -1 0 0 
vn -1 0 0 
vn -1 0 0 
vn 0 -0.511811 -0.858268 
vn 0 0.866142 0.503937 
vn 1 0 0 
vn 1 0 0 
vn 1 0 0 
vn 1 0 0 
vn 1 0 0 
vn 1 0 0 
vn 1 0 0 
vn 1 0 0 
vn 1 0 0 
vn 1 0 0 
vn 1 0 0 
vn 1 0 0 
vn 0 0 1 
vn 0 0 1 
vn 0 0 1 
vn -1 0 0 
vn -1 0 0 
vn -1 0 0 
vn -1 0 0 
vn 1 0 0 
vn 1 0 0 
vn 1 0 0 
vn 1 0 0 
vn 1 0 0 
vn 1 0 0 
vn 1 0 0 
vn 1 0 0 
vn 1 0 0 
vn 0 0 1 
vn 0 0 1 
vn 0 0 1 
vn 0 1 0 
vn 0 1 0 
vn 0 1 0 
vn 0 1 0 
vn 0 1 0 
vn 0 0 1 
vn 0 0 1 
vn 0 0 1 
vn -1 0 0 
vn -1 0 0 
vn -1 0 0 
vn -1 0 0 
vn -1 0 0 
vn -1 0 0 
vn -1 0 0 
vn -1 0 0 
vn -1 0 0 
vn -1 0 0 
vn -1 0 0 
vn -1 0 0 
vn -1 0 0 
vn -1 0 0 
vn -1 0 0 
vn -1 0 0 
vn 0 0 1 
vn 0 0 1 
vn 0 0 1 
vn 0 1 0 
vn 0 0 1 
vn 0 0 1 
vn 0 0 1 
vn 0 0 1 
vn 0 0.708661 -0.708661 
vn 0 0.708661 -0.708661 
vn 0 0 1 
vn 0 0 1 
vn 0 0 1 
vn 0 1 0 
vn 0 0 1 
vn 0 0 1 
vn 0 0 1 
vn 0 0 1 
vn 0 1 0 
vn -1 0 0 
vn -1 0 0 
vn -1 0 0 
vn -1 0 0 
vn -1 0 0 
vn -1 0 0 
vn -1 0 0 
vn -1 0 0 
vn 1 0 0 
vn 1 0 0 
vn 0 0 1 
vn -1 0 0 
vn -1 0 0 
vn -1 0 0 
vn -1 0 0 
vn -1 0 0 
vn -1 0 0 
vn -1 0 0 
vn -1 0 0 
vn 0 1 0 
vn 0 0 -1 
vn 0 0 -1 
vn 0 0 -1 
vn -1 0 0 
vn -1 0 0 
vn -1 0 0 
vn -1 0 0 
vn -1 0 0 
vn -1 0 0 
vn -1 0 0 
vn -1 0 0 
vn -1 0 0 
vn -1 0 0 
vn -1 0 0 
vn -1 0 0 
vn 0 0 1 
vn 0 0 1 
vn 0 0 1 
vn 0 0 1 
vn 0 0 1 
vn 0 -1 0 
vn 0 -1 0 
vn 0 -1 0 
vn 0 -1 0 
vn 0 -1 0 
vn 0 -1 0 
vn 1 0 0 
vn 1 0 0 
vn -1 0 0 
vn -1 0 0 
vn -1 0 0 
vn -1 0 0 
vn 0 0 1 
vn 0 0 1 
vn 0.015748 1 0 
vn 0 0 1 
vn 0 0 1 
vn 0.015748 1 0 
vn 0 0 1 
vn 0 0 1 
vn 0 0 1 
vn 0 0 1 
vn 0 0 1 
vn 0 0 1 
vn 0 0 1 
vn 0 0 1 
vn 0 0 1 
vn 0 0 1 
vn 0 0 1 
vn 0 0 1 
vn 0 0 1 
vn 0 0 1 
vn 0 0 1 
vn 0 0 1 
vn 0 1 0 
vn 0 -0.503937 0.866142 
vn 0 0 1 
vn 0 0 1 
vn 0 1 0 
vn 0 1 0 
vn 0 1 0 
vn -1 0 0 
vn -1 0 0 
vn -1 0 0 
vn -1 0 0 
vn -1 0 0 
vn -1 0 0 
vn -1 0 0 
vn -1 0 0 
vn -1 0 0 
vn -1 0 0 
vn -1 0 0 
vn -1 0 0 
vn 0 0.511811 0.858268 
vn -1 0 0 
vn -1 0 0 
vn -1 0 0 
vn -1 0 0 
vn 1 0 0 
vn 1 0 0 
vn 0 -1 0 
vn 0 -1 0 
vn 0 -1 0 
vn 0 -1 0 
vn 0 -1 0 
vn 0 -1 0 
vn 0 -1 0 
vn 0 -1 0 
vn 0 -1 0 
vn 0 -1 0 
vn 0 -1 0 
vn 0 -1 0 
vn 0 -1 0 
vn 0 -1 0 
vn 0 -1 0 
vn 0 -1 0 
vn 0 -1 0 
vn 0 -1 0 
vn -1 0 0 
vn -1 0 0 
vn -1 0 0 
vn -1 0 0 
vn -1 0 0 
vn -1 0 0 
vn -1 0 0 
vn -1 0 0 
vn -1 0 0 
vn -1 0 0 
vn -1 0 0 
vn -1 0 0 
vn -1 0 0 
vn -1 0 0 
vn -1 0 0 
vn -1 0 0 
vn -1 0 0 
vn -1 0 0 
vn -1 0 0 
vn -1 0 0 
vn -1 0 0 
vn -1 0 0 
vn -1 0 0 
vn -1 0 0 
vn -1 0 0 
vn -1 0 0 
vn -1 0 0 
vn -1 0 0 
vn -1 0 0 
vn -1 0 0 
vn -1 0 0 
vn -1 0 0 
vn -1 0 0 
vn -1 0 0 
vn -1 0 0 
vn -1 0 0 
vn -1 0 0 
vn -1 0 0 
vn -1 0 0 
vn -1 0 0 
vn -1 0 0 
vn -1 0 0 
vn -1 0 0 
vn -1 0 0 
vn -1 0 0 
vn -1 0 0 
vn -1 0 0 
vn -1 0 0 
vn -1 0 0 
vn -1 0 0 
vn -1 0 0 
vn -1 0 0 
vn -1 0 0 
vn -1 0 0 
vn -1 0 0 
vn -1 0 0 
vn -1 0 0 
vn -1 0 0 
vn -1 0 0 
vn -1 0 0 
vn -1 0 0 
vn -1 0 0 
vn -1 0 0 
vn -1 0 0 
vn -1 0 0 
vn -1 0 0 
vn -1 0 0 
vn -1 0 0 
vn -1 0 0 
vn -1 0 0 
vn -1 0 0 
vn -1 0 0 
vn -1 0 0 
vn -1 0 0 
vn -1 0 0 
vn -1 0 0 
vn -1 0 0 
vn -1 0 0 
vn -1 0 0 
vn -1 0 0 
vn 0 1 0 
vn 0 1 0 
vn 0 1 0 
vn 0 0 -1 
vn -1 0 0 
vn -1 0 0 
vn -1 0 0 
vn -1 0 0 
vn -1 0 0 
vn -1 0 0 
vn -1 0 0 
vn -1 0 0 
vn -1 0 0 
vn -1 0 0 
vn -1 0 0 
vn -1 0 0 
vn -1 0 0 
vn -1 0 0 
vn -1 0 0 
vn -1 0 0 
vn -1 0 0 
vn -1 0 0 
vn -1 0 0 
vn -1 0 0 
vn -1 0 0 
vn -1 0 0 
vn -1 0 0 
vn -1 0 0 
vn -1 0 0 
vn -1 0 0 
vn -1 0 0 
vn -1 0 0 
vn -1 0 0 
vn -1 0 0 
vn -1 0 0 
vn -1 0 0 
vn -1 0 0 
vn -1 0 0 
vn -1 0 0 
vn -1 0 0 
vn 0.015748 1 0 
vn 0 1 0 
vn -1 0 0 
vn -1 0 0 
vn -1 0 0 
vn -1 0 0 
vn -1 0 0 
vn -1 0 0 
vn -1 0 0 
vn -1 0 0 
vn -1 0 0 
vn -1 0 0 
vn -1 0 0 
vn -1 0 0 
vn 0 1 0 
vn 0 1 0 
vn 0 -1 0 
vn 0 1 0 
vn 0 1 0 
vn 0 1 0 
vn 0 1 0 
vn -1 0 0 
vn -1 0 0 
vn -1 0 0 
vn -1 0 0 
vn -1 0 0 
vn -1 0 0 
vn -1 0 0 
vn -1 0 0 
vn -1 0 0 
vn -1 0 0 
vn -1 0 0 
vn -1 0 0 
vn -1 0 0 
vn -1 0 0 
vn -1 0 0 
vn -1 0 0 
vn -1 0 0 
vn -1 0 0 
vn -1 0 0 
vn -1 0 0 
vn -1 0 0 
vn -1 0 0 
vn -1 0 0 
vn -1 0 0 
vn -1 0 0 
vn -1 0 0 
vn -1 0 0 
vn -1 0 0 
vn 0 -1 0 
vn -0.015748 -1 0 
vn 0 -1 0 
vn 0 -1 0 
vn 0 0 1 
vn 0 0 1 
vn -1 0 0 
vn -1 0 0 
vn -1 0 0 
vn -1 0 0 
vn -1 0 0 
vn -1 0 0 
vn -1 0 0 
vn -1 0 0 
vn -1 0 0 
vn -1 0 0 
vn -1 0 0 
vn -1 0 0 
vn -1 0 0 
vn -1 0 0 
vn -1 0 0 
vn -1 0 0 
vn -1 0 0 
vn -1 0 0 
vn -1 0 0 
vn -1 0 0 
vn -1 0 0 
vn -1 0 0 
vn -1 0 0 
vn -1 0 0 
vn -1 0 0 
vn -1 0 0 
vn -1 0 0 
vn -1 0 0 
vn -1 0 0 
vn -1 0 0 
vn -1 0 0 
vn -1 0 0 
vn -1 0 0 
vn -1 0 0 
vn -1 0 0 
vn -1 0 0 
vn -1 0 0 
vn -1 0 0 
vn -1 0 0 
vn -1 0 0 
vn 0 -1 0 
vn -1 0 0 
vn -1 0 0 
vn -1 0 0 
vn -1 0 0 
vn -1 0 0 
vn -1 0 0 
vn -1 0 0 
vn -1 0 0 
vn -1 0 0 
vn -1 0 0 
vn -1 0 0 
vn -1 0 0 
vn -1 0 0 
vn -1 0 0 
vn -1 0 0 
vn -1 0 0 
vn -1 0 0 
vn -1 0 0 
vn -1 0 0 
vn -1 0 0 
vn -1 0 0 
vn -1 0 0 
vn -1 0 0 
vn -1 0 0 
vn -1 0 0 
vn -1 0 0 
vn -1 0 0 
vn -1 0 0 
vn -1 0 0 
vn -1 0 0 
vn -1 0 0 
vn -1 0 0 
vn -1 0 0 
vn -1 0 0 
vn -1 0 0 
vn -1 0 0 
vn -1 0 0 
vn -1 0 0 
vn -1 0 0 
vn -1 0 0 
vn -1 0 0 
vn -1 0 0 
vn -1 0 0 
vn -1 0 0 
vn -1 0 0 
vn -1 0 0 
vn -1 0 0 
vn -1 0 0 
vn -1 0 0 
vn -1 0 0 
vn -1 0 0 
vn -1 0 0 
vn -1 0 0 
vn -1 0 0 
vn -1 0 0 
vn -1 0 0 
vn -1 0 0 
vn -1 0 0 
vn -1 0 0 
vn -1 0 0 
vn -1 0 0 
vn -1 0 0 
vn -1 0 0 
vn -1 0 0 
vn -1 0 0 
vn -1 0 0 
vn -1 0 0 
vn -1 0 0 
vn -1 0 0 
vn -1 0 0 
vn -1 0 0 
vn -1 0 0 
vn -1 0 0 
vn -1 0 0 
vn -1 0 0 
vn -1 0 0 
vn -1 0 0 
vn -1 0 0 
vn -1 0 0 
vn -1 0 0 
vn -1 0 0 
vn -1 0 0 
vn -1 0 0 
vn -1 0 0 
vn -1 0 0 
vn -1 0 0 
vn -1 0 0 
vn -1 0 0 
vn -1 0 0 
vn -1 0 0 
vn -1 0 0 
vn -1 0 0 
vn -1 0 0 
vn -1 0 0 
vn -1 0 0 
vn -1 0 0 
vn -1 0 0 
vn -1 0 0 
vn -1 0 0 
vn -1 0 0 
vn -1 0 0 
vn -1 0 0 
vn -1 0 0 
vn -1 0 0 
vn -1 0 0 
vn -1 0 0 
vn -1 0 0 
vn -1 0 0 
vn -1 0 0 
vn -1 0 0 
vn -1 0 0 
vn -1 0 0 
vn -1 0 0 
vn -1 0 0 
vn -1 0 0 
vn -1 0 0 
vn -1 0 0 
vn -1 0 0 
vn -1 0 0 
vn -1 0 0 
vn -1 0 0 
vn -1 0 0 
vn -1 0 0 
vn -1 0 0 
vn -1 0 0 
vn -1 0 0 
vn -1 0 0 
vn -1 0 0 
vn -1 0 0 
vn -1 0 0 
vn -1 0 0 
vn -1 0 0 
vn -1 0 0 
vn -1 0 0 
vn -1 0 0 
vn -1 0 0 
vn -1 0 0 
vn -1 0 0 
vn -1 0 0 
vn -1 0 0 
vn -1 0.015748 0 
vn -1 0.015748 0 
vn -1 0.015748 0 
vn -1 0.015748 0 
vn -1 0.015748 0 
vn -1 0.015748 0 
vn -1 0.015748 0 
vn -1 0.015748 0 
vn -1 0.015748 0 
vn -1 0.015748 0 
vn -1 0.015748 0 
vn -1 0.015748 0 
vn -1 0.015748 0 
vn -1 0.015748 0 
vn -1 0.015748 0 
vn -1 0.015748 0 
vn -1 0 0 
vn -1 0 0 
vn -1 0 0 
vn -1 0 0 
vn -1 0 0 
vn -1 0 0 
vn -1 0 0 
vn -1 0 0 
vn -1 0 0 
vn -1 0 0 
vn -1 0 0 
vn -1 0 0 
vn -1 0 0 
vn -1 0 0 
vn -1 0 0 
vn -1 0 0 
vn -1 0 0 
vn -1 0 0 
vn -1 0 0 
vn -1 0 0 
vn -1 0 0 
vn -1 0 0 
vn -1 0 0 
vn -1 0 0 
vn -1 0 0 
vn -1 0 0 
vn -1 0 0 
vn -1 0 0 
vn -1 0 0 
vn -1 0 0 
vn -1 0 0 
vn -1 0 0 
vn -1 0 0 
vn -1 0 0 
vn -1 0 0 
vn -1 0 0 
vn -1 0 0 
vn -1 0 0 
vn -1 0 0 
vn -1 0 0 
vn 0 0 -1 
vn 0 0 -1 
vn 0 0 -1 
vn 0 0 -1 
vn 0 -0.708661 -0.708661 
vn 0 -0.708661 -0.708661 
vn 0 -0.708661 -0.708661 
vn 0 -0.708661 -0.708661 
vn 0 -0.708661 -0.708661 
vn 0 -0.708661 -0.708661 
vn 0 -0.708661 -0.708661 
vn 0 -0.708661 -0.708661 
vn 0 0 -1 
vn 0 0 -1 
vn -1 0 0 
vn -1 0 0 
vn -1 0 0 
vn -1 0 0 
vn -1 0 0 
vn -1 0 0 
vn 0 0 -1 
vn 0 0 -1 
vn -1 0 0 
vn -1 0 0 
vn -1 0 0 
vn 0 0.858268 -0.511811 
vn 0 0.858268 -0.511811 
vn 0 0.858268 -0.511811 
vn -1 0 0 
vn -1 0 0 
vn -1 0 0 
vn -1 0 0 
vn -1 0.015748 0 
vn -1 0.015748 0 
vn -1 0.015748 0 
vn -1 0.015748 0 
vn -1 0 0 
vn -1 0 0 
vn -1 0 0 
vn -1 0 0 
vn -1 0 0 
vn -1 0 0 
vn -1 0 0 
vn -1 0 0 
vn -1 0 0 
vn -1 0 0 
vn -1 0 0 
vn -1 0 0 
vn -1 0 0 
vn -1 0 0 
vn -1 0 0 
vn -1 0 0 
vn -1 0 0 
vn -1 0 0 
vn -1 0 0 
vn -1 0 0 
vn -1 0 0 
vn -1 0 0 
vn -1 0 0 
vn -1 0 0 
vn -1 0 0 
vn -1 0 0 
vn -1 0 0 
vn -1 0 0 
vn -1 0 0 
vn -1 0 0 
vn 0 0 -1 
vn 0 0 -1 
vn 0 0 -1 
vn -1 0 0 
vn -1 0 0 
vn -1 0 0 
vn -1 0 0 
vn -1 0 0 
vn -1 0 0 
vn -1 0 0 
vn -1 0 0 
vn -1 0 0 
vn -1 0 0 
vn -1 0 0 
vn -1 0 0 
vn -1 0 0 
vn -1 0 0 
vn -1 0 0 
vn -1 0 0 
vn -1 0 0 
vn -1 0 0 
vn -1 0 0 
vn -1 0 0 
vn -1 0 0 
vn -1 0 0 
vn -1 0 0 
vn -1 0 0 
vn -1 0 0 
vn -1 0 0 
vn -1 0 0 
vn -1 0 0 
vn -1 0 0 
vn -1 0 0 
vn -1 0 0 
vn -1 0 0 
vn -1 0 0 
vn -1 0 0 
vn -1 0 0 
vn -1 0 0 
vn -1 0 0 
vn -1 0 0 
vn -1 0 0 
vn -1 0 0 
vn -1 0 0 
vn -1 0 0 
vn -1 0 0 
vn -1 0 0 
vn -1 0 0 
vn -1 0 0 
vn -1 0 0 
vn -1 0 0 
vn -1 0 0 
vn -1 0 0 
vn -1 0 0 
vn -1 0 0 
vn -1 0 0 
vn -1 0 0 
vn -1 0 0 
vn -1 0 0 
vn -1 0 0 
vn -1 0 0 
vn -1 0 0 
vn -1 0 0 
vn -1 0 0 
vn -1 0 0 
vn -1 0 0 
vn -1 0 0 
vn -1 0 0 
vn -1 0 0 
vn 0 0 -1 
vn 0 0 -1 
vn 0 0 -1 
vn 0 0 -1 
vn 0 0 -1 
vn 0 0 -1 
vn 0 0 -1 
vn 0 0 -1 
vn 0 0 -1 
vn 0 0 -1 
vn 0 0 -1 
vn 0 0 -1 
vn 0 0 -1 
vn 0 0 -1 
vn 0 0 -1 
vn 0 0 -1 
vn 0 0 -1 
vn 0 0 -1 
vn 0 0 -1 
vn 0 0 -1 
vn 0 0 -1 
vn -1 0 0 
vn -1 0 0 
vn 0 0 -1 
vn 0 0 -1 
vn 0 0 -1 
vn 0 0 -1 
vn 0 0 -1 
vn 0 0 -1 
vn 0 0 -1 
vn 0 0 -1 
vn 0 0 -1 
vn 0 0 -1 
vn 0 0 -1 
vn 0 0 -1 
vn 0 0 -1 
vn 0 0 -1 
vn 0 0 -1 
vn 0 0 -1 
vn 0 0 -1 
vn 0 0 -1 
vn 0 0 -1 
vn 0 0 -1 
vn 0 0 -1 
vn 0 0 -1 
vn 0 0 -1 
vn 0 0 -1 
vn 0 0 -1 
vn 0 0 -1 
vn 0 0 -1 
vn 0 0 -1 
vn 0 0 -1 
vn 0 0 -1 
vn 0 0 -1 
vn 0 0 -1 
vn 0 0 -1 
vn 0 0 -1 
vn 0 0 -1 
vn 0 0 -1 
vn 0 0 -1 
vn 0 0 -1 
vn 0 0 -1 
vn 0 0 -1 
vn 0 0 -1 
vn 0 0 -1 
vn 0 0 -1 
vn 0 0 -1 
vn 0 0 -1 
vn 0 0 -1 
vn 0 0 -1 
vn 0 0 -1 
vn 0 0 -1 
vn 0 0 -1 
vn 0 0 -1 
vn 0 0 -1 
vn 0 0 -1 
vn 0 0 -1 
vn 0 0 -1 
vn 0 0 -1 
vn 0 0 -1 
vn 0 0 -1 
vn 0 0 -1 
vn 1 0 0 
vn 1 0 0 
vn 1 0 0 
vn 1 0 0 
vn 1 0 0 
vn 1 0 0 
vn 1 0 0 
vn 0 0 -1 
vn 1 0 0 
vn 0 0 -1 
vn -1 0 0 
vn 1 0 0 
vn 1 0 0 
vn 1 0 0 
vn 0 0 1 
vn 0 0 1 
vn 1 0 0 
vn 1 0 0 
vn 1 0 0 
vn 1 0 0 
vn 1 0 0 
vn 1 0 0 
vn 1 0 0 
vn 1 0 0 
vn 1 0 0 
vn 1 0 0 
vn 1 0 0 
vn 1 0 0 
vn 1 0 0 
vn 1 0 0 
vn 1 0 0 
vn 1 0 0 
vn 1 0 0 
vn 1 0 0 
vn 1 0 0 
vn 1 0 0 
vn 1 0 0 
vn 1 0 0 
vn 1 -0.015748 0 
vn 1 -0.015748 0 
vn 1 -0.015748 0 
vn 1 -0.015748 0 
vn 1 -0.015748 0 
vn 1 -0.015748 0 
vn 1 -0.015748 0 
vn 0 0 1 
vn 0 0 1 
vn 0 0 1 
vn 0 0 1 
vn 0 0 1 
vn 0 0 1 
vn 0 0 1 
vn 0 0 1 
vn 0 0 1 
vn 0 0 1 
vn 0 0 1 
vn 0 0 1 
vn 0 0 -1 
vn 0 0 1 
vn 0 0 1 
vn 0 0 1 
vn 0 0 1 
vn 0 0 1 
vn 0 0 1 
vn 0 0 1 
vn 0 0 1 
vn 0 0 1 
vn 0 0 1 
vn 0 0 1 
vn 0 0 1 
vn 1 0 0 
vn 1 0 0 
vn 1 0 0 
vn 1 0 0 
vn 1 0 0 
vn 1 0 0 
vn 1 0 0 
vn 1 0 0 
vn 1 0 0 
vn 1 0 0 
vn 1 0 0 
vn 1 0 0 
vn 1 0 0 
vn 1 0 0 
vn 1 0 0 
vn 1 0 0 
vn 1 0 0 
vn 1 0 0 
vn 1 0 0 
vn 1 0 0 
vn 1 0 0 
vn 1 0 0 
vn 1 0 0 
vn 1 0 0 
vn 1 0 0 
vn 1 0 0 
vn 1 0 0 
vn 1 0 0 
vn 1 0 0 
vn 1 0 0 
vn 1 0 0 
vn 1 0 0 
vn 1 0 0 
vn 1 0 0 
vn 1 0 0 
vn 1 0 0 
vn 1 0 0 
vn 1 0 0 
vn 1 0 0 
vn 1 0 0 
vn 1 0 0 
vn 1 0 0 
vn 1 0 0 
vn 1 0 0 
vn 1 0 0 
vn 1 0 0 
vn 1 0 0 
vn 1 0 0 
vn 1 0 0 
vn 1 0 0 
vn 1 0 0 
vn 1 0 0 
vn 1 0 0 
vn 1 0 0 
vn 1 0 0 
vn 1 0 0 
vn 1 0 0 
vn 1 0 0 
vn 1 0 0 
vn 0 0 1 
vn 0 0 1 
vn 0 0 1 
vn 0 0 1 
vn -1 0 0 
vn 0 0.503937 -0.866142 
vn 0 0.503937 -0.866142 
vn 0 0 1 
vn 0 0 1 
vn 0 0 1 
vn 0 0 1 
vn -1 0 0 
vn -1 0 0 
vn -1 0 0 
vn -1 0 0 
vn -1 0 0 
vn 0 -0.511811 -0.858268 
vn 0 -0.511811 -0.858268 
vn 1 0 0 
vn 1 0 0 
vn 1 0 0 
vn 1 0 0 
vn 1 0 0 
vn 1 0 0 
vn 1 0 0 
vn 1 0 0 
vn 1 0 0 
vn 1 0 0 
vn 1 0 0 
vn 1 0 0 
vn 1 0 0 
vn 0 0 1 
vn 0 0 1 
vn -1 0 0 
vn -1 0 0 
vn 1 0 0 
vn 1 0 0 
vn 1 0 0 
vn 1 0 0 
vn 1 0 0 
vn 1 0 0 
vn 1 0 0 
vn 1 0 0 
vn 1 0 0 
vn 1 0 0 
vn 1 0 0 
vn 1 0 0 
vn 1 0 0 
vn 1 0 0 
vn 1 0 0 
vn 1 0 0 
vn 1 0 0 
vn 1 0 0 
vn 0 0 1 
vn 0 0 1 
vn 1 0 0 
vn 0 0 1 
vn -1 0 0 
vn -1 0 0 
vn -1 0 0 
vn -1 0 0 
vn -1 0 0 
vn -1 0 0 
vn 0 0 1 
vn 0 0 1 
vn 0 0 1 
vn 0 0 1 
vn 0 0 1 
vn 0 0 1 
vn 0 0 1 
vn 0 0 1 
vn 0 0 1 
vn 1 0 0 
vn 0 0 1 
vn 0 0 1 
vn -1 0 0 
vn -1 0 0 
vn 1 0 0 
vn 1 0 0 
vn 1 0 0 
vn 0 0 -1 
vn 0 0 -1 
vn 0 0 -1 
vn 0 0 -1 
vn -1 0 0 
vn -1 0 0 
vn -1 0 0 
vn -1 0 0 
vn 0 0 1 
vn 0 0 1 
vn 0 0 1 
vn 0 1 0 
vn 0 1 0 
vn 0 -1 0 
vn 0 -1 0 
vn 0 -1 0 
vn 0 -1 0 
vn 0 -1 0 
vn 0 -1 0 
vn 0 -1 0 
vn 0 -1 0 
vn 0 -1 0 
vn 0 -1 0 
vn 0 -1 0 
vn 0 -1 0 
vn 0 -1 0 
vn 0 -1 0 
vn 0 -1 0 
vn 0 -1 0 
vn 0 -1 0 
vn 0 -1 0 
vn 0 -1 0 
vn 0 -1 0 
vn 0 -1 0 
vn 0 -1 0 
vn 0 -1 0 
vn 0 -1 0 
vn 1 0 0 
vn 1 0 0 
vn -1 0 0 
vn 0 0 1 
vn 0 0 1 
vn 0 0 1 
vn 0 0 1 
vn 0 0 1 
vn 0 0 1 
vn 0 0 1 
vn 0 0 1 
vn 0 0 1 
vn 0 0 1 
vn 0 0 1 
vn 0 0 1 
vn 0 0 1 
vn 0 0 1 
vn 0.015748 1 0 
vn 0 0 1 
vn 0 0 1 
vn 0 0 1 
vn 0 0 1 
vn 0 0 1 
vn 0 0 1 
vn 0 0 1 
vn 0 0 1 
vn 0 0 1 
vn 0 0 1 
vn 0 0 1 
vn 0 0 1 
vn 0 0 1 
vn 0 0 1 
vn 0 0 1 
vn 0 0 1 
vn 0 0 1 
vn 0 0 1 
vn 0 0 1 
vn 0 0 1 
vn 0 0 1 
vn 0 0 1 
vn 0 0 1 
vn 0 0 1 
vn 0 0 1 
vn 0 0 1 
vn 0 0 1 
vn 0 0 1 
vn 0 1 0 
vn 1 0 0 
vn 0 -1 0 
vn 0 -1 0 
vn 0 -1 0 
vn 0 -1 0 
vn 0 -0.503937 0.866142 
vn 0 -0.503937 0.866142 
vn 0 1 0 
vn 0 0 1 
vn 0 1 0 
vn 0 1 0 
vn 0 1 0 
vn 0 1 0 
vn 0 1 0 
vn 0 -1 0 
vn 0 -1 0 
vn 0 -1 0 
vn 0 -1 0 
vn -1 0 0 
vn -1 0 0 
vn 0 0.511811 0.858268 
vn 0 0.511811 0.858268 
vn 0 -1 0 
vn 0 -1 0 
vn 0 -1 0 
vn 0 -1 0 
vn 0 -1 0 
vn 0 -1 0 
vn 0 -1 0 
vn 0 -1 0 
vn 0 -1 0 
vn 0 -1 0 
vn 0 -1 0 
vn 0 -1 0 
vn 1 0 0 
vn 0 -1 0 
vn 0 -1 0 
vn 0 -1 0 
vn 0 -1 0 
vn 0 -1 0 
vn 0 -1 0 
vn 0 -1 0 
vn 0 -1 0 
vn 0 -1 0 
vn 0 -1 0 
vn 0 -1 0 
vn 0 -1 0 
vn 0 -1 0 
vn 0 -1 0 
vn 0 -1 0 
vn 0 -1 0 
vn 0 -1 0 
vn 0 -1 0 
vn 0 -1 0 
vn 0 -1 0 
vn 0 -1 0 
vn 0 -1 0 
vn 0 -1 0 
vn 0 -1 0 
vn 0 -1 0 
vn 0 -1 0 
vn 0 -1 0 
vn 0 -1 0 
vn 0 -1 0 
vn 0 -1 0 
vn 0 -1 0 
vn 0 -1 0 
vn 0 -1 0 
vn 0 -1 0 
vn 0 -1 0 
vn 0 -1 0 
vn 0 -1 0 
vn 0 -1 0 
vn 0 -1 0 
vn 0 -1 0 
vn 0 -1 0 
vn 0 -1 0 
vn 0 -1 0 
vn 0 -1 0 
vn 0 -1 0 
vn 0 -1 0 
vn 0 -1 0 
vn 0 -1 0 
vn 0 -1 0 
vn 0 -1 0 
vn 0 -1 0 
vn 0 -1 0 
vn 0 -1 0 
vn 0 -1 0 
vn 0 -1 0 
vn 0 -1 0 
vn 0 -1 0 
vn 0 -1 0 
vn 0 -1 0 
vn 0 -1 0 
vn 0 -1 0 
vn 0 -1 0 
vn 0 -1 0 
vn 0 -1 0 
vn 0 -1 0 
vn 0 -1 0 
vn 0 -1 0 
vn 0 -1 0 
vn 0 -1 0 
vn 0 -1 0 
vn 0 -1 0 
vn 0 -1 0 
vn 0 -1 0 
vn 0 -1 0 
vn 0 -1 0 
vn 0 -1 0 
vn 0 -1 0 
vn 0 -1 0 
vn 0 -1 0 
vn 0 -1 0 
vn 0 -1 0 
vn 0 -1 0 
vn 0 -1 0 
vn 0 -1 0 
vn 0 -1 0 
vn 0 -1 0 
vn 0 -1 0 
vn 0 -1 0 
vn 0 -1 0 
vn 0 -1 0 
vn 0 -1 0 
vn 0 -1 0 
vn 0 -1 0 
vn 0 -1 0 
vn 0 -1 0 
vn 0 -1 0 
vn 0 -1 0 
vn 0 -1 0 
vn 0 -1 0 
vn 0 -1 0 
vn 0 -1 0 
vn 0 -1 0 
vn 0 -1 0 
vn 0 -1 0 
vn 0 -1 0 
vn 0 -1 0 
vn 0 -1 0 
vn 0 -1 0 
vn 0 -1 0 
vn 0 -1 0 
vn 0 -1 0 
vn 0 -1 0 
vn 0 -1 0 
vn 0 -1 0 
vn 0 -1 0 
vn 0 -1 0 
vn 0 -1 0 
vn 0 -1 0 
vn 0 -1 0 
vn 0 -1 0 
vn 0 -1 0 
vn 0 -1 0 
vn 0 -1 0 
vn 0 -1 0 
vn 0 -1 0 
vn 0 -1 0 
vn 0 -1 0 
vn 0 -1 0 
vn 0 -1 0 
vn 0 -1 0 
vn 0 -1 0 
vn 0 -1 0 
vn 0 -1 0 
vn 0 -1 0 
vn 0 -1 0 
vn 0 -1 0 
vn 0 -1 0 
vn 0 -1 0 
vn 0 -1 0 
vn 0 -1 0 
vn 0 -1 0 
vn 0 -1 0 
vn 0 -1 0 
vn 0 -1 0 
vn 0 -1 0 
vn 0 -1 0 
vn 0 -1 0 
vn 0 -1 0 
vn 0 -1 0 
vn 0 -1 0 
vn 0 -1 0 
vn 0 -1 0 
vn 0 -1 0 
vn 0 -1 0 
vn 0 -1 0 
vn 0 -1 0 
vn 0 -1 0 
vn 0 -1 0 
vn 0 -1 0 
vn 0 -1 0 
vn 0 -1 0 
vn 0 -1 0 
vn 0 -1 0 
vn 0 -1 0 
vn 0 -1 0 
vn 0 -1 0 
vn 0 -1 0 
vn 0 -1 0 
vn 0 -1 0 
vn 0 -1 0 
vn 0 -1 0 
vn 0 -1 0 
vn 0 -1 0 
vn 0 -1 0 
vn 0 -1 0 
vn 0 -1 0 
vn 0 -1 0 
vn 0 -1 0 
vn 0 -1 0 
vn 0 -1 0 
vn 0 -1 0 
vn 0 -1 0 
vn 0 -1 0 
vn 0 -1 0 
vn 0 -1 0 
vn 0 -1 0 
vn 0 -1 0 
vn 0 -1 0 
vn 0 -1 0 
vn 0 -1 0 
vn 0 -1 0 
vn 0 -1 0 
vn 0 -1 0 
vn 0 -1 0 
vn 0 -1 0 
vn 0 -1 0 
vn 0 -1 0 
vn 0 -1 0 
vn 0 -1 0 
vn 0 -1 0 
vn 0 -1 0 
vn 0 -1 0 
vn 0 -1 0 
vn 0 -1 0 
vn 0 -1 0 
vn 0 -1 0 
vn 0 -1 0 
vn 0 -1 0 
vn 0 -1 0 
vn 0 -1 0 
vn 0 -1 0 
vn 0 -1 0 
vn 0 -1 0 
vn 0 -1 0 
vn 0 -1 0 
vn 0 -1 0 
vn 0 -1 0 
vn 0 -1 0 
vn 0 -1 0 
vn 0 -1 0 
vn 0 -1 0 
vn 0 -1 0 
vn 0 -1 0 
vn 0 -1 0 
vn 0 -1 0 
vn 0 -1 0 
vn 0 -1 0 
vn 0 -1 0 
vn 0 -1 0 
vn 0 -1 0 
vn 0 -1 0 
vn 0 -1 0 
vn 0 -1 0 
vn 0 -1 0 
vn 0 -1 0 
vn 0 -1 0 
vn 0 -1 0 
vn 0 -1 0 
vn 0 -1 0 
vn 0 -1 0 
vn 0 -1 0 
vn 0 -1 0 
vn 0 -1 0 
vn 0 -1 0 
vn 0 -1 0 
vn 0 -1 0 
vn 0 -1 0 
vn 0 -1 0 
vn 0 -1 0 
vn 0 -1 0 
vn 0 -1 0 
vn 0 -1 0 
vn 0 -1 0 
vn 0 -1 0 
vn 0 -1 0 
vn 0 -1 0 
vn 0 -1 0 
vn 0 -1 0 
vn 0 -1 0 
vn 0 -1 0 
vn 0 -1 0 
vn 0 -1 0 
vn 0 -1 0 
vn 0 -1 0 
vn 0 -1 0 
vn 0 -1 0 
vn 0 -1 0 
vn 0 -1 0 
vn 0 -1 0 
vn 0 -1 0 
vn 0 -1 0 
vn 0 -1 0 
vn 0 -1 0 
vn 0 -1 0 
vn 0 -1 0 
vn 0 -1 0 
vn 0 -1 0 
vn 0 -1 0 
vn 0 -1 0 
vn 0 -1 0 
vn 0 -1 0 
vn 0 -1 0 
vn 0 -1 0 
vn 0 -1 0 
vn 0 -1 0 
vn 0 -1 0 
vn 0 -1 0 
vn 0 -1 0 
vn 0 -1 0 
vn 0 -1 0 
vn 0 -1 0 
vn 0 -1 0 
vn 0 -1 0 
vn 0 -1 0 
vn 0 -1 0 
vn 0 -1 0 
vn 0 -1 0 
vn 0 -1 0 
vn 0 -1 0 
vn 0 -1 0 
vn 0 -1 0 
vn 0 -1 0 
vn 0 -1 0 
vn 0 -1 0 
vn 0 -1 0 
vn 0 -1 0 
vn 0 -1 0 
vn 0 -1 0 
vn 0 -1 0 
vn 0 -1 0 
vn 0 -1 0 
vn 0 -1 0 
vn 0 -1 0 
vn 0 -1 0 
vn 0 -1 0 
vn 0 -1 0 
vn 0 -1 0 
vn 0 -1 0 
vn 0 -1 0 
vn 0 -1 0 
vn 0 -1 0 
vn 0 -1 0 
vn 0 -1 0 
vn 0 -1 0 
vn 0 -1 0 
vn 0 -1 0 
vn 0 -1 0 
vn 0 -1 0 
vn 0 -1 0 
vn 0 -1 0 
vn 0 -1 0 
vn 0 -1 0 
vn 0 -1 0 
vn 0 -1 0 
vn 0 -1 0 
vn 0 -1 0 
vn 0 -1 0 
vn 0 -1 0 
vn 0 -1 0 
vn 0 -1 0 
vn 0 -1 0 
vn 0 -1 0 
vn 0 -1 0 
vn 0 -1 0 
vn 0 -1 0 
vn 0 -1 0 
vn 0 -1 0 
vn 0 -1 0 
vn 0 -1 0 
vn 0 -1 0 
vn 0 -1 0 
vn 0 -1 0 
vn 0 -1 0 
vn 0 -1 0 
vn 0 -1 0 
vn 0 -1 0 
vn 0 -1 0 
vn 0 -1 0 
vn 0 -1 0 
vn 0 -1 0 
vn 0 -1 0 
vn 0 -1 0 
vn 0 -1 0 
vn 0 -1 0 
vn 0 -1 0 
vn 0 -1 0 
vn 0 -1 0 
vn 0 -1 0 
vn 0 -1 0 
vn 0 -1 0 
vn 0 -1 0 
vn 0 -1 0 
vn 0 -1 0 
vn 0 -1 0 
vn 0 -1 0 
vn 0 -1 0 
vn 0 -1 0 
vn 0 -1 0 
vn 0 -1 0 
vn 0 -1 0 
vn 0 -1 0 
vn 0 -1 0 
vn 0 -1 0 
vn 0 -1 0 
vn 0 -1 0 
vn 0 -1 0 
vn 0 -1 0 
vn 0 -1 0 
vn 0 -1 0 
vn 0 -1 0 
vn 0 -1 0 
vn 0 -1 0 
vn 0 -1 0 
vn 0 -1 0 
vn 0 -1 0 
vn 0 -1 0 
vn 0 -1 0 
vn 0 -1 0 
vn 0 -1 0 
vn 0 -1 0 
vn 0 -1 0 
vn 0 -1 0 
vn 0 -1 0 
vn 0 -1 0 
vn 0 -1 0 
vn 0 -1 0 
vn 0 -1 0 
vn 0 -1 0 
vn 0 -1 0 
vn 0 -1 0 
vn 0 -1 0 
vn 0 -1 0 
vn 0 -1 0 
vn 0 -1 0 
vn 0 -1 0 
vn 0 -1 0 
vn 0 -1 0 
vn 0 -1 0 
vn 0 -1 0 
vn 0 -1 0 
vn 0 -1 0 
vn 0 -1 0 
vn 0 -1 0 
vn 0 -1 0 
vn 0 -1 0 
vn 0 -1 0 
vn 0 -1 0 
vn 0 -1 0 
vn 0 -1 0 
vn 0 -1 0 
vn 0 -1 0 
vn 0 -1 0 
vn 0 -1 0 
vn 0 -1 0 
vn 0 -1 0 
vn 0 -1 0 
vn 0 -1 0 
vn 0 -1 0 
vn 0 -1 0 
vn 0 -1 0 
vn 0 -1 0 
vn 0 -1 0 
vn 0 -1 0 
vn 0 -1 0 
vn 0 -1 0 
vn 0 -1 0 
vn 0 -1 0 
vn 0 -1 0 
vn 0 -1 0 
vn 0 -1 0 
vn 0 -1 0 
vn 0 -1 0 
vn 0 -1 0 
vn 0 -1 0 
vn 0 -1 0 
vn 0 -1 0 
vn 0 -1 0 
vn 0 -1 0 
vn 0 -1 0 
vn 0 -1 0 
vn 0 -1 0 
vn 0 -1 0 
vn 0 -1 0 
vn 0 -1 0 
vn 1 0 0 
vn 1 0 0 
vn 1 0 0 
vn 1 0 0 
vn -1 0 0 
vn -1 0 0 
vn -1 0 0 
vn -1 0 0 
vn -1 0 0 
vn -1 0 0 
vn -1 0 0 
vn -1 0 0 
vn -1 0 0 
vn -1 0 0 
vn -1 0 0 
vn -1 0 0 
vn 0 1 0 
vn 0 0 -1 
vn 0 1 0 
vn 0 0 -1 
vn 0.015748 1 0 
vn 0 1 0 
vn 0.015748 1 0 
vn 0 -1 0 
vn 0 -1 0 
vn 0 -1 0 
vn 0 -1 0 
vn 0 -1 0 
vn 0 -1 0 
vn 0 -1 0 
vn 0 -1 0 
vn 0 -1 0 
vn 0 -1 0 
vn 0 -1 0 
vn 0 -1 0 
vn 0 -1 0 
vn 0 -1 0 
vn 0 -1 0 
vn 0 -1 0 
vn 0 -1 0 
vn 0 -1 0 
vn 0 -1 0 
vn 0 -1 0 
vn 0 -1 0 
vn 0 -1 0 
vn 0 -1 0 
vn 0 -1 0 
vn 0 1 0 
vn 0 1 0 
vn 0 -1 0 
vn 0 -1 0 
vn 0 -1 0 
vn 0 -1 0 
vn 0 -1 0 
vn 0 -1 0 
vn 0 -1 0 
vn 0 -1 0 
vn 0 -1 0 
vn 0 -1 0 
vn 0 -1 0 
vn 0 -1 0 
vn -1 0 0 
vn -0.015748 -1 0 
vn -0.015748 -1 0 
vn -0.015748 -1 0 
vn -0.015748 -1 0 
vn -0.015748 -1 0 
vn -0.015748 -1 0 
vn -0.015748 -1 0 
vn -0.015748 -1 0 
vn -0.015748 -1 0 
vn -0.015748 -1 0 
vn -0.015748 -1 0 
vn -0.015748 -1 0 
vn 0 -1 0 
vn 0 -1 0 
vn 0 -1 0 
vn 0 -1 0 
vn 0 -1 0 
vn 0 -1 0 
vn 0 -1 0 
vn 0 -1 0 
vn 0 -1 0 
vn 0 -1 0 
vn 0 -1 0 
vn 0 -1 0 
vn 0 -1 0 
vn 0 -1 0 
vn 0 -1 0 
vn 0 -1 0 
vn 0 -1 0 
vn 0 -1 0 
vn 0 -1 0 
vn 0 -1 0 
vn 0 -1 0 
vn 0 -1 0 
vn 0 -1 0 
vn 0 -1 0 
vn 0 -1 0 
vn 0 -1 0 
vn 0 -1 0 
vn 0 -1 0 
vn -0.015748 -1 0 
vn -0.015748 -1 0 
vn -0.015748 -1 0 
vn -0.015748 -1 0 
vn -0.015748 -1 0 
vn -0.015748 -1 0 
vn -0.015748 -1 0 
vn -0.015748 -1 0 
vn -0.015748 -1 0 
vn -0.015748 -1 0 
vn -0.015748 -1 0 
vn -0.015748 -1 0 
vn 1 0 0 
vn 0 -1 0 
vn 0 -1 0 
vn 0 -1 0 
vn 0 -1 0 
vn 0 -1 0 
vn 0 -1 0 
vn 0 -1 0 
vn 0 -1 0 
vn 0 -1 0 
vn 0 -1 0 
vn 0 -1 0 
vn 0 -1 0 
vn 0 -1 0 
vn 0 -1 0 
vn 0 -1 0 
vn 0 -1 0 
vn 0 -1 0 
vn 0 -1 0 
vn 0 -1 0 
vn 0 -1 0 
vn 0 -1 0 
vn 0 -1 0 
vn 0 -1 0 
vn 0 -1 0 
vn 0 -1 0 
vn 0 -1 0 
vn 0 -1 0 
vn 0 -1 0 
vn 0 -1 0 
vn 0 -1 0 
vn 0 -1 0 
vn 0 -1 0 
vn 0 -1 0 
vn 0 -1 0 
vn 0 -1 0 
vn 0 -1 0 
vn 0 -1 0 
vn 0 -1 0 
vn 0 -1 0 
vn 0 -1 0 
vn 0 0 1 
vn 0 0 1 
vn -1 0 0 
vn 0 1 0 
vn 1 0 0 
vn 0 1 0 
vn 0 -1 0 
vn 0 -1 0 
vn 0 -1 0 
vn 0 -1 0 
vn 0 -1 0 
vn 0 -1 0 
vn 0 -1 0 
vn 0 -1 0 
vn 0 -1 0 
vn 0 -1 0 
vn 0 -1 0 
vn 0 -1 0 
vn 0 -1 0 
vn 0 -1 0 
vn 0 -1 0 
vn 0 -1 0 
vn 0 -1 0 
vn 0 -1 0 
vn 0 -1 0 
vn 0 -1 0 
vn 0 -1 0 
vn 0 -1 0 
vn 0 -1 0 
vn 0 -1 0 
vn 0 -1 0 
vn 0 -1 0 
vn 0 -1 0 
vn 0 -1 0 
vn 0 -1 0 
vn 0 -1 0 
vn 0 -1 0 
vn 0 -1 0 
vn 0 -1 0 
vn 0 -1 0 
vn 0 -1 0 
vn 0 -1 0 
vn 0 -1 0 
vn 0 -1 0 
vn 0 -1 0 
vn 0 -1 0 
vn 0 -1 0 
vn 0 -1 0 
vn 0 -1 0 
vn 0 -1 0 
vn 0 -1 0 
vn 0 -1 0 
vn 0 -1 0 
vn 0 -1 0 
vn -0.015748 -1 0 
vn -0.015748 -1 0 
vn -0.015748 -1 0 
vn -0.015748 -1 0 
vn 0 1 0 
vn 0 -1 0 
vn 0 -1 0 
vn 0 -1 0 
vn 0 -1 0 
vn 0 -1 0 
vn 0 -1 0 
vn 0 -1 0 
vn 0 -1 0 
vn -0.015748 -1 0 
vn -0.015748 -1 0 
vn -0.015748 -1 0 
vn -0.015748 -1 0 
vn 0 -1 0 
vn 0 -1 0 
vn 0 -1 0 
vn 0 -1 0 
vn 0 -1 0 
vn 0 -1 0 
vn 0 -1 0 
vn 0 -1 0 
vn 0 -1 0 
vn 0 -1 0 
vn 0 -1 0 
vn 0 -1 0 
vn 0 -1 0 
vn 0 -1 0 
vn 0 -1 0 
vn 0 -1 0 
vn 0 -1 0 
vn 0 -1 0 
vn 0 -1 0 
vn 0 -1 0 
vn 0 -1 0 
vn 0 -1 0 
vn 0 -1 0 
vn 0 -1 0 
vn 0 -0.708661 0.708661 
vn 0 -0.708661 0.708661 
vn 0 -0.708661 0.708661 
vn 0 -0.708661 0.708661 
vn 0 -0.708661 0.708661 
vn 0 -0.708661 0.708661 
vn 0 -0.708661 0.708661 
vn 0 -0.708661 0.708661 
vn 0 -1 0 
vn 0 -1 0 
vn 0 -1 0 
vn 0 -1 0 
vn 0 -1 0 
vn 0 -1 0 
vn 0 -1 0 
vn 0 -1 0 
vn 0 -1 0 
vn 0 -1 0 
vn 0 -1 0 
vn 0 -1 0 
vn 0 -1 0 
vn 0 -1 0 
vn 0 -1 0 
vn 0 -1 0 
vn 0 -1 0 
vn 0 -1 0 
vn 0 -1 0 
vn 0 -1 0 
vn 0 -0.866142 -0.503937 
vn 0 -0.866142 -0.503937 
vn 0 -0.866142 -0.503937 
vn 0 -0.866142 -0.503937 
vn 0 -0.866142 -0.503937 
vn 0 -0.866142 -0.503937 
vn 0 -0.866142 -0.503937 
vn 0 -0.866142 -0.503937 
vn 0 -0.866142 -0.503937 
vn 0 -0.866142 -0.503937 
vn 0 -0.866142 -0.503937 
vn 0 -0.866142 -0.503937 
vn 0 -0.858268 0.511811 
vn 0 -0.858268 0.511811 
vn 0 -0.858268 0.511811 
vn 0 -0.858268 0.511811 
vn 0 -0.858268 0.511811 
vn 0 -0.858268 0.511811 
vn 0 -0.858268 0.511811 
vn 0 -0.858268 0.511811 
vn 0 -0.858268 0.511811 
vn 0 -0.858268 0.511811 
vn 0 -0.858268 0.511811 
vn 0 -0.858268 0.511811 
vn 0 0 -1 
vn 0 0 -1 
vn 0 0 -1 
vn 0 0 -1 
vn 0 0 -1 
vn 0 0 -1 
vn 0 0 -1 
vn 0 0 -1 
vn -1 0 0 
vn -1 0 0 
vn -1 0 0 
vn -1 0 0 
vn 0 0 -1 
vn 0 0 -1 
vn 0 0 -1 
vn 0 0 -1 
vn -1 0 0 
vn -1 0 0 
vn -1 0 0 
vn 0 0.858268 -0.511811 
vn 0 0.858268 -0.511811 
vn 0 0.858268 -0.511811 
vn 0 0.858268 -0.511811 
vn -1 0 0 
vn -1 0 0 
vn -1 0 0 
vn -1 0 0 
vn -1 0.015748 0 
vn -1 0.015748 0 
vn -1 0.015748 0 
vn -1 0.015748 0 
vn -1 0 0 
vn -1 0 0 
vn -1 0 0 
vn -1 0 0 
vn -1 0 0 
vn -1 0 0 
vn -1 0 0 
vn -1 0 0 
vn -1 0 0 
vn -1 0 0 
vn -1 0 0 
vn -1 0 0 
vn -1 0 0 
vn -1 0 0 
vn -1 0 0 
vn -1 0 0 
vn -1 0 0 
vn -1 0 0 
vn -1 0 0 
vn -1 0 0 
vn 0 0 -1 
vn 0 0 -1 
vn 0 0 -1 
vn 0 0 -1 
vn -1 0 0 
vn -1 0 0 
vn -1 0 0 
vn 0 0 -1 
vn 0 0 -1 
vn 0 0 -1 
vn 0 0 -1 
vn 0 0 -1 
vn 0 0 -1 
vn 0 0 -1 
vn 0 0 -1 
vn 0 0 -1 
vn 0 0 -1 
vn 0 0 -1 
vn 0 0 -1 
vn 0 0 -1 
vn 0 0 -1 
vn 0 0 -1 
vn 0 0 -1 
vn 0 0 -1 
vn 0 0 -1 
vn 0 0 -1 
vn 0 0 -1 
vn 0 0 -1 
vn 0 0 -1 
vn 0 0 -1 
vn 0 0 -1 
vn 0 0 -1 
vn 0 0 -1 
vn 0 0 -1 
vn 0 0 -1 
vn 0 0 -1 
vn 0 0 -1 
vn 0 0 -1 
vn 0 0 -1 
vn 0 0 -1 
vn 0 0 -1 
vn 0 0 -1 
vn 0 0 -1 
vn 0 0 -1 
vn 0 0 -1 
vn 0 0 -1 
vn 0 0 -1 
vn 0 0 -1 
vn 0 0 -1 
vn 0 0 -1 
vn 0 0 -1 
vn 0 0 -1 
vn 0 0 -1 
vn 0 0 -1 
vn 0 0 -1 
vn 0 0 -1 
vn 0 0 -1 
vn 0 0 -1 
vn 0 0 -1 
vn 0 0 -1 
vn 0 0 -1 
vn 0 0 -1 
vn 0 0 -1 
vn 0 0 -1 
vn 0 0 -1 
vn 0 0 -1 
vn 0 0 -1 
vn 0 0 -1 
vn 0 0 -1 
vn 0 0 -1 
vn 0 0 -1 
vn 0 0 -1 
vn 0 0 -1 
vn 0 0 -1 
vn 0 0 -1 
vn 0 0 -1 
vn 0 0 -1 
vn 0 0 -1 
vn 0 0 -1 
vn 0 0 -1 
vn 0 0 -1 
vn 0 0 -1 
vn 0 0 -1 
vn 0 0 -1 
vn 0 0 -1 
vn 0 0 -1 
vn 0 0 -1 
vn 0 0 -1 
vn 0 0 -1 
vn 0 0 -1 
vn 0 0 -1 
vn 0 0 -1 
vn 0 0 -1 
vn 0 0 -1 
vn 0 0 -1 
vn 0 0 -1 
vn 0 0 -1 
vn 0 0 -1 
vn 0 0 -1 
vn 0 0 -1 
vn 0 0 -1 
vn 0 0 -1 
vn 0 0 -1 
vn 0 0 -1 
vn 0 0 -1 
vn 0 0 -1 
vn 0 0 -1 
vn 0 0 -1 
vn 0 0 -1 
vn 0 0 -1 
vn 0 0 -1 
vn 0 0 -1 
vn 0 0 -1 
vn 0 0 -1 
vn 0 0 -1 
vn 0 0 -1 
vn 0 0 -1 
vn 0 0 -1 
vn 0 0 -1 
vn 0 0 -1 
vn 0 0 -1 
vn 0 0 -1 
vn 0 0 -1 
vn 0 0 -1 
vn 0 0 -1 
vn 0 0 -1 
vn 0 0 -1 
vn 0 0 -1 
vn 0 0 -1 
vn 0 0 -1 
vn 0 0 -1 
vn 0 0 -1 
vn 0 0 -1 
vn 0 0 -1 
vn 0 0 -1 
vn 0 0 -1 
vn 0 0 -1 
vn 0 0 -1 
vn 0 0 -1 
vn 0 0 -1 
vn 0 0 -1 
vn 0 0 -1 
vn 0 0 -1 
vn 0 0 -1 
vn 0 0 -1 
vn 0 0 -1 
vn 0 0 -1 
vn 0 0 -1 
vn 0 0 -1 
vn 0 0 -1 
vn 0 0 -1 
vn 0 0 -1 
vn 0 0 -1 
vn 0 0 -1 
vn 0 0 -1 
vn 0 0 -1 
vn 0 0 -1 
vn 0 0 -1 
vn 0 0 -1 
vn 0 0 -1 
vn 0 0 -1 
vn 0 0 -1 
vn 0 0 -1 
vn 0 0 -1 
vn 0 0 -1 
vn 0 0 -1 
vn 0 0 -1 
vn 0 0 -1 
vn 0 0 -1 
vn 0 0 -1 
vn 0 0 -1 
vn 0 0 -1 
vn 0 0 -1 
vn 0 0 -1 
vn 0 0 -1 
vn 0 0 -1 
vn 0 0 -1 
vn 0 0 -1 
vn 0 0 -1 
vn 0 0 -1 
vn 0 0 -1 
vn 0 0 -1 
vn 0 0 -1 
vn 0 0 -1 
vn 0 0 -1 
vn 0 0 -1 
vn 0 0 -1 
vn 0 0 -1 
vn 0 0 -1 
vn 0 0 -1 
vn 0 0 -1 
vn 0 0 -1 
vn 0 0 -1 
vn 0 0 -1 
vn 0 0 -1 
vn 0 0 -1 
vn 0 0 -1 
vn 0 0 -1 
vn 0 0 -1 
vn 0 0 -1 
vn 0 0 -1 
vn 0 0 -1 
vn 0 0 -1 
vn 0 0 -1 
vn 0 0 -1 
vn 0 0 -1 
vn 0 0 -1 
vn 1 0 0 
vn 1 0 0 
vn 1 0 0 
vn 1 0 0 
vn 1 0 0 
vn 1 0 0 
vn 0 0 -1 
vn 0 0 -1 
vn 0 0 -1 
vn 0 0 -1 
vn 0 0 -1 
vn 0 0 -1 
vn 0 0 -1 
vn 0 0 -1 
vn 1 0 0 
vn 1 0 0 
vn 1 0 0 
vn 1 0 0 
vn 1 0 0 
vn 1 0 0 
vn 1 0 0 
vn 1 0 0 
vn 1 0 0 
vn 1 0 0 
vn 1 0 0 
vn 1 0 0 
vn 1 0 0 
vn 1 0 0 
vn 1 0 0 
vn 1 0 0 
vn 1 0 0 
vn 1 -0.015748 0 
vn 1 -0.015748 0 
vn 1 -0.015748 0 
vn 1 -0.015748 0 
vn 1 -0.015748 0 
vn 1 -0.015748 0 
vn 0 0 1 
vn 0 0 1 
vn 0 0 1 
vn 0 0 1 
vn 0 0 1 
vn 0 0 1 
vn 0 0 1 
vn 0 0 1 
vn 0 0 1 
vn 0 0 1 
vn 0 0 1 
vn 0 0 1 
vn 0 0 1 
vn 0 0 1 
vn 0 0 1 
vn 0 0 1 
vn 0 0 1 
vn 0 0 1 
vn 0 0 1 
vn 0 0 1 
vn 0 0 1 
vn 0 0 1 
vn 0 0 1 
vn 0 0 1 
vn 0 0 1 
vn 0 0 -1 
vn 0 0 -1 
vn 0 0 -1 
vn 0 0 -1 
vn 0 0 1 
vn 0 0 1 
vn 0 0 1 
vn 0 0 1 
vn 0 0 1 
vn 0 0 1 
vn 0 0 1 
vn 0 0 1 
vn 0 0 1 
vn 0 0 1 
vn 0 0 1 
vn 0 0 1 
vn 0 0 1 
vn 1 0 0 
vn 1 0 0 
vn 0 0 1 
vn 0 0 1 
vn 0 0 1 
vn -1 0 0 
vn -1 0 0 
vn 0 0.503937 -0.866142 
vn 0 0.503937 -0.866142 
vn 0 0.503937 -0.866142 
vn 0 0.503937 -0.866142 
vn 0 0.503937 -0.866142 
vn 0 0.503937 -0.866142 
vn 0 0.503937 -0.866142 
vn 0 0.503937 -0.866142 
vn 0 0 -1 
vn 0 0 -1 
vn 0 0 -1 
vn 0 0 -1 
vn 0 0 1 
vn -1 0 0 
vn 0 -0.511811 -0.858268 
vn 0 -0.511811 -0.858268 
vn 0 -0.511811 -0.858268 
vn 0 -0.511811 -0.858268 
vn 0 -0.511811 -0.858268 
vn 0 -0.511811 -0.858268 
vn 0 -0.511811 -0.858268 
vn 0 -0.511811 -0.858268 
vn 0 -0.511811 -0.858268 
vn 0 -0.511811 -0.858268 
vn 0 -0.511811 -0.858268 
vn 0 -0.511811 -0.858268 
vn 0 0 -1 
vn 0 0 -1 
vn 0 0 -1 
vn 0 0 -1 
vn 1 0 0 
vn 1 0 0 
vn 1 0 0 
vn 1 0 0 
vn 1 0 0 
vn 1 0 0 
vn 1 0 0 
vn 0 0 1 
vn 0 0 1 
vn 1 0 0 
vn 1 0 0 
vn 1 0 0 
vn 1 0 0 
vn 1 0 0 
vn 1 0 0 
vn 1 0 0 
vn 1 0 0 
vn 1 0 0 
vn 1 0 0 
vn 1 0 0 
vn 1 0 0 
vn 1 0 0 
vn 0 0 -1 
vn 0 0 -1 
vn 0 0 -1 
vn 0 0 -1 
vn 1 0 0 
vn 0 0 -1 
vn 0 0 -1 
vn 0 0 -1 
vn 0 0 -1 
vn 0 1 0 
vn 0 1 0 
vn 1 0 0 
vn 0 0 -1 
vn 0 0 -1 
vn 0 0 -1 
vn 0 0 -1 
vn -1 0 0 
vn -1 0 0 
vn -1 0 0 
vn -1 0 0 
vn 0 0 -1 
vn 0 0 -1 
vn 0 0 -1 
vn 0 0 -1 
vn 0 0 1 
vn 0 0 -1 
vn 0 0 -1 
vn 0 0 -1 
vn 0 0 -1 
vn 0 0 1 
vn 0 0 1 
vn 0 0 -1 
vn 0 0 -1 
vn 0 0 -1 
vn 0 0 -1 
vn 1 0 0 
vn 1 0 0 
vn 0 1 0 
vn 0 1 0 
vn 0 1 0 
vn 0 0 -1 
vn 0 0 -1 
vn 0 0 -1 
vn 0 0 -1 
vn 1 0 0 
vn 1 0 0 
vn 1 0 0 
vn 1 0 0 
vn 0 0 -1 
vn 0 0 -1 
vn 0 0 -1 
vn 0 0 -1 
vn 0 0 -1 
vn 0 0 -1 
vn 0 0 -1 
vn 0 0 -1 
vn 0 0 -1 
vn 0 0 -1 
vn 0 0 -1 
vn 0 0 -1 
vn 0 0 -1 
vn 0 0 -1 
vn 0 0 -1 
vn 0 0 -1 
vn 0 0 -1 
vn 0 0 -1 
vn 0 0 -1 
vn 0 0 -1 
vn 0 0 -1 
vn 0 0 -1 
vn 0 0 -1 
vn 0 0 -1 
vn 0 0 -1 
vn 0 0 -1 
vn 0 0 -1 
vn 0 0 -1 
vn 0 0 -1 
vn 0 0 -1 
vn -1 0 0 
vn -1 0 0 
vn 1 0 0 
vn 0 0 -1 
vn 0 0 -1 
vn 0 0 -1 
vn 0 0 -1 
vn 0 0 -1 
vn 0 0 -1 
vn 0 0 -1 
vn 0 0 -1 
vn 0 -1 0 
vn 0 -1 0 
vn 0 -1 0 
vn 0 -1 0 
vn 0 -1 0 
vn 1 0 0 
vn 1 0 0 
vn 0 0 1 
vn 0.015748 1 0 
vn 0.015748 1 0 
vn 0 0 1 
vn 0 0 1 
vn 0 0 1 
vn 0 0 -1 
vn 0 0 -1 
vn 0 0 -1 
vn 0 0 -1 
vn 0 1 0 
vn 0 1 0 
vn 0 1 0 
vn 1 0 0 
vn 0.015748 1 0 
vn 0 -0.503937 0.866142 
vn 0 0 -1 
vn 0 0 -1 
vn 0 0 -1 
vn 0 0 -1 
vn 0 1 0 
vn 0 1 0 
vn 1 0 0 
vn 1 0 0 
vn 0 1 0 
vn 0 1 0 
vn 0 0 -1 
vn 0 0 -1 
vn 0 0 -1 
vn 0 0 -1 
vn 0 0 -1 
vn 0 0 -1 
vn 0 0 -1 
vn 0 0 -1 
vn -1 0 0 
vn 0 0 -1 
vn 0 0 -1 
vn 0 0 -1 
vn 0 0 -1 
vn 1 0 0 
vn 0 0 -1 
vn 0 0 -1 
vn 0 0 -1 
vn 0 0 -1 
vn 0 0 -1 
vn 0 0 -1 
vn 0 0 -1 
vn 0 0 -1 
vn 1 0 0 
vn 1 0 0 
vn 0 -1 0 
vn 0 -1 0 
vn 0 -1 0 
vn 0 -1 0 
vn 0 -1 0 
vn 0 -1 0 
vn 0 -1 0 
vn 0 -1 0 
vn 0 -1 0 
vn 0 -1 0 
vn 0 -1 0 
vn 0 -1 0 
vn 0 -1 0 
vn 0 -1 0 
vn 0 -1 0 
vn 0 -1 0 
vn 0 -1 0 
vn 0 -1 0 
vn 0 -1 0 
vn 0 0 -1 
vn 0 0 -1 
vn 0 0 -1 
vn 0 0 -1 
vn 1 0 0 
vn 1 0 0 
vn 0 0 -1 
vn 0 0 -1 
vn 0 0 -1 
vn 0 0 -1 
vn 1 0 0 
vn 0 0 -1 
vn 0 0 -1 
vn 0 0 -1 
vn 0 0 -1 
vn -1 0 0 
vn -1 0 0 
vn -1 0 0 
vn -1 0 0 
vn -1 0 0 
vn -1 0 0 
vn -1 0 0 
vn -1 0 0 
vn -1 0 0 
vn -1 0 0 
vn -1 0 0 
vn 0 1 0 
vn 0 1 0 
vn 0 0 -1 
vn 0 0 -1 
vn 0 0 -1 
vn 0 0 -1 
vn 0 1 0 
vn 0 0 -1 
vn 0 0 -1 
vn 0 0 -1 
vn 0 0 -1 
vn 0 0 -1 
vn 0 0 -1 
vn 0 0 -1 
vn 0 0 -1 
vn 0 0 -1 
vn 0 0 -1 
vn 0 0 -1 
vn 0 0 -1 
vn 0 0 -1 
vn 0 0 -1 
vn 0 0 -1 
vn 0 0 -1 
vn 0.015748 1 0 
vn 1 0 0 
vn 0 1 0 
vn 0 0 -1 
vn 0 0 -1 
vn 0 0 -1 
vn 0 0 -1 
vn 0.015748 1 0 
vn 0 0 -1 
vn 0 0 -1 
vn 0 0 -1 
vn 0 0 -1 
vn 0 0 -1 
vn 0 0 -1 
vn 0 0 -1 
vn 0 0 -1 
vn 0 1 0 
vn 0 1 0 
vn 0 1 0 
vn 0 -1 0 
vn 0 1 0 
vn 0 1 0 
vn 0 0 -1 
vn 0 0 -1 
vn 0 0 -1 
vn 0 0 -1 
vn 0 1 0 
vn 0 1 0 
vn 0 1 0 
vn 0 1 0 
vn 0 0 -1 
vn 0 0 -1 
vn 0 0 -1 
vn 0 0 -1 
vn -1 0 0 
vn 0 0 -1 
vn 0 0 -1 
vn 0 0 -1 
vn 0 0 -1 
vn 0 -1 0 
vn 0 0 -1 
vn 0 0 -1 
vn 0 0 -1 
vn 0 0 -1 
vn 0 -1 0 
vn 0 -1 0 
vn 0 -1 0 
vn 0 0 1 
vn -1 0 0 
vn 0 0 -1 
vn 0 0 -1 
vn 0 0 -1 
vn 0 0 -1 
vn 0 1 0 
vn 0 0 -1 
vn 0 0 -1 
vn 0 0 -1 
vn 0 0 -1 
vn 0 0 -1 
vn 0 0 -1 
vn 0 0 -1 
vn 0 0 -1 
vn 0 0 -1 
vn 0 0 -1 
vn 0 0 -1 
vn 0 0 -1 
vn 0 0 -1 
vn 0 0 -1 
vn 0 0 -1 
vn 0 0 -1 
vn 1 0 0 
vn 0 1 0 
vn 0 -1 0 
vn 0 -1 0 
vn 0 0.503937 -0.866142 
vn 0 0.503937 -0.866142 
vn 0 0.503937 -0.866142 
vn 0 0.503937 -0.866142 
vn 0 0 -1 
vn 0 0 -1 
vn 0 0 -1 
vn 0 0 -1 
vn 0 0 -1 
vn 0 0 -1 
vn 0 0 -1 
vn 0 0 -1 
vn 0 0 -1 
vn 0 0 -1 
vn 0 0 -1 
vn 0 0 -1 
vn 0 0 -1 
vn 0 0 -1 
vn 0 0 -1 
vn 0 0 -1 
vn 0 0 -1 
vn 0 0 -1 
vn 0 0 -1 
vn 0 0 -1 
vn 0 0 -1 
vn 0 0 -1 
vn 0 0 -1 
vn 0 0 -1 
vn 0 0 -1 
vn 0 0 -1 
vn 0 0 -1 
vn 0 0 -1 
vn 0 0 -1 
vn 0 0 -1 
vn 0 0 -1 
vn 0 0 -1 
vn 0 0 -1 
vn 0 0 -1 
vn 0 0 -1 
vn 0 0 -1 
vn 0 0 -1 
vn 0 0 -1 
vn 0 0 -1 
vn 0 0 -1 
vn 0 0 -1 
vn 0 0 -1 
vn 0 0 -1 
vn 0 0 -1 
vn 0 0 -1 
vn 0 0 -1 
vn 0 0 -1 
vn 0 0 -1 
vn 0 0 -1 
vn 0 0 -1 
vn 0 0 -1 
vn 0 0 -1 
vn 0 0 -1 
vn 0 0 -1 
vn 0 0 -1 
vn 0 0 -1 
vn 0 0 -1 
vn 0 0 -1 
vn 0 0 -1 
vn 0 0 -1 
vn 0 0 -1 
vn 0 0 -1 
vn 0 0 -1 
vn 0 0 -1 
vn 0 0 -1 
vn 0 0 -1 
vn 0 0 -1 
vn 0 0 -1 
vn 0 0 -1 
vn 0 0 -1 
vn 0 0 -1 
vn 0 0 -1 
vn 0 0 -1 
vn 0 0 -1 
vn 0 0 -1 
vn 0 0 -1 
vn 0 0 -1 
vn 0 0 -1 
vn 0 0 -1 
vn 0 0 -1 
vn 0 0 -1 
vn 0 0 -1 
vn 0 0 -1 
vn 0 0 -1 
vn 0 0 -1 
vn 0 0 -1 
vn 0 0 -1 
vn 0 0 -1 
vn 0 0 -1 
vn 0 0 -1 
vn 0 0 -1 
vn 0 0 -1 
vn 0 0 -1 
vn 0 0 -1 
vn 0 0 -1 
vn 0 0 -1 
vn 0 0 -1 
vn 0 0 -1 
vn 0 0 -1 
vn 0 0 -1 
vn 0 0 -1 
vn 0 0 -1 
vn 0 0 -1 
vn 0 0 -1 
vn 0 0 -1 
vn 0 0 -1 
vn 0 0 -1 
vn 0 0 -1 
vn 0 0 -1 
vn 0 0 -1 
vn 0 0 -1 
vn 0 0 -1 
vn 0 0 -1 
vn 0 0 -1 
vn 0 0 -1 
vn 0 0 -1 
vn 0 0 -1 
vn 0 0 -1 
vn 0 0 -1 
vn 0 0 -1 
vn 0 0 -1 
vn 0 0 -1 
vn 0 0 -1 
vn 0 0 -1 
vn 0 0 -1 
vn 0 0 -1 
vn 0 0 -1 
vn 0 0 -1 
vn 0 0 -1 
vn 0 0 -1 
vn 0 0 -1 
vn 0 0 -1 
vn 0 0 -1 
vn 0 0 -1 
vn 0 0 -1 
vn 0 0 -1 
vn 0 0 -1 
vn 0 0 -1 
vn 0 0 -1 
vn 0 0 -1 
vn 0 0 -1 
vn 0 0 -1 
vn 0 0 -1 
vn 0 0 -1 
vn 0 0 -1 
vn 0 0 -1 
vn 0 0 -1 
vn 0 0 -1 
vn 0 0 -1 
vn 0 0 -1 
vn 0 0 -1 
vn 0 0 -1 
vn 0 0 -1 
vn 0 0 -1 
vn 0 0 -1 
vn 0 0 -1 
vn 0 0 -1 
vn 0 0 -1 
vn 0 0 -1 
vn 0 0 -1 
vn 0 0 -1 
vn 0 0 -1 
vn 0 0 -1 
vn 0 0 -1 
vn 0 0 -1 
vn 0 0 -1 
vn 0 0 -1 
vn 0 0 -1 
vn 0 0 -1 
vn 0 0 -1 
vn 0 0 -1 
vn 0 0 -1 
vn 0 0 -1 
vn 0 0 -1 
vn 0 0 -1 
vn 0 0 -1 
vn 0 0 -1 
vn 0 0 -1 
vn 0 0 -1 
vn 0 0 -1 
vn 0 0 -1 
vn 0 0 -1 
vn 0 0 -1 
vn 0 0 -1 
vn 0 0 -1 
vn 0 0 -1 
vn 0 0 -1 
vn 0 0 -1 
vn 0 0 -1 
vn 0 0 -1 
vn 0 0 -1 
vn 0 0 -1 
vn 0 0 -1 
vn 0 0 -1 
vn 0 0 -1 
vn 0 0 -1 
vn 0 0 -1 
vn 0 0 -1 
vn 0 0 -1 
vn 0 0 -1 
vn 0 0 -1 
vn 0 0 -1 
vn 0 0 -1 
vn 0 0 -1 
vn 0 0 -1 
vn 0 0 -1 
vn 0 0 -1 
vn 0 0 -1 
vn 0 0 -1 
vn 0 0 -1 
vn 0 0 -1 
vn 0 0 -1 
vn 0 0 -1 
vn 0 0 -1 
vn 0 0 -1 
vn 0 0 -1 
vn 0 0 -1 
vn 0 0 -1 
vn 0 0 -1 
vn 0 0 -1 
vn 0 0 -1 
vn 0 0 -1 
vn 0 0 -1 
vn 0 0 -1 
vn 0 0 -1 
vn 0 0 -1 
vn 0 0 -1 
vn 0 0 -1 
vn 0 0 -1 
vn 0 0 -1 
vn 0 0 -1 
vn 0 0 -1 
vn 0 0 -1 
vn 0 0 -1 
vn 0 0 -1 
vn 0 0 -1 
vn 0 0 -1 
vn 0 0 -1 
vn 0 0 -1 
vn 0 0 -1 
vn 0 0 -1 
vn 0 0 -1 
vn 0 0 -1 
vn 0 0 -1 
vn 0 0 -1 
vn 0 0 -1 
vn 0 0 -1 
vn 0 0 -1 
vn 0 0 -1 
vn 0 0 -1 
vn 0 0 -1 
vn 0 0 -1 
vn 0 0 -1 
vn 0 0 -1 
vn 0 0 -1 
vn 0 0 -1 
vn 0 0 -1 
vn 0 0 -1 
vn 0 0 -1 
vn 0 0 -1 
vn 0 0 -1 
vn 0 0 -1 
vn 0 0 -1 
vn 0 0 -1 
vn 0 0 -1 
vn 0 0 -1 
vn 0 0 -1 
vn 0 0 -1 
vn 0 0 -1 
vn 0 0 -1 
vn 0 0 -1 
vn 0 0 -1 
vn 0 0 -1 
vn 0 0 -1 
vn 0 0 -1 
vn 0 0 -1 
vn 0 0 -1 
vn 0 0 -1 
vn 0 0 -1 
vn 0 0 -1 
vn 0 0 -1 
vn 0 0 -1 
vn 0 0 -1 
vn 0 0 -1 
vn 0 0 -1 
vn 0 0 -1 
vn 0 0 -1 
vn 0 0 -1 
vn 0 0 -1 
vn 0 0 -1 
vn 0 0 -1 
vn 0 0 -1 
vn 0 0 -1 
vn 0 0 -1 
vn 0 0 -1 
vn 0 0 -1 
vn 0 0 -1 
vn 0 0 -1 
vn 0 0 -1 
vn 0 0 -1 
vn 0 0 -1 
vn 0 0 -1 
vn 0 0 -1 
vn 0 0 -1 
vn 0 0 -1 
vn 0 0 -1 
vn 0 0 -1 
vn 0 0 -1 
vn 0 0 -1 
vn 0 0 -1 
vn 0 0 -1 
vn 0 0 -1 
vn 0 0 -1 
vn 0 0 -1 
vn 0 0 -1 
vn 0 0 -1 
vn 0 0 -1 
vn 0 0 -1 
vn 0 0 -1 
vn 0 0 -1 
vn 0 0 -1 
vn 0 0 -1 
vn 0 0 -1 
vn 0 0 -1 
vn 0 0 -1 
vn 0 0 -1 
vn 0 0 -1 
vn 0 0 -1 
vn 0 0 -1 
vn 0 0 -1 
vn 0 0 -1 
vn 0 0 -1 
vn 0 0 -1 
vn 0 0 -1 
vn 0 0 -1 
vn 0 0 -1 

vt -38.084 3.38026 
vt -38.084 3.35638 
vt -38.0568 3.27588 
vt -38.0124 3.32026 
vt -38.0124 3.32026 
vt -38.0568 3.27588 
vt -38.2743 3.57063 
vt -38.2743 3.54688 
vt -38.0513 4.96301 
vt -38.0513 4.96301 
vt -38.1145 5.00076 
vt -40.8502 5.23038 
vt -40.9338 3.27576 
vt -38.4823 5.23038 
vt -38.566 3.27576 
vt -39.3844 4.66113 
vt -38.4824 4.86663 
vt -39.9933 4.56651 
vt -38.536 4.56651 
vt -38.536 4.83451 
vt -40.9262 4.83438 
vt -38.3696 3.64213 
vt -38.5564 3.66276 
vt -40.9232 3.66263 
vt -38.4825 4.63926 
vt -38.4824 4.56651 
vt -38.4824 4.22851 
vt -38.4823 5.23038 
vt -38.4823 3.27576 
vt -38.4824 4.83438 
vt -38.4824 5.09113 
vt -38.4825 4.62938 
vt -38.4825 3.66688 
vt -38.4825 3.66688 
vt -38.4823 5.23038 
vt -38.4823 3.27576 
vt -38.4825 3.66688 
vt -38.4825 3.69938 
vt -38.4953 3.69063 
vt -38.4953 3.65838 
vt -38.5216 4.26076 
vt -38.5216 4.22851 
vt -38.536 5.12213 
vt -38.536 4.86663 
vt -38.536 4.83438 
vt -38.536 4.26076 
vt -38.536 5.12213 
vt -38.536 5.08988 
vt -38.536 4.86676 
vt -38.536 4.83451 
vt -38.5489 3.69063 
vt -38.0513 4.96301 
vt -39.6778 5.93651 
vt -38.0962 4.88788 
vt -39.7228 5.86151 
vt -39.683 5.93601 
vt -41.4782 4.89088 
vt -39.6384 5.85938 
vt -41.4336 4.81413 
vt -41.4181 4.92588 
vt -41.4822 4.88863 
vt -41.3735 4.84913 
vt -41.4375 4.81188 
vt -38.0519 4.96338 
vt -38.1145 5.00076 
vt -38.0969 4.88826 
vt -38.1594 4.92576 
vt -38.4823 5.23038 
vt -38.566 5.23038 
vt -38.4823 3.27576 
vt -38.566 3.27576 
vt -40.8502 5.23038 
vt -40.9338 5.23038 
vt -40.8502 3.27576 
vt -40.9338 3.27576 
vt -40.9257 4.26076 
vt -40.9257 4.22851 
vt -40.8715 4.26076 
vt -40.8715 4.22851 
vt -40.9257 4.59876 
vt -40.9257 4.56651 
vt -40.8715 4.59876 
vt -40.8715 4.56651 
vt -40.9257 3.97813 
vt -40.9257 3.94588 
vt -40.8715 3.97813 
vt -40.8715 3.94588 
vt -38.5366 4.26076 
vt -38.5366 4.22851 
vt -38.4824 4.26076 
vt -38.4824 4.22851 
vt -38.5366 4.86663 
vt -38.5366 4.83438 
vt -38.4824 4.86663 
vt -38.4824 4.83438 
vt -38.5366 5.12338 
vt -38.5366 5.09113 
vt -38.4824 5.12338 
vt -38.4824 5.09113 
vt -40.9257 5.12213 
vt -40.9257 5.08988 
vt -40.8715 5.12213 
vt -40.8715 5.08988 
vt -40.9257 4.86663 
vt -40.9257 4.83451 
vt -40.8715 4.86663 
vt -40.8715 4.83451 
vt -40.9386 3.69063 
vt -40.9386 3.65838 
vt -40.8844 3.69063 
vt -40.8844 3.65838 
vt -38.5495 3.69063 
vt -38.5495 3.65838 
vt -38.4953 3.69063 
vt -38.4953 3.65838 
vt -38.5489 3.65838 
vt -38.5489 3.69063 
vt -40.9392 3.65838 
vt -40.9392 3.69051 
vt -38.536 3.94588 
vt -38.536 3.97813 
vt -40.9263 3.94588 
vt -40.9263 3.97813 
vt -39.9968 4.56651 
vt -39.9968 4.59876 
vt -40.9263 4.56651 
vt -40.9263 4.59876 
vt -39.9986 4.22851 
vt -39.9986 4.26076 
vt -40.8617 4.22851 
vt -40.8617 4.26063 
vt -38.536 5.08988 
vt -38.536 5.12213 
vt -40.9262 5.08988 
vt -40.9262 5.12213 
vt -38.536 4.83438 
vt -38.536 4.86663 
vt -40.9262 4.83438 
vt -40.9262 4.86663 
vt -38.536 4.22851 
vt -38.536 4.26076 
vt -39.3991 4.22851 
vt -39.3991 4.26076 
vt -38.536 4.56651 
vt -38.536 4.59876 
vt -39.4055 4.56651 
vt -39.4055 4.59876 
vt -39.9794 4.68188 
vt -40.0044 4.68188 
vt -39.9794 4.18488 
vt -40.0044 4.18488 
vt -39.3902 4.18051 
vt -39.3902 4.20551 
vt -40.004 4.18051 
vt -40.004 4.20551 
vt -39.3904 4.68188 
vt -39.4154 4.68188 
vt -39.3904 4.18488 
vt -39.4154 4.18488 
vt -39.3902 4.66113 
vt -39.3902 4.68613 
vt -40.004 4.66113 
vt -40.004 4.68613 
vt -41.7508 3.27576 
vt -41.7508 4.06326 
vt -41.7508 3.27576 
vt -41.7508 4.00351 
vt -41.7508 4.03563 
vt -41.7508 4.03563 
vt -41.7442 4.00888 
vt -41.7442 4.00888 
vt -41.729 4.03563 
vt -41.729 4.03563 
vt -41.729 4.00351 
vt -41.7267 3.67101 
vt -41.7267 3.67101 
vt -38.5366 4.59876 
vt -38.5366 4.56651 
vt -38.4824 4.59876 
vt -38.4824 4.56651 
vt -38.5366 3.97813 
vt -38.5366 3.94588 
vt -38.4824 3.97813 
vt -38.4824 3.94588 
vt -39.7671 5.13988 
vt -39.7671 5.07238 
vt -39.6903 5.13988 
vt -39.6903 5.07238 
vt -38.9232 3.67538 
vt -38.9232 3.66276 
vt -38.8689 3.67538 
vt -38.8689 3.66276 
vt -38.8607 3.67538 
vt -38.8607 3.66276 
vt -38.8064 3.67538 
vt -38.8064 3.66276 
vt -38.6732 3.67538 
vt -38.6732 3.66276 
vt -38.6189 3.67538 
vt -38.6189 3.66276 
vt -38.6107 3.67538 
vt -38.6107 3.66276 
vt -38.5564 3.67538 
vt -38.5564 3.66276 
vt -38.7357 3.67538 
vt -38.7357 3.66276 
vt -38.6814 3.67538 
vt -38.6814 3.66276 
vt -39.1732 3.67538 
vt -39.1732 3.66276 
vt -39.1189 3.67538 
vt -39.1189 3.66276 
vt -40.7982 3.67538 
vt -40.7982 3.66276 
vt -40.7439 3.67538 
vt -40.7439 3.66276 
vt -40.4232 3.67538 
vt -40.4232 3.66276 
vt -40.3689 3.67538 
vt -40.3689 3.66276 
vt -39.4232 3.67538 
vt -39.4232 3.66276 
vt -39.3689 3.67538 
vt -39.3689 3.66276 
vt -40.1732 3.67538 
vt -40.1732 3.66276 
vt -40.1189 3.67538 
vt -40.1189 3.66276 
vt -39.3607 3.67538 
vt -39.3607 3.66276 
vt -39.3064 3.67538 
vt -39.3064 3.66276 
vt -40.1107 3.67538 
vt -40.1107 3.66276 
vt -40.0564 3.67538 
vt -40.0564 3.66276 
vt -39.9232 3.67538 
vt -39.9232 3.66276 
vt -39.8689 3.67538 
vt -39.8689 3.66276 
vt -40.6107 3.67538 
vt -40.6107 3.66276 
vt -40.5564 3.67538 
vt -40.5564 3.66276 
vt -38.9857 3.67538 
vt -38.9857 3.66276 
vt -38.9314 3.67538 
vt -38.9314 3.66276 
vt -39.7982 3.67538 
vt -39.7982 3.66276 
vt -39.7439 3.67538 
vt -39.7439 3.66276 
vt -39.7357 3.67538 
vt -39.7357 3.66276 
vt -39.6814 3.67538 
vt -39.6814 3.66276 
vt -39.6732 3.67538 
vt -39.6732 3.66276 
vt -39.6189 3.67538 
vt -39.6189 3.66276 
vt -39.4857 3.67538 
vt -39.4857 3.66276 
vt -39.4314 3.67538 
vt -39.4314 3.66276 
vt -39.0482 3.67538 
vt -39.0482 3.66276 
vt -38.9939 3.67538 
vt -38.9939 3.66276 
vt -39.5482 3.67538 
vt -39.5482 3.66276 
vt -39.4939 3.67538 
vt -39.4939 3.66276 
vt -40.6732 3.67538 
vt -40.6732 3.66276 
vt -40.6189 3.67538 
vt -40.6189 3.66276 
vt -39.2357 3.67538 
vt -39.2357 3.66276 
vt -39.1814 3.67538 
vt -39.1814 3.66276 
vt -39.8607 3.67538 
vt -39.8607 3.66276 
vt -39.8064 3.67538 
vt -39.8064 3.66276 
vt -39.1107 3.67538 
vt -39.1107 3.66276 
vt -39.0564 3.67538 
vt -39.0564 3.66276 
vt -40.8607 3.67538 
vt -40.8607 3.66276 
vt -40.8064 3.67538 
vt -40.8064 3.66276 
vt -40.2982 3.67538 
vt -40.2982 3.66276 
vt -40.2439 3.67538 
vt -40.2439 3.66276 
vt -39.9857 3.67538 
vt -39.9857 3.66276 
vt -39.9314 3.67538 
vt -39.9314 3.66276 
vt -40.7357 3.67538 
vt -40.7357 3.66276 
vt -40.6814 3.67538 
vt -40.6814 3.66276 
vt -39.2982 3.67538 
vt -39.2982 3.66276 
vt -39.2439 3.67538 
vt -39.2439 3.66276 
vt -40.3607 3.67538 
vt -40.3607 3.66276 
vt -40.3064 3.67538 
vt -40.3064 3.66276 
vt -40.4857 3.67538 
vt -40.4857 3.66276 
vt -40.4314 3.67538 
vt -40.4314 3.66276 
vt -40.2357 3.67538 
vt -40.2357 3.66276 
vt -40.1814 3.67538 
vt -40.1814 3.66276 
vt -39.6107 3.67538 
vt -39.6107 3.66276 
vt -39.5564 3.67538 
vt -39.5564 3.66276 
vt -40.5482 3.67538 
vt -40.5482 3.66276 
vt -40.4939 3.67538 
vt -40.4939 3.66276 
vt -40.0482 3.67538 
vt -40.0482 3.66276 
vt -39.9939 3.67538 
vt -39.9939 3.66276 
vt -40.9232 3.67538 
vt -40.9232 3.66276 
vt -40.8689 3.67538 
vt -40.8689 3.66276 
vt -38.7982 3.67538 
vt -38.7982 3.66276 
vt -38.7439 3.67538 
vt -38.7439 3.66276 
vt -38.5368 4.63926 
vt -39.683 5.93601 
vt -39.6384 5.85938 
vt -38.5176 3.73663 
vt -41.6366 3.66276 
vt -38.0962 4.88788 
vt -41.4802 4.88976 
vt -40.9097 4.76351 
vt -40.9097 4.79576 
vt -41.3165 4.76351 
vt -41.3165 4.79576 
vt -40.9097 4.00351 
vt -40.9097 4.03563 
vt -41.729 4.00351 
vt -41.729 4.03563 
vt -41.6797 4.06326 
vt -41.7508 4.06326 
vt -41.6797 3.27576 
vt -41.7508 3.27576 
vt -41.2845 4.96326 
vt -41.3556 4.96326 
vt -41.2844 3.66663 
vt -41.3556 3.66663 
vt -41.7508 4.03563 
vt -41.7508 4.00351 
vt -41.6806 4.03563 
vt -41.6806 4.00351 
vt -41.7637 3.68326 
vt -41.7637 3.65101 
vt -41.7227 3.68326 
vt -41.7227 3.65101 
vt -38.5489 3.65838 
vt -38.5489 3.67113 
vt -41.7017 3.65838 
vt -41.7017 3.67101 
vt -41.3366 3.66276 
vt -41.2945 3.66276 
vt -41.3366 4.00888 
vt -41.2945 4.00888 
vt -41.1116 3.66276 
vt -41.0695 3.66276 
vt -41.1116 4.00888 
vt -41.0695 4.00888 
vt -41.1866 3.66276 
vt -41.1445 3.66276 
vt -41.1866 4.00888 
vt -41.1445 4.00888 
vt -41.2616 3.66276 
vt -41.2195 3.66276 
vt -41.2616 4.00888 
vt -41.2195 4.00888 
vt -41.4116 3.66276 
vt -41.3695 3.66276 
vt -41.4116 4.00888 
vt -41.3695 4.00888 
vt -41.4866 3.66276 
vt -41.4445 3.66276 
vt -41.4866 4.00888 
vt -41.4445 4.00888 
vt -41.5616 3.66276 
vt -41.5195 3.66276 
vt -41.5616 4.00888 
vt -41.5195 4.00888 
vt -41.6366 3.66276 
vt -41.5945 3.66276 
vt -41.6366 4.00888 
vt -41.5945 4.00888 
vt -41.0366 3.66276 
vt -40.9945 3.66276 
vt -41.0366 4.00888 
vt -40.9945 4.00888 
vt -41.5616 3.66276 
vt -41.5616 3.66276 
vt -41.5616 4.00888 
vt -41.2025 3.68113 
vt -41.2025 3.66351 
vt -41.1482 3.68113 
vt -41.1482 3.66351 
vt -41.2649 3.68113 
vt -41.2649 3.66351 
vt -41.2107 3.68113 
vt -41.2107 3.66351 
vt -41.3275 3.68113 
vt -41.3275 3.66351 
vt -41.2732 3.68113 
vt -41.2732 3.66351 
vt -41.39 3.68113 
vt -41.39 3.66351 
vt -41.3357 3.68113 
vt -41.3357 3.66351 
vt -41.4525 3.68113 
vt -41.4525 3.66351 
vt -41.3982 3.68113 
vt -41.3982 3.66351 
vt -41.515 3.68113 
vt -41.515 3.66351 
vt -41.4607 3.68113 
vt -41.4607 3.66351 
vt -41.64 3.68113 
vt -41.64 3.66351 
vt -41.5857 3.68113 
vt -41.5857 3.66351 
vt -41.7025 3.68113 
vt -41.7025 3.66351 
vt -41.6482 3.68113 
vt -41.6482 3.66351 
vt -41.5775 3.68113 
vt -41.5775 3.66351 
vt -41.5232 3.68113 
vt -41.5232 3.66351 
vt -41.0149 3.68113 
vt -41.0149 3.66351 
vt -40.9607 3.68113 
vt -40.9607 3.66351 
vt -41.0774 3.68113 
vt -41.0774 3.66351 
vt -41.0232 3.68113 
vt -41.0232 3.66351 
vt -41.1399 3.68113 
vt -41.1399 3.66351 
vt -41.0857 3.68113 
vt -41.0857 3.66351 
vt -40.9524 3.68113 
vt -40.9524 3.66351 
vt -40.8982 3.68113 
vt -40.8982 3.66351 
vt -41.7442 3.66276 
vt -41.7119 3.66276 
vt -41.7442 4.00888 
vt -41.7119 4.00888 
vt -41.4866 3.66276 
vt -41.4866 3.66276 
vt -41.4866 4.00888 
vt -40.8502 5.23038 
vt -40.9338 5.23038 
vt -38.566 5.23038 
vt -41.7442 3.66276 
vt -41.7119 3.66276 
vt -41.7442 4.00888 
vt -41.7119 4.00888 
vt -41.4116 3.66276 
vt -41.4116 4.00888 
vt -41.4116 4.00888 
vt -38.5489 3.65738 
vt -38.5489 3.67213 
vt -41.7267 3.65726 
vt -41.7267 3.67213 
vt -40.9275 4.21001 
vt -40.8728 4.68638 
vt -40.8727 4.18951 
vt -41.3556 4.95201 
vt -41.3556 3.67776 
vt -41.7442 3.66276 
vt -41.7119 3.66276 
vt -41.7442 4.00888 
vt -41.7119 4.00888 
vt -40.9262 5.12213 
vt -41.3366 4.00888 
vt -41.3366 3.66276 
vt -41.3366 4.00888 
vt -38.4732 3.78101 
vt -38.4732 3.78101 
vt -41.7442 3.66276 
vt -41.7119 3.66276 
vt -41.7442 4.00888 
vt -41.7119 4.00888 
vt -41.2616 3.66276 
vt -41.2616 3.66276 
vt -41.2616 4.00888 
vt -41.7442 3.66276 
vt -41.7119 3.66276 
vt -41.7442 4.00888 
vt -41.7119 4.00888 
vt -41.1866 3.66276 
vt -41.1866 3.66276 
vt -41.1866 4.00888 
vt -41.1866 4.00888 
vt -41.2845 4.95201 
vt -38.5489 3.65838 
vt -38.5489 3.67113 
vt -41.7267 3.65838 
vt -41.7267 3.67101 
vt -41.7442 3.66276 
vt -41.7119 3.66276 
vt -41.7442 4.00888 
vt -41.7119 4.00888 
vt -40.9272 3.69938 
vt -40.9272 3.66713 
vt -40.8729 3.69938 
vt -40.8729 3.66713 
vt -40.8729 4.62938 
vt -40.9272 4.62938 
vt -40.8729 3.66688 
vt -40.9272 3.66688 
vt -40.9272 4.63926 
vt -40.9272 4.60701 
vt -40.8729 4.63926 
vt -40.8729 4.60701 
vt -41.1116 4.00888 
vt -38.5368 4.62938 
vt -39.3844 4.68538 
vt -39.3844 4.66038 
vt -39.3844 4.20476 
vt -40.9262 4.86663 
vt -39.3902 4.66188 
vt -40.8728 4.68638 
vt -40.9275 4.18951 
vt -41.7442 3.66276 
vt -41.7119 3.66276 
vt -41.7442 4.00888 
vt -41.7119 4.00888 
vt -41.0366 3.66276 
vt -41.0366 4.00888 
vt -41.0366 3.66276 
vt -41.0366 4.00888 
vt -41.0366 4.00888 
vt -41.6797 3.27576 
vt -40.9338 3.27576 
vt -40.8502 3.27576 
vt -38.566 3.27576 
vt -41.7442 3.66276 
vt -41.7119 3.66276 
vt -41.7442 4.00888 
vt -41.7119 4.00888 
vt -38.5346 4.21138 
vt -38.5346 4.18638 
vt -38.4799 4.21138 
vt -38.4799 4.18638 
vt -38.4799 4.68776 
vt -38.5346 4.68776 
vt -38.4799 4.19088 
vt -38.5346 4.19088 
vt -38.5346 4.69213 
vt -38.5346 4.66713 
vt -38.4799 4.69213 
vt -38.4799 4.66713 
vt -38.5489 3.65838 
vt -38.5489 3.67113 
vt -41.7267 3.65838 
vt -41.7267 3.67101 
vt -40.9392 3.69063 
vt -40.9275 4.68638 
vt -40.9275 4.18951 
vt -40.9275 4.21001 
vt -40.9275 4.69063 
vt -40.9275 4.66563 
vt -40.9275 4.68638 
vt -40.9257 4.22838 
vt -40.9257 4.26063 
vt -40.9257 4.59876 
vt -40.9263 4.56651 
vt -40.9257 4.22851 
vt -40.9257 4.26063 
vt -40.9257 4.22851 
vt -40.9263 4.26063 
vt -40.9263 4.22838 
vt -40.9262 5.08988 
vt -40.9262 4.83438 
vt -40.9272 3.66688 
vt -40.9272 4.62938 
vt -40.9272 3.66688 
vt -40.8728 4.68638 
vt -40.8728 4.68638 
vt -40.8728 4.68638 
vt -41.7442 3.66276 
vt -41.7119 3.66276 
vt -41.7442 4.00888 
vt -41.7119 4.00888 
vt -38.1792 3.35638 
vt -39.9736 4.68113 
vt -41.4355 4.81301 
vt -40.8729 4.62938 
vt -40.8729 4.62938 
vt -41.7442 3.66276 
vt -41.7119 3.66276 
vt -41.7442 4.00888 
vt -41.7119 4.00888 
vt -40.8715 4.59876 
vt -38.5489 3.65813 
vt -38.5489 3.67138 
vt -41.7267 3.65813 
vt -41.7267 3.67126 
vt -40.8715 4.22851 
vt -41.7442 3.66276 
vt -41.7119 3.66276 
vt -41.7442 4.00888 
vt -41.7119 4.00888 
vt -39.7228 5.86151 
vt -38.3695 3.54688 
vt -41.7442 3.66276 
vt -41.7119 3.66276 
vt -41.7442 4.00888 
vt -41.7119 4.00888 
vt -41.7442 3.66276 
vt -41.7119 3.66276 
vt -41.7442 4.00888 
vt -41.7119 4.00888 
vt -41.2945 3.66276 
vt -41.0695 3.66276 
vt -41.3695 3.66276 
vt -40.9945 3.66276 
vt -41.4445 3.66276 
vt -41.5195 3.66276 
vt -41.2945 3.66276 
vt -41.2945 3.66276 
vt -40.9945 3.66276 
vt -41.0695 3.66276 
vt -41.1445 3.66276 
vt -41.3695 3.66276 
vt -38.5489 3.65838 
vt -38.5489 3.67113 
vt -41.7267 3.65838 
vt -41.7267 3.67101 
vt -38.5368 3.66688 
vt -38.5368 3.66713 
vt -40.8729 3.66688 
vt -41.2844 3.67776 
vt -40.8729 4.62938 
vt -40.9272 4.62938 
vt -40.8729 3.66688 
vt -40.9272 3.66688 
vt -41.7442 3.66276 
vt -41.7119 3.66276 
vt -41.7442 4.00888 
vt -41.7119 4.00888 
vt -40.9257 4.26063 
vt -40.9257 4.22851 
vt -40.8715 4.26076 
vt -40.8715 4.22851 
vt -40.9257 3.97813 
vt -40.9257 3.94588 
vt -40.8715 3.97813 
vt -40.8715 3.94588 
vt -40.9257 4.59876 
vt -40.9257 4.56651 
vt -40.8715 4.59876 
vt -40.8715 4.56651 
vt -41.6806 4.03563 
vt -41.3982 3.68113 
vt -39.9908 4.26076 
vt -39.3912 4.26076 
vt -40.8715 4.26063 
vt -39.9968 4.56651 
vt -41.2945 4.00888 
vt -40.9945 4.00888 
vt -41.7442 3.66276 
vt -41.7119 3.66276 
vt -41.7442 4.00888 
vt -41.7119 4.00888 
vt -40.8727 4.21001 
vt -39.9981 4.20476 
vt -38.4799 4.68776 
vt -38.5346 4.68776 
vt -38.4799 4.19088 
vt -38.5346 4.19088 
vt -41.7442 3.66276 
vt -41.7119 3.66276 
vt -41.7442 4.00888 
vt -41.7119 4.00888 
vt -38.5366 4.26076 
vt -38.5366 4.22851 
vt -38.4824 4.26076 
vt -38.4824 4.22851 
vt -38.5489 3.65838 
vt -38.5489 3.67113 
vt -41.7517 3.65838 
vt -41.7517 3.67101 
vt -38.5366 4.59876 
vt -38.5366 4.56651 
vt -38.4824 4.59876 
vt -38.4824 4.56651 
vt -41.7442 3.66276 
vt -41.7119 3.66276 
vt -41.7442 4.00888 
vt -41.7119 4.00888 
vt -41.6797 4.05201 
vt -41.2945 4.00888 
vt -40.9945 4.00888 
vt -41.5195 4.00888 
vt -41.2945 4.00888 
vt -41.7442 3.66276 
vt -41.7119 3.66276 
vt -41.7442 4.00888 
vt -41.7119 4.00888 
vt -38.5489 3.65838 
vt -38.5489 3.67113 
vt -41.7267 3.65838 
vt -41.7267 3.67101 
vt -41.7442 3.66276 
vt -41.7119 3.66276 
vt -41.7442 4.00888 
vt -41.7119 4.00888 
vt -40.8727 4.18951 
vt -41.6797 4.05201 
vt -41.7508 4.05201 
vt -41.6797 3.27576 
vt -41.7508 3.27576 
vt -41.2845 4.95201 
vt -41.3556 4.95201 
vt -41.2844 3.67776 
vt -41.3556 3.67776 
vt -40.9097 4.00351 
vt -40.9097 4.03563 
vt -41.729 4.00351 
vt -41.729 4.03563 
vt -40.9097 4.76351 
vt -40.9097 4.79576 
vt -41.3165 4.76351 
vt -41.3165 4.79576 
vt -41.6366 3.66276 
vt -41.5945 3.66276 
vt -41.6366 4.00888 
vt -41.5945 4.00888 
vt -41.4866 3.66276 
vt -41.4445 3.66276 
vt -41.4866 4.00888 
vt -41.4445 4.00888 
vt -41.5616 3.66276 
vt -41.5195 3.66276 
vt -41.5616 4.00888 
vt -41.5195 4.00888 
vt -41.3366 3.66276 
vt -41.2945 3.66276 
vt -41.3366 4.00888 
vt -41.2945 4.00888 
vt -41.0366 3.66276 
vt -40.9945 3.66276 
vt -41.0366 4.00888 
vt -40.9945 4.00888 
vt -41.1116 3.66276 
vt -41.0695 3.66276 
vt -41.1116 4.00888 
vt -41.0695 4.00888 
vt -41.1866 3.66276 
vt -41.1445 3.66276 
vt -41.1866 4.00888 
vt -41.1445 4.00888 
vt -41.2616 3.66276 
vt -41.2195 3.66276 
vt -41.2616 4.00888 
vt -41.2195 4.00888 
vt -41.4116 3.66276 
vt -41.3695 3.66276 
vt -41.4116 4.00888 
vt -41.3695 4.00888 
vt -40.8715 4.22838 
vt -39.9981 4.66038 
vt -38.5489 3.65838 
vt -38.5489 3.67113 
vt -40.9392 3.65838 
vt -40.9392 3.67101 
vt -38.5489 3.65838 
vt -38.5489 3.67113 
vt -40.9392 3.65838 
vt -40.9392 3.67101 
vt -38.3695 3.57063 
vt -40.9275 4.21001 
vt -40.9275 4.18501 
vt -40.8727 4.21001 
vt -40.8727 4.18501 
vt -40.8728 4.68638 
vt -40.9275 4.68638 
vt -40.8727 4.18951 
vt -40.9275 4.18951 
vt -40.9275 4.69063 
vt -40.9275 4.66563 
vt -40.8728 4.69063 
vt -40.8728 4.66563 
vt -38.2744 3.47538 
vt -39.406 4.56651 
vt -38.1792 3.38026 
vt -38.5489 3.65838 
vt -38.5489 3.67113 
vt -40.9392 3.65838 
vt -40.9392 3.67101 
vt -40.8728 4.68638 
vt -40.9275 4.68638 
vt -40.8727 4.18951 
vt -40.9275 4.18951 
vt -38.5368 4.63926 
vt -38.5368 4.60701 
vt -38.4825 4.63926 
vt -38.4825 4.60701 
vt -38.4825 4.62938 
vt -38.5368 4.62938 
vt -38.4825 3.66688 
vt -38.5368 3.66688 
vt -38.5368 3.69938 
vt -38.5368 3.66713 
vt -38.4825 3.69938 
vt -38.4825 3.66713 
vt -38.5489 3.65838 
vt -38.5489 3.67113 
vt -40.9392 3.65838 
vt -40.9392 3.67101 
vt -38.0124 3.32026 
vt -38.4732 3.78101 
vt -38.0568 3.27588 
vt -38.5176 3.73663 
vt -38.084 3.38026 
vt -38.1792 3.38026 
vt -38.084 3.35638 
vt -38.1792 3.35638 
vt -38.2743 3.57063 
vt -38.3695 3.57063 
vt -38.2743 3.54688 
vt -38.3695 3.54688 
vt -38.3696 3.66588 
vt -38.4649 3.66588 
vt -38.3696 3.64213 
vt -38.4649 3.64213 
vt -38.1792 3.47538 
vt -38.2744 3.47538 
vt -38.1792 3.45163 
vt -38.2744 3.45163 
vt -38.5489 3.65838 
vt -38.5489 3.67113 
vt -40.9392 3.65838 
vt -40.9392 3.67101 
vt -40.8728 4.68638 
vt -40.9275 4.68638 
vt -40.8727 4.18951 
vt -40.9275 4.18951 
vt -40.9257 4.26063 
vt -40.9257 4.22838 
vt -40.8715 4.26063 
vt -40.8715 4.22838 
vt -40.9257 4.59863 
vt -40.9257 4.56651 
vt -40.8715 4.59863 
vt -40.8715 4.56651 
vt -38.5489 3.65838 
vt -38.5489 3.67113 
vt -40.9392 3.65838 
vt -40.9392 3.67101 
vt -38.0124 3.32026 
vt -38.4732 3.78101 
vt -38.0568 3.27588 
vt -38.5176 3.73663 
vt -38.4825 4.62938 
vt -38.5368 4.62938 
vt -38.4825 3.66688 
vt -38.5368 3.66688 
vt -38.5366 4.59876 
vt -38.5366 4.56651 
vt -38.4824 4.59876 
vt -38.4824 4.56651 
vt -38.5366 4.26076 
vt -38.5366 4.22851 
vt -38.4824 4.26076 
vt -38.4824 4.22851 
vt -38.5366 3.97813 
vt -38.5366 3.94588 
vt -38.4824 3.97813 
vt -38.4824 3.94588 
vt -38.5489 3.65838 
vt -38.5489 3.67113 
vt -40.9392 3.65838 
vt -40.9392 3.67101 
vt -38.5489 3.65838 
vt -38.5489 3.67113 
vt -40.9392 3.65838 
vt -40.9392 3.67101 
vt -38.0513 4.96301 
vt -39.6778 5.93651 
vt -38.0962 4.88788 
vt -39.7228 5.86151 
vt -39.683 5.93601 
vt -41.4802 4.88976 
vt -39.6384 5.85938 
vt -41.4355 4.81301 
vt -40.8502 5.23038 
vt -40.9338 5.23038 
vt -40.8502 3.27576 
vt -40.9338 3.27576 
vt -38.4823 5.23038 
vt -38.566 5.23038 
vt -38.4823 3.27576 
vt -38.566 3.27576 
vt -39.9933 4.56651 
vt -39.9933 4.59876 
vt -40.9263 4.56651 
vt -40.9263 4.59863 
vt -38.536 3.94588 
vt -38.536 3.97813 
vt -40.9263 3.94588 
vt -40.9263 3.97813 
vt -39.9908 4.22851 
vt -39.9908 4.26076 
vt -40.9263 4.22838 
vt -40.9263 4.26063 
vt -38.5489 3.65838 
vt -38.5489 3.69063 
vt -40.9392 3.65838 
vt -40.9392 3.69063 
vt -38.5216 4.22851 
vt -38.5216 4.26076 
vt -39.3912 4.22851 
vt -39.3912 4.26076 
vt -38.536 4.56651 
vt -38.536 4.59876 
vt -39.406 4.56651 
vt -39.406 4.59876 
vt -38.536 5.08988 
vt -38.536 5.12213 
vt -40.9262 5.08988 
vt -40.9262 5.12213 
vt -38.536 4.83451 
vt -38.536 4.86676 
vt -40.9262 4.83438 
vt -40.9262 4.86663 
vt -39.3844 4.17976 
vt -39.3844 4.20476 
vt -39.9981 4.17976 
vt -39.9981 4.20476 
vt -39.9736 4.68113 
vt -39.9986 4.68113 
vt -39.9736 4.18413 
vt -39.9986 4.18413 
vt -39.3845 4.68113 
vt -39.4095 4.68113 
vt -39.3845 4.18413 
vt -39.4095 4.18413 
vt -39.3844 4.66038 
vt -39.3844 4.68538 
vt -39.9981 4.66038 
vt -39.9981 4.68538 
vt -38.6651 2.80204 
vt -39.171 2.80204 
vt -38.6651 2.80204 
vt -39.171 2.80204 
vt -39.1955 2.73048 
vt -39.1479 2.73048 
vt -38.6651 2.89726 
vt -39.1585 2.89727 
vt -38.0892 4.39588 
vt -38.0892 2.76935 
vt -38.0909 6.19827 
vt -38.0909 4.35644 
vt -38.6673 2.99238 
vt -39.1606 2.99238 
vt -38.6673 2.99238 
vt -39.1606 2.99238 
vt -38.1005 6.13622 
vt -38.1005 6.09157 
vt -38.1041 2.83252 
vt -38.1041 2.87746 
vt -41.6869 4.39588 
vt -41.6869 2.76935 
vt -41.514 4.39588 
vt -41.514 2.76935 
vt -38.2621 4.39588 
vt -38.2621 2.76935 
vt -38.0892 4.39588 
vt -38.0892 2.76935 
vt -41.6681 2.77 
vt -38.1041 2.77 
vt -41.6681 2.83252 
vt -38.1041 2.83252 
vt -38.1489 5.65189 
vt -38.1489 5.56824 
vt -38.1489 3.28403 
vt -38.1489 3.20039 
vt -38.1697 4.10247 
vt -38.1701 4.71622 
vt -38.1697 4.71622 
vt -38.1635 4.10246 
vt -38.1635 4.71622 
vt -38.1701 4.12761 
vt -38.1636 5.58958 
vt -38.1636 5.58958 
vt -38.1636 3.20048 
vt -38.1636 3.20048 
vt -38.1645 4.71138 
vt -38.1645 5.64433 
vt -38.1646 3.25407 
vt -38.1646 5.64433 
vt -38.1646 5.64433 
vt -38.1636 5.58957 
vt -38.1636 5.58957 
vt -38.1636 5.64379 
vt -38.1636 5.58957 
vt -38.1636 5.64379 
vt -38.1636 5.58957 
vt -38.1636 5.60247 
vt -38.1645 4.70892 
vt -38.1645 5.64433 
vt -38.1645 3.26695 
vt -38.1645 5.65723 
vt -38.1645 3.23964 
vt -38.1645 4.10922 
vt -38.1645 3.25411 
vt -38.1645 4.1241 
vt -38.1645 3.25407 
vt -38.1645 5.64432 
vt -38.1645 3.25407 
vt -38.1645 5.64432 
vt -38.1636 3.21338 
vt -38.1674 5.58958 
vt -38.1674 5.6438 
vt -38.6651 3.08771 
vt -38.6651 3.08771 
vt -39.1585 3.08771 
vt -38.2019 4.40835 
vt -38.2019 4.48517 
vt -38.213 3.587 
vt -38.213 3.587 
vt -38.213 3.5245 
vt -38.213 3.57872 
vt -38.213 3.337 
vt -38.213 3.39122 
vt -38.213 3.2745 
vt -38.213 3.2745 
vt -38.213 3.3995 
vt -38.213 3.45372 
vt -38.213 3.89122 
vt -38.213 5.462 
vt -38.213 5.51623 
vt -38.213 5.087 
vt -38.213 5.087 
vt -38.213 4.087 
vt -38.213 4.14123 
vt -38.213 4.837 
vt -38.213 4.89123 
vt -38.213 4.0245 
vt -38.213 4.07872 
vt -38.213 4.7745 
vt -38.213 4.82873 
vt -38.213 4.82873 
vt -38.213 4.587 
vt -38.213 4.64123 
vt -38.213 5.2745 
vt -38.213 5.32873 
vt -38.213 3.6495 
vt -38.213 3.70372 
vt -38.213 4.462 
vt -38.213 4.462 
vt -38.213 4.51623 
vt -38.213 4.3995 
vt -38.213 4.337 
vt -38.213 4.39123 
vt -38.213 4.20373 
vt -38.213 3.76622 
vt -38.213 4.212 
vt -38.213 4.26623 
vt -38.213 5.337 
vt -38.213 3.8995 
vt -38.213 3.95372 
vt -38.213 3.7745 
vt -38.213 3.82872 
vt -38.213 5.5245 
vt -38.213 5.57873 
vt -38.213 5.57873 
vt -38.213 4.962 
vt -38.213 5.01623 
vt -38.213 4.70373 
vt -38.213 5.3995 
vt -38.213 3.962 
vt -38.213 4.01622 
vt -38.213 5.07873 
vt -38.213 5.1495 
vt -38.213 5.20373 
vt -38.213 4.95373 
vt -38.213 5.212 
vt -38.213 4.712 
vt -38.213 4.76623 
vt -38.213 5.58702 
vt -38.213 5.64123 
vt -38.213 3.51622 
vt -40.173 3.19792 
vt -40.173 3.19793 
vt -40.7868 3.19793 
vt -38.6182 3.2005 
vt -39.2217 3.20061 
vt -39.216 3.2005 
vt -41.5786 3.20049 
vt -40.7799 3.20049 
vt -41.5199 3.20039 
vt -41.5949 3.20039 
vt -41.5785 3.20048 
vt -41.5785 3.20048 
vt -38.6139 3.20049 
vt -38.6345 3.20061 
vt -38.2237 3.20039 
vt -39.1898 3.20061 
vt -39.222 3.20061 
vt -39.2085 3.20049 
vt -41.5786 3.21338 
vt -38.327 3.26695 
vt -38.327 5.65723 
vt -38.2188 3.23964 
vt -41.578 3.25407 
vt -41.5238 3.25407 
vt -41.578 3.25407 
vt -41.5238 3.25407 
vt -41.578 3.25407 
vt -41.5238 3.25407 
vt -41.5238 3.25407 
vt -41.578 3.25408 
vt -41.578 3.25408 
vt -41.5238 3.25408 
vt -41.578 3.25408 
vt -41.5238 3.25408 
vt -38.2188 3.25407 
vt -38.2188 3.25411 
vt -38.2188 3.25407 
vt -38.2188 3.25407 
vt -40.4062 3.26695 
vt -40.4062 3.26695 
vt -40.3521 3.26695 
vt -40.5949 3.26695 
vt -40.5385 3.26695 
vt -40.7812 3.26695 
vt -40.7271 3.26695 
vt -40.7271 3.26695 
vt -40.1813 3.26695 
vt -40.1271 3.26695 
vt -40.1271 3.26695 
vt -38.9812 3.26695 
vt -38.927 3.26695 
vt -41.4062 3.26695 
vt -41.3271 3.26695 
vt -41.3271 3.26695 
vt -39.3937 3.26695 
vt -39.3395 3.26695 
vt -41.1982 3.26695 
vt -41.1351 3.26695 
vt -40.9688 3.26695 
vt -40.9688 3.26695 
vt -40.9146 3.26695 
vt -41.5238 3.26695 
vt -39.2062 3.26695 
vt -39.152 3.26695 
vt -39.6188 3.26695 
vt -39.5645 3.26695 
vt -38.2188 3.26695 
vt -39.8063 3.26695 
vt -39.8063 3.26695 
vt -39.7521 3.26695 
vt -38.7937 3.26695 
vt -38.7395 3.26695 
vt -39.9938 3.26695 
vt -39.9396 3.26695 
vt -38.3812 3.26695 
vt -38.3812 3.26695 
vt -38.5687 3.26695 
vt -38.5145 3.26695 
vt -41.5296 3.2745 
vt -41.5296 3.2745 
vt -41.6869 4.44083 
vt -41.6866 4.4011 
vt -41.6866 6.1963 
vt -41.6866 6.15165 
vt -41.683 6.13622 
vt -41.5296 3.337 
vt -41.6681 2.87746 
vt -41.5296 3.3995 
vt -38.5145 5.65723 
vt -41.5949 3.28403 
vt -41.5949 5.56825 
vt -41.5949 5.65189 
vt -41.4114 6.48179 
vt -39.7991 6.48179 
vt -41.5786 5.64379 
vt -41.5786 5.64379 
vt -41.5786 5.58958 
vt -41.5785 5.58958 
vt -41.5786 5.58957 
vt -41.5785 3.2547 
vt -41.5785 5.64379 
vt -41.5785 5.64379 
vt -41.5785 5.58957 
vt -41.5785 5.64379 
vt -41.5785 5.58957 
vt -41.5786 5.65669 
vt -41.5786 5.60247 
vt -41.5786 5.60247 
vt -41.5786 3.2676 
vt -41.578 5.65723 
vt -41.578 5.64433 
vt -41.578 4.71483 
vt -41.578 5.64433 
vt -41.578 4.71664 
vt -41.578 4.71664 
vt -41.578 5.64432 
vt -41.578 4.11722 
vt -41.578 4.11722 
vt -41.578 4.12357 
vt -41.5837 4.69748 
vt -41.5771 4.10827 
vt -41.5771 4.72203 
vt -41.5837 4.10843 
vt -41.5837 4.13343 
vt -41.5837 4.10828 
vt -41.5834 4.72203 
vt -41.4202 6.4689 
vt -41.3452 6.4689 
vt -41.4201 6.46885 
vt -41.4201 6.46885 
vt -39.8066 6.46885 
vt -41.2767 6.46224 
vt -39.9266 6.46224 
vt -40.1188 6.46223 
vt -40.1517 6.46223 
vt -40.1937 6.46223 
vt -40.3438 6.46223 
vt -41.5296 3.462 
vt -41.3484 6.44709 
vt -41.42 6.44709 
vt -39.87 6.44709 
vt -39.87 6.44709 
vt -40.4062 6.44473 
vt -40.5949 6.44473 
vt -40.7812 6.44473 
vt -41.1351 6.44473 
vt -41.1982 6.44473 
vt -40.9146 6.44473 
vt -40.9688 6.44473 
vt -39.9396 6.44473 
vt -41.539 4.48518 
vt -41.539 4.40835 
vt -41.5296 3.587 
vt -41.5296 3.57872 
vt -41.5296 3.57872 
vt -41.5296 3.39122 
vt -41.5296 3.32872 
vt -41.5296 3.89122 
vt -41.5296 5.51623 
vt -41.5296 5.462 
vt -41.5296 5.087 
vt -41.5296 5.087 
vt -41.5296 4.14123 
vt -41.5296 4.89123 
vt -41.5296 4.837 
vt -41.5296 4.07872 
vt -41.5296 4.0245 
vt -41.5296 4.82873 
vt -41.5296 4.82873 
vt -41.5296 4.7745 
vt -41.5296 4.64123 
vt -41.5296 4.587 
vt -41.5296 5.32873 
vt -41.5296 5.2745 
vt -41.5296 3.70372 
vt -41.5296 3.6495 
vt -41.5296 4.51623 
vt -41.5296 4.462 
vt -41.5296 4.3995 
vt -41.5296 4.39123 
vt -41.5296 4.337 
vt -41.5296 4.20373 
vt -41.5296 3.76622 
vt -41.5296 4.26623 
vt -41.5296 4.212 
vt -41.5296 5.39123 
vt -41.5296 5.39123 
vt -41.5296 3.95372 
vt -41.5296 3.8995 
vt -41.5296 3.82872 
vt -41.5296 3.7745 
vt -41.5296 5.57873 
vt -41.5296 5.01623 
vt -41.5296 4.962 
vt -41.5296 4.70373 
vt -41.5296 5.45373 
vt -41.5296 4.01622 
vt -41.5296 3.962 
vt -41.5296 5.07873 
vt -41.5296 5.20373 
vt -41.5296 5.1495 
vt -41.5296 4.95373 
vt -41.5296 5.212 
vt -41.5296 4.76623 
vt -41.5296 4.712 
vt -41.5296 5.64123 
vt -41.5296 5.64123 
vt -41.5296 5.58702 
vt -41.5296 3.51622 
vt -41.3705 6.42053 
vt -41.3705 6.42053 
vt -39.8097 6.42053 
vt -41.3271 6.41973 
vt -41.4062 6.41973 
vt -38.6015 3.25484 
vt -38.6015 3.25484 
vt -38.2619 4.4011 
vt -41.5155 4.35644 
vt -41.3705 6.35803 
vt -39.8191 6.35464 
vt -39.8514 6.35464 
vt -39.8191 6.35464 
vt -38.6651 3.18294 
vt -38.6651 2.99249 
vt -38.6651 2.99249 
vt -38.6651 2.89727 
vt -38.6651 2.89727 
vt -38.6673 3.08761 
vt -41.514 2.81429 
vt -38.2619 6.19827 
vt -38.2619 4.4011 
vt -38.0909 6.19827 
vt -38.0909 4.4011 
vt -41.6866 6.1963 
vt -41.6866 4.4011 
vt -41.5155 6.1963 
vt -41.5155 4.4011 
vt -38.1005 6.20023 
vt -41.683 6.20023 
vt -38.1005 6.13622 
vt -41.683 6.13622 
vt -41.42 5.6278 
vt -41.42 5.6278 
vt -41.42 6.03459 
vt -41.42 5.62779 
vt -41.42 5.62779 
vt -41.4202 6.39775 
vt -41.4202 6.00253 
vt -41.4202 6.07367 
vt -41.4201 6.39865 
vt -41.4201 6.39865 
vt -41.4114 6.44077 
vt -41.4014 6.01259 
vt -41.4014 5.75463 
vt -41.3705 6.29553 
vt -39.8191 6.27964 
vt -38.7395 5.65723 
vt -38.7395 5.65723 
vt -41.3705 5.92053 
vt -41.3705 5.92053 
vt -41.3705 5.98302 
vt -41.3705 6.04553 
vt -41.3705 6.10803 
vt -41.3705 6.0538 
vt -41.3705 6.17053 
vt -41.3705 6.1163 
vt -41.3705 6.23303 
vt -41.3705 6.23303 
vt -41.3705 6.3663 
vt -41.3705 6.2413 
vt -41.3705 5.73302 
vt -41.3705 5.73302 
vt -41.3705 5.79552 
vt -41.3705 5.85802 
vt -41.3705 5.67052 
vt -41.3705 5.61629 
vt -41.3187 6.43 
vt -41.3691 6.20464 
vt -39.8191 6.20464 
vt -41.5949 3.20039 
vt -41.5199 3.20039 
vt -41.5949 3.28403 
vt -41.5199 3.28403 
vt -41.5949 5.56825 
vt -41.5199 5.56825 
vt -41.5949 5.65189 
vt -41.5199 5.65189 
vt -38.2237 5.56824 
vt -38.1489 5.56824 
vt -38.2237 5.65189 
vt -38.1489 5.65189 
vt -38.2237 3.20039 
vt -38.1489 3.20039 
vt -38.2237 3.28403 
vt -38.1489 3.28403 
vt -41.2438 6.43 
vt -41.3691 6.12964 
vt -38.9204 5.64559 
vt -38.9204 5.59083 
vt -38.9204 5.64559 
vt -38.9205 5.59083 
vt -38.9205 5.59082 
vt -38.927 5.65723 
vt -38.2019 4.40835 
vt -38.2019 4.48517 
vt -41.539 4.40835 
vt -41.539 4.48518 
vt -39.8734 6.07368 
vt -39.7984 6.07368 
vt -41.3452 6.07367 
vt -41.5785 3.2547 
vt -41.5785 3.20048 
vt -38.1636 3.2547 
vt -38.1636 3.20048 
vt -41.578 3.25407 
vt -41.5238 3.25407 
vt -41.578 5.64432 
vt -41.5238 5.64432 
vt -41.5785 5.64379 
vt -41.5785 5.58957 
vt -38.1636 5.64379 
vt -38.1636 5.58957 
vt -38.2188 3.25407 
vt -38.1645 3.25407 
vt -38.2188 5.64432 
vt -38.1645 5.64432 
vt -39.8191 6.05464 
vt -39.8097 6.04553 
vt -38.6777 3.19129 
vt -38.6777 2.73047 
vt -38.6301 3.19129 
vt -38.6301 2.73047 
vt -39.1955 3.19129 
vt -39.1955 2.73048 
vt -39.1479 3.19129 
vt -39.1479 2.73048 
vt -39.8001 6.03459 
vt -39.8671 6.03459 
vt -41.3484 6.03459 
vt -41.3691 5.97963 
vt -39.8191 5.97963 
vt -41.0187 6.43 
vt -41.3452 6.07367 
vt -41.4202 6.07367 
vt -41.3452 6.00253 
vt -41.4202 6.00253 
vt -41.3691 5.90463 
vt -39.8191 5.90463 
vt -39.7984 6.07368 
vt -39.8734 6.07368 
vt -39.7984 6.00253 
vt -39.8734 6.00253 
vt -39.1479 3.23567 
vt -39.152 5.65723 
vt -40.932 5.64523 
vt -40.932 5.591 
vt -40.932 5.64523 
vt -40.932 5.591 
vt -40.932 5.591 
vt -38.2249 4.10247 
vt -38.2245 4.10247 
vt -38.2182 4.10246 
vt -41.5785 3.2547 
vt -41.5785 3.20048 
vt -38.1636 3.2547 
vt -38.1636 3.20048 
vt -41.578 3.25407 
vt -41.5238 3.25407 
vt -41.578 5.64432 
vt -41.5238 5.64432 
vt -41.5785 5.64379 
vt -41.5785 5.58957 
vt -38.1636 5.64379 
vt -38.1636 5.58957 
vt -38.2188 3.25407 
vt -38.1645 3.25407 
vt -38.2188 5.64432 
vt -38.1645 5.64432 
vt -41.529 4.10828 
vt -41.5224 4.10827 
vt -39.2085 3.25471 
vt -39.2171 5.64559 
vt -39.2171 5.59083 
vt -39.216 3.25472 
vt -41.3691 5.75463 
vt -39.8191 5.75463 
vt -39.8514 5.75463 
vt -39.8671 5.6278 
vt -39.8001 5.6278 
vt -39.8671 6.03459 
vt -39.8001 6.03459 
vt -41.42 5.6278 
vt -41.3484 5.6278 
vt -41.42 6.03459 
vt -41.3484 6.03459 
vt -40.7868 3.25269 
vt -40.7868 3.2527 
vt -39.3395 5.65723 
vt -39.8097 5.67052 
vt -38.9812 5.65723 
vt -39.3937 5.65723 
vt -41.5238 5.65723 
vt -39.2062 5.65723 
vt -39.5645 5.65723 
vt -39.6188 5.65723 
vt -38.2188 5.65723 
vt -39.7521 5.65723 
vt -39.8063 5.65723 
vt -38.7937 5.65723 
vt -38.3812 5.65723 
vt -38.3812 5.65723 
vt -38.5687 5.65723 
vt -41.5837 4.10828 
vt -41.529 4.10828 
vt -41.5837 4.72203 
vt -41.529 4.72203 
vt -39.2421 5.64559 
vt -39.5341 5.64559 
vt -41.5837 4.72248 
vt -41.5837 4.69748 
vt -41.5289 4.72248 
vt -41.5289 4.69748 
vt -41.5837 4.13343 
vt -41.5837 4.10843 
vt -41.5289 4.13343 
vt -41.5289 4.10843 
vt -39.5341 5.64559 
vt -39.5341 5.64559 
vt -38.9455 5.64559 
vt -38.9352 5.64379 
vt -40.3116 5.64523 
vt -40.9136 5.64379 
vt -40.9195 5.6438 
vt -40.9195 5.6438 
vt -40.9136 5.64379 
vt -41.5238 5.64433 
vt -41.5238 5.64433 
vt -41.5238 5.64433 
vt -41.5238 5.64432 
vt -38.2188 5.64433 
vt -38.2188 5.64433 
vt -40.3316 5.64379 
vt -40.3316 5.64379 
vt -39.525 5.64379 
vt -39.525 5.64379 
vt -40.3268 5.64379 
vt -38.9336 5.6438 
vt -38.2188 5.64433 
vt -40.324 5.6438 
vt -39.5261 5.6438 
vt -38.2188 5.64432 
vt -40.8999 5.64523 
vt -40.3446 5.64523 
vt -40.173 3.19793 
vt -40.173 3.2527 
vt -40.7868 3.19793 
vt -40.7868 3.2527 
vt -38.9204 5.59083 
vt -38.9204 5.64559 
vt -39.5341 5.59083 
vt -39.5341 5.64559 
vt -39.2421 5.59083 
vt -39.2171 5.59083 
vt -39.2421 5.64559 
vt -39.2171 5.64559 
vt -40.7872 3.19793 
vt -40.7622 3.19793 
vt -40.7872 3.2527 
vt -40.7622 3.2527 
vt -40.1981 3.19793 
vt -40.1731 3.19793 
vt -40.1981 3.2527 
vt -40.1731 3.2527 
vt -39.5346 5.59083 
vt -39.5096 5.59083 
vt -39.5346 5.64559 
vt -39.5096 5.64559 
vt -38.9455 5.59083 
vt -38.9205 5.59083 
vt -38.9455 5.64559 
vt -38.9205 5.64559 
vt -40.7188 6.42999 
vt -38.2249 4.10247 
vt -38.1701 4.10247 
vt -38.2249 4.71622 
vt -38.1701 4.71622 
vt -38.2249 4.71667 
vt -38.2249 4.69167 
vt -38.1701 4.71667 
vt -38.1701 4.69167 
vt -38.2249 4.12761 
vt -38.2249 4.10262 
vt -38.1701 4.12761 
vt -38.1701 4.10262 
vt -41.5155 6.15165 
vt -38.6015 3.20061 
vt -38.6015 3.25484 
vt -39.2217 3.20061 
vt -39.2217 3.25484 
vt -40.3116 5.591 
vt -40.3116 5.64523 
vt -40.932 5.591 
vt -40.932 5.64523 
vt -41.5238 5.57978 
vt -41.5238 5.57978 
vt -38.6344 3.20061 
vt -38.6022 3.20061 
vt -38.6344 3.25484 
vt -38.6022 3.25484 
vt -39.2219 3.20061 
vt -39.1898 3.20061 
vt -39.2219 3.25484 
vt -39.1898 3.25484 
vt -40.9321 5.591 
vt -40.8999 5.591 
vt -40.9321 5.64523 
vt -40.8999 5.64523 
vt -40.3446 5.591 
vt -40.3124 5.591 
vt -40.3446 5.64523 
vt -40.3124 5.64523 
vt -38.6182 3.25472 
vt -38.6182 3.2005 
vt -38.1636 3.25472 
vt -38.1636 3.2005 
vt -40.175 3.25472 
vt -40.175 3.2005 
vt -39.216 3.25472 
vt -39.216 3.2005 
vt -41.5785 5.6438 
vt -41.5785 5.58958 
vt -40.9195 5.6438 
vt -40.9195 5.58958 
vt -41.5464 3.25472 
vt -41.5464 3.2005 
vt -40.7829 3.25472 
vt -40.7829 3.2005 
vt -41.578 4.71483 
vt -41.5238 4.71483 
vt -41.578 5.64433 
vt -41.5238 5.64433 
vt -41.578 3.25408 
vt -41.5238 3.25408 
vt -41.578 4.12357 
vt -41.5238 4.12357 
vt -38.2188 4.71138 
vt -38.1645 4.71138 
vt -38.2188 5.64433 
vt -38.1645 5.64433 
vt -38.9336 5.6438 
vt -38.9336 5.58958 
vt -38.1674 5.6438 
vt -38.1674 5.58958 
vt -40.324 5.6438 
vt -40.324 5.58958 
vt -39.5261 5.6438 
vt -39.5261 5.58958 
vt -38.2188 3.25411 
vt -38.1645 3.25411 
vt -38.2188 4.1241 
vt -38.1645 4.1241 
vt -39.525 5.58958 
vt -39.525 5.58958 
vt -39.5261 5.58958 
vt -38.2621 4.44083 
vt -40.4187 6.42999 
vt -39.8191 6.31259 
vt -40.9767 6.43 
vt -41.3691 6.01259 
vt -41.3691 6.08759 
vt -41.3691 6.31259 
vt -39.8191 6.16259 
vt -39.8191 6.23759 
vt -40.0016 6.43 
vt -40.1937 6.43 
vt -39.8514 6.01259 
vt -39.8191 5.71258 
vt -39.8191 6.08759 
vt -40.3438 6.43 
vt -40.5267 6.42999 
vt -40.9017 6.43 
vt -40.3316 5.58958 
vt -40.3268 5.58957 
vt -40.324 5.58958 
vt -39.7984 5.6278 
vt -39.7984 5.6278 
vt -39.7991 6.44077 
vt -39.8066 6.39865 
vt -39.8066 6.39865 
vt -39.8097 5.8663 
vt -39.8097 5.9288 
vt -39.8097 5.9913 
vt -39.8097 6.0538 
vt -39.8097 6.1163 
vt -39.8097 6.1788 
vt -39.8097 6.3038 
vt -39.8097 6.3663 
vt -39.8097 6.2413 
vt -39.8097 5.67879 
vt -39.8097 5.74129 
vt -39.8097 5.8038 
vt -39.8097 5.61629 
vt -41.5786 5.64379 
vt -41.5786 5.58958 
vt -40.9136 5.64379 
vt -40.9136 5.58958 
vt -41.5786 3.25471 
vt -41.5786 3.20049 
vt -40.7799 3.25471 
vt -40.7799 3.20049 
vt -41.578 4.71664 
vt -41.5238 4.71664 
vt -41.578 5.57978 
vt -41.5238 5.57978 
vt -41.578 3.25408 
vt -41.5238 3.25408 
vt -41.578 4.11722 
vt -41.5238 4.11722 
vt -40.3316 5.64379 
vt -40.3316 5.58958 
vt -39.525 5.64379 
vt -39.525 5.58958 
vt -38.2188 4.70892 
vt -38.2188 4.70892 
vt -38.1645 4.70892 
vt -38.2188 5.64433 
vt -38.1645 5.64433 
vt -38.2188 3.23964 
vt -38.1645 3.23964 
vt -38.2188 4.10922 
vt -38.1645 4.10922 
vt -40.1874 3.25471 
vt -40.1874 3.20049 
vt -39.2085 3.25471 
vt -39.2085 3.20049 
vt -38.9352 5.64379 
vt -38.9352 5.58958 
vt -38.1636 5.64379 
vt -38.1636 5.58958 
vt -38.2188 4.71137 
vt -38.6139 3.25471 
vt -38.6139 3.20049 
vt -38.1636 3.25471 
vt -38.1636 3.20049 
vt -41.5238 4.71664 
vt -41.5771 4.10827 
vt -41.5224 4.10827 
vt -41.5771 4.72203 
vt -41.5224 4.72203 
vt -40.173 3.19792 
vt -40.173 3.25269 
vt -40.7868 3.19792 
vt -40.7868 3.25269 
vt -38.9204 5.59082 
vt -38.9204 5.64559 
vt -39.5341 5.59082 
vt -39.5341 5.64559 
vt -38.2182 4.10246 
vt -38.1635 4.10246 
vt -38.2182 4.71622 
vt -38.1635 4.71622 
vt -40.9136 5.58957 
vt -41.3452 6.4689 
vt -41.4202 6.4689 
vt -41.3452 6.39775 
vt -41.4202 6.39775 
vt -39.7984 6.4689 
vt -39.8734 6.4689 
vt -39.7984 6.39775 
vt -39.8734 6.39775 
vt -41.42 5.62779 
vt -41.3484 5.62779 
vt -41.42 6.44709 
vt -41.3484 6.44709 
vt -39.87 5.6278 
vt -39.7984 5.6278 
vt -39.87 6.44709 
vt -39.7984 6.44709 
vt -41.4201 6.46885 
vt -41.4201 6.39865 
vt -39.8066 6.46885 
vt -39.8066 6.39865 
vt -41.3484 5.62779 
vt -39.87 5.6278 
vt -39.8514 6.31259 
vt -39.8191 6.31259 
vt -39.8514 6.35464 
vt -39.8191 6.35464 
vt -41.0187 6.46223 
vt -41.0187 6.43 
vt -40.9767 6.46223 
vt -40.9767 6.43 
vt -41.0938 6.46223 
vt -41.0938 6.43 
vt -41.0518 6.46223 
vt -41.0518 6.43 
vt -41.1687 6.46223 
vt -41.1687 6.43 
vt -41.1267 6.46223 
vt -41.1267 6.43 
vt -41.2438 6.46223 
vt -41.2438 6.43 
vt -41.2018 6.46223 
vt -41.2018 6.43 
vt -41.3187 6.46223 
vt -41.3187 6.43 
vt -41.2767 6.46223 
vt -41.2767 6.43 
vt -41.4014 6.01259 
vt -41.3691 6.01259 
vt -41.4014 6.05464 
vt -41.3691 6.05464 
vt -41.4014 5.78758 
vt -41.3691 5.78758 
vt -41.4014 5.82963 
vt -41.3691 5.82963 
vt -41.4014 5.86259 
vt -41.3691 5.86259 
vt -41.4014 5.90463 
vt -41.3691 5.90463 
vt -41.4014 5.93759 
vt -41.3691 5.93759 
vt -41.4014 5.97963 
vt -41.3691 5.97963 
vt -41.4014 6.08759 
vt -41.3691 6.08759 
vt -41.4014 6.12964 
vt -41.3691 6.12964 
vt -41.4014 6.16259 
vt -41.3691 6.16259 
vt -41.4014 6.20464 
vt -41.3691 6.20464 
vt -41.4014 6.23759 
vt -41.3691 6.23759 
vt -41.4014 6.27964 
vt -41.3691 6.27964 
vt -41.4014 6.31259 
vt -41.3691 6.31259 
vt -41.4014 6.35464 
vt -41.3691 6.35464 
vt -41.4014 5.71258 
vt -41.3691 5.71258 
vt -41.4014 5.75463 
vt -41.3691 5.75463 
vt -39.8514 6.16259 
vt -39.8191 6.16259 
vt -39.8514 6.20464 
vt -39.8191 6.20464 
vt -39.8514 6.23759 
vt -39.8191 6.23759 
vt -39.8514 6.27964 
vt -39.8191 6.27964 
vt -39.9688 6.46223 
vt -39.9688 6.43 
vt -39.9266 6.46223 
vt -39.9266 6.43 
vt -40.0437 6.46223 
vt -40.0437 6.42999 
vt -40.0016 6.46223 
vt -40.0016 6.42999 
vt -40.1188 6.46223 
vt -40.1188 6.42999 
vt -40.0766 6.46223 
vt -40.0766 6.42999 
vt -40.1937 6.46223 
vt -40.1937 6.42999 
vt -40.1517 6.46223 
vt -40.1517 6.42999 
vt -39.8514 6.01259 
vt -39.8191 6.01259 
vt -39.8514 6.05464 
vt -39.8191 6.05464 
vt -39.8514 5.71258 
vt -39.8191 5.71258 
vt -39.8514 5.75463 
vt -39.8191 5.75463 
vt -39.8514 5.78758 
vt -39.8191 5.78758 
vt -39.8514 5.82963 
vt -39.8191 5.82963 
vt -39.8514 5.86259 
vt -39.8191 5.86259 
vt -39.8514 5.90463 
vt -39.8191 5.90463 
vt -39.8514 5.93759 
vt -39.8191 5.93759 
vt -39.8514 5.97963 
vt -39.8191 5.97963 
vt -39.8514 6.08759 
vt -39.8191 6.08759 
vt -39.8514 6.12964 
vt -39.8191 6.12964 
vt -40.2687 6.46223 
vt -40.2687 6.42999 
vt -40.2267 6.46223 
vt -40.2267 6.42999 
vt -40.3438 6.46223 
vt -40.3438 6.42999 
vt -40.3018 6.46223 
vt -40.3018 6.42999 
vt -40.4187 6.46223 
vt -40.4187 6.42999 
vt -40.3767 6.46223 
vt -40.3767 6.42999 
vt -40.4938 6.46223 
vt -40.4938 6.42999 
vt -40.4518 6.46223 
vt -40.4518 6.42999 
vt -40.5687 6.46223 
vt -40.5687 6.42999 
vt -40.5267 6.46223 
vt -40.5267 6.42999 
vt -40.6437 6.46223 
vt -40.6437 6.42999 
vt -40.6017 6.46223 
vt -40.6017 6.42999 
vt -40.7188 6.46223 
vt -40.7188 6.42999 
vt -40.6768 6.46223 
vt -40.6768 6.42999 
vt -40.7937 6.46223 
vt -40.7937 6.42999 
vt -40.7517 6.46223 
vt -40.7517 6.42999 
vt -40.8688 6.46223 
vt -40.8688 6.42999 
vt -40.8268 6.46223 
vt -40.8268 6.42999 
vt -40.9437 6.46223 
vt -40.9437 6.43 
vt -40.9017 6.46223 
vt -40.9017 6.43 
vt -41.5435 3.25471 
vt -41.5435 3.20049 
vt -39.2052 3.25471 
vt -39.2052 3.20049 
vt -41.5786 5.64379 
vt -41.5786 5.58957 
vt -40.9136 5.64379 
vt -40.9136 5.58957 
vt -41.578 3.25407 
vt -41.5238 3.25407 
vt -41.578 5.64433 
vt -41.5238 5.64433 
vt -38.2188 3.25407 
vt -38.1646 3.25407 
vt -38.2188 5.64433 
vt -38.1646 5.64433 
vt -40.3268 5.64379 
vt -40.3268 5.58957 
vt -38.1636 5.64379 
vt -38.1636 5.58957 
vt -38.6092 3.25471 
vt -38.6092 3.20049 
vt -38.1636 3.25471 
vt -38.1636 3.20049 
vt -40.173 3.2527 
vt -39.8671 5.6278 
vt -38.9352 5.58958 
vt -40.9136 5.58958 
vt -41.5238 4.11722 
vt -41.5286 4.72203 
vt -38.2245 4.71622 
vt -40.3116 5.591 
vt -40.3116 5.591 
vt -40.3116 5.64523 
vt -40.932 5.591 
vt -40.932 5.64523 
vt -38.6015 3.20061 
vt -38.6015 3.25483 
vt -39.2217 3.20061 
vt -39.2217 3.25483 
vt -41.578 3.26695 
vt -41.5238 3.26695 
vt -41.578 5.65723 
vt -41.5238 5.65723 
vt -41.5786 5.65669 
vt -41.5786 5.60247 
vt -38.1636 5.65669 
vt -38.1636 5.60247 
vt -38.2188 3.26695 
vt -38.1645 3.26695 
vt -38.2188 5.65723 
vt -38.1645 5.65723 
vt -41.5786 3.2676 
vt -41.5786 3.21338 
vt -38.1636 3.2676 
vt -38.1636 3.21338 
vt -41.4114 6.48179 
vt -41.4114 6.44077 
vt -39.7991 6.48179 
vt -39.7991 6.44077 
vt -41.3705 5.92053 
vt -41.3705 5.8663 
vt -39.8097 5.92053 
vt -39.8097 5.8663 
vt -41.3705 5.98302 
vt -41.3705 5.9288 
vt -39.8097 5.98302 
vt -39.8097 5.9288 
vt -41.3705 6.04553 
vt -41.3705 5.9913 
vt -39.8097 6.04553 
vt -39.8097 5.9913 
vt -41.3705 6.10803 
vt -41.3705 6.0538 
vt -39.8097 6.10803 
vt -39.8097 6.0538 
vt -41.3705 6.17053 
vt -41.3705 6.1163 
vt -39.8097 6.17053 
vt -39.8097 6.1163 
vt -41.3705 6.23303 
vt -41.3705 6.1788 
vt -39.8097 6.23303 
vt -39.8097 6.1788 
vt -41.3705 6.35803 
vt -41.3705 6.3038 
vt -39.8097 6.35803 
vt -39.8097 6.3038 
vt -41.3705 6.42053 
vt -41.3705 6.3663 
vt -39.8097 6.42053 
vt -39.8097 6.3663 
vt -41.3705 6.29553 
vt -41.3705 6.2413 
vt -39.8097 6.29553 
vt -39.8097 6.2413 
vt -41.3705 5.73302 
vt -41.3705 5.67879 
vt -39.8097 5.73302 
vt -39.8097 5.67879 
vt -41.3705 5.79552 
vt -41.3705 5.74129 
vt -39.8097 5.79552 
vt -39.8097 5.74129 
vt -41.3705 5.85802 
vt -41.3705 5.8038 
vt -39.8097 5.85802 
vt -39.8097 5.8038 
vt -41.3705 5.67052 
vt -41.3705 5.61629 
vt -39.8097 5.67052 
vt -39.8097 5.61629 
vt -38.213 3.587 
vt -38.213 3.64122 
vt -41.5296 3.587 
vt -41.5296 3.64122 
vt -38.213 3.5245 
vt -38.213 3.57872 
vt -41.5296 3.5245 
vt -41.5296 3.57872 
vt -38.213 3.337 
vt -38.213 3.39122 
vt -41.5296 3.337 
vt -41.5296 3.39122 
vt -38.213 3.2745 
vt -38.213 3.32872 
vt -41.5296 3.2745 
vt -41.5296 3.32872 
vt -38.213 3.3995 
vt -38.213 3.45372 
vt -41.5296 3.3995 
vt -41.5296 3.45372 
vt -38.213 3.837 
vt -38.213 3.89122 
vt -41.5296 3.837 
vt -41.5296 3.89122 
vt -38.213 5.462 
vt -38.213 5.51623 
vt -41.5296 5.462 
vt -41.5296 5.51623 
vt -38.213 5.087 
vt -38.213 5.14123 
vt -41.5296 5.087 
vt -41.5296 5.14123 
vt -38.213 4.087 
vt -38.213 4.14123 
vt -41.5296 4.087 
vt -41.5296 4.14123 
vt -38.213 4.837 
vt -38.213 4.89123 
vt -41.5296 4.837 
vt -41.5296 4.89123 
vt -38.213 4.0245 
vt -38.213 4.07872 
vt -41.5296 4.0245 
vt -41.5296 4.07872 
vt -38.213 4.7745 
vt -38.213 4.82873 
vt -41.5296 4.7745 
vt -41.5296 4.82873 
vt -38.213 4.587 
vt -38.213 4.64123 
vt -41.5296 4.587 
vt -41.5296 4.64123 
vt -38.213 5.2745 
vt -38.213 5.32873 
vt -41.5296 5.2745 
vt -41.5296 5.32873 
vt -38.213 3.6495 
vt -38.213 3.70372 
vt -41.5296 3.6495 
vt -41.5296 3.70372 
vt -38.213 4.462 
vt -38.213 4.51623 
vt -41.5296 4.462 
vt -41.5296 4.51623 
vt -38.213 4.3995 
vt -38.213 4.45373 
vt -41.5296 4.3995 
vt -41.5296 4.45373 
vt -38.213 4.337 
vt -38.213 4.39123 
vt -41.5296 4.337 
vt -41.5296 4.39123 
vt -38.213 4.1495 
vt -38.213 4.20373 
vt -41.5296 4.1495 
vt -41.5296 4.20373 
vt -38.213 3.712 
vt -38.213 3.76622 
vt -41.5296 3.712 
vt -41.5296 3.76622 
vt -38.213 4.212 
vt -38.213 4.26623 
vt -41.5296 4.212 
vt -41.5296 4.26623 
vt -38.213 5.337 
vt -38.213 5.39123 
vt -41.5296 5.337 
vt -41.5296 5.39123 
vt -38.213 3.8995 
vt -38.213 3.95372 
vt -41.5296 3.8995 
vt -41.5296 3.95372 
vt -38.213 4.5245 
vt -38.213 4.57873 
vt -41.5296 4.5245 
vt -41.5296 4.57873 
vt -38.213 3.7745 
vt -38.213 3.82872 
vt -41.5296 3.7745 
vt -41.5296 3.82872 
vt -38.213 5.5245 
vt -38.213 5.57873 
vt -41.5296 5.5245 
vt -41.5296 5.57873 
vt -38.213 4.962 
vt -38.213 5.01623 
vt -41.5296 4.962 
vt -41.5296 5.01623 
vt -38.213 4.6495 
vt -38.213 4.70373 
vt -41.5296 4.6495 
vt -41.5296 4.70373 
vt -38.213 5.3995 
vt -38.213 5.45373 
vt -41.5296 5.3995 
vt -41.5296 5.45373 
vt -38.213 3.962 
vt -38.213 4.01622 
vt -41.5296 3.962 
vt -41.5296 4.01622 
vt -38.213 5.0245 
vt -38.213 5.07873 
vt -41.5296 5.0245 
vt -41.5296 5.07873 
vt -38.213 5.1495 
vt -38.213 5.20373 
vt -41.5296 5.1495 
vt -41.5296 5.20373 
vt -38.213 4.8995 
vt -38.213 4.95373 
vt -41.5296 4.8995 
vt -41.5296 4.95373 
vt -38.213 4.2745 
vt -38.213 4.32873 
vt -41.5296 4.2745 
vt -41.5296 4.32873 
vt -38.213 5.212 
vt -38.213 5.26623 
vt -41.5296 5.212 
vt -41.5296 5.26623 
vt -38.213 4.712 
vt -38.213 4.76623 
vt -41.5296 4.712 
vt -41.5296 4.76623 
vt -38.213 5.58702 
vt -38.213 5.64123 
vt -41.5296 5.58702 
vt -41.5296 5.64123 
vt -38.213 3.462 
vt -38.213 3.51622 
vt -41.5296 3.462 
vt -41.5296 3.51622 
vt -40.5949 3.26695 
vt -40.5385 3.26695 
vt -40.5949 6.44473 
vt -40.5385 6.44473 
vt -41.1982 3.26695 
vt -41.1351 3.26695 
vt -41.1982 6.44473 
vt -41.1351 6.44473 
vt -40.4062 3.26695 
vt -40.3521 3.26695 
vt -40.4062 6.44473 
vt -40.3521 6.44473 
vt -40.7812 3.26695 
vt -40.7271 3.26695 
vt -40.7812 6.44473 
vt -40.7271 6.44473 
vt -40.1813 3.26695 
vt -40.1271 3.26695 
vt -40.1813 6.46973 
vt -40.1271 6.46973 
vt -38.9812 3.26695 
vt -38.927 3.26695 
vt -38.9812 5.65723 
vt -38.927 5.65723 
vt -41.4062 3.26695 
vt -41.3271 3.26695 
vt -41.4062 6.41973 
vt -41.3271 6.41973 
vt -39.3937 3.26695 
vt -39.3395 3.26695 
vt -39.3937 5.65723 
vt -39.3395 5.65723 
vt -40.9688 3.26695 
vt -40.9146 3.26695 
vt -40.9688 6.44473 
vt -40.9146 6.44473 
vt -39.2062 3.26695 
vt -39.152 3.26695 
vt -39.2062 5.65723 
vt -39.152 5.65723 
vt -39.6188 3.26695 
vt -39.5645 3.26695 
vt -39.6188 5.65723 
vt -39.5645 5.65723 
vt -39.8063 3.26695 
vt -39.7521 3.26695 
vt -39.8063 5.65723 
vt -39.7521 5.65723 
vt -38.7937 3.26695 
vt -38.7395 3.26695 
vt -38.7937 5.65723 
vt -38.7395 5.65723 
vt -39.9938 3.26695 
vt -39.9396 3.26695 
vt -39.9938 6.44473 
vt -39.9396 6.44473 
vt -38.3812 3.26695 
vt -38.327 3.26695 
vt -38.3812 5.65723 
vt -38.327 5.65723 
vt -38.5687 3.26695 
vt -38.5145 3.26695 
vt -38.5687 5.65723 
vt -38.5145 5.65723 
vt -38.6651 3.18294 
vt -39.1585 3.18294 
vt -38.6651 3.08771 
vt -39.1585 3.08771 
vt -38.6673 3.08761 
vt -39.1606 3.08761 
vt -38.6673 2.99238 
vt -39.1606 2.99238 
vt -39.5341 5.59083 
vt -38.6651 2.99249 
vt -39.1585 2.99249 
vt -38.6651 2.89726 
vt -39.1585 2.89727 
vt -41.5238 4.12357 
vt -38.6651 2.89727 
vt -39.171 2.89727 
vt -38.6651 2.80204 
vt -39.171 2.80204 
vt -38.6777 3.23567 
vt -38.6777 3.19129 
vt -38.6301 3.23567 
vt -38.6301 3.19129 
vt -39.1955 3.23567 
vt -39.1955 3.19129 
vt -39.1479 3.23567 
vt -39.1479 3.19129 
vt -41.6869 5.93651 
vt -41.6869 5.86151 
vt -41.6852 4.88976 
vt -41.6852 4.81301 
vt -41.672 5.00076 
vt -41.672 4.92576 
vt -41.672 4.88826 
vt -38.2621 5.93651 
vt -38.108 5.00076 
vt -41.6273 5.23038 
vt -41.6273 3.27576 
vt -41.6273 5.23038 
vt -41.6273 3.27576 
vt -41.606 4.68613 
vt -41.6064 4.66113 
vt -41.6126 4.20551 
vt -41.6126 4.20551 
vt -41.606 4.68188 
vt -41.6125 4.22838 
vt -41.6125 5.12213 
vt -41.6125 4.86663 
vt -41.6125 3.65838 
vt -41.6116 4.26063 
vt -41.6116 3.69063 
vt -41.6116 3.65838 
vt -41.6116 3.69063 
vt -41.6116 4.26076 
vt -41.6116 4.22851 
vt -41.6116 4.26076 
vt -41.6116 4.56651 
vt -41.6116 5.08988 
vt -41.6116 4.83451 
vt -41.6116 4.86663 
vt -41.6116 4.83438 
vt -41.6125 3.69051 
vt -41.6125 3.65838 
vt -41.111 3.64213 
vt -40.6176 3.64213 
vt -41.5742 5.13988 
vt -41.5742 5.07238 
vt -41.5631 3.66276 
vt -41.5631 3.66263 
vt -38.9894 4.66713 
vt -40.5544 4.63926 
vt -39.6011 4.56651 
vt -40.5601 4.59876 
vt -38.2298 4.56651 
vt -41.1739 3.66688 
vt -41.1416 3.66688 
vt -41.1746 3.69938 
vt -40.5544 3.66713 
vt -40.5544 3.69938 
vt -38.1981 4.83438 
vt -41.5574 3.69063 
vt -38.0892 5.86151 
vt -38.0895 5.93601 
vt -38.0895 4.89088 
vt -38.0895 4.81413 
vt -38.0931 4.92588 
vt -38.0931 4.81188 
vt -38.108 4.92576 
vt -38.1813 5.23038 
vt -38.1813 3.27576 
vt -38.1813 5.23038 
vt -38.1813 3.27576 
vt -38.3647 3.65101 
vt -38.3647 3.68326 
vt -39.977 3.65101 
vt -39.977 3.68326 
vt -38.1975 4.26076 
vt -38.1975 4.22851 
vt -38.1975 4.26076 
vt -38.1975 4.22851 
vt -38.1976 4.56651 
vt -38.1976 5.12213 
vt -38.1976 5.08988 
vt -38.1976 4.86663 
vt -38.1975 3.69063 
vt -38.1975 3.69063 
vt -38.1975 3.65838 
vt -38.1981 3.65838 
vt -38.1981 3.69051 
vt -38.1981 4.22851 
vt -38.1981 4.83438 
vt -38.1981 4.22851 
vt -38.1981 4.26076 
vt -38.1924 4.68188 
vt -38.199 4.20551 
vt -38.199 4.20551 
vt -38.1924 4.68188 
vt -38.1924 4.68188 
vt -38.1992 4.18488 
vt -39.649 3.67101 
vt -39.649 3.65838 
vt -39.5949 3.67101 
vt -39.5949 3.65838 
vt -39.9027 4.05201 
vt -39.9777 4.05201 
vt -39.9027 3.27576 
vt -39.9777 3.27576 
vt -38.3559 4.06326 
vt -38.4309 4.06326 
vt -38.3559 3.27576 
vt -38.4309 3.27576 
vt -38.356 4.00351 
vt -38.356 4.03563 
vt -39.9695 4.00351 
vt -39.9695 4.03563 
vt -38.7994 3.66276 
vt -38.7574 3.66276 
vt -38.7994 4.00888 
vt -38.7574 4.00888 
vt -38.7244 3.66276 
vt -38.6824 3.66276 
vt -38.7244 4.00888 
vt -38.6824 4.00888 
vt -38.6494 3.66276 
vt -38.6074 3.66276 
vt -38.6494 4.00888 
vt -38.6074 4.00888 
vt -38.5744 3.66276 
vt -38.5324 3.66276 
vt -38.5744 4.00888 
vt -38.5324 4.00888 
vt -38.4994 3.66276 
vt -38.4574 3.66276 
vt -38.4994 4.00888 
vt -38.4574 4.00888 
vt -39.8495 3.66276 
vt -39.8074 3.66276 
vt -39.8495 4.00888 
vt -39.8074 4.00888 
vt -39.7745 3.66276 
vt -39.7324 3.66276 
vt -39.7745 4.00888 
vt -39.7324 4.00888 
vt -39.6995 3.66276 
vt -39.6574 3.66276 
vt -39.6995 4.00888 
vt -39.6574 4.00888 
vt -39.6244 3.66276 
vt -39.5824 3.66276 
vt -39.6244 4.00888 
vt -39.5824 4.00888 
vt -39.5494 3.66276 
vt -39.5074 3.66276 
vt -39.5494 4.00888 
vt -39.5074 4.00888 
vt -39.4744 3.66276 
vt -39.4324 3.66276 
vt -39.4744 4.00888 
vt -39.4324 4.00888 
vt -39.3994 3.66276 
vt -39.3574 3.66276 
vt -39.3994 4.00888 
vt -39.3574 4.00888 
vt -39.3244 3.66276 
vt -39.2824 3.66276 
vt -39.3244 4.00888 
vt -39.2824 4.00888 
vt -39.2494 3.66276 
vt -39.2074 3.66276 
vt -39.2494 4.00888 
vt -39.2074 4.00888 
vt -39.1744 3.66276 
vt -39.1324 3.66276 
vt -39.1744 4.00888 
vt -39.1324 4.00888 
vt -39.0994 3.66276 
vt -39.0574 3.66276 
vt -39.0994 4.00888 
vt -39.0574 4.00888 
vt -39.0244 3.66276 
vt -38.9824 3.66276 
vt -39.0244 4.00888 
vt -38.9824 4.00888 
vt -38.9494 3.66276 
vt -38.9074 3.66276 
vt -38.9494 4.00888 
vt -38.9074 4.00888 
vt -38.8744 3.66276 
vt -38.8324 3.66276 
vt -38.8744 4.00888 
vt -38.8324 4.00888 
vt -38.4277 4.03563 
vt -38.4277 4.00351 
vt -38.3561 4.03563 
vt -38.3561 4.00351 
vt -39.9777 4.03563 
vt -39.9777 4.00351 
vt -39.9061 4.03563 
vt -39.9061 4.00351 
vt -39.424 3.67101 
vt -39.424 3.65838 
vt -39.3699 3.67101 
vt -39.3699 3.65838 
vt -39.2376 3.67126 
vt -39.2376 3.65813 
vt -39.1813 3.67126 
vt -39.1813 3.65813 
vt -39.049 3.67101 
vt -39.049 3.65838 
vt -38.9949 3.67101 
vt -38.9949 3.65838 
vt -38.641 3.67213 
vt -38.641 3.65726 
vt -38.5779 3.67213 
vt -38.5779 3.65726 
vt -38.8615 3.67101 
vt -38.8615 3.65838 
vt -38.8074 3.67101 
vt -38.8074 3.65838 
vt -39.8365 3.67101 
vt -39.8365 3.65838 
vt -39.7824 3.67101 
vt -39.7824 3.65838 
vt -38.2371 5.13988 
vt -38.2371 5.07238 
vt -38.2465 3.66276 
vt -38.4056 3.66351 
vt -38.4056 3.68113 
vt -39.9664 3.66351 
vt -39.9664 3.68113 
vt -38.449 3.67101 
vt -38.449 3.65838 
vt -38.3699 3.67101 
vt -38.3699 3.65838 
vt -41.1746 4.63926 
vt -41.1746 4.60701 
vt -41.5143 5.93601 
vt -38.4056 3.66351 
vt -38.4056 3.68113 
vt -39.9664 3.66351 
vt -39.9664 3.68113 
vt -39.957 3.66276 
vt -39.9248 3.66276 
vt -39.957 4.00888 
vt -39.9248 4.00888 
vt -38.407 3.66276 
vt -38.3747 3.66276 
vt -38.407 4.00888 
vt -38.3747 4.00888 
vt -41.111 3.38026 
vt -41.111 3.35638 
vt -41.1089 3.57063 
vt -41.1089 3.54688 
vt -41.5143 4.88976 
vt -38.2606 4.89088 
vt -38.3561 4.79576 
vt -38.3559 4.96326 
vt -38.3559 3.66663 
vt -38.4056 3.66351 
vt -38.4056 3.68113 
vt -39.9664 3.66351 
vt -39.9664 3.68113 
vt -38.407 3.66276 
vt -38.3747 3.66276 
vt -38.407 4.00888 
vt -38.3747 4.00888 
vt -39.957 3.66276 
vt -39.9248 3.66276 
vt -39.957 4.00888 
vt -39.9248 4.00888 
vt -38.4056 3.68113 
vt -38.4056 3.66351 
vt -38.4056 3.68113 
vt -38.4056 3.66351 
vt -38.4056 3.66351 
vt -38.4056 3.68113 
vt -38.4056 3.66351 
vt -38.4056 3.66351 
vt -38.4056 3.68113 
vt -38.4056 3.68113 
vt -38.4056 3.66351 
vt -38.4056 3.68113 
vt -38.4056 3.66351 
vt -38.4056 3.68113 
vt -39.9664 3.66351 
vt -39.9664 3.68113 
vt -38.4574 4.00888 
vt -38.407 3.66276 
vt -38.3747 3.66276 
vt -38.407 4.00888 
vt -38.3747 4.00888 
vt -39.957 3.66276 
vt -39.9248 3.66276 
vt -39.957 4.00888 
vt -39.9248 4.00888 
vt -38.2562 5.23038 
vt -38.2562 5.23038 
vt -41.5524 5.23038 
vt -41.5524 5.23038 
vt -38.4056 3.66351 
vt -38.4056 3.68113 
vt -39.9664 3.66351 
vt -39.9664 3.68113 
vt -38.5324 3.66276 
vt -38.407 3.66276 
vt -38.3747 3.66276 
vt -38.407 4.00888 
vt -38.3747 4.00888 
vt -39.957 3.66276 
vt -39.9248 3.66276 
vt -39.957 4.00888 
vt -39.9248 4.00888 
vt -38.4056 3.66351 
vt -38.4056 3.68113 
vt -39.9664 3.66351 
vt -39.9664 3.68113 
vt -40.8558 4.21001 
vt -40.8558 4.69063 
vt -40.8558 4.66563 
vt -39.9027 4.95201 
vt -39.9777 4.95201 
vt -39.9027 3.67776 
vt -39.9777 3.67776 
vt -38.3559 4.96326 
vt -38.4309 4.96326 
vt -38.3559 3.66663 
vt -38.4309 3.66663 
vt -38.2524 5.12213 
vt -41.5574 5.12213 
vt -38.407 3.66276 
vt -38.3747 3.66276 
vt -38.407 4.00888 
vt -38.3747 4.00888 
vt -39.957 3.66276 
vt -39.9248 3.66276 
vt -39.957 4.00888 
vt -39.9248 4.00888 
vt -38.4056 3.66351 
vt -38.4056 3.68113 
vt -39.9664 3.66351 
vt -39.9664 3.68113 
vt -40.5806 3.78101 
vt -39.976 4.79576 
vt -39.976 4.76351 
vt -39.909 4.79576 
vt -39.909 4.76351 
vt -38.4277 4.79576 
vt -38.4277 4.76351 
vt -38.3561 4.79576 
vt -38.3561 4.76351 
vt -38.4056 3.66351 
vt -38.4056 3.68113 
vt -39.9664 3.66351 
vt -39.9664 3.68113 
vt -38.407 3.66276 
vt -38.3747 3.66276 
vt -38.407 4.00888 
vt -38.3747 4.00888 
vt -39.957 3.66276 
vt -39.9248 3.66276 
vt -39.957 4.00888 
vt -39.9248 4.00888 
vt -38.4056 3.66351 
vt -38.4056 3.68113 
vt -39.9664 3.66351 
vt -39.9664 3.68113 
vt -38.7574 3.66276 
vt -38.7574 4.00888 
vt -38.407 3.66276 
vt -38.3747 3.66276 
vt -38.407 4.00888 
vt -38.3747 4.00888 
vt -39.957 3.66276 
vt -39.9248 3.66276 
vt -39.957 4.00888 
vt -39.9248 4.00888 
vt -39.9777 4.95201 
vt -40.6283 3.73663 
vt -38.4056 3.66351 
vt -38.4056 3.68113 
vt -39.9664 3.66351 
vt -39.9664 3.68113 
vt -38.8441 3.69938 
vt -38.8441 3.66713 
vt -38.8441 4.63926 
vt -38.407 3.66276 
vt -38.3747 3.66276 
vt -38.407 4.00888 
vt -38.3747 4.00888 
vt -39.957 3.66276 
vt -39.9248 3.66276 
vt -39.957 4.00888 
vt -39.9248 4.00888 
vt -41.5512 4.68538 
vt -41.5579 4.20476 
vt -38.2524 4.86663 
vt -41.5574 4.86663 
vt -38.2537 4.20626 
vt -40.559 4.68638 
vt -40.559 4.18951 
vt -40.5601 4.56651 
vt -38.4056 3.66351 
vt -38.4056 3.68113 
vt -39.9664 3.66351 
vt -39.9664 3.68113 
vt -38.9074 4.00888 
vt -38.407 3.66276 
vt -38.3747 3.66276 
vt -38.407 4.00888 
vt -38.3747 4.00888 
vt -39.957 3.66276 
vt -39.9248 3.66276 
vt -39.957 4.00888 
vt -39.9248 4.00888 
vt -38.4056 3.66351 
vt -38.4056 3.68113 
vt -39.9664 3.66351 
vt -39.9664 3.68113 
vt -39.9027 3.27576 
vt -38.2562 3.27576 
vt -38.2562 3.27576 
vt -41.5522 3.27576 
vt -41.5522 3.27576 
vt -38.9824 3.66276 
vt -38.9824 4.00888 
vt -38.4056 3.66351 
vt -38.4056 3.68113 
vt -39.9664 3.66351 
vt -39.9664 3.68113 
vt -40.8491 3.67101 
vt -40.8491 3.65838 
vt -40.7949 3.67101 
vt -40.7949 3.65838 
vt -40.4366 3.67101 
vt -40.4366 3.65838 
vt -40.3824 3.67101 
vt -40.3824 3.65838 
vt -38.2524 3.69051 
vt -38.2524 3.65838 
vt -38.1981 3.69051 
vt -38.1981 3.65838 
vt -40.6241 3.67101 
vt -40.6241 3.65838 
vt -40.5699 3.67101 
vt -40.5699 3.65838 
vt -40.2116 3.67101 
vt -40.2116 3.65838 
vt -40.1574 3.67101 
vt -40.1574 3.65838 
vt -38.1975 3.65838 
vt -38.1975 3.69063 
vt -41.6125 3.65838 
vt -41.6125 3.69063 
vt -41.6116 3.69063 
vt -41.6116 3.65838 
vt -41.5574 3.69063 
vt -41.5574 3.65838 
vt -40.024 3.67101 
vt -40.024 3.65838 
vt -39.9699 3.67101 
vt -39.9699 3.65838 
vt -41.0366 3.67101 
vt -41.0366 3.65838 
vt -40.9824 3.67101 
vt -40.9824 3.65838 
vt -41.4491 3.67101 
vt -41.4491 3.65838 
vt -41.3949 3.67101 
vt -41.3949 3.65838 
vt -41.2616 3.67101 
vt -41.2616 3.65838 
vt -41.2074 3.67101 
vt -41.2074 3.65838 
vt -38.1813 5.23038 
vt -38.2562 5.23038 
vt -38.1813 3.27576 
vt -38.2562 3.27576 
vt -41.5524 5.23038 
vt -41.6273 5.23038 
vt -41.5522 3.27576 
vt -41.6273 3.27576 
vt -38.2471 4.68688 
vt -40.534 4.68638 
vt -40.559 4.68638 
vt -40.534 4.18951 
vt -40.559 4.18951 
vt -40.8558 4.21001 
vt -40.8558 4.18501 
vt -40.242 4.21001 
vt -40.242 4.18501 
vt -38.2472 4.68263 
vt -40.2415 4.68638 
vt -40.2665 4.68638 
vt -40.2415 4.18951 
vt -40.2665 4.18951 
vt -40.8558 4.69063 
vt -40.8558 4.66563 
vt -40.242 4.69063 
vt -40.242 4.66563 
vt -40.8306 4.68638 
vt -40.8556 4.68638 
vt -40.8306 4.18951 
vt -40.8556 4.18951 
vt -40.8409 4.22838 
vt -40.8409 4.26063 
vt -41.6125 4.22838 
vt -41.6125 4.26063 
vt -39.4645 3.69938 
vt -39.4645 3.66713 
vt -38.8441 3.69938 
vt -38.8441 3.66713 
vt -38.1975 4.22851 
vt -38.1975 4.26076 
vt -38.8625 4.22851 
vt -38.8625 4.26076 
vt -38.1976 4.56651 
vt -38.1976 4.59876 
vt -38.8566 4.56651 
vt -38.8566 4.59876 
vt -38.1975 3.94588 
vt -38.1975 3.97813 
vt -38.8625 3.94588 
vt -38.8625 3.97813 
vt -38.2524 3.97813 
vt -38.2524 3.94588 
vt -38.1981 3.97813 
vt -38.1981 3.94588 
vt -38.2524 4.59876 
vt -38.2524 4.56651 
vt -38.1981 4.59876 
vt -38.1981 4.56651 
vt -38.2524 5.12213 
vt -38.2524 5.08988 
vt -38.1981 5.12213 
vt -38.1981 5.08988 
vt -38.2524 4.86663 
vt -38.2524 4.83438 
vt -38.1981 4.86663 
vt -38.1981 4.83438 
vt -41.6116 4.59863 
vt -41.6116 4.56651 
vt -41.5574 4.59863 
vt -41.5574 4.56651 
vt -41.6115 3.97813 
vt -41.6115 3.94588 
vt -41.5574 3.97813 
vt -41.5574 3.94588 
vt -38.1976 5.08988 
vt -38.1976 5.12213 
vt -41.6125 5.08988 
vt -41.6125 5.12213 
vt -39.4445 4.22851 
vt -39.4445 4.26063 
vt -40.2511 4.22851 
vt -40.2511 4.26063 
vt -38.1976 4.83451 
vt -38.1976 4.86663 
vt -41.6125 4.83438 
vt -41.6125 4.86663 
vt -39.4494 3.94588 
vt -39.4494 3.97813 
vt -41.6125 3.94588 
vt -41.6125 3.97813 
vt -40.8425 4.56651 
vt -40.8425 4.59863 
vt -41.6087 4.56638 
vt -41.6087 4.59863 
vt -41.6116 4.26063 
vt -41.6116 4.22838 
vt -41.5574 4.26063 
vt -41.5574 4.22838 
vt -39.4521 4.56651 
vt -39.4521 4.59876 
vt -40.25 4.56651 
vt -40.25 4.59863 
vt -41.6116 5.12213 
vt -41.6116 5.08988 
vt -41.5574 5.12213 
vt -41.5574 5.08988 
vt -41.6116 4.86663 
vt -41.6116 4.83438 
vt -41.5574 4.86663 
vt -41.5574 4.83438 
vt -38.844 4.62938 
vt -38.8763 4.62938 
vt -38.844 3.66688 
vt -38.8763 3.66688 
vt -39.4315 4.62938 
vt -39.4637 4.62938 
vt -39.4315 3.66688 
vt -39.4637 3.66688 
vt -39.4645 4.63926 
vt -39.4645 4.60701 
vt -38.8441 4.63926 
vt -38.8441 4.60701 
vt -41.5631 3.67538 
vt -41.5631 3.66263 
vt -38.2465 3.67538 
vt -38.2465 3.66276 
vt -39.0574 3.66276 
vt -40.6051 3.35638 
vt -41.5512 4.68113 
vt -38.0931 4.88863 
vt -41.6756 4.88863 
vt -38.0931 4.81188 
vt -41.6756 4.81188 
vt -41.5143 4.88976 
vt -41.6852 4.88976 
vt -41.5143 4.81301 
vt -41.6852 4.81301 
vt -38.0895 4.89088 
vt -38.2606 4.89088 
vt -38.0895 4.81413 
vt -38.2606 4.81413 
vt -40.5544 4.63926 
vt -38.2524 4.26063 
vt -38.2524 4.22851 
vt -38.1981 4.26063 
vt -38.1981 4.22851 
vt -41.5631 3.67538 
vt -41.5631 3.66263 
vt -38.2465 3.67538 
vt -38.2465 3.66276 
vt -39.1324 3.66276 
vt -39.1324 4.00888 
vt -41.5631 3.67538 
vt -41.5631 3.66263 
vt -38.2465 3.67538 
vt -38.2465 3.66276 
vt -38.0892 5.93651 
vt -38.2621 5.93651 
vt -38.0892 5.86151 
vt -38.2621 5.86151 
vt -41.514 5.93651 
vt -41.6869 5.93651 
vt -41.514 5.86151 
vt -41.6869 5.86151 
vt -41.5631 3.67538 
vt -41.5631 3.66263 
vt -38.2465 3.67538 
vt -38.2465 3.66276 
vt -40.6155 3.54688 
vt -41.5631 3.67538 
vt -41.5631 3.66263 
vt -38.2465 3.67538 
vt -38.2465 3.66276 
vt -39.2824 4.00888 
vt -41.5631 3.67538 
vt -41.5631 3.66263 
vt -38.2465 3.67538 
vt -38.2465 3.66276 
vt -39.3574 3.66276 
vt -39.3574 4.00888 
vt -38.7994 3.66276 
vt -38.407 3.66276 
vt -39.8074 3.66276 
vt -39.6995 3.66276 
vt -39.5824 3.66276 
vt -39.957 3.66276 
vt -39.957 3.66276 
vt -39.957 3.66276 
vt -39.957 3.66276 
vt -39.2494 3.66276 
vt -39.0244 3.66276 
vt -38.8744 3.66276 
vt -40.5544 3.66713 
vt -41.5631 3.67538 
vt -41.5631 3.66263 
vt -38.2465 3.67538 
vt -38.2465 3.66276 
vt -39.9695 4.03563 
vt -39.9664 3.68113 
vt -39.9664 3.68113 
vt -39.9664 3.68113 
vt -39.9664 3.68113 
vt -39.9664 3.68113 
vt -38.2524 4.26076 
vt -41.5631 3.67538 
vt -41.5631 3.66276 
vt -38.2465 3.67538 
vt -38.2465 3.66276 
vt -41.5574 4.26076 
vt -41.1622 4.26076 
vt -38.2524 4.22851 
vt -38.2537 4.20626 
vt -39.5074 4.00888 
vt -41.5631 3.67538 
vt -41.5631 3.66276 
vt -38.2465 3.67538 
vt -38.2465 3.66276 
vt -41.5579 4.20476 
vt -41.5631 3.67538 
vt -41.5631 3.66276 
vt -38.2465 3.67538 
vt -38.2465 3.66276 
vt -41.5631 3.67538 
vt -41.5631 3.66276 
vt -38.2465 3.67538 
vt -38.2465 3.66276 
vt -41.5631 3.67538 
vt -41.5631 3.66276 
vt -38.2465 3.67538 
vt -38.2465 3.66276 
vt -38.6494 4.00888 
vt -39.6995 4.00888 
vt -39.4744 4.00888 
vt -39.2494 4.00888 
vt -39.1744 4.00888 
vt -38.8744 4.00888 
vt -41.5631 3.67538 
vt -41.5631 3.66276 
vt -38.2465 3.67538 
vt -38.2465 3.66276 
vt -39.6031 4.66713 
vt -41.5631 3.67538 
vt -41.5631 3.66276 
vt -38.2465 3.67538 
vt -38.2465 3.66276 
vt -38.254 4.18563 
vt -41.5631 3.67538 
vt -41.5631 3.66276 
vt -38.2465 3.67538 
vt -38.2465 3.66276 
vt -38.2524 4.22851 
vt -38.2471 4.68688 
vt -38.2475 4.66188 
vt -38.1924 4.68613 
vt -38.1927 4.66113 
vt -38.1924 4.68188 
vt -38.2472 4.68263 
vt -38.1992 4.18488 
vt -38.254 4.18563 
vt -38.2537 4.20626 
vt -38.2541 4.18126 
vt -38.199 4.20551 
vt -38.199 4.20551 
vt -38.2541 4.18126 
vt -38.1992 4.18051 
vt -41.606 4.68613 
vt -41.6064 4.66113 
vt -41.5512 4.68538 
vt -41.5516 4.66038 
vt -41.6126 4.20551 
vt -41.6129 4.18051 
vt -41.5579 4.20476 
vt -41.5581 4.17976 
vt -41.5512 4.68113 
vt -41.606 4.68188 
vt -41.5581 4.18413 
vt -41.6129 4.18488 
vt -41.5631 3.67538 
vt -41.5631 3.66276 
vt -38.2465 3.67538 
vt -38.2465 3.66276 
vt -40.5544 3.69938 
vt -41.5631 3.67538 
vt -41.5631 3.66276 
vt -38.2465 3.67538 
vt -38.2465 3.66276 
vt -41.5631 3.67538 
vt -41.5631 3.66276 
vt -38.2465 3.67538 
vt -38.2465 3.66276 
vt -41.5631 3.67538 
vt -41.5631 3.66276 
vt -38.2465 3.67538 
vt -38.2465 3.66276 
vt -40.6155 3.57063 
vt -41.5742 5.13988 
vt -41.5742 5.07238 
vt -38.2371 5.13988 
vt -38.2371 5.07238 
vt -41.5631 3.67538 
vt -41.5631 3.66276 
vt -38.2465 3.67538 
vt -38.2465 3.66276 
vt -40.242 4.66563 
vt -38.9932 4.56651 
vt -40.8425 4.56651 
vt -41.5631 3.67538 
vt -41.5631 3.66276 
vt -38.2465 3.67538 
vt -38.2465 3.66276 
vt -41.5631 3.67538 
vt -41.5631 3.66276 
vt -38.2465 3.67538 
vt -38.2465 3.66276 
vt -40.6051 3.38026 
vt -41.5631 3.67538 
vt -41.5631 3.66276 
vt -38.2465 3.67538 
vt -38.2465 3.66276 
vt -41.5631 3.67538 
vt -41.5631 3.66276 
vt -38.2465 3.67538 
vt -38.2465 3.66276 
vt -41.5631 3.67538 
vt -41.5631 3.66276 
vt -38.2465 3.67538 
vt -38.2465 3.66276 
vt -38.1924 4.68188 
vt -38.2472 4.68263 
vt -38.1992 4.18488 
vt -38.254 4.18563 
vt -41.5512 4.68113 
vt -41.606 4.68188 
vt -41.5581 4.18413 
vt -41.6129 4.18488 
vt -38.2524 4.59876 
vt -38.2524 4.56651 
vt -38.1981 4.59876 
vt -38.1981 4.56651 
vt -41.6116 4.59876 
vt -41.6116 4.56651 
vt -41.5574 4.59876 
vt -41.5574 4.56651 
vt -38.2524 4.26076 
vt -38.2524 4.22851 
vt -38.1981 4.26076 
vt -38.1981 4.22851 
vt -41.6116 4.26076 
vt -41.6116 4.22851 
vt -41.5574 4.26076 
vt -41.5574 4.22851 
vt -41.5631 3.67538 
vt -41.5631 3.66276 
vt -38.2465 3.67538 
vt -38.2465 3.66276 
vt -41.5631 3.67538 
vt -41.5631 3.66276 
vt -38.2465 3.67538 
vt -38.2465 3.66276 
vt -41.5631 3.67538 
vt -41.5631 3.66276 
vt -38.2465 3.67538 
vt -38.2465 3.66276 
vt -41.5631 3.67538 
vt -41.5631 3.66276 
vt -38.2465 3.67538 
vt -38.2465 3.66276 
vt -41.5631 3.67538 
vt -41.5631 3.66276 
vt -38.2465 3.67538 
vt -38.2465 3.66276 
vt -41.5631 3.67538 
vt -41.5631 3.66276 
vt -38.2465 3.67538 
vt -38.2465 3.66276 
vt -41.5631 3.67538 
vt -41.5631 3.66276 
vt -38.2465 3.67538 
vt -38.2465 3.66276 
vt -38.108 5.00076 
vt -41.672 5.00076 
vt -38.108 4.92576 
vt -41.672 4.92576 
vt -41.5631 3.67538 
vt -41.5631 3.66276 
vt -38.2465 3.67538 
vt -38.2465 3.66276 
vt -41.5631 3.67538 
vt -41.5631 3.66276 
vt -38.2465 3.67538 
vt -38.2465 3.66276 
vt -41.5631 3.67538 
vt -41.5631 3.66276 
vt -38.2465 3.67538 
vt -38.2465 3.66276 
vt -41.5631 3.67538 
vt -41.5631 3.66276 
vt -38.2465 3.67538 
vt -38.2465 3.66276 
vt -41.5631 3.67538 
vt -41.5631 3.66276 
vt -38.2465 3.67538 
vt -38.2465 3.66276 
vt -41.5631 3.67538 
vt -41.5631 3.66276 
vt -38.2465 3.67538 
vt -38.2465 3.66276 
vt -38.1813 5.23038 
vt -38.2562 5.23038 
vt -38.1813 3.27576 
vt -38.2562 3.27576 
vt -41.5524 5.23038 
vt -41.6273 5.23038 
vt -41.5522 3.27576 
vt -41.6273 3.27576 
vt -38.1975 3.65838 
vt -38.1975 3.69063 
vt -41.6125 3.65838 
vt -41.6125 3.69051 
vt -38.2326 3.94588 
vt -38.2326 3.97813 
vt -40.5709 3.94588 
vt -40.5709 3.97813 
vt -41.1579 4.56651 
vt -41.1579 4.59876 
vt -41.6125 4.56651 
vt -41.6125 4.59876 
vt -41.1746 4.63926 
vt -41.1746 4.60701 
vt -40.5544 4.63926 
vt -40.5544 4.60701 
vt -39.6011 4.56651 
vt -39.6011 4.59876 
vt -40.5601 4.56651 
vt -40.5601 4.59876 
vt -38.2298 4.56651 
vt -38.2298 4.59876 
vt -38.9932 4.56651 
vt -38.9932 4.59876 
vt -38.1975 4.22851 
vt -38.1975 4.26076 
vt -38.9962 4.22851 
vt -38.9962 4.26076 
vt -38.1976 4.83438 
vt -38.1976 4.86663 
vt -41.6125 4.83438 
vt -41.6125 4.86663 
vt -38.1976 5.09113 
vt -38.1976 5.12338 
vt -41.6125 5.09113 
vt -41.6125 5.12338 
vt -41.1622 4.22851 
vt -41.1622 4.26076 
vt -41.6125 4.22851 
vt -41.6125 4.26063 
vt -41.1417 4.62938 
vt -41.1739 4.62938 
vt -41.1416 3.66688 
vt -41.1739 3.66688 
vt -41.1669 3.94588 
vt -41.1669 3.97813 
vt -41.6125 3.94588 
vt -41.6125 3.97813 
vt -40.5542 4.62938 
vt -40.5864 4.62938 
vt -40.5541 3.66688 
vt -40.5864 3.66688 
vt -41.1746 3.69938 
vt -41.1746 3.66713 
vt -40.5544 3.69938 
vt -40.5544 3.66713 
vt -39.5887 4.22851 
vt -39.5887 4.26076 
vt -40.5676 4.22851 
vt -40.5676 4.26076 
vt -39.6031 4.21138 
vt -39.6031 4.18638 
vt -38.9894 4.21138 
vt -38.9894 4.18638 
vt -38.9889 4.68776 
vt -39.0139 4.68776 
vt -38.9889 4.19088 
vt -39.0139 4.19088 
vt -39.578 4.68776 
vt -39.603 4.68776 
vt -39.578 4.19088 
vt -39.603 4.19088 
vt -39.6031 4.69213 
vt -39.6031 4.66713 
vt -38.9894 4.69213 
vt -38.9894 4.66713 
vt -40.6176 3.66588 
vt -41.111 3.66588 
vt -40.6176 3.64213 
vt -41.111 3.64213 
vt -40.6155 3.57063 
vt -41.1089 3.57063 
vt -40.6155 3.54688 
vt -41.1089 3.54688 
vt -40.6176 3.47538 
vt -41.111 3.47538 
vt -40.6176 3.45163 
vt -41.111 3.45163 
vt -40.6051 3.38026 
vt -41.111 3.38026 
vt -40.6051 3.35638 
vt -41.111 3.35638 
vt -41.6922 3.38026 
vt -41.6922 3.35638 
vt -41.7193 3.27588 
vt -41.7637 3.32026 
vt -41.7637 3.32026 
vt -41.7193 3.27588 
vt -40.0983 5.93651 
vt -41.7248 4.96301 
vt -40.0534 5.86151 
vt -41.6799 4.88788 
vt -38.2959 4.88976 
vt -40.0931 5.93601 
vt -38.3406 4.81301 
vt -40.1378 5.85938 
vt -41.5018 3.57063 
vt -41.5018 3.54688 
vt -38.294 4.88863 
vt -38.358 4.92588 
vt -38.3386 4.81188 
vt -38.4026 4.84913 
vt -41.6617 5.00076 
vt -41.7242 4.96338 
vt -41.6167 4.92576 
vt -41.6792 4.88826 
vt -40.0983 5.93651 
vt -41.7248 4.96301 
vt -38.8423 5.23038 
vt -38.926 5.23038 
vt -38.8423 3.27576 
vt -38.926 3.27576 
vt -41.2102 5.23038 
vt -41.2938 5.23038 
vt -41.2102 3.27576 
vt -41.2938 3.27576 
vt -40.3917 4.68613 
vt -40.3917 4.66113 
vt -39.778 4.68613 
vt -39.778 4.66113 
vt -40.3917 4.20551 
vt -40.3917 4.18051 
vt -39.778 4.20551 
vt -39.778 4.18051 
vt -39.7775 4.68188 
vt -39.8025 4.68188 
vt -39.7775 4.18488 
vt -39.8025 4.18488 
vt -40.3666 4.68188 
vt -40.3916 4.68188 
vt -40.3666 4.18488 
vt -40.3916 4.18488 
vt -38.9046 4.26063 
vt -38.9046 4.22838 
vt -38.8504 4.26063 
vt -38.8504 4.22838 
vt -41.2937 4.59876 
vt -41.2937 4.56651 
vt -41.2395 4.59876 
vt -41.2395 4.56651 
vt -41.2937 4.86663 
vt -41.2937 4.83438 
vt -41.2395 4.86663 
vt -41.2395 4.83438 
vt -41.2937 5.12338 
vt -41.2937 5.09113 
vt -41.2395 5.12338 
vt -41.2395 5.09113 
vt -39.7828 4.59876 
vt -39.7828 4.56651 
vt -38.8499 4.59863 
vt -38.8499 4.56651 
vt -41.2401 3.97813 
vt -41.2401 3.94588 
vt -38.8499 3.97813 
vt -38.8499 3.94588 
vt -38.9046 5.12213 
vt -38.9046 5.08988 
vt -38.8504 5.12213 
vt -38.8504 5.08988 
vt -38.9046 4.86663 
vt -38.9046 4.83438 
vt -38.8504 4.86663 
vt -38.8504 4.83438 
vt -38.9046 3.97813 
vt -38.9046 3.94588 
vt -38.8504 3.97813 
vt -38.8504 3.94588 
vt -38.8917 3.69063 
vt -38.8917 3.65838 
vt -38.8375 3.69063 
vt -38.8375 3.65838 
vt -39.7853 4.26076 
vt -39.7853 4.22851 
vt -38.8499 4.26063 
vt -38.8499 4.22838 
vt -41.2272 3.69063 
vt -41.2272 3.65838 
vt -38.837 3.69063 
vt -38.837 3.65838 
vt -41.2937 4.26076 
vt -41.2937 4.22851 
vt -41.2395 4.26063 
vt -41.2395 4.22851 
vt -41.2546 4.26076 
vt -41.2546 4.22851 
vt -40.385 4.26076 
vt -40.385 4.22851 
vt -41.2401 4.59876 
vt -41.2401 4.56651 
vt -40.3701 4.59876 
vt -40.3701 4.56651 
vt -41.2937 3.97813 
vt -41.2937 3.94588 
vt -41.2395 3.97813 
vt -41.2395 3.94588 
vt -41.2401 5.12213 
vt -41.2401 5.08988 
vt -38.8499 5.12213 
vt -38.8499 5.08988 
vt -41.2401 4.86676 
vt -41.2401 4.83451 
vt -38.8499 4.86663 
vt -38.8499 4.83438 
vt -41.2808 3.69051 
vt -41.2808 3.65838 
vt -41.2266 3.69051 
vt -41.2266 3.65838 
vt -38.9046 4.59863 
vt -38.9046 4.56638 
vt -38.8504 4.59863 
vt -38.8504 4.56638 
vt -41.4065 3.64213 
vt -40.0858 5.13988 
vt -40.0858 5.07238 
vt -40.009 5.13988 
vt -40.009 5.07238 
vt -40.9072 3.67538 
vt -40.9072 3.66276 
vt -40.853 3.67538 
vt -40.853 3.66276 
vt -40.9697 3.67538 
vt -40.9697 3.66276 
vt -40.9155 3.67538 
vt -40.9155 3.66276 
vt -41.1572 3.67538 
vt -41.1572 3.66276 
vt -41.103 3.67538 
vt -41.103 3.66276 
vt -41.2197 3.67538 
vt -41.2197 3.66276 
vt -41.1655 3.67538 
vt -41.1655 3.66276 
vt -41.0947 3.67538 
vt -41.0947 3.66276 
vt -41.0405 3.67538 
vt -41.0405 3.66276 
vt -40.6572 3.67538 
vt -40.6572 3.66276 
vt -40.603 3.67538 
vt -40.603 3.66276 
vt -39.0322 3.67538 
vt -39.0322 3.66263 
vt -38.978 3.67538 
vt -38.978 3.66263 
vt -39.4072 3.67538 
vt -39.4072 3.66276 
vt -39.353 3.67538 
vt -39.353 3.66276 
vt -40.4072 3.67538 
vt -40.4072 3.66276 
vt -40.353 3.67538 
vt -40.353 3.66276 
vt -39.6572 3.67538 
vt -39.6572 3.66276 
vt -39.603 3.67538 
vt -39.603 3.66276 
vt -40.4697 3.67538 
vt -40.4697 3.66276 
vt -40.4155 3.67538 
vt -40.4155 3.66276 
vt -39.7197 3.67538 
vt -39.7197 3.66276 
vt -39.6655 3.67538 
vt -39.6655 3.66276 
vt -39.9072 3.67538 
vt -39.9072 3.66276 
vt -39.853 3.67538 
vt -39.853 3.66276 
vt -39.2197 3.67538 
vt -39.2197 3.66263 
vt -39.1655 3.67538 
vt -39.1655 3.66263 
vt -40.8447 3.67538 
vt -40.8447 3.66276 
vt -40.7905 3.67538 
vt -40.7905 3.66276 
vt -40.0322 3.67538 
vt -40.0322 3.66276 
vt -39.978 3.67538 
vt -39.978 3.66276 
vt -40.0947 3.67538 
vt -40.0947 3.66276 
vt -40.0405 3.67538 
vt -40.0405 3.66276 
vt -40.1572 3.67538 
vt -40.1572 3.66276 
vt -40.103 3.67538 
vt -40.103 3.66276 
vt -40.3447 3.67538 
vt -40.3447 3.66276 
vt -40.2905 3.67538 
vt -40.2905 3.66276 
vt -40.7822 3.67538 
vt -40.7822 3.66276 
vt -40.728 3.67538 
vt -40.728 3.66276 
vt -40.2822 3.67538 
vt -40.2822 3.66276 
vt -40.228 3.67538 
vt -40.228 3.66276 
vt -39.1572 3.67538 
vt -39.1572 3.66263 
vt -39.103 3.67538 
vt -39.103 3.66263 
vt -40.5947 3.67538 
vt -40.5947 3.66276 
vt -40.5405 3.67538 
vt -40.5405 3.66276 
vt -39.9697 3.67538 
vt -39.9697 3.66276 
vt -39.9155 3.67538 
vt -39.9155 3.66276 
vt -40.7197 3.67538 
vt -40.7197 3.66276 
vt -40.6655 3.67538 
vt -40.6655 3.66276 
vt -38.9697 3.67538 
vt -38.9697 3.66263 
vt -38.9155 3.67538 
vt -38.9155 3.66263 
vt -39.5322 3.67538 
vt -39.5322 3.66276 
vt -39.478 3.67538 
vt -39.478 3.66276 
vt -39.8447 3.67538 
vt -39.8447 3.66276 
vt -39.7905 3.67538 
vt -39.7905 3.66276 
vt -39.0947 3.67538 
vt -39.0947 3.66263 
vt -39.0405 3.67538 
vt -39.0405 3.66263 
vt -40.5322 3.67538 
vt -40.5322 3.66276 
vt -40.478 3.67538 
vt -40.478 3.66276 
vt -39.4697 3.67538 
vt -39.4697 3.66276 
vt -39.4155 3.67538 
vt -39.4155 3.66276 
vt -39.3447 3.67538 
vt -39.3447 3.66276 
vt -39.2905 3.67538 
vt -39.2905 3.66276 
vt -39.5947 3.67538 
vt -39.5947 3.66276 
vt -39.5405 3.67538 
vt -39.5405 3.66276 
vt -40.2197 3.67538 
vt -40.2197 3.66276 
vt -40.1655 3.67538 
vt -40.1655 3.66276 
vt -39.2822 3.67538 
vt -39.2822 3.66263 
vt -39.228 3.67538 
vt -39.228 3.66263 
vt -39.7822 3.67538 
vt -39.7822 3.66276 
vt -39.728 3.67538 
vt -39.728 3.66276 
vt -38.9072 3.67538 
vt -38.9072 3.66263 
vt -38.853 3.67538 
vt -38.853 3.66263 
vt -41.0322 3.67538 
vt -41.0322 3.66276 
vt -40.978 3.67538 
vt -40.978 3.66276 
vt -41.2936 4.63926 
vt -41.2937 4.56651 
vt -41.2938 5.23038 
vt -41.2938 3.27576 
vt -41.2936 4.62938 
vt -41.2936 3.66688 
vt -41.2938 3.27576 
vt -41.2936 3.66688 
vt -41.2272 3.67113 
vt -41.2272 3.65838 
vt -38.837 3.67101 
vt -38.837 3.65838 
vt -41.2401 5.12213 
vt -41.2401 5.08988 
vt -41.2401 4.83438 
vt -41.2401 4.86663 
vt -41.2401 4.83438 
vt -41.2401 4.26076 
vt -41.2401 4.22851 
vt -41.2272 3.69063 
vt -41.2272 3.69063 
vt -41.2197 3.66276 
vt -41.2272 3.67113 
vt -41.2272 3.65838 
vt -38.837 3.67101 
vt -38.837 3.65838 
vt -38.9046 4.56651 
vt -38.8499 4.83438 
vt -40.3706 4.56651 
vt -39.7722 4.66113 
vt -38.0253 3.27576 
vt -38.0253 4.06326 
vt -38.0253 3.27576 
vt -38.0253 4.03563 
vt -38.0471 4.03563 
vt -38.0471 4.03563 
vt -38.0471 4.00351 
vt -38.0495 3.67101 
vt -38.0495 3.67101 
vt -41.1655 3.66276 
vt -38.853 3.66276 
vt -41.2936 4.63926 
vt -41.2936 4.60701 
vt -41.2394 4.63926 
vt -41.2394 4.60701 
vt -41.2394 4.62938 
vt -41.2936 4.62938 
vt -41.2394 3.66688 
vt -41.2936 3.66688 
vt -41.2936 3.69938 
vt -41.2936 3.66713 
vt -41.2394 3.69938 
vt -41.2394 3.66713 
vt -40.1378 5.85938 
vt -41.7193 3.27588 
vt -41.2585 3.73663 
vt -41.7637 3.32026 
vt -41.3029 3.78101 
vt -38.1396 3.66276 
vt -38.1396 4.00888 
vt -41.3113 3.66588 
vt -41.4065 3.66588 
vt -41.3113 3.64213 
vt -41.4065 3.64213 
vt -41.5017 3.47538 
vt -41.5969 3.47538 
vt -41.5017 3.45163 
vt -41.5969 3.45163 
vt -41.5969 3.38026 
vt -41.6922 3.38026 
vt -41.5969 3.35638 
vt -41.6922 3.35638 
vt -41.4066 3.57063 
vt -41.5018 3.57063 
vt -41.4066 3.54688 
vt -41.5018 3.54688 
vt -41.6799 4.88788 
vt -38.2979 4.89088 
vt -38.4816 3.66276 
vt -38.4396 4.00888 
vt -38.4816 4.00888 
vt -38.7066 4.00888 
vt -38.5896 4.00888 
vt -38.6316 4.00888 
vt -38.5566 4.00888 
vt -38.3646 4.00888 
vt -38.2896 4.00888 
vt -38.2146 4.00888 
vt -38.2566 4.00888 
vt -38.7396 4.00888 
vt -38.2146 3.66276 
vt -38.2146 3.66276 
vt -38.2146 4.00888 
vt -41.2272 3.67113 
vt -41.2272 3.65838 
vt -38.837 3.67101 
vt -38.837 3.65838 
vt -38.5737 3.66351 
vt -38.4404 3.66351 
vt -38.3779 3.66351 
vt -38.2612 3.66351 
vt -38.1279 3.66351 
vt -38.2529 3.66351 
vt -38.7612 3.66351 
vt -38.6362 3.66351 
vt -38.0642 4.00888 
vt -38.2896 3.66276 
vt -38.2896 3.66276 
vt -38.2896 4.00888 
vt -41.2102 5.23038 
vt -38.9259 5.23038 
vt -38.8423 5.23038 
vt -38.8423 5.23038 
vt -41.2102 5.23038 
vt -38.3646 3.66276 
vt -38.3646 4.00888 
vt -38.3646 4.00888 
vt -38.9034 4.21001 
vt -38.9034 4.18501 
vt -38.8486 4.21001 
vt -38.8486 4.18501 
vt -38.9034 4.69063 
vt -38.9034 4.66563 
vt -38.8486 4.69063 
vt -38.8486 4.66563 
vt -38.8486 4.68638 
vt -38.9034 4.68638 
vt -38.8486 4.18951 
vt -38.9034 4.18951 
vt -41.2272 3.67113 
vt -41.2272 3.65838 
vt -38.837 3.67101 
vt -38.837 3.65838 
vt -38.4205 4.95201 
vt -38.4205 4.96326 
vt -38.4205 3.66663 
vt -38.8499 5.12213 
vt -38.4396 4.00888 
vt -38.4396 3.66276 
vt -38.4396 4.00888 
vt -38.4487 3.68113 
vt -41.3029 3.78101 
vt -41.3029 3.78101 
vt -38.5146 3.66276 
vt -38.5146 3.66276 
vt -38.5146 4.00888 
vt -38.4917 4.96326 
vt -38.5896 3.66276 
vt -38.5896 3.66276 
vt -38.5896 4.00888 
vt -38.5896 4.00888 
vt -38.4917 4.95201 
vt -41.7193 3.27588 
vt -41.2585 3.73663 
vt -41.7637 3.32026 
vt -41.3029 3.78101 
vt -41.2272 3.67113 
vt -41.2272 3.65838 
vt -38.837 3.67101 
vt -38.837 3.65838 
vt -38.9032 3.66713 
vt -38.849 4.63926 
vt -38.6646 4.00888 
vt -41.2394 4.62938 
vt -41.2936 4.62938 
vt -41.2394 3.66688 
vt -41.2936 3.66688 
vt -41.2937 3.97813 
vt -41.2937 3.94588 
vt -41.2395 3.97813 
vt -41.2395 3.94588 
vt -38.8499 4.86663 
vt -40.3859 4.68688 
vt -40.3859 4.66188 
vt -40.3859 4.20626 
vt -41.2937 4.26076 
vt -41.2937 4.22851 
vt -41.2395 4.26076 
vt -41.2395 4.22851 
vt -38.8486 4.68638 
vt -38.9034 4.68638 
vt -38.8486 4.18951 
vt -38.9034 4.18951 
vt -41.2937 4.59876 
vt -41.2937 4.56651 
vt -41.2395 4.59876 
vt -41.2395 4.56651 
vt -38.7396 3.66276 
vt -38.7396 4.00888 
vt -38.7396 3.66276 
vt -38.7396 4.00888 
vt -38.7396 4.00888 
vt -38.0964 3.27576 
vt -38.0964 3.27576 
vt -41.2102 3.27576 
vt -38.8423 3.27576 
vt -38.926 3.27576 
vt -38.926 3.27576 
vt -38.0642 3.66276 
vt -38.0642 4.00888 
vt -41.2272 3.67113 
vt -41.2272 3.65838 
vt -38.837 3.67101 
vt -38.837 3.65838 
vt -38.8237 3.66351 
vt -38.837 3.69051 
vt -39.7722 4.68688 
vt -38.8486 4.68638 
vt -38.8486 4.21001 
vt -40.3608 4.68263 
vt -38.8486 4.69063 
vt -38.8486 4.66563 
vt -38.8486 4.68638 
vt -38.849 3.69938 
vt -38.8504 4.22851 
vt -38.8504 4.26076 
vt -38.8499 5.08988 
vt -38.8499 4.83438 
vt -38.8499 4.56651 
vt -38.8504 4.22851 
vt -38.8504 4.26063 
vt -38.8504 4.59876 
vt -38.849 4.62938 
vt -38.849 3.66688 
vt -38.849 4.62938 
vt -38.849 3.66688 
vt -38.9034 4.68638 
vt -38.3425 4.81413 
vt -38.9144 4.26063 
vt -38.9144 4.22851 
vt -38.9032 4.62938 
vt -38.9032 4.62938 
vt -38.9046 4.59876 
vt -38.8486 4.68638 
vt -38.9034 4.68638 
vt -38.8486 4.18951 
vt -38.9034 4.18951 
vt -38.9046 4.26063 
vt -38.9046 4.22851 
vt -38.8504 4.26063 
vt -38.8504 4.22851 
vt -38.9046 4.59863 
vt -38.9046 4.56651 
vt -38.8504 4.59863 
vt -38.8504 4.56651 
vt -40.0534 5.86151 
vt -41.2272 3.67113 
vt -41.2272 3.65838 
vt -38.837 3.67101 
vt -38.837 3.65838 
vt -38.0642 3.66276 
vt -38.0642 4.00888 
vt -38.8779 3.66351 
vt -38.4816 3.66276 
vt -38.7066 3.66276 
vt -38.4066 3.66276 
vt -38.7816 3.66276 
vt -38.3316 3.66276 
vt -38.2566 3.66276 
vt -38.4816 3.66276 
vt -38.4816 3.66276 
vt -38.7816 3.66276 
vt -38.7066 3.66276 
vt -38.6316 3.66276 
vt -38.4066 3.66276 
vt -38.4917 3.66663 
vt -41.2394 3.66688 
vt -41.2394 3.66713 
vt -38.9032 3.66688 
vt -38.9032 3.66688 
vt -41.2272 3.67113 
vt -41.2272 3.65838 
vt -38.837 3.67101 
vt -38.837 3.65838 
vt -38.0253 4.05201 
vt -38.0964 4.05201 
vt -38.0253 3.27576 
vt -38.0964 3.27576 
vt -38.4205 4.95201 
vt -38.4917 4.95201 
vt -38.4205 3.67776 
vt -38.4917 3.67776 
vt -38.8664 4.03563 
vt -38.8664 4.00351 
vt -38.0471 4.03563 
vt -38.0471 4.00351 
vt -38.8664 4.79576 
vt -38.8664 4.76351 
vt -38.4596 4.79576 
vt -38.4596 4.76351 
vt -38.0534 3.68326 
vt -38.0534 3.65101 
vt -38.0124 3.68326 
vt -38.0124 3.65101 
vt -38.0955 4.03563 
vt -38.0955 4.00351 
vt -38.0253 4.03563 
vt -38.0253 4.00351 
vt -38.6279 3.68113 
vt -38.6279 3.66351 
vt -38.5737 3.68113 
vt -38.5737 3.66351 
vt -38.5654 3.68113 
vt -38.5654 3.66351 
vt -38.5112 3.68113 
vt -38.5112 3.66351 
vt -38.5029 3.68113 
vt -38.5029 3.66351 
vt -38.4487 3.68113 
vt -38.4487 3.66351 
vt -38.4404 3.68113 
vt -38.4404 3.66351 
vt -38.3862 3.68113 
vt -38.3862 3.66351 
vt -38.3779 3.68113 
vt -38.3779 3.66351 
vt -38.3237 3.68113 
vt -38.3237 3.66351 
vt -38.3154 3.68113 
vt -38.3154 3.66351 
vt -38.2612 3.68113 
vt -38.2612 3.66351 
vt -38.1904 3.68113 
vt -38.1904 3.66351 
vt -38.1362 3.68113 
vt -38.1362 3.66351 
vt -38.1279 3.68113 
vt -38.1279 3.66351 
vt -38.0737 3.68113 
vt -38.0737 3.66351 
vt -38.2529 3.68113 
vt -38.2529 3.66351 
vt -38.1987 3.68113 
vt -38.1987 3.66351 
vt -38.8154 3.68113 
vt -38.8154 3.66351 
vt -38.7612 3.68113 
vt -38.7612 3.66351 
vt -38.7529 3.68113 
vt -38.7529 3.66351 
vt -38.6987 3.68113 
vt -38.6987 3.66351 
vt -38.6904 3.68113 
vt -38.6904 3.66351 
vt -38.6362 3.68113 
vt -38.6362 3.66351 
vt -38.8779 3.68113 
vt -38.8779 3.66351 
vt -38.8237 3.68113 
vt -38.8237 3.66351 
vt -38.9046 4.26076 
vt -39.7776 4.26076 
vt -40.377 4.26076 
vt -39.7794 4.56651 
vt -38.1816 3.66276 
vt -38.1396 3.66276 
vt -38.1816 4.00888 
vt -38.1396 4.00888 
vt -38.3316 3.66276 
vt -38.2896 3.66276 
vt -38.3316 4.00888 
vt -38.2896 4.00888 
vt -38.2566 3.66276 
vt -38.2146 3.66276 
vt -38.2566 4.00888 
vt -38.2146 4.00888 
vt -38.4816 3.66276 
vt -38.4396 3.66276 
vt -38.4816 4.00888 
vt -38.4396 4.00888 
vt -38.7816 3.66276 
vt -38.7396 3.66276 
vt -38.7816 4.00888 
vt -38.7396 4.00888 
vt -38.7066 3.66276 
vt -38.6646 3.66276 
vt -38.7066 4.00888 
vt -38.6646 4.00888 
vt -38.6316 3.66276 
vt -38.5896 3.66276 
vt -38.6316 4.00888 
vt -38.5896 4.00888 
vt -38.5566 3.66276 
vt -38.5146 3.66276 
vt -38.5566 4.00888 
vt -38.5146 4.00888 
vt -38.4066 3.66276 
vt -38.3646 3.66276 
vt -38.4066 4.00888 
vt -38.3646 4.00888 
vt -39.7722 4.20626 
vt -38.9034 4.21001 
vt -38.0642 3.66276 
vt -38.032 3.66276 
vt -38.0642 4.00888 
vt -38.032 4.00888 
vt -41.2272 3.67113 
vt -41.2272 3.65838 
vt -38.0495 3.67101 
vt -38.0495 3.65838 
vt -38.0642 3.66276 
vt -38.032 3.66276 
vt -38.0642 4.00888 
vt -38.032 4.00888 
vt -38.0964 4.06326 
vt -38.8664 4.03563 
vt -38.8664 4.00351 
vt -38.4816 4.00888 
vt -38.7816 4.00888 
vt -38.2566 4.00888 
vt -38.4816 4.00888 
vt -38.0642 3.66276 
vt -38.032 3.66276 
vt -38.0642 4.00888 
vt -38.032 4.00888 
vt -41.2272 3.67113 
vt -41.2272 3.65838 
vt -38.0245 3.67101 
vt -38.0245 3.65838 
vt -38.0642 3.66276 
vt -38.032 3.66276 
vt -38.0642 4.00888 
vt -38.032 4.00888 
vt -41.2963 4.21138 
vt -41.2963 4.18638 
vt -41.2415 4.21138 
vt -41.2415 4.18638 
vt -41.2415 4.68776 
vt -41.2963 4.68776 
vt -41.2415 4.19088 
vt -41.2963 4.19088 
vt -41.2963 4.69213 
vt -41.2963 4.66713 
vt -41.2415 4.69213 
vt -41.2415 4.66713 
vt -38.0642 3.66276 
vt -38.032 3.66276 
vt -38.0642 4.00888 
vt -38.032 4.00888 
vt -38.9034 4.18951 
vt -40.3608 4.18563 
vt -38.9046 4.22838 
vt -38.9046 4.22851 
vt -39.7722 4.66188 
vt -39.778 4.66038 
vt -38.0642 3.66276 
vt -38.032 3.66276 
vt -38.0642 4.00888 
vt -38.032 4.00888 
vt -38.9032 3.69938 
vt -38.9032 3.66713 
vt -38.849 3.69938 
vt -38.849 3.66713 
vt -38.849 4.62938 
vt -38.9032 4.62938 
vt -38.849 3.66688 
vt -38.9032 3.66688 
vt -38.9032 4.63926 
vt -38.9032 4.60701 
vt -38.849 4.63926 
vt -38.849 4.60701 
vt -41.2272 3.67113 
vt -41.2272 3.65838 
vt -38.0495 3.67101 
vt -38.0495 3.65838 
vt -38.0642 3.66276 
vt -38.032 3.66276 
vt -38.0642 4.00888 
vt -38.032 4.00888 
vt -38.0642 3.66276 
vt -38.032 3.66276 
vt -38.0642 4.00888 
vt -38.032 4.00888 
vt -38.0642 3.66276 
vt -38.032 3.66276 
vt -38.0642 4.00888 
vt -38.032 4.00888 
vt -41.2272 3.67138 
vt -41.2272 3.65813 
vt -38.0495 3.67126 
vt -38.0495 3.65813 
vt -38.0642 3.66276 
vt -38.032 3.66276 
vt -38.0642 4.00888 
vt -38.032 4.00888 
vt -40.3701 4.56651 
vt -38.0642 3.66276 
vt -38.032 3.66276 
vt -38.0642 4.00888 
vt -38.032 4.00888 
vt -41.2272 3.67113 
vt -41.2272 3.65838 
vt -38.0495 3.67101 
vt -38.0495 3.65838 
vt -38.0642 3.66276 
vt -38.032 3.66276 
vt -38.0642 4.00888 
vt -38.032 4.00888 
vt -41.2415 4.68776 
vt -41.2963 4.68776 
vt -41.2415 4.19088 
vt -41.2963 4.19088 
vt -41.2937 4.26076 
vt -41.2937 4.22851 
vt -41.2395 4.26076 
vt -41.2395 4.22851 
vt -41.2937 4.59876 
vt -41.2937 4.56651 
vt -41.2395 4.59876 
vt -41.2395 4.56651 
vt -38.0642 3.66276 
vt -38.032 3.66276 
vt -38.0642 4.00888 
vt -38.032 4.00888 
vt -38.849 4.62938 
vt -38.9032 4.62938 
vt -38.849 3.66688 
vt -38.9032 3.66688 
vt -38.0642 3.66276 
vt -38.032 3.66276 
vt -38.0642 4.00888 
vt -38.032 4.00888 
vt -38.9046 4.26076 
vt -38.9046 4.22851 
vt -38.8504 4.26076 
vt -38.8504 4.22851 
vt -38.9046 3.97813 
vt -38.9046 3.94588 
vt -38.8504 3.97813 
vt -38.8504 3.94588 
vt -41.2272 3.67113 
vt -41.2272 3.65838 
vt -38.0495 3.67101 
vt -38.0495 3.65838 
vt -38.9046 4.59876 
vt -38.9046 4.56651 
vt -38.8504 4.59876 
vt -38.8504 4.56651 
vt -38.0642 3.66276 
vt -38.032 3.66276 
vt -38.0642 4.00888 
vt -38.032 4.00888 
vt -38.0642 3.66276 
vt -38.032 3.66276 
vt -38.0642 4.00888 
vt -38.032 4.00888 
vt -38.0642 3.66276 
vt -38.032 3.66276 
vt -38.0642 4.00888 
vt -38.032 4.00888 
vt -41.2272 3.67213 
vt -41.2272 3.65738 
vt -38.0495 3.67213 
vt -38.0495 3.65726 
vt -38.0642 3.66276 
vt -38.032 3.66276 
vt -38.0642 4.00888 
vt -38.032 4.00888 
vt -38.0642 3.66276 
vt -38.032 3.66276 
vt -38.0642 4.00888 
vt -38.032 4.00888 
vt -41.2272 3.67113 
vt -41.2272 3.65838 
vt -38.0745 3.67101 
vt -38.0745 3.65838 
vt -38.0253 4.06326 
vt -38.0964 4.06326 
vt -38.0253 3.27576 
vt -38.0964 3.27576 
vt -38.4205 4.96326 
vt -38.4917 4.96326 
vt -38.4205 3.66663 
vt -38.4917 3.66663 
vt -38.8664 4.79576 
vt -38.8664 4.76351 
vt -38.4596 4.79576 
vt -38.4596 4.76351 
vt -38.8664 4.03563 
vt -38.8664 4.00351 
vt -38.0471 4.03563 
vt -38.0471 4.00351 
vt -38.4816 3.66276 
vt -38.4396 3.66276 
vt -38.4816 4.00888 
vt -38.4396 4.00888 
vt -38.7066 3.66276 
vt -38.6646 3.66276 
vt -38.7066 4.00888 
vt -38.6646 4.00888 
vt -38.6316 3.66276 
vt -38.5896 3.66276 
vt -38.6316 4.00888 
vt -38.5896 4.00888 
vt -38.5566 3.66276 
vt -38.5146 3.66276 
vt -38.5566 4.00888 
vt -38.5146 4.00888 
vt -38.4066 3.66276 
vt -38.3646 3.66276 
vt -38.4066 4.00888 
vt -38.3646 4.00888 
vt -38.3316 3.66276 
vt -38.2896 3.66276 
vt -38.3316 4.00888 
vt -38.2896 4.00888 
vt -38.2566 3.66276 
vt -38.2146 3.66276 
vt -38.2566 4.00888 
vt -38.2146 4.00888 
vt -38.1816 3.66276 
vt -38.1396 3.66276 
vt -38.1816 4.00888 
vt -38.1396 4.00888 
vt -38.7816 3.66276 
vt -38.7396 3.66276 
vt -38.7816 4.00888 
vt -38.7396 4.00888 
vt -40.0983 5.93651 
vt -41.7248 4.96301 
vt -40.0534 5.86151 
vt -41.6799 4.88788 
vt -38.2979 4.89088 
vt -40.0931 5.93601 
vt -38.3425 4.81413 
vt -40.1378 5.85938 
vt -40.3859 4.68688 
vt -40.3859 4.66188 
vt -39.7722 4.68688 
vt -39.7722 4.66188 
vt -39.7717 4.68263 
vt -39.7967 4.68263 
vt -39.7717 4.18563 
vt -39.7967 4.18563 
vt -40.3859 4.20626 
vt -40.3859 4.18126 
vt -39.7722 4.20626 
vt -39.7722 4.18126 
vt -40.3608 4.68263 
vt -40.3858 4.68263 
vt -40.3608 4.18563 
vt -40.3858 4.18563 
vt -41.2102 5.23038 
vt -41.2938 5.23038 
vt -41.2102 3.27576 
vt -41.2938 3.27576 
vt -38.8423 5.23038 
vt -38.9259 5.23038 
vt -38.8423 3.27576 
vt -38.926 3.27576 
vt -41.2272 3.69063 
vt -41.2272 3.65838 
vt -38.837 3.69051 
vt -38.837 3.65838 
vt -41.2401 3.97813 
vt -41.2401 3.94588 
vt -38.8499 3.97813 
vt -38.8499 3.94588 
vt -39.7794 4.59876 
vt -39.7794 4.56651 
vt -38.8499 4.59876 
vt -38.8499 4.56651 
vt -39.7776 4.26076 
vt -39.7776 4.22851 
vt -38.9144 4.26063 
vt -38.9144 4.22851 
vt -41.2401 5.12213 
vt -41.2401 5.08988 
vt -38.8499 5.12213 
vt -38.8499 5.08988 
vt -41.2401 4.86663 
vt -41.2401 4.83438 
vt -38.8499 4.86663 
vt -38.8499 4.83438 
vt -41.2401 4.26076 
vt -41.2401 4.22851 
vt -40.377 4.26076 
vt -40.377 4.22851 
vt -41.2401 4.59876 
vt -41.2401 4.56651 
vt -40.3706 4.59876 
vt -40.3706 4.56651 
vt -41.111 2.80204 
vt -40.6051 2.80204 
vt -41.111 2.80204 
vt -40.6051 2.80204 
vt -41.0984 2.73047 
vt -41.0984 2.77485 
vt -41.146 2.73047 
vt -41.146 2.77485 
vt -40.5806 2.73048 
vt -40.5806 2.77485 
vt -40.6283 2.73048 
vt -40.6283 2.77485 
vt -41.111 2.89726 
vt -40.6176 2.89727 
vt -41.6869 2.76935 
vt -41.6869 4.44083 
vt -41.6869 2.81429 
vt -41.6852 6.19827 
vt -41.6852 6.15361 
vt -41.6852 4.35644 
vt -41.1089 2.99238 
vt -40.6155 2.99238 
vt -41.6756 6.09157 
vt -41.672 2.87746 
vt -41.672 2.81494 
vt -38.0892 2.76935 
vt -41.514 2.76935 
vt -38.108 2.77 
vt -41.6273 5.65189 
vt -41.6273 5.56824 
vt -41.6273 3.28403 
vt -41.6273 3.20039 
vt -41.6064 4.10247 
vt -41.6064 4.71622 
vt -41.6126 4.10246 
vt -41.6126 4.71622 
vt -41.6125 5.58958 
vt -41.6125 5.64379 
vt -41.6125 3.20048 
vt -41.6125 3.20048 
vt -41.6116 4.71138 
vt -41.6116 5.64433 
vt -41.6115 3.25407 
vt -41.6115 5.64433 
vt -41.6115 5.64433 
vt -41.6125 5.58957 
vt -41.6125 5.58957 
vt -41.6125 5.58957 
vt -41.6125 5.60247 
vt -41.6125 5.60247 
vt -41.6125 5.65669 
vt -41.6116 5.64433 
vt -41.6116 3.26695 
vt -41.6116 3.23963 
vt -41.6116 3.25411 
vt -41.6116 3.25411 
vt -41.6116 4.1241 
vt -41.6116 3.25407 
vt -41.6116 5.64432 
vt -41.6116 5.64432 
vt -41.6116 3.25407 
vt -41.6116 5.64432 
vt -41.6116 5.64432 
vt -41.6125 3.21338 
vt -41.6087 5.58958 
vt -41.6087 5.6438 
vt -41.111 3.08771 
vt -41.111 3.08771 
vt -40.6176 3.08771 
vt -41.5742 4.40835 
vt -41.5742 4.48517 
vt -41.5631 3.587 
vt -41.5631 3.587 
vt -41.5631 3.5245 
vt -41.5631 3.57872 
vt -41.5631 3.337 
vt -41.5631 3.39122 
vt -41.5631 3.2745 
vt -41.5631 3.2745 
vt -41.5631 3.3995 
vt -41.5631 3.45372 
vt -41.5631 3.89122 
vt -41.5631 5.462 
vt -41.5631 5.51623 
vt -41.5631 5.087 
vt -41.5631 5.087 
vt -41.5631 4.087 
vt -41.5631 4.14123 
vt -41.5631 4.837 
vt -41.5631 4.89123 
vt -41.5631 4.0245 
vt -41.5631 4.07872 
vt -41.5631 4.7745 
vt -41.5631 4.82873 
vt -41.5631 4.82873 
vt -41.5631 4.587 
vt -41.5631 4.64123 
vt -41.5631 5.2745 
vt -41.5631 5.32873 
vt -41.5631 3.6495 
vt -41.5631 3.70372 
vt -41.5631 4.462 
vt -41.5631 4.462 
vt -41.5631 4.51623 
vt -41.5631 4.3995 
vt -41.5631 4.337 
vt -41.5631 4.39123 
vt -41.5631 4.20373 
vt -41.5631 3.76622 
vt -41.5631 4.212 
vt -41.5631 4.26623 
vt -41.5631 5.337 
vt -41.5631 3.8995 
vt -41.5631 3.95372 
vt -41.5631 3.7745 
vt -41.5631 3.82872 
vt -41.5631 5.5245 
vt -41.5631 5.57873 
vt -41.5631 5.57873 
vt -41.5631 4.962 
vt -41.5631 5.01623 
vt -41.5631 4.70373 
vt -41.5631 5.3995 
vt -41.5631 3.962 
vt -41.5631 4.01622 
vt -41.5631 5.07873 
vt -41.5631 5.1495 
vt -41.5631 5.20373 
vt -41.5631 4.95373 
vt -41.5631 5.212 
vt -41.5631 4.712 
vt -41.5631 4.76623 
vt -41.5631 5.58702 
vt -41.5631 5.64123 
vt -41.5631 3.51622 
vt -39.6031 3.19792 
vt -39.6031 3.19793 
vt -38.9894 3.19793 
vt -41.1579 3.2005 
vt -40.5544 3.20061 
vt -39.6011 3.2005 
vt -40.5601 3.2005 
vt -38.1975 3.20049 
vt -38.9962 3.20049 
vt -38.2562 3.20039 
vt -38.1813 3.20039 
vt -38.1976 3.20048 
vt -38.1976 3.20048 
vt -41.1622 3.20049 
vt -41.1416 3.20061 
vt -41.5522 3.20039 
vt -40.5864 3.20061 
vt -40.5541 3.20061 
vt -40.5544 3.20061 
vt -40.5676 3.20049 
vt -38.1975 3.21338 
vt -41.4491 3.26695 
vt -41.4491 5.65723 
vt -41.5574 3.23963 
vt -38.1981 3.25407 
vt -38.2524 3.25407 
vt -38.1981 3.25407 
vt -38.2524 3.25407 
vt -38.2524 3.25407 
vt -38.1981 3.25407 
vt -38.2524 3.25407 
vt -38.1981 3.25408 
vt -38.1981 3.25408 
vt -38.2524 3.25408 
vt -38.2524 3.25408 
vt -38.1981 3.25408 
vt -38.2524 3.25408 
vt -41.5574 3.25407 
vt -41.5574 3.25411 
vt -41.5574 3.25407 
vt -41.5574 3.25407 
vt -39.3699 3.26695 
vt -39.3699 3.26695 
vt -39.424 3.26695 
vt -39.1813 3.26695 
vt -39.2376 3.26695 
vt -38.9949 3.26695 
vt -39.049 3.26695 
vt -39.049 3.26695 
vt -39.5949 3.26695 
vt -39.649 3.26695 
vt -39.649 3.26695 
vt -40.7949 3.26695 
vt -40.8491 3.26695 
vt -38.3699 3.26695 
vt -38.449 3.26695 
vt -38.449 3.26695 
vt -40.3824 3.26695 
vt -40.4366 3.26695 
vt -38.5779 3.26695 
vt -38.641 3.26695 
vt -38.8074 3.26695 
vt -38.8074 3.26695 
vt -38.8615 3.26695 
vt -38.2524 3.26695 
vt -40.5699 3.26695 
vt -40.6241 3.26695 
vt -40.1574 3.26695 
vt -40.2116 3.26695 
vt -39.9699 3.26695 
vt -39.9699 3.26695 
vt -40.024 3.26695 
vt -40.9824 3.26695 
vt -41.0366 3.26695 
vt -39.7824 3.26695 
vt -39.8365 3.26695 
vt -41.3949 3.26695 
vt -41.3949 3.26695 
vt -41.2074 3.26695 
vt -41.2616 3.26695 
vt -38.2465 3.2745 
vt -38.2465 3.2745 
vt -38.0892 2.81429 
vt -38.0892 4.44083 
vt -38.0895 4.35644 
vt -38.0895 6.15165 
vt -38.0931 6.13622 
vt -38.0931 6.09157 
vt -38.0931 6.15557 
vt -38.2465 3.337 
vt -38.108 2.87746 
vt -38.2465 3.3995 
vt -41.2616 5.65723 
vt -38.1813 3.28404 
vt -38.1813 5.56824 
vt -38.1813 5.65189 
vt -38.3647 6.48179 
vt -39.977 6.48179 
vt -38.1975 5.64379 
vt -38.1975 5.58958 
vt -38.1975 5.58958 
vt -38.1976 5.58958 
vt -38.1976 5.58958 
vt -38.1975 5.58957 
vt -38.1976 3.2547 
vt -38.1976 5.64379 
vt -38.1976 5.58957 
vt -38.1976 5.58957 
vt -38.1976 5.58957 
vt -38.1975 5.65669 
vt -38.1975 5.60247 
vt -38.1975 3.2676 
vt -38.1981 5.65723 
vt -38.1981 5.64433 
vt -38.1981 4.71483 
vt -38.1981 5.64433 
vt -38.1981 4.71664 
vt -38.1981 5.64432 
vt -38.1981 4.11722 
vt -38.1981 4.12357 
vt -38.1924 4.69748 
vt -38.199 4.10827 
vt -38.199 4.72203 
vt -38.1924 4.10843 
vt -38.1992 4.13343 
vt -38.1927 4.10828 
vt -38.1927 4.72203 
vt -39.9027 6.4689 
vt -39.9777 6.4689 
vt -38.3559 6.4689 
vt -38.4309 6.4689 
vt -38.356 6.46885 
vt -39.9695 6.46885 
vt -38.4994 6.46224 
vt -39.8495 6.46224 
vt -39.6574 6.46223 
vt -39.6244 6.46223 
vt -39.5824 6.46223 
vt -39.4324 6.46223 
vt -38.2465 3.462 
vt -38.4277 6.44709 
vt -38.3561 6.44709 
vt -39.9061 6.44709 
vt -39.9061 6.44709 
vt -39.3699 6.44473 
vt -39.1813 6.44473 
vt -38.9949 6.44473 
vt -38.641 6.44473 
vt -38.5779 6.44473 
vt -38.8615 6.44473 
vt -38.8074 6.44473 
vt -39.8365 6.44473 
vt -38.2371 4.48517 
vt -38.2371 4.40835 
vt -38.2465 3.587 
vt -38.2465 3.57872 
vt -38.2465 3.57872 
vt -38.2465 3.39122 
vt -38.2465 3.32872 
vt -38.2465 3.89122 
vt -38.2465 5.51623 
vt -38.2465 5.462 
vt -38.2465 5.087 
vt -38.2465 5.087 
vt -38.2465 4.14123 
vt -38.2465 4.89123 
vt -38.2465 4.837 
vt -38.2465 4.07872 
vt -38.2465 4.0245 
vt -38.2465 4.82873 
vt -38.2465 4.82873 
vt -38.2465 4.7745 
vt -38.2465 4.64123 
vt -38.2465 4.587 
vt -38.2465 5.32873 
vt -38.2465 5.2745 
vt -38.2465 3.70372 
vt -38.2465 3.6495 
vt -38.2465 4.51623 
vt -38.2465 4.462 
vt -38.2465 4.3995 
vt -38.2465 4.39123 
vt -38.2465 4.337 
vt -38.2465 4.20373 
vt -38.2465 3.76622 
vt -38.2465 4.26623 
vt -38.2465 4.212 
vt -38.2465 5.39123 
vt -38.2465 5.39123 
vt -38.2465 3.95372 
vt -38.2465 3.8995 
vt -38.2465 3.82872 
vt -38.2465 3.7745 
vt -38.2465 5.57873 
vt -38.2465 5.01623 
vt -38.2465 4.962 
vt -38.2465 4.70373 
vt -38.2465 5.45373 
vt -38.2465 4.01622 
vt -38.2465 3.962 
vt -38.2465 5.07873 
vt -38.2465 5.20373 
vt -38.2465 5.1495 
vt -38.2465 4.95373 
vt -38.2465 5.212 
vt -38.2465 4.76623 
vt -38.2465 4.712 
vt -38.2465 5.64123 
vt -38.2465 5.64123 
vt -38.2465 5.58702 
vt -38.2465 3.51622 
vt -38.4056 6.42053 
vt -39.9664 6.42053 
vt -38.449 6.41973 
vt -38.3699 6.41973 
vt -41.1746 3.25484 
vt -41.5143 4.35644 
vt -38.2606 4.35644 
vt -38.4056 6.35803 
vt -39.957 6.35464 
vt -39.9248 6.35464 
vt -39.957 6.35464 
vt -41.111 3.18294 
vt -41.111 2.99249 
vt -41.111 2.99249 
vt -41.111 2.89727 
vt -41.1089 3.08761 
vt -38.2621 2.81429 
vt -41.514 2.81429 
vt -38.3561 5.6278 
vt -38.3561 5.6278 
vt -38.3561 6.03459 
vt -38.3561 5.62779 
vt -38.3559 6.39775 
vt -38.3559 6.07367 
vt -38.3559 6.00252 
vt -38.3559 6.07367 
vt -38.356 6.39865 
vt -38.356 6.39865 
vt -38.3647 6.44077 
vt -38.3747 6.01259 
vt -38.3747 5.75463 
vt -38.407 6.27964 
vt -39.957 6.27964 
vt -41.0366 5.65723 
vt -41.0366 5.65723 
vt -38.4056 5.92053 
vt -38.4056 5.92053 
vt -38.4056 6.04553 
vt -38.4056 6.10803 
vt -38.4056 6.0538 
vt -38.4056 6.17053 
vt -38.4056 6.1163 
vt -38.4056 6.23303 
vt -38.4056 6.23303 
vt -38.4056 6.3663 
vt -38.4056 6.2413 
vt -38.4056 5.73302 
vt -38.4056 5.73302 
vt -38.4056 5.67879 
vt -38.4056 5.85802 
vt -38.4056 5.67052 
vt -38.4056 5.61629 
vt -38.4574 6.43 
vt -38.407 6.20464 
vt -39.957 6.20464 
vt -38.5324 6.43 
vt -38.407 6.12964 
vt -40.8558 5.64559 
vt -40.8558 5.59083 
vt -40.8558 5.64559 
vt -40.8556 5.59083 
vt -40.8556 5.59082 
vt -40.8491 5.65723 
vt -39.9027 6.07367 
vt -38.4309 6.07367 
vt -39.957 6.05464 
vt -39.9664 6.04553 
vt -39.976 6.03459 
vt -39.909 6.03459 
vt -38.4277 6.03459 
vt -38.407 5.97963 
vt -39.957 5.97963 
vt -38.7574 6.43 
vt -38.407 5.90463 
vt -39.957 5.90463 
vt -40.6283 3.23567 
vt -40.6241 5.65723 
vt -38.8441 5.64523 
vt -38.8441 5.591 
vt -38.8441 5.591 
vt -41.5516 4.10247 
vt -41.5579 4.10246 
vt -38.2475 4.10828 
vt -38.2537 4.10827 
vt -40.5676 3.25471 
vt -40.559 5.64559 
vt -40.559 5.59082 
vt -40.5601 3.25472 
vt -38.407 5.75463 
vt -39.957 5.75463 
vt -39.9248 5.75463 
vt -39.976 5.6278 
vt -38.4277 5.6278 
vt -39.9777 6.39775 
vt -39.9027 6.39775 
vt -39.9777 6.4689 
vt -39.9027 6.4689 
vt -38.4309 6.39775 
vt -38.3559 6.39775 
vt -38.4309 6.4689 
vt -38.3559 6.4689 
vt -38.1813 3.28404 
vt -38.2562 3.28404 
vt -38.1813 3.20039 
vt -38.2562 3.20039 
vt -38.1813 5.65189 
vt -38.2562 5.65189 
vt -38.1813 5.56824 
vt -38.2562 5.56824 
vt -41.5522 5.65189 
vt -41.6273 5.65189 
vt -41.5522 5.56824 
vt -41.6273 5.56824 
vt -41.5522 3.28403 
vt -41.6273 3.28403 
vt -41.5522 3.20039 
vt -41.6273 3.20039 
vt -38.9894 3.25269 
vt -38.9894 3.2527 
vt -40.4366 5.65723 
vt -39.9664 5.67052 
vt -40.7949 5.65723 
vt -40.3824 5.65723 
vt -40.5699 5.65723 
vt -40.2116 5.65723 
vt -40.1574 5.65723 
vt -40.024 5.65723 
vt -39.9699 5.65723 
vt -40.9824 5.65723 
vt -41.3949 5.65723 
vt -41.3949 5.65723 
vt -41.2074 5.65723 
vt -40.534 5.64559 
vt -40.242 5.64559 
vt -38.2472 4.13343 
vt -40.242 5.64559 
vt -40.8306 5.64559 
vt -40.8409 5.64379 
vt -39.4645 5.64523 
vt -38.8625 5.64379 
vt -38.8625 5.64379 
vt -38.8566 5.6438 
vt -38.8566 5.6438 
vt -38.8625 5.64379 
vt -38.2524 5.64433 
vt -38.2524 5.64433 
vt -38.2524 5.64433 
vt -38.2524 5.64432 
vt -38.2524 5.64432 
vt -41.5574 5.64433 
vt -41.5574 5.64433 
vt -39.4445 5.64379 
vt -40.2511 5.64379 
vt -39.4494 5.64379 
vt -40.8425 5.6438 
vt -41.5574 5.64433 
vt -39.4521 5.6438 
vt -40.25 5.6438 
vt -40.25 5.6438 
vt -41.5574 5.64432 
vt -41.5574 5.64432 
vt -38.8763 5.64523 
vt -39.4637 5.64523 
vt -40.2665 5.59083 
vt -39.0574 6.42999 
vt -41.111 2.80204 
vt -40.6051 2.80204 
vt -41.111 2.89727 
vt -40.6051 2.89727 
vt -41.5143 6.15361 
vt -38.2606 6.15165 
vt -40.5544 3.25484 
vt -38.2524 5.57978 
vt -38.8566 5.58958 
vt -38.2524 4.71483 
vt -40.8425 5.58958 
vt -39.4521 5.58958 
vt -41.5574 4.1241 
vt -41.111 2.89726 
vt -40.6176 2.89727 
vt -41.111 2.99249 
vt -40.6176 2.99249 
vt -40.2511 5.58958 
vt -40.25 5.58958 
vt -38.2621 4.44083 
vt -41.514 4.44083 
vt -41.1089 2.99238 
vt -40.6155 2.99238 
vt -41.1089 3.08761 
vt -40.6155 3.08761 
vt -41.111 3.08771 
vt -40.6176 3.08771 
vt -41.111 3.18294 
vt -40.6176 3.18294 
vt -38.3647 6.44077 
vt -38.3647 6.48179 
vt -39.977 6.44077 
vt -39.977 6.48179 
vt -39.3574 6.42999 
vt -39.424 3.26695 
vt -39.3699 3.26695 
vt -39.424 6.44473 
vt -39.3699 6.44473 
vt -39.2376 3.26695 
vt -39.1813 3.26695 
vt -39.2376 6.44473 
vt -39.1813 6.44473 
vt -39.049 3.26695 
vt -38.9949 3.26695 
vt -39.049 6.44473 
vt -38.9949 6.44473 
vt -39.649 3.26695 
vt -39.5949 3.26695 
vt -39.649 6.46973 
vt -39.5949 6.46973 
vt -40.8491 3.26695 
vt -40.7949 3.26695 
vt -40.8491 5.65723 
vt -40.7949 5.65723 
vt -38.449 3.26695 
vt -38.3699 3.26695 
vt -38.449 6.41973 
vt -38.3699 6.41973 
vt -40.4366 3.26695 
vt -40.3824 3.26695 
vt -40.4366 5.65723 
vt -40.3824 5.65723 
vt -38.641 3.26695 
vt -38.5779 3.26695 
vt -38.641 6.44473 
vt -38.5779 6.44473 
vt -38.8615 3.26695 
vt -38.8074 3.26695 
vt -38.8615 6.44473 
vt -38.8074 6.44473 
vt -38.2524 3.26695 
vt -38.1981 3.26695 
vt -38.2524 5.65723 
vt -38.1981 5.65723 
vt -40.6241 3.26695 
vt -40.5699 3.26695 
vt -40.6241 5.65723 
vt -40.5699 5.65723 
vt -40.2116 3.26695 
vt -40.1574 3.26695 
vt -40.2116 5.65723 
vt -40.1574 5.65723 
vt -38.1975 5.60247 
vt -38.1975 5.65669 
vt -41.6125 5.60247 
vt -41.6125 5.65669 
vt -41.6116 3.26695 
vt -41.5574 3.26695 
vt -41.6116 5.65723 
vt -41.5574 5.65723 
vt -40.024 3.26695 
vt -39.9699 3.26695 
vt -40.024 5.65723 
vt -39.9699 5.65723 
vt -41.0366 3.26695 
vt -40.9824 3.26695 
vt -41.0366 5.65723 
vt -40.9824 5.65723 
vt -39.8365 3.26695 
vt -39.7824 3.26695 
vt -39.8365 6.44473 
vt -39.7824 6.44473 
vt -41.4491 3.26695 
vt -41.3949 3.26695 
vt -41.4491 5.65723 
vt -41.3949 5.65723 
vt -41.2616 3.26695 
vt -41.2074 3.26695 
vt -41.2616 5.65723 
vt -41.2074 5.65723 
vt -38.1975 3.21338 
vt -38.1975 3.2676 
vt -41.6125 3.21338 
vt -41.6125 3.2676 
vt -39.9248 6.35464 
vt -39.957 6.35464 
vt -39.9248 6.31259 
vt -39.957 6.31259 
vt -41.5631 3.64122 
vt -41.5631 3.587 
vt -38.2465 3.64122 
vt -38.2465 3.587 
vt -41.5631 3.57872 
vt -41.5631 3.5245 
vt -38.2465 3.57872 
vt -38.2465 3.5245 
vt -41.5631 3.39122 
vt -41.5631 3.337 
vt -38.2465 3.39122 
vt -38.2465 3.337 
vt -41.5631 3.32872 
vt -41.5631 3.2745 
vt -38.2465 3.32872 
vt -38.2465 3.2745 
vt -41.5631 3.45372 
vt -41.5631 3.3995 
vt -38.2465 3.45372 
vt -38.2465 3.3995 
vt -38.4056 5.8663 
vt -38.4056 5.92053 
vt -39.9664 5.8663 
vt -39.9664 5.92053 
vt -38.4056 5.9288 
vt -38.4056 5.98302 
vt -39.9664 5.9288 
vt -39.9664 5.98302 
vt -38.4056 5.9913 
vt -38.4056 6.04553 
vt -39.9664 5.9913 
vt -39.9664 6.04553 
vt -38.4056 6.0538 
vt -38.4056 6.10803 
vt -39.9664 6.0538 
vt -39.9664 6.10803 
vt -38.4056 6.1163 
vt -38.4056 6.17053 
vt -39.9664 6.1163 
vt -39.9664 6.17053 
vt -38.4056 6.1788 
vt -38.4056 6.23303 
vt -39.9664 6.1788 
vt -39.9664 6.23303 
vt -38.4056 6.3038 
vt -38.4056 6.35803 
vt -39.9664 6.3038 
vt -39.9664 6.35803 
vt -38.4056 6.3663 
vt -38.4056 6.42053 
vt -39.9664 6.3663 
vt -39.9664 6.42053 
vt -38.4056 6.2413 
vt -38.4056 6.29553 
vt -39.9664 6.2413 
vt -39.9664 6.29553 
vt -38.4056 5.67879 
vt -38.4056 5.73302 
vt -39.9664 5.67879 
vt -39.9664 5.73302 
vt -38.4056 5.74129 
vt -38.4056 5.79552 
vt -39.9664 5.74129 
vt -39.9664 5.79552 
vt -38.4056 5.8038 
vt -38.4056 5.85802 
vt -39.9664 5.8038 
vt -39.9664 5.85802 
vt -38.4056 5.61629 
vt -38.4056 5.67052 
vt -39.9664 5.61629 
vt -39.9664 5.67052 
vt -38.7994 6.46224 
vt -38.7994 6.43 
vt -38.7574 6.46224 
vt -38.7574 6.43 
vt -38.7244 6.46224 
vt -38.7244 6.43 
vt -38.6824 6.46224 
vt -38.6824 6.43 
vt -38.6494 6.46224 
vt -38.6494 6.43 
vt -38.6074 6.46224 
vt -38.6074 6.43 
vt -38.5744 6.46224 
vt -38.5744 6.43 
vt -38.5324 6.46224 
vt -38.5324 6.43 
vt -38.4994 6.46224 
vt -38.4994 6.43 
vt -38.4574 6.46224 
vt -38.4574 6.43 
vt -38.3747 6.05463 
vt -38.407 6.05463 
vt -38.3747 6.01259 
vt -38.407 6.01259 
vt -38.3747 5.82963 
vt -38.407 5.82963 
vt -38.3747 5.78758 
vt -38.407 5.78758 
vt -38.3747 5.90463 
vt -38.407 5.90463 
vt -38.3747 5.86258 
vt -38.407 5.86258 
vt -38.3747 5.97963 
vt -38.407 5.97963 
vt -38.3747 5.93759 
vt -38.407 5.93759 
vt -38.3747 6.12964 
vt -38.407 6.12964 
vt -38.3747 6.08759 
vt -38.407 6.08759 
vt -38.3747 6.20464 
vt -38.407 6.20464 
vt -38.3747 6.16259 
vt -38.407 6.16259 
vt -38.3747 6.27964 
vt -38.407 6.27964 
vt -38.3747 6.23759 
vt -38.407 6.23759 
vt -38.3747 6.35464 
vt -38.407 6.35464 
vt -38.3747 6.31259 
vt -38.407 6.31259 
vt -38.3747 5.75463 
vt -38.407 5.75463 
vt -38.3747 5.71258 
vt -38.407 5.71258 
vt -39.9248 6.20464 
vt -39.957 6.20464 
vt -39.9248 6.16259 
vt -39.957 6.16259 
vt -39.9248 6.27964 
vt -39.957 6.27964 
vt -39.9248 6.23759 
vt -39.957 6.23759 
vt -39.8495 6.46224 
vt -39.8495 6.43 
vt -39.8074 6.46224 
vt -39.8074 6.43 
vt -39.7745 6.46223 
vt -39.7745 6.43 
vt -39.7324 6.46223 
vt -39.7324 6.43 
vt -39.6995 6.46223 
vt -39.6995 6.43 
vt -39.6574 6.46223 
vt -39.6574 6.43 
vt -39.6244 6.46223 
vt -39.6244 6.43 
vt -39.5824 6.46223 
vt -39.5824 6.43 
vt -41.5631 3.89122 
vt -41.5631 3.837 
vt -38.2465 3.89122 
vt -38.2465 3.837 
vt -41.5631 5.51623 
vt -41.5631 5.462 
vt -38.2465 5.51623 
vt -38.2465 5.462 
vt -41.5631 5.14123 
vt -41.5631 5.087 
vt -38.2465 5.14123 
vt -38.2465 5.087 
vt -41.5631 4.14123 
vt -41.5631 4.087 
vt -38.2465 4.14123 
vt -38.2465 4.087 
vt -41.5631 4.89123 
vt -41.5631 4.837 
vt -38.2465 4.89123 
vt -38.2465 4.837 
vt -41.5631 4.07872 
vt -41.5631 4.0245 
vt -38.2465 4.07872 
vt -38.2465 4.0245 
vt -41.5631 4.82873 
vt -41.5631 4.7745 
vt -38.2465 4.82873 
vt -38.2465 4.7745 
vt -41.5631 4.64123 
vt -41.5631 4.587 
vt -38.2465 4.64123 
vt -38.2465 4.587 
vt -41.5631 5.32873 
vt -41.5631 5.2745 
vt -38.2465 5.32873 
vt -38.2465 5.2745 
vt -41.5631 3.70372 
vt -41.5631 3.6495 
vt -38.2465 3.70372 
vt -38.2465 3.6495 
vt -41.5631 4.51623 
vt -41.5631 4.462 
vt -38.2465 4.51623 
vt -38.2465 4.462 
vt -41.5631 4.45373 
vt -41.5631 4.3995 
vt -38.2465 4.45373 
vt -38.2465 4.3995 
vt -41.5631 4.39123 
vt -41.5631 4.337 
vt -38.2465 4.39123 
vt -38.2465 4.337 
vt -41.5631 4.20373 
vt -41.5631 4.1495 
vt -38.2465 4.20373 
vt -38.2465 4.1495 
vt -41.5631 3.76622 
vt -41.5631 3.712 
vt -38.2465 3.76622 
vt -38.2465 3.712 
vt -41.5631 4.26623 
vt -41.5631 4.212 
vt -38.2465 4.26623 
vt -38.2465 4.212 
vt -41.5631 5.39123 
vt -41.5631 5.337 
vt -38.2465 5.39123 
vt -38.2465 5.337 
vt -41.5631 3.95372 
vt -41.5631 3.8995 
vt -38.2465 3.95372 
vt -38.2465 3.8995 
vt -41.5631 4.57873 
vt -41.5631 4.5245 
vt -38.2465 4.57873 
vt -38.2465 4.5245 
vt -41.5631 3.82872 
vt -41.5631 3.7745 
vt -38.2465 3.82872 
vt -38.2465 3.7745 
vt -41.5631 5.57873 
vt -41.5631 5.5245 
vt -38.2465 5.57873 
vt -38.2465 5.5245 
vt -41.5631 5.01623 
vt -41.5631 4.962 
vt -38.2465 5.01623 
vt -38.2465 4.962 
vt -41.5631 4.70373 
vt -41.5631 4.6495 
vt -38.2465 4.70373 
vt -38.2465 4.6495 
vt -41.5631 5.45373 
vt -41.5631 5.3995 
vt -38.2465 5.45373 
vt -38.2465 5.3995 
vt -41.5631 4.01622 
vt -41.5631 3.962 
vt -38.2465 4.01622 
vt -38.2465 3.962 
vt -41.5631 5.07873 
vt -41.5631 5.0245 
vt -38.2465 5.07873 
vt -38.2465 5.0245 
vt -41.5631 5.20373 
vt -41.5631 5.1495 
vt -38.2465 5.20373 
vt -38.2465 5.1495 
vt -41.5631 4.95373 
vt -41.5631 4.8995 
vt -38.2465 4.95373 
vt -38.2465 4.8995 
vt -41.5631 4.32873 
vt -41.5631 4.2745 
vt -38.2465 4.32873 
vt -38.2465 4.2745 
vt -41.5631 5.26623 
vt -41.5631 5.212 
vt -38.2465 5.26623 
vt -38.2465 5.212 
vt -41.5631 4.76623 
vt -41.5631 4.712 
vt -38.2465 4.76623 
vt -38.2465 4.712 
vt -39.9248 6.05464 
vt -39.957 6.05464 
vt -39.9248 6.01259 
vt -39.957 6.01259 
vt -39.9248 5.75463 
vt -39.957 5.75463 
vt -39.9248 5.71258 
vt -39.957 5.71258 
vt -39.9248 5.82963 
vt -39.957 5.82963 
vt -39.9248 5.78758 
vt -39.957 5.78758 
vt -39.9248 5.90463 
vt -39.957 5.90463 
vt -39.9248 5.86259 
vt -39.957 5.86259 
vt -39.9248 5.97963 
vt -39.957 5.97963 
vt -39.9248 5.93759 
vt -39.957 5.93759 
vt -39.9248 6.12964 
vt -39.957 6.12964 
vt -39.9248 6.08759 
vt -39.957 6.08759 
vt -41.5631 5.64123 
vt -41.5631 5.587 
vt -38.2465 5.64123 
vt -38.2465 5.58702 
vt -39.5494 6.46223 
vt -39.5494 6.43 
vt -39.5074 6.46223 
vt -39.5074 6.43 
vt -39.4744 6.46223 
vt -39.4744 6.43 
vt -39.4324 6.46223 
vt -39.4324 6.43 
vt -39.3994 6.46223 
vt -39.3994 6.42999 
vt -39.3574 6.46223 
vt -39.3574 6.42999 
vt -39.3244 6.46223 
vt -39.3244 6.42999 
vt -39.2824 6.46223 
vt -39.2824 6.42999 
vt -39.2494 6.46223 
vt -39.2494 6.42999 
vt -39.2074 6.46223 
vt -39.2074 6.42999 
vt -39.1744 6.46223 
vt -39.1744 6.42999 
vt -39.1324 6.46223 
vt -39.1324 6.42999 
vt -39.0994 6.46223 
vt -39.0994 6.42999 
vt -39.0574 6.46223 
vt -39.0574 6.42999 
vt -39.0244 6.46223 
vt -39.0244 6.42999 
vt -38.9824 6.46223 
vt -38.9824 6.42999 
vt -38.9494 6.46223 
vt -38.9494 6.42999 
vt -38.9074 6.46223 
vt -38.9074 6.42999 
vt -38.8744 6.46224 
vt -38.8744 6.43 
vt -38.8324 6.46224 
vt -38.8324 6.43 
vt -41.5631 3.51622 
vt -41.5631 3.462 
vt -38.2465 3.51622 
vt -38.2465 3.462 
vt -38.4309 6.00252 
vt -38.3559 6.00252 
vt -38.4309 6.07367 
vt -38.3559 6.07367 
vt -39.4645 5.64523 
vt -39.4645 5.591 
vt -38.8441 5.64523 
vt -38.8441 5.591 
vt -41.1416 3.25483 
vt -41.1739 3.25483 
vt -41.1416 3.20061 
vt -41.1739 3.20061 
vt -40.5541 3.25483 
vt -40.5864 3.25483 
vt -40.5541 3.20061 
vt -40.5864 3.20061 
vt -41.1746 3.25483 
vt -41.1746 3.20061 
vt -40.5544 3.25483 
vt -40.5544 3.20061 
vt -38.844 5.64523 
vt -38.8763 5.64523 
vt -38.844 5.591 
vt -38.8763 5.591 
vt -39.4315 5.64523 
vt -39.4637 5.64523 
vt -39.4315 5.591 
vt -39.4637 5.591 
vt -39.9777 6.00252 
vt -39.9027 6.00252 
vt -39.9777 6.07367 
vt -39.9027 6.07367 
vt -39.4445 5.58958 
vt -39.4445 5.58958 
vt -39.4494 5.58957 
vt -39.4521 5.58958 
vt -39.9777 5.6278 
vt -39.9777 5.6278 
vt -39.977 6.44077 
vt -39.9695 6.39865 
vt -39.9664 5.9288 
vt -39.9664 6.0538 
vt -39.9664 6.1163 
vt -39.9664 6.1788 
vt -39.9664 6.3038 
vt -39.9664 6.3663 
vt -39.9664 6.2413 
vt -39.9664 5.74129 
vt -39.5887 3.25471 
vt -41.5574 4.71137 
vt -41.1622 3.25471 
vt -38.2524 4.71664 
vt -38.2537 4.72203 
vt -40.242 5.59082 
vt -41.5579 4.71622 
vt -38.2326 3.20049 
vt -38.2326 3.25471 
vt -40.5709 3.20049 
vt -40.5709 3.25471 
vt -38.1975 5.58957 
vt -38.1975 5.64379 
vt -38.8625 5.58957 
vt -38.8625 5.64379 
vt -38.2524 3.25407 
vt -38.1981 3.25407 
vt -38.2524 5.64433 
vt -38.1981 5.64433 
vt -41.6115 3.25407 
vt -41.5574 3.25407 
vt -41.6115 5.64433 
vt -41.5574 5.64433 
vt -39.4494 5.58957 
vt -39.4494 5.64379 
vt -41.6125 5.58957 
vt -41.6125 5.64379 
vt -41.1669 3.20049 
vt -41.1669 3.25471 
vt -41.6125 3.20049 
vt -41.6125 3.25471 
vt -38.4277 5.62779 
vt -39.9061 5.6278 
vt -38.4277 5.62779 
vt -38.3561 5.62779 
vt -38.4277 6.44709 
vt -38.3561 6.44709 
vt -39.9777 5.6278 
vt -39.9061 5.6278 
vt -39.9777 6.44709 
vt -39.9061 6.44709 
vt -38.356 6.39865 
vt -38.356 6.46885 
vt -39.9695 6.39865 
vt -39.9695 6.46885 
vt -39.6031 3.2527 
vt -41.6129 4.10246 
vt -41.5581 4.10246 
vt -41.6129 4.71622 
vt -41.5581 4.71622 
vt -41.6129 4.71667 
vt -41.6129 4.69167 
vt -41.5581 4.71667 
vt -41.5581 4.69167 
vt -41.6129 4.12761 
vt -41.6129 4.10262 
vt -41.5581 4.12761 
vt -41.5581 4.10262 
vt -39.6031 3.25269 
vt -39.6031 3.19792 
vt -38.9894 3.25269 
vt -38.9894 3.19792 
vt -40.8558 5.64559 
vt -40.8558 5.59082 
vt -40.242 5.64559 
vt -40.242 5.59082 
vt -40.534 5.64559 
vt -40.559 5.64559 
vt -40.534 5.59082 
vt -40.559 5.59082 
vt -38.9889 3.25269 
vt -39.0139 3.25269 
vt -38.9889 3.19792 
vt -39.0139 3.19792 
vt -39.578 3.25269 
vt -39.603 3.25269 
vt -39.578 3.19792 
vt -39.603 3.19792 
vt -40.2415 5.64559 
vt -40.2665 5.64559 
vt -40.2415 5.59082 
vt -40.2665 5.59082 
vt -40.8306 5.64559 
vt -40.8556 5.64559 
vt -40.8306 5.59082 
vt -40.8556 5.59082 
vt -38.2541 4.10827 
vt -38.1992 4.10827 
vt -38.2541 4.72203 
vt -38.1992 4.72203 
vt -38.254 4.72248 
vt -38.254 4.69748 
vt -38.1992 4.72248 
vt -38.1992 4.69748 
vt -38.254 4.13343 
vt -38.254 4.10843 
vt -38.1992 4.13343 
vt -38.1992 4.10843 
vt -39.909 5.6278 
vt -40.8409 5.58958 
vt -40.8409 5.64379 
vt -41.6125 5.58958 
vt -41.6125 5.64379 
vt -38.1975 5.58958 
vt -38.1975 5.64379 
vt -38.8625 5.58958 
vt -38.8625 5.64379 
vt -38.1975 3.20049 
vt -38.1975 3.25471 
vt -38.9962 3.20049 
vt -38.9962 3.25471 
vt -38.2524 4.71664 
vt -38.1981 4.71664 
vt -38.2524 5.57978 
vt -38.1981 5.57978 
vt -38.2524 3.25408 
vt -38.1981 3.25408 
vt -38.2524 4.11722 
vt -38.1981 4.11722 
vt -39.4445 5.58958 
vt -39.4445 5.64379 
vt -40.2511 5.58958 
vt -40.2511 5.64379 
vt -41.6116 4.70892 
vt -41.5574 4.70892 
vt -41.6116 5.64433 
vt -41.5574 5.64433 
vt -41.1622 3.20049 
vt -41.1622 3.25471 
vt -41.6125 3.20049 
vt -41.6125 3.25471 
vt -41.6116 3.23963 
vt -41.5574 3.23963 
vt -41.6116 4.10922 
vt -41.5574 4.10922 
vt -39.5887 3.20049 
vt -39.5887 3.25471 
vt -40.5676 3.20049 
vt -40.5676 3.25471 
vt -38.2475 4.72203 
vt -41.5516 4.71622 
vt -39.4645 5.591 
vt -40.6176 3.18294 
vt -40.242 5.59083 
vt -40.6176 2.99249 
vt -41.1579 3.2005 
vt -41.1579 3.25472 
vt -41.6125 3.2005 
vt -41.6125 3.25472 
vt -39.6011 3.2005 
vt -39.6011 3.25472 
vt -40.5601 3.2005 
vt -40.5601 3.25472 
vt -38.1976 5.58958 
vt -38.1976 5.6438 
vt -38.8566 5.58958 
vt -38.8566 5.6438 
vt -38.2298 3.2005 
vt -38.2298 3.25472 
vt -38.9932 3.2005 
vt -38.9932 3.25472 
vt -38.2524 4.71483 
vt -38.1981 4.71483 
vt -38.2524 5.64433 
vt -38.1981 5.64433 
vt -38.2524 3.25408 
vt -38.1981 3.25408 
vt -38.2524 4.12357 
vt -38.1981 4.12357 
vt -41.6116 4.71137 
vt -41.5574 4.71137 
vt -41.6116 5.64433 
vt -41.5574 5.64433 
vt -40.8425 5.58958 
vt -40.8425 5.6438 
vt -41.6087 5.58958 
vt -41.6087 5.6438 
vt -39.4521 5.58958 
vt -39.4521 5.6438 
vt -40.25 5.58958 
vt -40.25 5.6438 
vt -41.6116 3.25411 
vt -41.5574 3.25411 
vt -41.6116 4.1241 
vt -41.5574 4.1241 
vt -41.1746 3.25484 
vt -41.1746 3.20061 
vt -40.5544 3.25484 
vt -40.5544 3.20061 
vt -39.4645 5.64523 
vt -39.4645 5.591 
vt -38.8441 5.64523 
vt -38.8441 5.591 
vt -41.6064 4.10247 
vt -41.5516 4.10247 
vt -41.6064 4.71622 
vt -41.5516 4.71622 
vt -40.6051 2.89727 
vt -40.8558 5.64559 
vt -40.8558 5.59083 
vt -40.242 5.64559 
vt -40.242 5.59083 
vt -39.6031 3.2527 
vt -39.6031 3.19793 
vt -38.9894 3.2527 
vt -38.9894 3.19793 
vt -38.2475 4.10828 
vt -38.1927 4.10828 
vt -38.2475 4.72203 
vt -38.1927 4.72203 
vt -39.976 5.6278 
vt -39.909 5.6278 
vt -39.976 6.03459 
vt -39.909 6.03459 
vt -38.4277 5.6278 
vt -38.3561 5.6278 
vt -38.4277 6.03459 
vt -38.3561 6.03459 
vt -38.1976 3.20048 
vt -38.1976 3.2547 
vt -41.6125 3.20048 
vt -41.6125 3.2547 
vt -38.2524 3.25407 
vt -38.1981 3.25407 
vt -38.2524 5.64432 
vt -38.1981 5.64432 
vt -38.1976 5.58957 
vt -38.1976 5.64379 
vt -41.6125 5.58957 
vt -41.6125 5.64379 
vt -41.6116 3.25407 
vt -41.5574 3.25407 
vt -41.6116 5.64432 
vt -41.5574 5.64432 
vt -41.0984 2.77485 
vt -41.0984 3.23567 
vt -41.146 2.77485 
vt -41.146 3.23567 
vt -40.5806 2.77485 
vt -40.5806 3.23567 
vt -40.6283 2.77485 
vt -40.6283 3.23567 
vt -41.5742 4.48517 
vt -41.5742 4.40835 
vt -38.2371 4.48517 
vt -38.2371 4.40835 
vt -38.2524 3.25407 
vt -38.1981 3.25407 
vt -38.2524 5.64432 
vt -38.1981 5.64432 
vt -38.1976 5.58957 
vt -38.1976 5.64379 
vt -41.6125 5.58957 
vt -41.6125 5.64379 
vt -41.6116 3.25407 
vt -41.5574 3.25407 
vt -41.6116 5.64432 
vt -41.5574 5.64432 
vt -38.1976 3.20048 
vt -38.1976 3.2547 
vt -41.6125 3.20048 
vt -41.6125 3.2547 
vt -41.6852 6.15361 
vt -41.6852 4.35644 
vt -41.5143 6.15361 
vt -41.5143 4.35644 
vt -38.2606 6.15165 
vt -38.2606 4.35644 
vt -38.0895 6.15165 
vt -38.0895 4.35644 
vt -41.6756 6.09157 
vt -38.0931 6.09157 
vt -41.6756 6.15557 
vt -38.0931 6.15557 
vt -38.2621 4.44083 
vt -38.2621 2.81429 
vt -38.0892 4.44083 
vt -38.0892 2.81429 
vt -41.6869 4.44083 
vt -41.6869 2.81429 
vt -41.514 4.44083 
vt -41.514 2.81429 
vt -38.108 2.87746 
vt -41.672 2.87746 
vt -38.108 2.81494 
vt -41.672 2.81494 
vt -38.6651 3.38026 
vt -39.171 3.38026 
vt -38.6651 3.35638 
vt -39.171 3.35638 
vt -38.6651 3.47538 
vt -39.1585 3.47538 
vt -38.6651 3.45163 
vt -39.1585 3.45163 
vt -38.0892 5.93651 
vt -38.0892 4.96301 
vt -38.0892 4.88788 
vt -38.0909 5.85938 
vt -38.6673 3.57063 
vt -39.1606 3.57063 
vt -38.6673 3.54688 
vt -39.1606 3.54688 
vt -38.1005 4.92588 
vt -38.1005 4.84913 
vt -38.1041 4.88826 
vt -41.6869 4.96301 
vt -41.514 5.93651 
vt -41.514 4.96301 
vt -38.2621 4.96301 
vt -38.1489 5.23038 
vt -38.1489 3.27576 
vt -38.1489 5.23038 
vt -38.1489 3.27576 
vt -38.1701 4.68613 
vt -38.1635 4.20551 
vt -38.1635 4.20551 
vt -38.1701 4.68188 
vt -38.1636 4.26063 
vt -38.1636 4.22838 
vt -38.1636 4.86663 
vt -38.1636 5.12338 
vt -38.1636 5.12213 
vt -38.1636 5.08988 
vt -38.1636 4.86663 
vt -38.1636 4.83438 
vt -38.1636 3.69063 
vt -38.1636 3.65838 
vt -38.1645 4.26076 
vt -38.1645 3.69063 
vt -38.1645 3.65838 
vt -38.1645 4.26076 
vt -38.1645 4.22851 
vt -38.1645 4.56651 
vt -38.1645 4.83451 
vt -38.1645 4.83438 
vt -38.1636 3.69051 
vt -38.1636 3.65838 
vt -38.6651 3.66588 
vt -39.1585 3.66588 
vt -38.6651 3.64213 
vt -39.1585 3.64213 
vt -38.2019 5.13988 
vt -38.2019 5.07238 
vt -38.213 3.66276 
vt -40.173 4.18638 
vt -40.173 4.21138 
vt -40.7868 4.18638 
vt -40.7868 4.21138 
vt -40.7622 4.68776 
vt -40.7872 4.68776 
vt -40.7622 4.19088 
vt -40.7872 4.19088 
vt -40.1731 4.68776 
vt -40.1981 4.68776 
vt -40.1731 4.19088 
vt -40.1981 4.19088 
vt -40.173 4.66713 
vt -40.173 4.69213 
vt -40.7868 4.66713 
vt -40.7868 4.69213 
vt -41.5435 3.97813 
vt -41.5435 3.94588 
vt -39.2052 3.97813 
vt -39.2052 3.94588 
vt -38.6182 4.59876 
vt -38.6182 4.56651 
vt -38.1636 4.59876 
vt -38.1636 4.56651 
vt -38.6015 4.60701 
vt -38.6015 4.63926 
vt -39.2217 4.60701 
vt -39.2217 4.63926 
vt -40.175 4.59876 
vt -40.175 4.56651 
vt -39.216 4.59876 
vt -39.216 4.56651 
vt -41.5464 4.59876 
vt -41.5464 4.56651 
vt -40.7829 4.59876 
vt -40.7829 4.56651 
vt -41.5786 4.26076 
vt -41.5786 4.22851 
vt -40.7799 4.26076 
vt -40.7799 4.22851 
vt -41.5199 5.23038 
vt -41.5949 5.23038 
vt -41.5199 3.27576 
vt -41.5949 3.27576 
vt -41.5785 4.86663 
vt -41.5785 4.83438 
vt -38.1636 4.86663 
vt -38.1636 4.83438 
vt -41.5785 5.12338 
vt -41.5785 5.09113 
vt -38.1636 5.12338 
vt -38.1636 5.09113 
vt -38.6139 4.26076 
vt -38.6139 4.22851 
vt -38.1636 4.26076 
vt -38.1636 4.22851 
vt -38.6022 4.62938 
vt -38.6344 4.62938 
vt -38.6022 3.66688 
vt -38.6345 3.66688 
vt -38.6092 3.97813 
vt -38.6092 3.94588 
vt -38.1636 3.97813 
vt -38.1636 3.94588 
vt -38.1489 5.23038 
vt -38.2237 5.23038 
vt -38.1489 3.27576 
vt -38.2239 3.27576 
vt -39.1898 4.62938 
vt -39.2219 4.62938 
vt -39.1898 3.66688 
vt -39.222 3.66688 
vt -38.6015 3.66713 
vt -38.6015 3.69938 
vt -39.2217 3.66713 
vt -39.2217 3.69938 
vt -40.1874 4.26076 
vt -40.1874 4.22851 
vt -39.2085 4.26076 
vt -39.2085 4.22851 
vt -41.5786 3.69063 
vt -41.5786 3.65838 
vt -38.1636 3.69051 
vt -38.1636 3.65838 
vt -38.2188 4.26076 
vt -38.2188 4.22851 
vt -38.1645 4.26076 
vt -38.1645 4.22851 
vt -41.578 3.97813 
vt -41.578 3.94588 
vt -41.5238 3.97813 
vt -41.5238 3.94588 
vt -41.578 5.12213 
vt -41.578 5.08988 
vt -41.5238 5.12213 
vt -41.5238 5.08988 
vt -41.578 4.86663 
vt -41.578 4.83438 
vt -41.5238 4.86663 
vt -41.5238 4.83438 
vt -41.578 4.26076 
vt -41.578 4.22851 
vt -41.5238 4.26076 
vt -41.5238 4.22851 
vt -41.578 4.59876 
vt -41.578 4.56651 
vt -41.5238 4.59876 
vt -41.5238 4.56651 
vt -38.2188 3.97813 
vt -38.2188 3.94588 
vt -38.1646 3.97813 
vt -38.1646 3.94588 
vt -38.2188 4.59876 
vt -38.2188 4.56651 
vt -38.1645 4.59876 
vt -38.1645 4.56651 
vt -38.2188 5.12213 
vt -38.2188 5.08988 
vt -38.1645 5.12213 
vt -38.1645 5.08988 
vt -38.2188 4.86676 
vt -38.2188 4.83451 
vt -38.1645 4.86676 
vt -38.1645 4.83451 
vt -40.4062 3.67113 
vt -40.4062 3.65838 
vt -40.3521 3.67113 
vt -40.3521 3.65838 
vt -40.5949 3.67138 
vt -40.5949 3.65813 
vt -40.5385 3.67138 
vt -40.5385 3.65813 
vt -40.7812 3.67113 
vt -40.7812 3.65838 
vt -40.7271 3.67113 
vt -40.7271 3.65838 
vt -40.1813 3.67113 
vt -40.1813 3.65838 
vt -40.1271 3.67113 
vt -40.1271 3.65838 
vt -38.9812 3.67113 
vt -38.9812 3.65838 
vt -38.927 3.67113 
vt -38.927 3.65838 
vt -41.4062 3.67113 
vt -41.4062 3.65838 
vt -41.3271 3.67113 
vt -41.3271 3.65838 
vt -39.3937 3.67113 
vt -39.3937 3.65838 
vt -39.3395 3.67113 
vt -39.3395 3.65838 
vt -41.1982 3.67213 
vt -41.1982 3.65738 
vt -41.1351 3.67213 
vt -41.1351 3.65738 
vt -40.9688 3.67113 
vt -40.9688 3.65838 
vt -40.9146 3.67113 
vt -40.9146 3.65838 
vt -41.578 3.69063 
vt -41.578 3.65838 
vt -41.5238 3.69063 
vt -41.5238 3.65838 
vt -39.2062 3.67113 
vt -39.2062 3.65838 
vt -39.152 3.67113 
vt -39.152 3.65838 
vt -39.6188 3.67113 
vt -39.6188 3.65838 
vt -39.5645 3.67113 
vt -39.5645 3.65838 
vt -38.2188 3.69063 
vt -38.2188 3.65838 
vt -38.1645 3.69063 
vt -38.1645 3.65838 
vt -39.8063 3.67113 
vt -39.8063 3.65838 
vt -39.7521 3.67113 
vt -39.7521 3.65838 
vt -38.7937 3.67113 
vt -38.7937 3.65838 
vt -38.7395 3.67113 
vt -38.7395 3.65838 
vt -39.9938 3.67113 
vt -39.9938 3.65838 
vt -39.9396 3.67113 
vt -39.9396 3.65838 
vt -38.3812 3.67113 
vt -38.3812 3.65838 
vt -38.327 3.67113 
vt -38.327 3.65838 
vt -38.5687 3.67113 
vt -38.5687 3.65838 
vt -38.5145 3.67113 
vt -38.5145 3.65838 
vt -38.213 3.66276 
vt -38.213 3.67538 
vt -41.5296 3.66276 
vt -41.5296 3.67538 
vt -41.6869 4.88788 
vt -41.6866 5.93601 
vt -41.6866 5.85938 
vt -41.6866 4.81413 
vt -41.683 4.92588 
vt -41.683 4.84913 
vt -38.213 3.66276 
vt -38.213 3.67538 
vt -41.5296 3.66276 
vt -41.5296 3.67538 
vt -38.213 3.66276 
vt -38.213 3.67538 
vt -41.5296 3.66276 
vt -41.5296 3.67538 
vt -41.5949 5.23038 
vt -41.5949 3.27576 
vt -41.5786 4.26076 
vt -41.5786 4.22851 
vt -41.5785 4.56651 
vt -41.5785 5.12213 
vt -41.5785 5.08988 
vt -41.5785 4.86663 
vt -41.5785 4.83451 
vt -41.5786 3.69063 
vt -41.5786 3.65838 
vt -41.5786 3.69063 
vt -41.5786 3.65838 
vt -41.578 4.22851 
vt -41.578 4.26076 
vt -41.578 4.83438 
vt -41.578 4.22851 
vt -41.5837 4.68188 
vt -41.5771 4.20551 
vt -41.5771 4.20551 
vt -41.5837 4.68188 
vt -41.5834 4.66113 
vt -41.5837 4.68613 
vt -39.7984 3.27576 
vt -41.0187 3.66276 
vt -40.9767 4.00888 
vt -41.0187 4.00888 
vt -41.1267 4.00888 
vt -41.1687 4.00888 
vt -41.2438 4.00888 
vt -41.2767 3.66276 
vt -41.3187 3.66276 
vt -39.9688 4.00888 
vt -40.1188 3.66276 
vt -40.0766 4.00888 
vt -40.1188 4.00888 
vt -40.1517 3.66276 
vt -40.1937 3.66276 
vt -40.1517 4.00888 
vt -40.1937 4.00888 
vt -40.2687 3.66276 
vt -40.3438 3.66276 
vt -40.3767 4.00888 
vt -40.4187 4.00888 
vt -40.6437 3.66276 
vt -40.6437 4.00888 
vt -40.7188 4.00888 
vt -40.7517 4.00888 
vt -38.213 3.66276 
vt -38.213 3.67538 
vt -41.5296 3.66276 
vt -41.5296 3.67538 
vt -41.3484 4.03563 
vt -41.3484 4.00351 
vt -41.42 4.00351 
vt -39.87 4.03563 
vt -39.87 4.00351 
vt -40.4062 3.67101 
vt -40.5385 3.65813 
vt -40.5949 3.67126 
vt -40.7812 3.67101 
vt -41.1351 3.65726 
vt -41.1982 3.67213 
vt -40.9146 3.65838 
vt -40.9688 3.67101 
vt -41.539 5.13988 
vt -41.539 5.07238 
vt -41.3705 3.66351 
vt -41.3705 3.68113 
vt -41.4062 3.67101 
vt -38.6015 4.63926 
vt -38.6015 4.60701 
vt -38.0909 5.93601 
vt -38.2619 5.93601 
vt -38.0909 5.85938 
vt -38.2619 5.85938 
vt -41.5155 5.93601 
vt -41.6866 5.93601 
vt -41.5155 5.85938 
vt -41.6866 5.85938 
vt -38.213 3.66276 
vt -38.213 3.67538 
vt -41.5296 3.66276 
vt -41.5296 3.67538 
vt -39.8514 3.66276 
vt -38.6651 3.47538 
vt -41.514 4.96301 
vt -41.6869 4.96301 
vt -41.514 4.88788 
vt -41.6869 4.88788 
vt -38.0892 4.96301 
vt -38.2621 4.96301 
vt -38.0892 4.88788 
vt -38.2621 4.88788 
vt -38.1041 4.96338 
vt -41.6681 4.96338 
vt -38.1041 4.88826 
vt -41.6681 4.88826 
vt -38.213 3.66276 
vt -38.213 3.67538 
vt -41.5296 3.66276 
vt -41.5296 3.67538 
vt -41.42 4.03563 
vt -41.4202 4.06326 
vt -41.4202 3.27576 
vt -41.4202 4.96326 
vt -41.4202 3.66663 
vt -41.4201 4.03563 
vt -41.4201 4.00351 
vt -41.3705 3.68113 
vt -41.3691 3.66276 
vt -41.3705 3.68113 
vt -41.3705 3.66351 
vt -41.3705 3.68113 
vt -41.3705 3.66351 
vt -41.3705 3.68113 
vt -41.3705 3.66351 
vt -41.3705 3.66351 
vt -41.3705 3.68113 
vt -41.3705 3.68113 
vt -41.3705 3.66351 
vt -41.3705 3.68113 
vt -41.3705 3.68113 
vt -41.3705 3.66351 
vt -38.213 3.66276 
vt -38.213 3.67538 
vt -41.5296 3.66276 
vt -41.5296 3.67538 
vt -41.3187 4.00888 
vt -38.213 3.66276 
vt -38.213 3.67538 
vt -41.5296 3.66276 
vt -41.5296 3.67538 
vt -41.5199 5.23038 
vt -38.2237 5.23038 
vt -41.2438 3.66276 
vt -38.213 3.66276 
vt -38.213 3.67538 
vt -41.5296 3.66276 
vt -41.5296 3.67538 
vt -38.9204 4.69063 
vt -38.9204 4.66563 
vt -38.9204 4.66563 
vt -38.9205 4.18951 
vt -38.213 3.66276 
vt -38.213 3.67538 
vt -41.5296 3.66276 
vt -41.5296 3.67538 
vt -39.8734 4.95201 
vt -38.213 3.66276 
vt -38.213 3.67538 
vt -41.5296 3.66276 
vt -41.5296 3.67538 
vt -41.3691 3.66276 
vt -39.8191 3.66276 
vt -38.213 3.66276 
vt -38.213 3.67538 
vt -41.5296 3.66276 
vt -41.5296 3.67538 
vt -41.0187 3.66276 
vt -41.0187 4.00888 
vt -41.3452 4.96326 
vt -39.7984 4.95201 
vt -39.8734 4.95201 
vt -38.213 3.66276 
vt -38.213 3.67538 
vt -41.5296 3.66276 
vt -41.5296 3.67538 
vt -40.932 3.69938 
vt -40.932 3.66713 
vt -40.932 4.63926 
vt -40.932 4.60701 
vt -38.213 3.66276 
vt -38.213 3.67538 
vt -41.5296 3.66276 
vt -41.5296 3.67538 
vt -38.2249 4.68538 
vt -38.2245 4.66038 
vt -38.1701 4.68613 
vt -38.1697 4.66113 
vt -38.2182 4.20476 
vt -38.218 4.17976 
vt -38.1635 4.20551 
vt -38.1632 4.18051 
vt -38.1701 4.68188 
vt -38.2249 4.68113 
vt -38.1632 4.18488 
vt -38.218 4.18413 
vt -41.5837 4.68613 
vt -41.5834 4.66113 
vt -41.529 4.68688 
vt -41.5286 4.66188 
vt -41.5771 4.20551 
vt -41.5769 4.18051 
vt -41.5224 4.20626 
vt -41.5224 4.20626 
vt -41.5769 4.18051 
vt -41.522 4.18126 
vt -41.5289 4.68263 
vt -41.5837 4.68188 
vt -41.5221 4.18563 
vt -41.5769 4.18488 
vt -39.2171 4.68638 
vt -39.2171 4.18951 
vt -40.8688 4.00888 
vt -38.213 3.66276 
vt -38.213 3.67538 
vt -41.5296 3.66276 
vt -41.5296 3.67538 
vt -38.213 3.66276 
vt -38.213 3.67538 
vt -41.5296 3.66276 
vt -41.5296 3.67538 
vt -39.7984 3.27576 
vt -39.8734 3.27576 
vt -41.3452 3.27576 
vt -41.5199 3.27576 
vt -38.2239 3.27576 
vt -40.7937 3.66276 
vt -40.7937 4.00888 
vt -39.8097 3.66351 
vt -41.529 4.68688 
vt -41.5289 4.68263 
vt -41.5238 3.97813 
vt -38.2188 4.56651 
vt -39.5261 4.56651 
vt -38.213 3.66276 
vt -38.213 3.67538 
vt -41.5296 3.66276 
vt -41.5296 3.67538 
vt -39.2421 4.68638 
vt -39.5096 4.68638 
vt -38.9455 4.68638 
vt -40.7188 3.66276 
vt -38.2249 4.68113 
vt -41.5155 4.81413 
vt -38.213 3.66276 
vt -38.213 3.67538 
vt -41.5296 3.66276 
vt -41.5296 3.67538 
vt -40.8999 4.62938 
vt -40.3124 4.62938 
vt -40.6437 3.66276 
vt -40.6437 4.00888 
vt -40.9195 4.59876 
vt -40.324 4.59876 
vt -38.213 3.66276 
vt -38.213 3.67538 
vt -41.5296 3.66276 
vt -41.5296 3.67538 
vt -38.2019 5.07238 
vt -38.2019 5.13988 
vt -41.539 5.07238 
vt -41.539 5.13988 
vt -39.525 4.26063 
vt -38.213 3.66276 
vt -38.213 3.67538 
vt -41.5296 3.66276 
vt -41.5296 3.67538 
vt -40.4938 4.00888 
vt -38.213 3.66276 
vt -38.213 3.67538 
vt -41.5296 3.66276 
vt -41.5296 3.67538 
vt -38.213 3.66276 
vt -38.213 3.67538 
vt -41.5296 3.66276 
vt -41.5296 3.67538 
vt -40.4187 3.66276 
vt -40.4187 4.00888 
vt -39.8097 3.66351 
vt -40.9767 3.66276 
vt -41.3691 3.66276 
vt -41.3691 3.66276 
vt -39.9688 3.66276 
vt -40.0766 3.66276 
vt -40.1937 3.66276 
vt -39.8514 3.66276 
vt -39.8191 3.66276 
vt -39.8191 3.66276 
vt -39.8191 3.66276 
vt -40.5267 3.66276 
vt -40.7517 3.66276 
vt -40.9017 3.66276 
vt -41.3452 3.66663 
vt -39.2217 3.66713 
vt -40.8999 3.66688 
vt -40.3446 3.66688 
vt -39.8734 3.67776 
vt -38.213 3.66276 
vt -38.213 3.67538 
vt -41.5296 3.66276 
vt -41.5296 3.67538 
vt -40.3316 4.26076 
vt -40.3316 4.22851 
vt -38.1701 4.68188 
vt -38.2249 4.68113 
vt -38.1632 4.18488 
vt -38.218 4.18413 
vt -40.324 4.56651 
vt -41.5289 4.68263 
vt -41.5837 4.68188 
vt -41.5221 4.18563 
vt -41.5769 4.18488 
vt -39.8066 4.03563 
vt -39.8066 4.00351 
vt -39.8097 3.68113 
vt -39.8097 3.68113 
vt -39.8097 3.68113 
vt -39.8097 3.68113 
vt -39.8097 3.68113 
vt -39.8097 3.68113 
vt -39.8097 3.68113 
vt -39.8097 3.68113 
vt -39.8097 3.68113 
vt -40.9136 4.26076 
vt -41.5238 4.26076 
vt -38.2188 4.26076 
vt -38.2188 4.22851 
vt -38.1645 4.26076 
vt -38.1645 4.22851 
vt -38.9352 4.26063 
vt -38.2188 4.59876 
vt -38.2188 4.56651 
vt -38.1645 4.59876 
vt -38.1645 4.56651 
vt -38.213 3.66276 
vt -38.213 3.67538 
vt -41.5296 3.66276 
vt -41.5296 3.67538 
vt -41.578 4.59876 
vt -41.578 4.56651 
vt -41.5238 4.59876 
vt -41.5238 4.56651 
vt -41.578 4.26076 
vt -41.578 4.22851 
vt -41.5238 4.26076 
vt -41.5238 4.22851 
vt -41.5224 4.20626 
vt -40.2687 4.00888 
vt -39.5341 4.21001 
vt -38.213 3.66276 
vt -38.213 3.67538 
vt -41.5296 3.66276 
vt -41.5296 3.67538 
vt -38.2182 4.20476 
vt -38.213 3.66276 
vt -38.213 3.67538 
vt -41.5296 3.66276 
vt -41.5296 3.67538 
vt -38.213 3.66276 
vt -38.213 3.67538 
vt -41.5296 3.66276 
vt -41.5296 3.67538 
vt -41.3452 4.06326 
vt -39.8734 4.05201 
vt -41.3484 4.03563 
vt -41.3484 4.00351 
vt -41.1267 4.00888 
vt -40.0766 4.00888 
vt -38.213 3.66276 
vt -38.213 3.67538 
vt -41.5296 3.66276 
vt -41.5296 3.67538 
vt -40.3018 4.00888 
vt -40.5267 4.00888 
vt -40.6017 4.00888 
vt -40.9017 4.00888 
vt -38.213 3.66276 
vt -38.213 3.67538 
vt -41.5296 3.66276 
vt -41.5296 3.67538 
vt -40.173 4.66713 
vt -38.213 3.66276 
vt -38.213 3.67538 
vt -41.5296 3.66276 
vt -41.5296 3.67538 
vt -39.2421 4.18951 
vt -38.213 3.66276 
vt -38.213 3.67538 
vt -41.5296 3.66276 
vt -41.5296 3.67538 
vt -38.9352 4.22838 
vt -40.9136 4.22851 
vt -41.5238 4.22851 
vt -41.5286 4.66188 
vt -40.3116 3.69938 
vt -38.213 3.66263 
vt -38.213 3.67538 
vt -41.5296 3.66276 
vt -41.5296 3.67538 
vt -39.2217 3.69938 
vt -38.213 3.66263 
vt -38.213 3.67538 
vt -41.5296 3.66276 
vt -41.5296 3.67538 
vt -38.213 3.66263 
vt -38.213 3.67538 
vt -41.5296 3.66276 
vt -41.5296 3.67538 
vt -38.213 3.66263 
vt -38.213 3.67538 
vt -41.5296 3.66276 
vt -41.5296 3.67538 
vt -38.213 3.66263 
vt -38.213 3.67538 
vt -41.5296 3.66276 
vt -41.5296 3.67538 
vt -39.5341 4.66563 
vt -39.1585 3.47538 
vt -40.7829 4.56651 
vt -38.9336 4.56651 
vt -38.1005 4.92588 
vt -41.683 4.92588 
vt -38.1005 4.84913 
vt -41.683 4.84913 
vt -38.213 3.66263 
vt -38.213 3.67538 
vt -41.5296 3.66276 
vt -41.5296 3.67538 
vt -41.5199 5.23038 
vt -41.5949 5.23038 
vt -41.5199 3.27576 
vt -41.5949 3.27576 
vt -38.1489 5.23038 
vt -38.2237 5.23038 
vt -38.1489 3.27576 
vt -38.2239 3.27576 
vt -38.213 3.66263 
vt -38.213 3.67538 
vt -41.5296 3.66276 
vt -41.5296 3.67538 
vt -39.2171 4.68638 
vt -39.2421 4.68638 
vt -39.2171 4.18951 
vt -39.2421 4.18951 
vt -38.9204 4.18501 
vt -38.9204 4.21001 
vt -39.5341 4.18501 
vt -39.5341 4.21001 
vt -39.5096 4.68638 
vt -39.5346 4.68638 
vt -39.5096 4.18951 
vt -39.5346 4.18951 
vt -38.9204 4.66563 
vt -38.9204 4.69063 
vt -39.5341 4.66563 
vt -39.5341 4.69063 
vt -38.9205 4.68638 
vt -38.9455 4.68638 
vt -38.9205 4.18951 
vt -38.9455 4.18951 
vt -38.9352 4.26063 
vt -38.9352 4.22838 
vt -38.1636 4.26063 
vt -38.1636 4.22838 
vt -41.5786 4.26076 
vt -41.5786 4.22851 
vt -40.9136 4.26076 
vt -40.9136 4.22851 
vt -41.5785 4.59876 
vt -41.5785 4.56651 
vt -40.9195 4.59876 
vt -40.9195 4.56651 
vt -41.5786 3.97813 
vt -41.5786 3.94588 
vt -40.9136 3.97813 
vt -40.9136 3.94588 
vt -41.5785 5.12213 
vt -41.5785 5.08988 
vt -38.1636 5.12213 
vt -38.1636 5.08988 
vt -40.3316 4.26076 
vt -40.3316 4.22851 
vt -39.525 4.26063 
vt -39.525 4.22851 
vt -41.5785 4.86663 
vt -41.5785 4.83451 
vt -38.1636 4.86663 
vt -38.1636 4.83438 
vt -40.3268 3.97813 
vt -40.3268 3.94588 
vt -38.1636 3.97813 
vt -38.1636 3.94588 
vt -38.9336 4.59863 
vt -38.9336 4.56651 
vt -38.1674 4.59863 
vt -38.1674 4.56638 
vt -40.324 4.59876 
vt -40.324 4.56651 
vt -39.5261 4.59863 
vt -39.5261 4.56651 
vt -40.3116 3.66713 
vt -40.3116 3.69938 
vt -40.932 3.66713 
vt -40.932 3.69938 
vt -40.8999 4.62938 
vt -40.9321 4.62938 
vt -40.8999 3.66688 
vt -40.9321 3.66688 
vt -40.3124 4.62938 
vt -40.3446 4.62938 
vt -40.3124 3.66688 
vt -40.3446 3.66688 
vt -40.3116 4.60701 
vt -40.3116 4.63926 
vt -40.932 4.60701 
vt -40.932 4.63926 
vt -41.5786 3.69063 
vt -41.5786 3.65838 
vt -38.1636 3.69063 
vt -38.1636 3.65838 
vt -41.3705 3.68113 
vt -41.3705 3.66351 
vt -39.8097 3.68113 
vt -39.8097 3.66351 
vt -39.8671 4.79576 
vt -39.8671 4.76351 
vt -39.8001 4.79576 
vt -39.8001 4.76351 
vt -41.42 4.79576 
vt -41.42 4.76351 
vt -41.3484 4.79576 
vt -41.3484 4.76351 
vt -41.42 4.03563 
vt -41.42 4.00351 
vt -41.3484 4.03563 
vt -41.3484 4.00351 
vt -39.87 4.03563 
vt -39.87 4.00351 
vt -39.7984 4.03563 
vt -39.7984 4.00351 
vt -41.3705 3.68113 
vt -41.3705 3.66351 
vt -39.8097 3.68113 
vt -39.8097 3.66351 
vt -41.4014 3.66276 
vt -41.3691 3.66276 
vt -41.4014 4.00888 
vt -41.3691 4.00888 
vt -39.8514 3.66276 
vt -39.8191 3.66276 
vt -39.8514 4.00888 
vt -39.8191 4.00888 
vt -41.3705 3.68113 
vt -41.3705 3.66351 
vt -39.8097 3.68113 
vt -39.8097 3.66351 
vt -41.4014 3.66276 
vt -41.3691 3.66276 
vt -41.4014 4.00888 
vt -41.3691 4.00888 
vt -39.8514 3.66276 
vt -39.8191 3.66276 
vt -39.8514 4.00888 
vt -39.8191 4.00888 
vt -41.3705 3.68113 
vt -41.3705 3.66351 
vt -39.8097 3.68113 
vt -39.8097 3.66351 
vt -41.4014 3.66276 
vt -41.3691 3.66276 
vt -41.4014 4.00888 
vt -41.3691 4.00888 
vt -39.8514 3.66276 
vt -39.8191 3.66276 
vt -39.8514 4.00888 
vt -39.8191 4.00888 
vt -41.3705 3.68113 
vt -41.3705 3.66351 
vt -39.8097 3.68113 
vt -39.8097 3.66351 
vt -41.3705 3.68113 
vt -41.3705 3.66351 
vt -39.8097 3.68113 
vt -39.8097 3.66351 
vt -41.4014 3.66276 
vt -41.3691 3.66276 
vt -41.4014 4.00888 
vt -41.3691 4.00888 
vt -39.8514 3.66276 
vt -39.8191 3.66276 
vt -39.8514 4.00888 
vt -39.8191 4.00888 
vt -41.3705 3.68113 
vt -41.3705 3.66351 
vt -39.8097 3.68113 
vt -39.8097 3.66351 
vt -39.7984 4.95201 
vt -39.8734 4.95201 
vt -39.7984 3.67776 
vt -39.8734 3.67776 
vt -41.3452 4.96326 
vt -41.4202 4.96326 
vt -41.3452 3.66663 
vt -41.4202 3.66663 
vt -41.4014 3.66276 
vt -41.3691 3.66276 
vt -41.4014 4.00888 
vt -41.3691 4.00888 
vt -39.8514 3.66276 
vt -39.8191 3.66276 
vt -39.8514 4.00888 
vt -39.8191 4.00888 
vt -41.3705 3.68113 
vt -41.3705 3.66351 
vt -39.8097 3.68113 
vt -39.8097 3.66351 
vt -41.4014 3.66276 
vt -41.3691 3.66276 
vt -41.4014 4.00888 
vt -41.3691 4.00888 
vt -39.8514 3.66276 
vt -39.8191 3.66276 
vt -39.8514 4.00888 
vt -39.8191 4.00888 
vt -41.3705 3.68113 
vt -41.3705 3.66351 
vt -39.8097 3.68113 
vt -39.8097 3.66351 
vt -41.4014 3.66276 
vt -41.3691 3.66276 
vt -41.4014 4.00888 
vt -41.3691 4.00888 
vt -39.8514 3.66276 
vt -39.8191 3.66276 
vt -39.8514 4.00888 
vt -39.8191 4.00888 
vt -41.3705 3.68113 
vt -41.3705 3.66351 
vt -39.8097 3.68113 
vt -39.8097 3.66351 
vt -41.4014 3.66276 
vt -41.3691 3.66276 
vt -41.4014 4.00888 
vt -41.3691 4.00888 
vt -39.8514 3.66276 
vt -39.8191 3.66276 
vt -39.8514 4.00888 
vt -39.8191 4.00888 
vt -41.3705 3.68113 
vt -41.3705 3.66351 
vt -39.8097 3.68113 
vt -39.8097 3.66351 
vt -41.3705 3.68113 
vt -41.3705 3.66351 
vt -39.8097 3.68113 
vt -39.8097 3.66351 
vt -39.8514 3.66276 
vt -39.8191 3.66276 
vt -39.8514 4.00888 
vt -39.8191 4.00888 
vt -41.4014 3.66276 
vt -41.3691 3.66276 
vt -41.4014 4.00888 
vt -41.3691 4.00888 
vt -41.3705 3.68113 
vt -41.3705 3.66351 
vt -39.8097 3.68113 
vt -39.8097 3.66351 
vt -39.7984 4.05201 
vt -39.8734 4.05201 
vt -39.7984 3.27576 
vt -39.8734 3.27576 
vt -41.3452 4.06326 
vt -41.4202 4.06326 
vt -41.3452 3.27576 
vt -41.4202 3.27576 
vt -41.4201 4.03563 
vt -41.4201 4.00351 
vt -39.8066 4.03563 
vt -39.8066 4.00351 
vt -41.0187 3.66276 
vt -40.9767 3.66276 
vt -41.0187 4.00888 
vt -40.9767 4.00888 
vt -41.0938 3.66276 
vt -41.0518 3.66276 
vt -41.0938 4.00888 
vt -41.0518 4.00888 
vt -41.1687 3.66276 
vt -41.1267 3.66276 
vt -41.1687 4.00888 
vt -41.1267 4.00888 
vt -41.2438 3.66276 
vt -41.2018 3.66276 
vt -41.2438 4.00888 
vt -41.2018 4.00888 
vt -41.3187 3.66276 
vt -41.2767 3.66276 
vt -41.3187 4.00888 
vt -41.2767 4.00888 
vt -39.9688 3.66276 
vt -39.9266 3.66276 
vt -39.9688 4.00888 
vt -39.9266 4.00888 
vt -40.0437 3.66276 
vt -40.0016 3.66276 
vt -40.0437 4.00888 
vt -40.0016 4.00888 
vt -40.1188 3.66276 
vt -40.0766 3.66276 
vt -40.1188 4.00888 
vt -40.0766 4.00888 
vt -40.1937 3.66276 
vt -40.1517 3.66276 
vt -40.1937 4.00888 
vt -40.1517 4.00888 
vt -40.2687 3.66276 
vt -40.2267 3.66276 
vt -40.2687 4.00888 
vt -40.2267 4.00888 
vt -40.3438 3.66276 
vt -40.3018 3.66276 
vt -40.3438 4.00888 
vt -40.3018 4.00888 
vt -40.4187 3.66276 
vt -40.3767 3.66276 
vt -40.4187 4.00888 
vt -40.3767 4.00888 
vt -40.4938 3.66276 
vt -40.4518 3.66276 
vt -40.4938 4.00888 
vt -40.4518 4.00888 
vt -40.5687 3.66276 
vt -40.5267 3.66276 
vt -40.5687 4.00888 
vt -40.5267 4.00888 
vt -40.6437 3.66276 
vt -40.6017 3.66276 
vt -40.6437 4.00888 
vt -40.6017 4.00888 
vt -40.7188 3.66276 
vt -40.6768 3.66276 
vt -40.7188 4.00888 
vt -40.6768 4.00888 
vt -40.7937 3.66276 
vt -40.7517 3.66276 
vt -40.7937 4.00888 
vt -40.7517 4.00888 
vt -40.8688 3.66276 
vt -40.8268 3.66276 
vt -40.8688 4.00888 
vt -40.8268 4.00888 
vt -40.9437 3.66276 
vt -40.9017 3.66276 
vt -40.9437 4.00888 
vt -40.9017 4.00888 
vt -41.4114 3.68326 
vt -41.4114 3.65101 
vt -39.7991 3.68326 
vt -39.7991 3.65101 

usemtl Frame1Mtl

f 52/52/52 53/53/53 54/54/54 
f 54/54/54 53/53/53 55/55/55 
f 56/56/56 57/57/57 58/58/58 
f 58/58/58 57/57/57 59/59/59 
f 60/60/60 61/61/61 62/62/62 
f 62/62/62 61/61/61 63/63/63 
f 64/64/64 65/65/65 66/66/66 
f 66/66/66 65/65/65 67/67/67 
f 68/68/68 69/69/69 70/70/70 
f 70/70/70 69/69/69 71/71/71 
f 72/72/72 73/73/73 74/74/74 
f 74/74/74 73/73/73 75/75/75 
f 76/76/76 77/77/77 78/78/78 
f 78/78/78 77/77/77 79/79/79 
f 80/80/80 81/81/81 82/82/82 
f 82/82/82 81/81/81 83/83/83 
f 84/84/84 85/85/85 86/86/86 
f 86/86/86 85/85/85 87/87/87 
f 88/88/88 89/89/89 90/90/90 
f 90/90/90 89/89/89 91/91/91 
f 92/92/92 93/93/93 94/94/94 
f 94/94/94 93/93/93 95/95/95 
f 96/96/96 97/97/97 98/98/98 
f 98/98/98 97/97/97 99/99/99 
f 100/100/100 101/101/101 102/102/102 
f 102/102/102 101/101/101 103/103/103 
f 104/104/104 105/105/105 106/106/106 
f 106/106/106 105/105/105 107/107/107 
f 108/108/108 109/109/109 110/110/110 
f 110/110/110 109/109/109 111/111/111 
f 112/112/112 113/113/113 114/114/114 
f 114/114/114 113/113/113 115/115/115 
f 116/116/116 117/117/117 118/118/118 
f 118/118/118 117/117/117 119/119/119 
f 120/120/120 121/121/121 122/122/122 
f 122/122/122 121/121/121 123/123/123 
f 124/124/124 125/125/125 126/126/126 
f 126/126/126 125/125/125 127/127/127 
f 128/128/128 129/129/129 130/130/130 
f 130/130/130 129/129/129 131/131/131 
f 132/132/132 133/133/133 134/134/134 
f 134/134/134 133/133/133 135/135/135 
f 136/136/136 137/137/137 138/138/138 
f 138/138/138 137/137/137 139/139/139 
f 140/140/140 141/141/141 142/142/142 
f 142/142/142 141/141/141 143/143/143 
f 144/144/144 145/145/145 146/146/146 
f 146/146/146 145/145/145 147/147/147 
f 148/148/148 149/149/149 150/150/150 
f 150/150/150 149/149/149 151/151/151 
f 152/152/152 153/153/153 154/154/154 
f 154/154/154 153/153/153 155/155/155 
f 156/156/156 157/157/157 158/158/158 
f 158/158/158 157/157/157 159/159/159 
f 160/160/160 161/161/161 162/162/162 
f 162/162/162 161/161/161 163/163/163 
f 177/177/177 178/178/178 179/179/179 
f 179/179/179 178/178/178 180/180/180 
f 181/181/181 182/182/182 183/183/183 
f 183/183/183 182/182/182 184/184/184 
f 185/185/185 186/186/186 187/187/187 
f 187/187/187 186/186/186 188/188/188 
f 189/189/189 190/190/190 191/191/191 
f 191/191/191 190/190/190 192/192/192 
f 193/193/193 194/194/194 195/195/195 
f 195/195/195 194/194/194 196/196/196 
f 197/197/197 198/198/198 199/199/199 
f 199/199/199 198/198/198 200/200/200 
f 201/201/201 202/202/202 203/203/203 
f 203/203/203 202/202/202 204/204/204 
f 205/205/205 206/206/206 207/207/207 
f 207/207/207 206/206/206 208/208/208 
f 209/209/209 210/210/210 211/211/211 
f 211/211/211 210/210/210 212/212/212 
f 213/213/213 214/214/214 215/215/215 
f 215/215/215 214/214/214 216/216/216 
f 217/217/217 218/218/218 219/219/219 
f 219/219/219 218/218/218 220/220/220 
f 221/221/221 222/222/222 223/223/223 
f 223/223/223 222/222/222 224/224/224 
f 225/225/225 226/226/226 227/227/227 
f 227/227/227 226/226/226 228/228/228 
f 229/229/229 230/230/230 231/231/231 
f 231/231/231 230/230/230 232/232/232 
f 233/233/233 234/234/234 235/235/235 
f 235/235/235 234/234/234 236/236/236 
f 237/237/237 238/238/238 239/239/239 
f 239/239/239 238/238/238 240/240/240 
f 241/241/241 242/242/242 243/243/243 
f 243/243/243 242/242/242 244/244/244 
f 245/245/245 246/246/246 247/247/247 
f 247/247/247 246/246/246 248/248/248 
f 249/249/249 250/250/250 251/251/251 
f 251/251/251 250/250/250 252/252/252 
f 253/253/253 254/254/254 255/255/255 
f 255/255/255 254/254/254 256/256/256 
f 257/257/257 258/258/258 259/259/259 
f 259/259/259 258/258/258 260/260/260 
f 261/261/261 262/262/262 263/263/263 
f 263/263/263 262/262/262 264/264/264 
f 265/265/265 266/266/266 267/267/267 
f 267/267/267 266/266/266 268/268/268 
f 269/269/269 270/270/270 271/271/271 
f 271/271/271 270/270/270 272/272/272 
f 273/273/273 274/274/274 275/275/275 
f 275/275/275 274/274/274 276/276/276 
f 277/277/277 278/278/278 279/279/279 
f 279/279/279 278/278/278 280/280/280 
f 281/281/281 282/282/282 283/283/283 
f 283/283/283 282/282/282 284/284/284 
f 285/285/285 286/286/286 287/287/287 
f 287/287/287 286/286/286 288/288/288 
f 289/289/289 290/290/290 291/291/291 
f 291/291/291 290/290/290 292/292/292 
f 293/293/293 294/294/294 295/295/295 
f 295/295/295 294/294/294 296/296/296 
f 297/297/297 298/298/298 299/299/299 
f 299/299/299 298/298/298 300/300/300 
f 301/301/301 302/302/302 303/303/303 
f 303/303/303 302/302/302 304/304/304 
f 305/305/305 306/306/306 307/307/307 
f 307/307/307 306/306/306 308/308/308 
f 309/309/309 310/310/310 311/311/311 
f 311/311/311 310/310/310 312/312/312 
f 313/313/313 314/314/314 315/315/315 
f 315/315/315 314/314/314 316/316/316 
f 317/317/317 318/318/318 319/319/319 
f 319/319/319 318/318/318 320/320/320 
f 321/321/321 322/322/322 323/323/323 
f 323/323/323 322/322/322 324/324/324 
f 325/325/325 326/326/326 327/327/327 
f 327/327/327 326/326/326 328/328/328 
f 329/329/329 330/330/330 331/331/331 
f 331/331/331 330/330/330 332/332/332 
f 333/333/333 334/334/334 335/335/335 
f 335/335/335 334/334/334 336/336/336 
f 337/337/337 338/338/338 339/339/339 
f 339/339/339 338/338/338 340/340/340 
f 348/348/348 349/349/349 350/350/350 
f 350/350/350 349/349/349 351/351/351 
f 352/352/352 353/353/353 354/354/354 
f 354/354/354 353/353/353 355/355/355 
f 356/356/356 357/357/357 358/358/358 
f 358/358/358 357/357/357 359/359/359 
f 360/360/360 361/361/361 362/362/362 
f 362/362/362 361/361/361 363/363/363 
f 364/364/364 365/365/365 366/366/366 
f 366/366/366 365/365/365 367/367/367 
f 368/368/368 369/369/369 370/370/370 
f 370/370/370 369/369/369 371/371/371 
f 372/372/372 373/373/373 374/374/374 
f 374/374/374 373/373/373 375/375/375 
f 376/376/376 377/377/377 378/378/378 
f 378/378/378 377/377/377 379/379/379 
f 380/380/380 381/381/381 382/382/382 
f 382/382/382 381/381/381 383/383/383 
f 384/384/384 385/385/385 386/386/386 
f 386/386/386 385/385/385 387/387/387 
f 388/388/388 389/389/389 390/390/390 
f 390/390/390 389/389/389 391/391/391 
f 392/392/392 393/393/393 394/394/394 
f 394/394/394 393/393/393 395/395/395 
f 396/396/396 397/397/397 398/398/398 
f 398/398/398 397/397/397 399/399/399 
f 400/400/400 401/401/401 402/402/402 
f 402/402/402 401/401/401 403/403/403 
f 404/404/404 405/405/405 406/406/406 
f 406/406/406 405/405/405 407/407/407 
f 408/408/408 409/409/409 410/410/410 
f 410/410/410 409/409/409 411/411/411 
f 415/415/415 416/416/416 417/417/417 
f 417/417/417 416/416/416 418/418/418 
f 419/419/419 420/420/420 421/421/421 
f 421/421/421 420/420/420 422/422/422 
f 423/423/423 424/424/424 425/425/425 
f 425/425/425 424/424/424 426/426/426 
f 427/427/427 428/428/428 429/429/429 
f 429/429/429 428/428/428 430/430/430 
f 431/431/431 432/432/432 433/433/433 
f 433/433/433 432/432/432 434/434/434 
f 435/435/435 436/436/436 437/437/437 
f 437/437/437 436/436/436 438/438/438 
f 439/439/439 440/440/440 441/441/441 
f 441/441/441 440/440/440 442/442/442 
f 443/443/443 444/444/444 445/445/445 
f 445/445/445 444/444/444 446/446/446 
f 447/447/447 448/448/448 449/449/449 
f 449/449/449 448/448/448 450/450/450 
f 451/451/451 452/452/452 453/453/453 
f 453/453/453 452/452/452 454/454/454 
f 455/455/455 456/456/456 457/457/457 
f 457/457/457 456/456/456 458/458/458 
f 459/459/459 460/460/460 461/461/461 
f 461/461/461 460/460/460 462/462/462 
f 463/463/463 464/464/464 465/465/465 
f 465/465/465 464/464/464 466/466/466 
f 467/467/467 468/468/468 469/469/469 
f 469/469/469 468/468/468 470/470/470 
f 477/477/477 478/478/478 479/479/479 
f 479/479/479 478/478/478 480/480/480 
f 484/484/484 485/485/485 486/486/486 
f 486/486/486 485/485/485 487/487/487 
f 493/493/493 494/494/494 495/495/495 
f 495/495/495 494/494/494 496/496/496 
f 503/503/503 504/504/504 505/505/505 
f 505/505/505 504/504/504 506/506/506 
f 510/510/510 511/511/511 512/512/512 
f 512/512/512 511/511/511 513/513/513 
f 519/519/519 520/520/520 521/521/521 
f 521/521/521 520/520/520 522/522/522 
f 523/523/523 524/524/524 525/525/525 
f 525/525/525 524/524/524 526/526/526 
f 527/527/527 528/528/528 529/529/529 
f 529/529/529 528/528/528 530/530/530 
f 531/531/531 532/532/532 533/533/533 
f 533/533/533 532/532/532 534/534/534 
f 535/535/535 536/536/536 537/537/537 
f 537/537/537 536/536/536 538/538/538 
f 548/548/548 549/549/549 550/550/550 
f 550/550/550 549/549/549 551/551/551 
f 561/561/561 562/562/562 563/563/563 
f 563/563/563 562/562/562 564/564/564 
f 565/565/565 566/566/566 567/567/567 
f 567/567/567 566/566/566 568/568/568 
f 569/569/569 570/570/570 571/571/571 
f 571/571/571 570/570/570 572/572/572 
f 573/573/573 574/574/574 575/575/575 
f 575/575/575 574/574/574 576/576/576 
f 577/577/577 578/578/578 579/579/579 
f 579/579/579 578/578/578 580/580/580 
f 605/605/605 606/606/606 607/607/607 
f 607/607/607 606/606/606 608/608/608 
f 614/614/614 615/615/615 616/616/616 
f 616/616/616 615/615/615 617/617/617 
f 619/619/619 620/620/620 621/621/621 
f 621/621/621 620/620/620 622/622/622 
f 624/624/624 625/625/625 626/626/626 
f 626/626/626 625/625/625 627/627/627 
f 630/630/630 631/631/631 632/632/632 
f 632/632/632 631/631/631 633/633/633 
f 634/634/634 635/635/635 636/636/636 
f 636/636/636 635/635/635 637/637/637 
f 650/650/650 651/651/651 652/652/652 
f 652/652/652 651/651/651 653/653/653 
f 658/658/658 659/659/659 660/660/660 
f 660/660/660 659/659/659 661/661/661 
f 662/662/662 663/663/663 664/664/664 
f 664/664/664 663/663/663 665/665/665 
f 666/666/666 667/667/667 668/668/668 
f 668/668/668 667/667/667 669/669/669 
f 670/670/670 671/671/671 672/672/672 
f 672/672/672 671/671/671 673/673/673 
f 674/674/674 675/675/675 676/676/676 
f 676/676/676 675/675/675 677/677/677 
f 686/686/686 687/687/687 688/688/688 
f 688/688/688 687/687/687 689/689/689 
f 692/692/692 693/693/693 694/694/694 
f 694/694/694 693/693/693 695/695/695 
f 696/696/696 697/697/697 698/698/698 
f 698/698/698 697/697/697 699/699/699 
f 700/700/700 701/701/701 702/702/702 
f 702/702/702 701/701/701 703/703/703 
f 704/704/704 705/705/705 706/706/706 
f 706/706/706 705/705/705 707/707/707 
f 708/708/708 709/709/709 710/710/710 
f 710/710/710 709/709/709 711/711/711 
f 712/712/712 713/713/713 714/714/714 
f 714/714/714 713/713/713 715/715/715 
f 721/721/721 722/722/722 723/723/723 
f 723/723/723 722/722/722 724/724/724 
f 725/725/725 726/726/726 727/727/727 
f 727/727/727 726/726/726 728/728/728 
f 729/729/729 730/730/730 731/731/731 
f 731/731/731 730/730/730 732/732/732 
f 734/734/734 735/735/735 736/736/736 
f 736/736/736 735/735/735 737/737/737 
f 738/738/738 739/739/739 740/740/740 
f 740/740/740 739/739/739 741/741/741 
f 742/742/742 743/743/743 744/744/744 
f 744/744/744 743/743/743 745/745/745 
f 746/746/746 747/747/747 748/748/748 
f 748/748/748 747/747/747 749/749/749 
f 750/750/750 751/751/751 752/752/752 
f 752/752/752 751/751/751 753/753/753 
f 754/754/754 755/755/755 756/756/756 
f 756/756/756 755/755/755 757/757/757 
f 758/758/758 759/759/759 760/760/760 
f 760/760/760 759/759/759 761/761/761 
f 762/762/762 763/763/763 764/764/764 
f 764/764/764 763/763/763 765/765/765 
f 766/766/766 767/767/767 768/768/768 
f 768/768/768 767/767/767 769/769/769 
f 770/770/770 771/771/771 772/772/772 
f 772/772/772 771/771/771 773/773/773 
f 774/774/774 775/775/775 776/776/776 
f 776/776/776 775/775/775 777/777/777 
f 778/778/778 779/779/779 780/780/780 
f 780/780/780 779/779/779 781/781/781 
f 782/782/782 783/783/783 784/784/784 
f 784/784/784 783/783/783 785/785/785 
f 788/788/788 789/789/789 790/790/790 
f 790/790/790 789/789/789 791/791/791 
f 792/792/792 793/793/793 794/794/794 
f 794/794/794 793/793/793 795/795/795 
f 797/797/797 798/798/798 799/799/799 
f 799/799/799 798/798/798 800/800/800 
f 801/801/801 802/802/802 803/803/803 
f 803/803/803 802/802/802 804/804/804 
f 805/805/805 806/806/806 807/807/807 
f 807/807/807 806/806/806 808/808/808 
f 812/812/812 813/813/813 814/814/814 
f 814/814/814 813/813/813 815/815/815 
f 816/816/816 817/817/817 818/818/818 
f 818/818/818 817/817/817 819/819/819 
f 820/820/820 821/821/821 822/822/822 
f 822/822/822 821/821/821 823/823/823 
f 824/824/824 825/825/825 826/826/826 
f 826/826/826 825/825/825 827/827/827 
f 828/828/828 829/829/829 830/830/830 
f 830/830/830 829/829/829 831/831/831 
f 832/832/832 833/833/833 834/834/834 
f 834/834/834 833/833/833 835/835/835 
f 836/836/836 837/837/837 838/838/838 
f 838/838/838 837/837/837 839/839/839 
f 840/840/840 841/841/841 842/842/842 
f 842/842/842 841/841/841 843/843/843 
f 844/844/844 845/845/845 846/846/846 
f 846/846/846 845/845/845 847/847/847 
f 848/848/848 849/849/849 850/850/850 
f 850/850/850 849/849/849 851/851/851 
f 852/852/852 853/853/853 854/854/854 
f 854/854/854 853/853/853 855/855/855 
f 856/856/856 857/857/857 858/858/858 
f 858/858/858 857/857/857 859/859/859 
f 860/860/860 861/861/861 862/862/862 
f 862/862/862 861/861/861 863/863/863 
f 864/864/864 865/865/865 866/866/866 
f 866/866/866 865/865/865 867/867/867 
f 868/868/868 869/869/869 870/870/870 
f 870/870/870 869/869/869 871/871/871 
f 872/872/872 873/873/873 874/874/874 
f 874/874/874 873/873/873 875/875/875 
f 876/876/876 877/877/877 878/878/878 
f 878/878/878 877/877/877 879/879/879 
f 880/880/880 881/881/881 882/882/882 
f 882/882/882 881/881/881 883/883/883 
f 884/884/884 885/885/885 886/886/886 
f 886/886/886 885/885/885 887/887/887 
f 888/888/888 889/889/889 890/890/890 
f 890/890/890 889/889/889 891/891/891 
f 892/892/892 893/893/893 894/894/894 
f 894/894/894 893/893/893 895/895/895 
f 896/896/896 897/897/897 898/898/898 
f 898/898/898 897/897/897 899/899/899 
f 900/900/900 901/901/901 902/902/902 
f 902/902/902 901/901/901 903/903/903 
f 904/904/904 905/905/905 906/906/906 
f 906/906/906 905/905/905 907/907/907 
f 908/908/908 909/909/909 910/910/910 
f 910/910/910 909/909/909 911/911/911 
f 912/912/912 913/913/913 914/914/914 
f 914/914/914 913/913/913 915/915/915 
f 916/916/916 917/917/917 918/918/918 
f 918/918/918 917/917/917 919/919/919 
f 920/920/920 921/921/921 922/922/922 
f 922/922/922 921/921/921 923/923/923 
f 924/924/924 925/925/925 926/926/926 
f 926/926/926 925/925/925 927/927/927 
f 928/928/928 929/929/929 930/930/930 
f 930/930/930 929/929/929 931/931/931 
f 932/932/932 933/933/933 934/934/934 
f 934/934/934 933/933/933 935/935/935 
f 936/936/936 937/937/937 938/938/938 
f 938/938/938 937/937/937 939/939/939 
f 940/940/940 941/941/941 942/942/942 
f 942/942/942 941/941/941 943/943/943 
f 944/944/944 945/945/945 946/946/946 
f 946/946/946 945/945/945 947/947/947 
f 948/948/948 949/949/949 950/950/950 
f 950/950/950 949/949/949 951/951/951 
f 952/952/952 953/953/953 954/954/954 
f 954/954/954 953/953/953 955/955/955 
f 956/956/956 957/957/957 958/958/958 
f 958/958/958 957/957/957 959/959/959 
f 960/960/960 961/961/961 962/962/962 
f 962/962/962 961/961/961 963/963/963 
f 964/964/964 965/965/965 966/966/966 
f 966/966/966 965/965/965 967/967/967 
f 988/988/988 989/989/989 990/990/990 
f 990/990/990 989/989/989 991/991/991 
f 992/992/992 993/993/993 994/994/994 
f 994/994/994 993/993/993 995/995/995 
f 996/996/996 997/997/997 998/998/998 
f 998/998/998 997/997/997 999/999/999 
f 1339/1339/1339 1340/1340/1340 1341/1341/1341 
f 1341/1341/1341 1340/1340/1340 1342/1342/1342 
f 1343/1343/1343 1344/1344/1344 1345/1345/1345 
f 1345/1345/1345 1344/1344/1344 1346/1346/1346 
f 1347/1347/1347 1348/1348/1348 1349/1349/1349 
f 1349/1349/1349 1348/1348/1348 1350/1350/1350 
f 1389/1389/1389 1390/1390/1390 1391/1391/1391 
f 1391/1391/1391 1390/1390/1390 1392/1392/1392 
f 1393/1393/1393 1394/1394/1394 1395/1395/1395 
f 1395/1395/1395 1394/1394/1394 1396/1396/1396 
f 1397/1397/1397 1398/1398/1398 1399/1399/1399 
f 1399/1399/1399 1398/1398/1398 1400/1400/1400 
f 1401/1401/1401 1402/1402/1402 1403/1403/1403 
f 1403/1403/1403 1402/1402/1402 1404/1404/1404 
f 1413/1413/1413 1414/1414/1414 1415/1415/1415 
f 1415/1415/1415 1414/1414/1414 1416/1416/1416 
f 1420/1420/1420 1421/1421/1421 1422/1422/1422 
f 1422/1422/1422 1421/1421/1421 1423/1423/1423 
f 1424/1424/1424 1425/1425/1425 1426/1426/1426 
f 1426/1426/1426 1425/1425/1425 1427/1427/1427 
f 1428/1428/1428 1429/1429/1429 1430/1430/1430 
f 1430/1430/1430 1429/1429/1429 1431/1431/1431 
f 1432/1432/1432 1433/1433/1433 1434/1434/1434 
f 1434/1434/1434 1433/1433/1433 1435/1435/1435 
f 1438/1438/1438 1439/1439/1439 1440/1440/1440 
f 1440/1440/1440 1439/1439/1439 1441/1441/1441 
f 1442/1442/1442 1443/1443/1443 1444/1444/1444 
f 1444/1444/1444 1443/1443/1443 1445/1445/1445 
f 1452/1452/1452 1453/1453/1453 1454/1454/1454 
f 1454/1454/1454 1453/1453/1453 1455/1455/1455 
f 1458/1458/1458 1459/1459/1459 1460/1460/1460 
f 1460/1460/1460 1459/1459/1459 1461/1461/1461 
f 1472/1472/1472 1473/1473/1473 1474/1474/1474 
f 1474/1474/1474 1473/1473/1473 1475/1475/1475 
f 1476/1476/1476 1477/1477/1477 1478/1478/1478 
f 1478/1478/1478 1477/1477/1477 1479/1479/1479 
f 1480/1480/1480 1481/1481/1481 1482/1482/1482 
f 1482/1482/1482 1481/1481/1481 1483/1483/1483 
f 1484/1484/1484 1485/1485/1485 1486/1486/1486 
f 1486/1486/1486 1485/1485/1485 1487/1487/1487 
f 1497/1497/1497 1498/1498/1498 1499/1499/1499 
f 1499/1499/1499 1498/1498/1498 1500/1500/1500 
f 1501/1501/1501 1502/1502/1502 1503/1503/1503 
f 1503/1503/1503 1502/1502/1502 1504/1504/1504 
f 1522/1522/1522 1523/1523/1523 1524/1524/1524 
f 1524/1524/1524 1523/1523/1523 1525/1525/1525 
f 1528/1528/1528 1529/1529/1529 1530/1530/1530 
f 1530/1530/1530 1529/1529/1529 1531/1531/1531 
f 1532/1532/1532 1533/1533/1533 1534/1534/1534 
f 1534/1534/1534 1533/1533/1533 1535/1535/1535 
f 1563/1563/1563 1564/1564/1564 1565/1565/1565 
f 1565/1565/1565 1564/1564/1564 1566/1566/1566 
f 1567/1567/1567 1568/1568/1568 1569/1569/1569 
f 1569/1569/1569 1568/1568/1568 1570/1570/1570 
f 1571/1571/1571 1572/1572/1572 1573/1573/1573 
f 1573/1573/1573 1572/1572/1572 1574/1574/1574 
f 1575/1575/1575 1576/1576/1576 1577/1577/1577 
f 1577/1577/1577 1576/1576/1576 1578/1578/1578 
f 1579/1579/1579 1580/1580/1580 1581/1581/1581 
f 1581/1581/1581 1580/1580/1580 1582/1582/1582 
f 1583/1583/1583 1584/1584/1584 1585/1585/1585 
f 1585/1585/1585 1584/1584/1584 1586/1586/1586 
f 1587/1587/1587 1588/1588/1588 1589/1589/1589 
f 1589/1589/1589 1588/1588/1588 1590/1590/1590 
f 1592/1592/1592 1593/1593/1593 1594/1594/1594 
f 1594/1594/1594 1593/1593/1593 1595/1595/1595 
f 1596/1596/1596 1597/1597/1597 1598/1598/1598 
f 1598/1598/1598 1597/1597/1597 1599/1599/1599 
f 1600/1600/1600 1601/1601/1601 1602/1602/1602 
f 1602/1602/1602 1601/1601/1601 1603/1603/1603 
f 1605/1605/1605 1606/1606/1606 1607/1607/1607 
f 1607/1607/1607 1606/1606/1606 1608/1608/1608 
f 1609/1609/1609 1610/1610/1610 1611/1611/1611 
f 1611/1611/1611 1610/1610/1610 1612/1612/1612 
f 1615/1615/1615 1616/1616/1616 1617/1617/1617 
f 1617/1617/1617 1616/1616/1616 1618/1618/1618 
f 1619/1619/1619 1620/1620/1620 1621/1621/1621 
f 1621/1621/1621 1620/1620/1620 1622/1622/1622 
f 1623/1623/1623 1624/1624/1624 1625/1625/1625 
f 1625/1625/1625 1624/1624/1624 1626/1626/1626 
f 1627/1627/1627 1628/1628/1628 1629/1629/1629 
f 1629/1629/1629 1628/1628/1628 1630/1630/1630 
f 1631/1631/1631 1632/1632/1632 1633/1633/1633 
f 1633/1633/1633 1632/1632/1632 1634/1634/1634 
f 1635/1635/1635 1636/1636/1636 1637/1637/1637 
f 1637/1637/1637 1636/1636/1636 1638/1638/1638 
f 1639/1639/1639 1640/1640/1640 1641/1641/1641 
f 1641/1641/1641 1640/1640/1640 1642/1642/1642 
f 1643/1643/1643 1644/1644/1644 1645/1645/1645 
f 1645/1645/1645 1644/1644/1644 1646/1646/1646 
f 1647/1647/1647 1648/1648/1648 1649/1649/1649 
f 1649/1649/1649 1648/1648/1648 1650/1650/1650 
f 1651/1651/1651 1652/1652/1652 1653/1653/1653 
f 1653/1653/1653 1652/1652/1652 1654/1654/1654 
f 1655/1655/1655 1656/1656/1656 1657/1657/1657 
f 1657/1657/1657 1656/1656/1656 1658/1658/1658 
f 1659/1659/1659 1660/1660/1660 1661/1661/1661 
f 1661/1661/1661 1660/1660/1660 1662/1662/1662 
f 1663/1663/1663 1664/1664/1664 1665/1665/1665 
f 1665/1665/1665 1664/1664/1664 1666/1666/1666 
f 1667/1667/1667 1668/1668/1668 1669/1669/1669 
f 1669/1669/1669 1668/1668/1668 1670/1670/1670 
f 1712/1712/1712 1713/1713/1713 1714/1714/1714 
f 1714/1714/1714 1713/1713/1713 1715/1715/1715 
f 1716/1716/1716 1717/1717/1717 1718/1718/1718 
f 1718/1718/1718 1717/1717/1717 1719/1719/1719 
f 1720/1720/1720 1721/1721/1721 1722/1722/1722 
f 1722/1722/1722 1721/1721/1721 1723/1723/1723 
f 1724/1724/1724 1725/1725/1725 1726/1726/1726 
f 1726/1726/1726 1725/1725/1725 1727/1727/1727 
f 1728/1728/1728 1729/1729/1729 1730/1730/1730 
f 1730/1730/1730 1729/1729/1729 1731/1731/1731 
f 1733/1733/1733 1734/1734/1734 1735/1735/1735 
f 1735/1735/1735 1734/1734/1734 1736/1736/1736 
f 1737/1737/1737 1738/1738/1738 1739/1739/1739 
f 1739/1739/1739 1738/1738/1738 1740/1740/1740 
f 1741/1741/1741 1742/1742/1742 1743/1743/1743 
f 1743/1743/1743 1742/1742/1742 1744/1744/1744 
f 1745/1745/1745 1746/1746/1746 1747/1747/1747 
f 1747/1747/1747 1746/1746/1746 1748/1748/1748 
f 1750/1750/1750 1751/1751/1751 1752/1752/1752 
f 1752/1752/1752 1751/1751/1751 1753/1753/1753 
f 1755/1755/1755 1756/1756/1756 1757/1757/1757 
f 1757/1757/1757 1756/1756/1756 1758/1758/1758 
f 1759/1759/1759 1760/1760/1760 1761/1761/1761 
f 1761/1761/1761 1760/1760/1760 1762/1762/1762 
f 1763/1763/1763 1764/1764/1764 1765/1765/1765 
f 1765/1765/1765 1764/1764/1764 1766/1766/1766 
f 1767/1767/1767 1768/1768/1768 1769/1769/1769 
f 1769/1769/1769 1768/1768/1768 1770/1770/1770 
f 1772/1772/1772 1773/1773/1773 1774/1774/1774 
f 1774/1774/1774 1773/1773/1773 1775/1775/1775 
f 1776/1776/1776 1777/1777/1777 1778/1778/1778 
f 1778/1778/1778 1777/1777/1777 1779/1779/1779 
f 1780/1780/1780 1781/1781/1781 1782/1782/1782 
f 1782/1782/1782 1781/1781/1781 1783/1783/1783 
f 1784/1784/1784 1785/1785/1785 1786/1786/1786 
f 1786/1786/1786 1785/1785/1785 1787/1787/1787 
f 1788/1788/1788 1789/1789/1789 1790/1790/1790 
f 1790/1790/1790 1789/1789/1789 1791/1791/1791 
f 1794/1794/1794 1795/1795/1795 1796/1796/1796 
f 1796/1796/1796 1795/1795/1795 1797/1797/1797 
f 1798/1798/1798 1799/1799/1799 1800/1800/1800 
f 1800/1800/1800 1799/1799/1799 1801/1801/1801 
f 1802/1802/1802 1803/1803/1803 1804/1804/1804 
f 1804/1804/1804 1803/1803/1803 1805/1805/1805 
f 1806/1806/1806 1807/1807/1807 1808/1808/1808 
f 1808/1808/1808 1807/1807/1807 1809/1809/1809 
f 1810/1810/1810 1811/1811/1811 1812/1812/1812 
f 1812/1812/1812 1811/1811/1811 1813/1813/1813 
f 1814/1814/1814 1815/1815/1815 1816/1816/1816 
f 1816/1816/1816 1815/1815/1815 1817/1817/1817 
f 1818/1818/1818 1819/1819/1819 1820/1820/1820 
f 1820/1820/1820 1819/1819/1819 1821/1821/1821 
f 1822/1822/1822 1823/1823/1823 1824/1824/1824 
f 1824/1824/1824 1823/1823/1823 1825/1825/1825 
f 1826/1826/1826 1827/1827/1827 1828/1828/1828 
f 1828/1828/1828 1827/1827/1827 1829/1829/1829 
f 1830/1830/1830 1831/1831/1831 1832/1832/1832 
f 1832/1832/1832 1831/1831/1831 1833/1833/1833 
f 1834/1834/1834 1835/1835/1835 1836/1836/1836 
f 1836/1836/1836 1835/1835/1835 1837/1837/1837 
f 1838/1838/1838 1839/1839/1839 1840/1840/1840 
f 1840/1840/1840 1839/1839/1839 1841/1841/1841 
f 1842/1842/1842 1843/1843/1843 1844/1844/1844 
f 1844/1844/1844 1843/1843/1843 1845/1845/1845 
f 1846/1846/1846 1847/1847/1847 1848/1848/1848 
f 1848/1848/1848 1847/1847/1847 1849/1849/1849 
f 1850/1850/1850 1851/1851/1851 1852/1852/1852 
f 1852/1852/1852 1851/1851/1851 1853/1853/1853 
f 1854/1854/1854 1855/1855/1855 1856/1856/1856 
f 1856/1856/1856 1855/1855/1855 1857/1857/1857 
f 1858/1858/1858 1859/1859/1859 1860/1860/1860 
f 1860/1860/1860 1859/1859/1859 1861/1861/1861 
f 1862/1862/1862 1863/1863/1863 1864/1864/1864 
f 1864/1864/1864 1863/1863/1863 1865/1865/1865 
f 1866/1866/1866 1867/1867/1867 1868/1868/1868 
f 1868/1868/1868 1867/1867/1867 1869/1869/1869 
f 1870/1870/1870 1871/1871/1871 1872/1872/1872 
f 1872/1872/1872 1871/1871/1871 1873/1873/1873 
f 1874/1874/1874 1875/1875/1875 1876/1876/1876 
f 1876/1876/1876 1875/1875/1875 1877/1877/1877 
f 1878/1878/1878 1879/1879/1879 1880/1880/1880 
f 1880/1880/1880 1879/1879/1879 1881/1881/1881 
f 1882/1882/1882 1883/1883/1883 1884/1884/1884 
f 1884/1884/1884 1883/1883/1883 1885/1885/1885 
f 1886/1886/1886 1887/1887/1887 1888/1888/1888 
f 1888/1888/1888 1887/1887/1887 1889/1889/1889 
f 1890/1890/1890 1891/1891/1891 1892/1892/1892 
f 1892/1892/1892 1891/1891/1891 1893/1893/1893 
f 1894/1894/1894 1895/1895/1895 1896/1896/1896 
f 1896/1896/1896 1895/1895/1895 1897/1897/1897 
f 1898/1898/1898 1899/1899/1899 1900/1900/1900 
f 1900/1900/1900 1899/1899/1899 1901/1901/1901 
f 1902/1902/1902 1903/1903/1903 1904/1904/1904 
f 1904/1904/1904 1903/1903/1903 1905/1905/1905 
f 1906/1906/1906 1907/1907/1907 1908/1908/1908 
f 1908/1908/1908 1907/1907/1907 1909/1909/1909 
f 1910/1910/1910 1911/1911/1911 1912/1912/1912 
f 1912/1912/1912 1911/1911/1911 1913/1913/1913 
f 1914/1914/1914 1915/1915/1915 1916/1916/1916 
f 1916/1916/1916 1915/1915/1915 1917/1917/1917 
f 1918/1918/1918 1919/1919/1919 1920/1920/1920 
f 1920/1920/1920 1919/1919/1919 1921/1921/1921 
f 1922/1922/1922 1923/1923/1923 1924/1924/1924 
f 1924/1924/1924 1923/1923/1923 1925/1925/1925 
f 1926/1926/1926 1927/1927/1927 1928/1928/1928 
f 1928/1928/1928 1927/1927/1927 1929/1929/1929 
f 1930/1930/1930 1931/1931/1931 1932/1932/1932 
f 1932/1932/1932 1931/1931/1931 1933/1933/1933 
f 1934/1934/1934 1935/1935/1935 1936/1936/1936 
f 1936/1936/1936 1935/1935/1935 1937/1937/1937 
f 1938/1938/1938 1939/1939/1939 1940/1940/1940 
f 1940/1940/1940 1939/1939/1939 1941/1941/1941 
f 1942/1942/1942 1943/1943/1943 1944/1944/1944 
f 1944/1944/1944 1943/1943/1943 1945/1945/1945 
f 1946/1946/1946 1947/1947/1947 1948/1948/1948 
f 1948/1948/1948 1947/1947/1947 1949/1949/1949 
f 1950/1950/1950 1951/1951/1951 1952/1952/1952 
f 1952/1952/1952 1951/1951/1951 1953/1953/1953 
f 1954/1954/1954 1955/1955/1955 1956/1956/1956 
f 1956/1956/1956 1955/1955/1955 1957/1957/1957 
f 1958/1958/1958 1959/1959/1959 1960/1960/1960 
f 1960/1960/1960 1959/1959/1959 1961/1961/1961 
f 1962/1962/1962 1963/1963/1963 1964/1964/1964 
f 1964/1964/1964 1963/1963/1963 1965/1965/1965 
f 1974/1974/1974 1975/1975/1975 1976/1976/1976 
f 1976/1976/1976 1975/1975/1975 1977/1977/1977 
f 1978/1978/1978 1979/1979/1979 1980/1980/1980 
f 1980/1980/1980 1979/1979/1979 1981/1981/1981 
f 1982/1982/1982 1983/1983/1983 1984/1984/1984 
f 1984/1984/1984 1983/1983/1983 1985/1985/1985 
f 1986/1986/1986 1987/1987/1987 1988/1988/1988 
f 1988/1988/1988 1987/1987/1987 1989/1989/1989 
f 1990/1990/1990 1991/1991/1991 1992/1992/1992 
f 1992/1992/1992 1991/1991/1991 1993/1993/1993 
f 1994/1994/1994 1995/1995/1995 1996/1996/1996 
f 1996/1996/1996 1995/1995/1995 1997/1997/1997 
f 1998/1998/1998 1999/1999/1999 2000/2000/2000 
f 2000/2000/2000 1999/1999/1999 2001/2001/2001 
f 2002/2002/2002 2003/2003/2003 2004/2004/2004 
f 2004/2004/2004 2003/2003/2003 2005/2005/2005 
f 2006/2006/2006 2007/2007/2007 2008/2008/2008 
f 2008/2008/2008 2007/2007/2007 2009/2009/2009 
f 2010/2010/2010 2011/2011/2011 2012/2012/2012 
f 2012/2012/2012 2011/2011/2011 2013/2013/2013 
f 2014/2014/2014 2015/2015/2015 2016/2016/2016 
f 2016/2016/2016 2015/2015/2015 2017/2017/2017 
f 2018/2018/2018 2019/2019/2019 2020/2020/2020 
f 2020/2020/2020 2019/2019/2019 2021/2021/2021 
f 2022/2022/2022 2023/2023/2023 2024/2024/2024 
f 2024/2024/2024 2023/2023/2023 2025/2025/2025 
f 2026/2026/2026 2027/2027/2027 2028/2028/2028 
f 2028/2028/2028 2027/2027/2027 2029/2029/2029 
f 2030/2030/2030 2031/2031/2031 2032/2032/2032 
f 2032/2032/2032 2031/2031/2031 2033/2033/2033 
f 2034/2034/2034 2035/2035/2035 2036/2036/2036 
f 2036/2036/2036 2035/2035/2035 2037/2037/2037 
f 2038/2038/2038 2039/2039/2039 2040/2040/2040 
f 2040/2040/2040 2039/2039/2039 2041/2041/2041 
f 2042/2042/2042 2043/2043/2043 2044/2044/2044 
f 2044/2044/2044 2043/2043/2043 2045/2045/2045 
f 2046/2046/2046 2047/2047/2047 2048/2048/2048 
f 2048/2048/2048 2047/2047/2047 2049/2049/2049 
f 2050/2050/2050 2051/2051/2051 2052/2052/2052 
f 2052/2052/2052 2051/2051/2051 2053/2053/2053 
f 2054/2054/2054 2055/2055/2055 2056/2056/2056 
f 2056/2056/2056 2055/2055/2055 2057/2057/2057 
f 2058/2058/2058 2059/2059/2059 2060/2060/2060 
f 2060/2060/2060 2059/2059/2059 2061/2061/2061 
f 2062/2062/2062 2063/2063/2063 2064/2064/2064 
f 2064/2064/2064 2063/2063/2063 2065/2065/2065 
f 2066/2066/2066 2067/2067/2067 2068/2068/2068 
f 2068/2068/2068 2067/2067/2067 2069/2069/2069 
f 2070/2070/2070 2071/2071/2071 2072/2072/2072 
f 2072/2072/2072 2071/2071/2071 2073/2073/2073 
f 2074/2074/2074 2075/2075/2075 2076/2076/2076 
f 2076/2076/2076 2075/2075/2075 2077/2077/2077 
f 2078/2078/2078 2079/2079/2079 2080/2080/2080 
f 2080/2080/2080 2079/2079/2079 2081/2081/2081 
f 2082/2082/2082 2083/2083/2083 2084/2084/2084 
f 2084/2084/2084 2083/2083/2083 2085/2085/2085 
f 2086/2086/2086 2087/2087/2087 2088/2088/2088 
f 2088/2088/2088 2087/2087/2087 2089/2089/2089 
f 2090/2090/2090 2091/2091/2091 2092/2092/2092 
f 2092/2092/2092 2091/2091/2091 2093/2093/2093 
f 2094/2094/2094 2095/2095/2095 2096/2096/2096 
f 2096/2096/2096 2095/2095/2095 2097/2097/2097 
f 2098/2098/2098 2099/2099/2099 2100/2100/2100 
f 2100/2100/2100 2099/2099/2099 2101/2101/2101 
f 2102/2102/2102 2103/2103/2103 2104/2104/2104 
f 2104/2104/2104 2103/2103/2103 2105/2105/2105 
f 2106/2106/2106 2107/2107/2107 2108/2108/2108 
f 2108/2108/2108 2107/2107/2107 2109/2109/2109 
f 2110/2110/2110 2111/2111/2111 2112/2112/2112 
f 2112/2112/2112 2111/2111/2111 2113/2113/2113 
f 2114/2114/2114 2115/2115/2115 2116/2116/2116 
f 2116/2116/2116 2115/2115/2115 2117/2117/2117 
f 2118/2118/2118 2119/2119/2119 2120/2120/2120 
f 2120/2120/2120 2119/2119/2119 2121/2121/2121 
f 2122/2122/2122 2123/2123/2123 2124/2124/2124 
f 2124/2124/2124 2123/2123/2123 2125/2125/2125 
f 2126/2126/2126 2127/2127/2127 2128/2128/2128 
f 2128/2128/2128 2127/2127/2127 2129/2129/2129 
f 2130/2130/2130 2131/2131/2131 2132/2132/2132 
f 2132/2132/2132 2131/2131/2131 2133/2133/2133 
f 2134/2134/2134 2135/2135/2135 2136/2136/2136 
f 2136/2136/2136 2135/2135/2135 2137/2137/2137 
f 2138/2138/2138 2139/2139/2139 2140/2140/2140 
f 2140/2140/2140 2139/2139/2139 2141/2141/2141 
f 2142/2142/2142 2143/2143/2143 2144/2144/2144 
f 2144/2144/2144 2143/2143/2143 2145/2145/2145 
f 2146/2146/2146 2147/2147/2147 2148/2148/2148 
f 2148/2148/2148 2147/2147/2147 2149/2149/2149 
f 2150/2150/2150 2151/2151/2151 2152/2152/2152 
f 2152/2152/2152 2151/2151/2151 2153/2153/2153 
f 2154/2154/2154 2155/2155/2155 2156/2156/2156 
f 2156/2156/2156 2155/2155/2155 2157/2157/2157 
f 2158/2158/2158 2159/2159/2159 2160/2160/2160 
f 2160/2160/2160 2159/2159/2159 2161/2161/2161 
f 2162/2162/2162 2163/2163/2163 2164/2164/2164 
f 2164/2164/2164 2163/2163/2163 2165/2165/2165 
f 2166/2166/2166 2167/2167/2167 2168/2168/2168 
f 2168/2168/2168 2167/2167/2167 2169/2169/2169 
f 2170/2170/2170 2171/2171/2171 2172/2172/2172 
f 2172/2172/2172 2171/2171/2171 2173/2173/2173 
f 2174/2174/2174 2175/2175/2175 2176/2176/2176 
f 2176/2176/2176 2175/2175/2175 2177/2177/2177 
f 2178/2178/2178 2179/2179/2179 2180/2180/2180 
f 2180/2180/2180 2179/2179/2179 2181/2181/2181 
f 2182/2182/2182 2183/2183/2183 2184/2184/2184 
f 2184/2184/2184 2183/2183/2183 2185/2185/2185 
f 2186/2186/2186 2187/2187/2187 2188/2188/2188 
f 2188/2188/2188 2187/2187/2187 2189/2189/2189 
f 2190/2190/2190 2191/2191/2191 2192/2192/2192 
f 2192/2192/2192 2191/2191/2191 2193/2193/2193 
f 2194/2194/2194 2195/2195/2195 2196/2196/2196 
f 2196/2196/2196 2195/2195/2195 2197/2197/2197 
f 2198/2198/2198 2199/2199/2199 2200/2200/2200 
f 2200/2200/2200 2199/2199/2199 2201/2201/2201 
f 2202/2202/2202 2203/2203/2203 2204/2204/2204 
f 2204/2204/2204 2203/2203/2203 2205/2205/2205 
f 2206/2206/2206 2207/2207/2207 2208/2208/2208 
f 2208/2208/2208 2207/2207/2207 2209/2209/2209 
f 2210/2210/2210 2211/2211/2211 2212/2212/2212 
f 2212/2212/2212 2211/2211/2211 2213/2213/2213 
f 2214/2214/2214 2215/2215/2215 2216/2216/2216 
f 2216/2216/2216 2215/2215/2215 2217/2217/2217 
f 2218/2218/2218 2219/2219/2219 2220/2220/2220 
f 2220/2220/2220 2219/2219/2219 2221/2221/2221 
f 2222/2222/2222 2223/2223/2223 2224/2224/2224 
f 2224/2224/2224 2223/2223/2223 2225/2225/2225 
f 2226/2226/2226 2227/2227/2227 2228/2228/2228 
f 2228/2228/2228 2227/2227/2227 2229/2229/2229 
f 2230/2230/2230 2231/2231/2231 2232/2232/2232 
f 2232/2232/2232 2231/2231/2231 2233/2233/2233 
f 2234/2234/2234 2235/2235/2235 2236/2236/2236 
f 2236/2236/2236 2235/2235/2235 2237/2237/2237 
f 2238/2238/2238 2239/2239/2239 2240/2240/2240 
f 2240/2240/2240 2239/2239/2239 2241/2241/2241 
f 2242/2242/2242 2243/2243/2243 2244/2244/2244 
f 2244/2244/2244 2243/2243/2243 2245/2245/2245 
f 2246/2246/2246 2247/2247/2247 2248/2248/2248 
f 2248/2248/2248 2247/2247/2247 2249/2249/2249 
f 2250/2250/2250 2251/2251/2251 2252/2252/2252 
f 2252/2252/2252 2251/2251/2251 2253/2253/2253 
f 2254/2254/2254 2255/2255/2255 2256/2256/2256 
f 2256/2256/2256 2255/2255/2255 2257/2257/2257 
f 2258/2258/2258 2259/2259/2259 2260/2260/2260 
f 2260/2260/2260 2259/2259/2259 2261/2261/2261 
f 2262/2262/2262 2263/2263/2263 2264/2264/2264 
f 2264/2264/2264 2263/2263/2263 2265/2265/2265 
f 2266/2266/2266 2267/2267/2267 2268/2268/2268 
f 2268/2268/2268 2267/2267/2267 2269/2269/2269 
f 2270/2270/2270 2271/2271/2271 2272/2272/2272 
f 2272/2272/2272 2271/2271/2271 2273/2273/2273 
f 2274/2274/2274 2275/2275/2275 2276/2276/2276 
f 2276/2276/2276 2275/2275/2275 2277/2277/2277 
f 2279/2279/2279 2280/2280/2280 2281/2281/2281 
f 2281/2281/2281 2280/2280/2280 2282/2282/2282 
f 2284/2284/2284 2285/2285/2285 2286/2286/2286 
f 2286/2286/2286 2285/2285/2285 2287/2287/2287 
f 2288/2288/2288 2289/2289/2289 2290/2290/2290 
f 2290/2290/2290 2289/2289/2289 2291/2291/2291 
f 2292/2292/2292 2293/2293/2293 2294/2294/2294 
f 2294/2294/2294 2293/2293/2293 2295/2295/2295 
f 2361/2361/2361 2362/2362/2362 2363/2363/2363 
f 2363/2363/2363 2362/2362/2362 2364/2364/2364 
f 2388/2388/2388 2389/2389/2389 2390/2390/2390 
f 2390/2390/2390 2389/2389/2389 2391/2391/2391 
f 2392/2392/2392 2393/2393/2393 2394/2394/2394 
f 2394/2394/2394 2393/2393/2393 2395/2395/2395 
f 2396/2396/2396 2397/2397/2397 2398/2398/2398 
f 2398/2398/2398 2397/2397/2397 2399/2399/2399 
f 2400/2400/2400 2401/2401/2401 2402/2402/2402 
f 2402/2402/2402 2401/2401/2401 2403/2403/2403 
f 2404/2404/2404 2405/2405/2405 2406/2406/2406 
f 2406/2406/2406 2405/2405/2405 2407/2407/2407 
f 2408/2408/2408 2409/2409/2409 2410/2410/2410 
f 2410/2410/2410 2409/2409/2409 2411/2411/2411 
f 2412/2412/2412 2413/2413/2413 2414/2414/2414 
f 2414/2414/2414 2413/2413/2413 2415/2415/2415 
f 2416/2416/2416 2417/2417/2417 2418/2418/2418 
f 2418/2418/2418 2417/2417/2417 2419/2419/2419 
f 2420/2420/2420 2421/2421/2421 2422/2422/2422 
f 2422/2422/2422 2421/2421/2421 2423/2423/2423 
f 2424/2424/2424 2425/2425/2425 2426/2426/2426 
f 2426/2426/2426 2425/2425/2425 2427/2427/2427 
f 2428/2428/2428 2429/2429/2429 2430/2430/2430 
f 2430/2430/2430 2429/2429/2429 2431/2431/2431 
f 2432/2432/2432 2433/2433/2433 2434/2434/2434 
f 2434/2434/2434 2433/2433/2433 2435/2435/2435 
f 2436/2436/2436 2437/2437/2437 2438/2438/2438 
f 2438/2438/2438 2437/2437/2437 2439/2439/2439 
f 2440/2440/2440 2441/2441/2441 2442/2442/2442 
f 2442/2442/2442 2441/2441/2441 2443/2443/2443 
f 2444/2444/2444 2445/2445/2445 2446/2446/2446 
f 2446/2446/2446 2445/2445/2445 2447/2447/2447 
f 2448/2448/2448 2449/2449/2449 2450/2450/2450 
f 2450/2450/2450 2449/2449/2449 2451/2451/2451 
f 2452/2452/2452 2453/2453/2453 2454/2454/2454 
f 2454/2454/2454 2453/2453/2453 2455/2455/2455 
f 2456/2456/2456 2457/2457/2457 2458/2458/2458 
f 2458/2458/2458 2457/2457/2457 2459/2459/2459 
f 2460/2460/2460 2461/2461/2461 2462/2462/2462 
f 2462/2462/2462 2461/2461/2461 2463/2463/2463 
f 2464/2464/2464 2465/2465/2465 2466/2466/2466 
f 2466/2466/2466 2465/2465/2465 2467/2467/2467 
f 2468/2468/2468 2469/2469/2469 2470/2470/2470 
f 2470/2470/2470 2469/2469/2469 2471/2471/2471 
f 2472/2472/2472 2473/2473/2473 2474/2474/2474 
f 2474/2474/2474 2473/2473/2473 2475/2475/2475 
f 2476/2476/2476 2477/2477/2477 2478/2478/2478 
f 2478/2478/2478 2477/2477/2477 2479/2479/2479 
f 2480/2480/2480 2481/2481/2481 2482/2482/2482 
f 2482/2482/2482 2481/2481/2481 2483/2483/2483 
f 2484/2484/2484 2485/2485/2485 2486/2486/2486 
f 2486/2486/2486 2485/2485/2485 2487/2487/2487 
f 2488/2488/2488 2489/2489/2489 2490/2490/2490 
f 2490/2490/2490 2489/2489/2489 2491/2491/2491 
f 2492/2492/2492 2493/2493/2493 2494/2494/2494 
f 2494/2494/2494 2493/2493/2493 2495/2495/2495 
f 2496/2496/2496 2497/2497/2497 2498/2498/2498 
f 2498/2498/2498 2497/2497/2497 2499/2499/2499 
f 2500/2500/2500 2501/2501/2501 2502/2502/2502 
f 2502/2502/2502 2501/2501/2501 2503/2503/2503 
f 2504/2504/2504 2505/2505/2505 2506/2506/2506 
f 2506/2506/2506 2505/2505/2505 2507/2507/2507 
f 2508/2508/2508 2509/2509/2509 2510/2510/2510 
f 2510/2510/2510 2509/2509/2509 2511/2511/2511 
f 2515/2515/2515 2516/2516/2516 2517/2517/2517 
f 2517/2517/2517 2516/2516/2516 2518/2518/2518 
f 2519/2519/2519 2520/2520/2520 2521/2521/2521 
f 2521/2521/2521 2520/2520/2520 2522/2522/2522 
f 2526/2526/2526 2527/2527/2527 2528/2528/2528 
f 2528/2528/2528 2527/2527/2527 2529/2529/2529 
f 2530/2530/2530 2531/2531/2531 2532/2532/2532 
f 2532/2532/2532 2531/2531/2531 2533/2533/2533 
f 2534/2534/2534 2535/2535/2535 2536/2536/2536 
f 2536/2536/2536 2535/2535/2535 2537/2537/2537 
f 2547/2547/2547 2548/2548/2548 2549/2549/2549 
f 2549/2549/2549 2548/2548/2548 2550/2550/2550 
f 2551/2551/2551 2552/2552/2552 2553/2553/2553 
f 2553/2553/2553 2552/2552/2552 2554/2554/2554 
f 2555/2555/2555 2556/2556/2556 2557/2557/2557 
f 2557/2557/2557 2556/2556/2556 2558/2558/2558 
f 2571/2571/2571 2572/2572/2572 2573/2573/2573 
f 2573/2573/2573 2572/2572/2572 2574/2574/2574 
f 2576/2576/2576 2577/2577/2577 2578/2578/2578 
f 2578/2578/2578 2577/2577/2577 2579/2579/2579 
f 2580/2580/2580 2581/2581/2581 2582/2582/2582 
f 2582/2582/2582 2581/2581/2581 2583/2583/2583 
f 2588/2588/2588 2589/2589/2589 2590/2590/2590 
f 2590/2590/2590 2589/2589/2589 2591/2591/2591 
f 2593/2593/2593 2594/2594/2594 2595/2595/2595 
f 2595/2595/2595 2594/2594/2594 2596/2596/2596 
f 2597/2597/2597 2598/2598/2598 2599/2599/2599 
f 2599/2599/2599 2598/2598/2598 2600/2600/2600 
f 2601/2601/2601 2602/2602/2602 2603/2603/2603 
f 2603/2603/2603 2602/2602/2602 2604/2604/2604 
f 2608/2608/2608 2609/2609/2609 2610/2610/2610 
f 2610/2610/2610 2609/2609/2609 2611/2611/2611 
f 2612/2612/2612 2613/2613/2613 2614/2614/2614 
f 2614/2614/2614 2613/2613/2613 2615/2615/2615 
f 2618/2618/2618 2619/2619/2619 2620/2620/2620 
f 2620/2620/2620 2619/2619/2619 2621/2621/2621 
f 2622/2622/2622 2623/2623/2623 2624/2624/2624 
f 2624/2624/2624 2623/2623/2623 2625/2625/2625 
f 2626/2626/2626 2627/2627/2627 2628/2628/2628 
f 2628/2628/2628 2627/2627/2627 2629/2629/2629 
f 2631/2631/2631 2632/2632/2632 2633/2633/2633 
f 2633/2633/2633 2632/2632/2632 2634/2634/2634 
f 2635/2635/2635 2636/2636/2636 2637/2637/2637 
f 2637/2637/2637 2636/2636/2636 2638/2638/2638 
f 2639/2639/2639 2640/2640/2640 2641/2641/2641 
f 2641/2641/2641 2640/2640/2640 2642/2642/2642 
f 2643/2643/2643 2644/2644/2644 2645/2645/2645 
f 2645/2645/2645 2644/2644/2644 2646/2646/2646 
f 2647/2647/2647 2648/2648/2648 2649/2649/2649 
f 2649/2649/2649 2648/2648/2648 2650/2650/2650 
f 2651/2651/2651 2652/2652/2652 2653/2653/2653 
f 2653/2653/2653 2652/2652/2652 2654/2654/2654 
f 2657/2657/2657 2658/2658/2658 2659/2659/2659 
f 2659/2659/2659 2658/2658/2658 2660/2660/2660 
f 2661/2661/2661 2662/2662/2662 2663/2663/2663 
f 2663/2663/2663 2662/2662/2662 2664/2664/2664 
f 2667/2667/2667 2668/2668/2668 2669/2669/2669 
f 2669/2669/2669 2668/2668/2668 2670/2670/2670 
f 2674/2674/2674 2675/2675/2675 2676/2676/2676 
f 2676/2676/2676 2675/2675/2675 2677/2677/2677 
f 2678/2678/2678 2679/2679/2679 2680/2680/2680 
f 2680/2680/2680 2679/2679/2679 2681/2681/2681 
f 2690/2690/2690 2691/2691/2691 2692/2692/2692 
f 2692/2692/2692 2691/2691/2691 2693/2693/2693 
f 2695/2695/2695 2696/2696/2696 2697/2697/2697 
f 2697/2697/2697 2696/2696/2696 2698/2698/2698 
f 2699/2699/2699 2700/2700/2700 2701/2701/2701 
f 2701/2701/2701 2700/2700/2700 2702/2702/2702 
f 2703/2703/2703 2704/2704/2704 2705/2705/2705 
f 2705/2705/2705 2704/2704/2704 2706/2706/2706 
f 2714/2714/2714 2715/2715/2715 2716/2716/2716 
f 2716/2716/2716 2715/2715/2715 2717/2717/2717 
f 2718/2718/2718 2719/2719/2719 2720/2720/2720 
f 2720/2720/2720 2719/2719/2719 2721/2721/2721 
f 2722/2722/2722 2723/2723/2723 2724/2724/2724 
f 2724/2724/2724 2723/2723/2723 2725/2725/2725 
f 2726/2726/2726 2727/2727/2727 2728/2728/2728 
f 2728/2728/2728 2727/2727/2727 2729/2729/2729 
f 2730/2730/2730 2731/2731/2731 2732/2732/2732 
f 2732/2732/2732 2731/2731/2731 2733/2733/2733 
f 2734/2734/2734 2735/2735/2735 2736/2736/2736 
f 2736/2736/2736 2735/2735/2735 2737/2737/2737 
f 2738/2738/2738 2739/2739/2739 2740/2740/2740 
f 2740/2740/2740 2739/2739/2739 2741/2741/2741 
f 2742/2742/2742 2743/2743/2743 2744/2744/2744 
f 2744/2744/2744 2743/2743/2743 2745/2745/2745 
f 2746/2746/2746 2747/2747/2747 2748/2748/2748 
f 2748/2748/2748 2747/2747/2747 2749/2749/2749 
f 2750/2750/2750 2751/2751/2751 2752/2752/2752 
f 2752/2752/2752 2751/2751/2751 2753/2753/2753 
f 2754/2754/2754 2755/2755/2755 2756/2756/2756 
f 2756/2756/2756 2755/2755/2755 2757/2757/2757 
f 2758/2758/2758 2759/2759/2759 2760/2760/2760 
f 2760/2760/2760 2759/2759/2759 2761/2761/2761 
f 2762/2762/2762 2763/2763/2763 2764/2764/2764 
f 2764/2764/2764 2763/2763/2763 2765/2765/2765 
f 2766/2766/2766 2767/2767/2767 2768/2768/2768 
f 2768/2768/2768 2767/2767/2767 2769/2769/2769 
f 2771/2771/2771 2772/2772/2772 2773/2773/2773 
f 2773/2773/2773 2772/2772/2772 2774/2774/2774 
f 2775/2775/2775 2776/2776/2776 2777/2777/2777 
f 2777/2777/2777 2776/2776/2776 2778/2778/2778 
f 2780/2780/2780 2781/2781/2781 2782/2782/2782 
f 2782/2782/2782 2781/2781/2781 2783/2783/2783 
f 2784/2784/2784 2785/2785/2785 2786/2786/2786 
f 2786/2786/2786 2785/2785/2785 2787/2787/2787 
f 2788/2788/2788 2789/2789/2789 2790/2790/2790 
f 2790/2790/2790 2789/2789/2789 2791/2791/2791 
f 2792/2792/2792 2793/2793/2793 2794/2794/2794 
f 2794/2794/2794 2793/2793/2793 2795/2795/2795 
f 2796/2796/2796 2797/2797/2797 2798/2798/2798 
f 2798/2798/2798 2797/2797/2797 2799/2799/2799 
f 2800/2800/2800 2801/2801/2801 2802/2802/2802 
f 2802/2802/2802 2801/2801/2801 2803/2803/2803 
f 2804/2804/2804 2805/2805/2805 2806/2806/2806 
f 2806/2806/2806 2805/2805/2805 2807/2807/2807 
f 2808/2808/2808 2809/2809/2809 2810/2810/2810 
f 2810/2810/2810 2809/2809/2809 2811/2811/2811 
f 2812/2812/2812 2813/2813/2813 2814/2814/2814 
f 2814/2814/2814 2813/2813/2813 2815/2815/2815 
f 2816/2816/2816 2817/2817/2817 2818/2818/2818 
f 2818/2818/2818 2817/2817/2817 2819/2819/2819 
f 2820/2820/2820 2821/2821/2821 2822/2822/2822 
f 2822/2822/2822 2821/2821/2821 2823/2823/2823 
f 2824/2824/2824 2825/2825/2825 2826/2826/2826 
f 2826/2826/2826 2825/2825/2825 2827/2827/2827 
f 2828/2828/2828 2829/2829/2829 2830/2830/2830 
f 2830/2830/2830 2829/2829/2829 2831/2831/2831 
f 2832/2832/2832 2833/2833/2833 2834/2834/2834 
f 2834/2834/2834 2833/2833/2833 2835/2835/2835 
f 2836/2836/2836 2837/2837/2837 2838/2838/2838 
f 2838/2838/2838 2837/2837/2837 2839/2839/2839 
f 2840/2840/2840 2841/2841/2841 2842/2842/2842 
f 2842/2842/2842 2841/2841/2841 2843/2843/2843 
f 2844/2844/2844 2845/2845/2845 2846/2846/2846 
f 2846/2846/2846 2845/2845/2845 2847/2847/2847 
f 2848/2848/2848 2849/2849/2849 2850/2850/2850 
f 2850/2850/2850 2849/2849/2849 2851/2851/2851 
f 2852/2852/2852 2853/2853/2853 2854/2854/2854 
f 2854/2854/2854 2853/2853/2853 2855/2855/2855 
f 2856/2856/2856 2857/2857/2857 2858/2858/2858 
f 2858/2858/2858 2857/2857/2857 2859/2859/2859 
f 2860/2860/2860 2861/2861/2861 2862/2862/2862 
f 2862/2862/2862 2861/2861/2861 2863/2863/2863 
f 2864/2864/2864 2865/2865/2865 2866/2866/2866 
f 2866/2866/2866 2865/2865/2865 2867/2867/2867 
f 2868/2868/2868 2869/2869/2869 2870/2870/2870 
f 2870/2870/2870 2869/2869/2869 2871/2871/2871 
f 2872/2872/2872 2873/2873/2873 2874/2874/2874 
f 2874/2874/2874 2873/2873/2873 2875/2875/2875 
f 2876/2876/2876 2877/2877/2877 2878/2878/2878 
f 2878/2878/2878 2877/2877/2877 2879/2879/2879 
f 2880/2880/2880 2881/2881/2881 2882/2882/2882 
f 2882/2882/2882 2881/2881/2881 2883/2883/2883 
f 2884/2884/2884 2885/2885/2885 2886/2886/2886 
f 2886/2886/2886 2885/2885/2885 2887/2887/2887 
f 2891/2891/2891 2892/2892/2892 2893/2893/2893 
f 2893/2893/2893 2892/2892/2892 2894/2894/2894 
f 2895/2895/2895 2896/2896/2896 2897/2897/2897 
f 2897/2897/2897 2896/2896/2896 2898/2898/2898 
f 2899/2899/2899 2900/2900/2900 2901/2901/2901 
f 2901/2901/2901 2900/2900/2900 2902/2902/2902 
f 2904/2904/2904 2905/2905/2905 2906/2906/2906 
f 2906/2906/2906 2905/2905/2905 2907/2907/2907 
f 2908/2908/2908 2909/2909/2909 2910/2910/2910 
f 2910/2910/2910 2909/2909/2909 2911/2911/2911 
f 2914/2914/2914 2915/2915/2915 2916/2916/2916 
f 2916/2916/2916 2915/2915/2915 2917/2917/2917 
f 2918/2918/2918 2919/2919/2919 2920/2920/2920 
f 2920/2920/2920 2919/2919/2919 2921/2921/2921 
f 2922/2922/2922 2923/2923/2923 2924/2924/2924 
f 2924/2924/2924 2923/2923/2923 2925/2925/2925 
f 2926/2926/2926 2927/2927/2927 2928/2928/2928 
f 2928/2928/2928 2927/2927/2927 2929/2929/2929 
f 2931/2931/2931 2932/2932/2932 2933/2933/2933 
f 2933/2933/2933 2932/2932/2932 2934/2934/2934 
f 2936/2936/2936 2937/2937/2937 2938/2938/2938 
f 2938/2938/2938 2937/2937/2937 2939/2939/2939 
f 2955/2955/2955 2956/2956/2956 2957/2957/2957 
f 2957/2957/2957 2956/2956/2956 2958/2958/2958 
f 2966/2966/2966 2967/2967/2967 2968/2968/2968 
f 2968/2968/2968 2967/2967/2967 2969/2969/2969 
f 2975/2975/2975 2976/2976/2976 2977/2977/2977 
f 2977/2977/2977 2976/2976/2976 2978/2978/2978 
f 2980/2980/2980 2981/2981/2981 2982/2982/2982 
f 2982/2982/2982 2981/2981/2981 2983/2983/2983 
f 2984/2984/2984 2985/2985/2985 2986/2986/2986 
f 2986/2986/2986 2985/2985/2985 2987/2987/2987 
f 2988/2988/2988 2989/2989/2989 2990/2990/2990 
f 2990/2990/2990 2989/2989/2989 2991/2991/2991 
f 2998/2998/2998 2999/2999/2999 3000/3000/3000 
f 3000/3000/3000 2999/2999/2999 3001/3001/3001 
f 3003/3003/3003 3004/3004/3004 3005/3005/3005 
f 3005/3005/3005 3004/3004/3004 3006/3006/3006 
f 3008/3008/3008 3009/3009/3009 3010/3010/3010 
f 3010/3010/3010 3009/3009/3009 3011/3011/3011 
f 3013/3013/3013 3014/3014/3014 3015/3015/3015 
f 3015/3015/3015 3014/3014/3014 3016/3016/3016 
f 3017/3017/3017 3018/3018/3018 3019/3019/3019 
f 3019/3019/3019 3018/3018/3018 3020/3020/3020 
f 3021/3021/3021 3022/3022/3022 3023/3023/3023 
f 3024/3024/3024 3025/3025/3025 3026/3026/3026 
f 3027/3027/3027 3028/3028/3028 3029/3029/3029 
f 3029/3029/3029 3028/3028/3028 3030/3030/3030 
f 3031/3031/3031 3032/3032/3032 3033/3033/3033 
f 3033/3033/3033 3032/3032/3032 3034/3034/3034 
f 3035/3035/3035 3036/3036/3036 3037/3037/3037 
f 3037/3037/3037 3036/3036/3036 3038/3038/3038 
f 3039/3039/3039 3040/3040/3040 3041/3041/3041 
f 3041/3041/3041 3040/3040/3040 3042/3042/3042 
f 3044/3044/3044 3045/3045/3045 3046/3046/3046 
f 3046/3046/3046 3045/3045/3045 3047/3047/3047 
f 3048/3048/3048 3049/3049/3049 3050/3050/3050 
f 3050/3050/3050 3049/3049/3049 3051/3051/3051 
f 3052/3052/3052 3053/3053/3053 3054/3054/3054 
f 3054/3054/3054 3053/3053/3053 3055/3055/3055 
f 3057/3057/3057 3058/3058/3058 3059/3059/3059 
f 3059/3059/3059 3058/3058/3058 3060/3060/3060 
f 3061/3061/3061 3062/3062/3062 3063/3063/3063 
f 3063/3063/3063 3062/3062/3062 3064/3064/3064 
f 3068/3068/3068 3069/3069/3069 3070/3070/3070 
f 3070/3070/3070 3069/3069/3069 3071/3071/3071 
f 3072/3072/3072 3073/3073/3073 3074/3074/3074 
f 3074/3074/3074 3073/3073/3073 3075/3075/3075 
f 3077/3077/3077 3078/3078/3078 3079/3079/3079 
f 3079/3079/3079 3078/3078/3078 3080/3080/3080 
f 3081/3081/3081 3082/3082/3082 3083/3083/3083 
f 3083/3083/3083 3082/3082/3082 3084/3084/3084 
f 3085/3085/3085 3086/3086/3086 3087/3087/3087 
f 3087/3087/3087 3086/3086/3086 3088/3088/3088 
f 3089/3089/3089 3090/3090/3090 3091/3091/3091 
f 3091/3091/3091 3090/3090/3090 3092/3092/3092 
f 3093/3093/3093 3094/3094/3094 3095/3095/3095 
f 3095/3095/3095 3094/3094/3094 3096/3096/3096 
f 3097/3097/3097 3098/3098/3098 3099/3099/3099 
f 3099/3099/3099 3098/3098/3098 3100/3100/3100 
f 3101/3101/3101 3102/3102/3102 3103/3103/3103 
f 3103/3103/3103 3102/3102/3102 3104/3104/3104 
f 3105/3105/3105 3106/3106/3106 3107/3107/3107 
f 3107/3107/3107 3106/3106/3106 3108/3108/3108 
f 3109/3109/3109 3110/3110/3110 3111/3111/3111 
f 3111/3111/3111 3110/3110/3110 3112/3112/3112 
f 3113/3113/3113 3114/3114/3114 3115/3115/3115 
f 3115/3115/3115 3114/3114/3114 3116/3116/3116 
f 3117/3117/3117 3118/3118/3118 3119/3119/3119 
f 3119/3119/3119 3118/3118/3118 3120/3120/3120 
f 3121/3121/3121 3122/3122/3122 3123/3123/3123 
f 3123/3123/3123 3122/3122/3122 3124/3124/3124 
f 3125/3125/3125 3126/3126/3126 3127/3127/3127 
f 3127/3127/3127 3126/3126/3126 3128/3128/3128 
f 3129/3129/3129 3130/3130/3130 3131/3131/3131 
f 3131/3131/3131 3130/3130/3130 3132/3132/3132 
f 3133/3133/3133 3134/3134/3134 3135/3135/3135 
f 3135/3135/3135 3134/3134/3134 3136/3136/3136 
f 3137/3137/3137 3138/3138/3138 3139/3139/3139 
f 3139/3139/3139 3138/3138/3138 3140/3140/3140 
f 3141/3141/3141 3142/3142/3142 3143/3143/3143 
f 3143/3143/3143 3142/3142/3142 3144/3144/3144 
f 3145/3145/3145 3146/3146/3146 3147/3147/3147 
f 3147/3147/3147 3146/3146/3146 3148/3148/3148 
f 3149/3149/3149 3150/3150/3150 3151/3151/3151 
f 3151/3151/3151 3150/3150/3150 3152/3152/3152 
f 3153/3153/3153 3154/3154/3154 3155/3155/3155 
f 3155/3155/3155 3154/3154/3154 3156/3156/3156 
f 3157/3157/3157 3158/3158/3158 3159/3159/3159 
f 3159/3159/3159 3158/3158/3158 3160/3160/3160 
f 3161/3161/3161 3162/3162/3162 3163/3163/3163 
f 3163/3163/3163 3162/3162/3162 3164/3164/3164 
f 3165/3165/3165 3166/3166/3166 3167/3167/3167 
f 3167/3167/3167 3166/3166/3166 3168/3168/3168 
f 3169/3169/3169 3170/3170/3170 3171/3171/3171 
f 3171/3171/3171 3170/3170/3170 3172/3172/3172 
f 3173/3173/3173 3174/3174/3174 3175/3175/3175 
f 3175/3175/3175 3174/3174/3174 3176/3176/3176 
f 3177/3177/3177 3178/3178/3178 3179/3179/3179 
f 3179/3179/3179 3178/3178/3178 3180/3180/3180 
f 3181/3181/3181 3182/3182/3182 3183/3183/3183 
f 3183/3183/3183 3182/3182/3182 3184/3184/3184 
f 3185/3185/3185 3186/3186/3186 3187/3187/3187 
f 3187/3187/3187 3186/3186/3186 3188/3188/3188 
f 3189/3189/3189 3190/3190/3190 3191/3191/3191 
f 3191/3191/3191 3190/3190/3190 3192/3192/3192 
f 3193/3193/3193 3194/3194/3194 3195/3195/3195 
f 3195/3195/3195 3194/3194/3194 3196/3196/3196 
f 3197/3197/3197 3198/3198/3198 3199/3199/3199 
f 3199/3199/3199 3198/3198/3198 3200/3200/3200 
f 3201/3201/3201 3202/3202/3202 3203/3203/3203 
f 3203/3203/3203 3202/3202/3202 3204/3204/3204 
f 3205/3205/3205 3206/3206/3206 3207/3207/3207 
f 3207/3207/3207 3206/3206/3206 3208/3208/3208 
f 3209/3209/3209 3210/3210/3210 3211/3211/3211 
f 3211/3211/3211 3210/3210/3210 3212/3212/3212 
f 3213/3213/3213 3214/3214/3214 3215/3215/3215 
f 3215/3215/3215 3214/3214/3214 3216/3216/3216 
f 3217/3217/3217 3218/3218/3218 3219/3219/3219 
f 3219/3219/3219 3218/3218/3218 3220/3220/3220 
f 3221/3221/3221 3222/3222/3222 3223/3223/3223 
f 3223/3223/3223 3222/3222/3222 3224/3224/3224 
f 3225/3225/3225 3226/3226/3226 3227/3227/3227 
f 3227/3227/3227 3226/3226/3226 3228/3228/3228 
f 3229/3229/3229 3230/3230/3230 3231/3231/3231 
f 3231/3231/3231 3230/3230/3230 3232/3232/3232 
f 3233/3233/3233 3234/3234/3234 3235/3235/3235 
f 3235/3235/3235 3234/3234/3234 3236/3236/3236 
f 3237/3237/3237 3238/3238/3238 3239/3239/3239 
f 3239/3239/3239 3238/3238/3238 3240/3240/3240 
f 3241/3241/3241 3242/3242/3242 3243/3243/3243 
f 3243/3243/3243 3242/3242/3242 3244/3244/3244 
f 3245/3245/3245 3246/3246/3246 3247/3247/3247 
f 3247/3247/3247 3246/3246/3246 3248/3248/3248 
f 3249/3249/3249 3250/3250/3250 3251/3251/3251 
f 3251/3251/3251 3250/3250/3250 3252/3252/3252 
f 3253/3253/3253 3254/3254/3254 3255/3255/3255 
f 3255/3255/3255 3254/3254/3254 3256/3256/3256 
f 3257/3257/3257 3258/3258/3258 3259/3259/3259 
f 3259/3259/3259 3258/3258/3258 3260/3260/3260 
f 3261/3261/3261 3262/3262/3262 3263/3263/3263 
f 3263/3263/3263 3262/3262/3262 3264/3264/3264 
f 3265/3265/3265 3266/3266/3266 3267/3267/3267 
f 3267/3267/3267 3266/3266/3266 3268/3268/3268 
f 3275/3275/3275 3276/3276/3276 3277/3277/3277 
f 3277/3277/3277 3276/3276/3276 3278/3278/3278 
f 3279/3279/3279 3280/3280/3280 3281/3281/3281 
f 3281/3281/3281 3280/3280/3280 3282/3282/3282 
f 3285/3285/3285 3286/3286/3286 3287/3287/3287 
f 3287/3287/3287 3286/3286/3286 3288/3288/3288 
f 3289/3289/3289 3290/3290/3290 3291/3291/3291 
f 3291/3291/3291 3290/3290/3290 3292/3292/3292 
f 3295/3295/3295 3296/3296/3296 3297/3297/3297 
f 3297/3297/3297 3296/3296/3296 3298/3298/3298 
f 3299/3299/3299 3300/3300/3300 3301/3301/3301 
f 3301/3301/3301 3300/3300/3300 3302/3302/3302 
f 3303/3303/3303 3304/3304/3304 3305/3305/3305 
f 3305/3305/3305 3304/3304/3304 3306/3306/3306 
f 3307/3307/3307 3308/3308/3308 3309/3309/3309 
f 3309/3309/3309 3308/3308/3308 3310/3310/3310 
f 3311/3311/3311 3312/3312/3312 3313/3313/3313 
f 3313/3313/3313 3312/3312/3312 3314/3314/3314 
f 3315/3315/3315 3316/3316/3316 3317/3317/3317 
f 3317/3317/3317 3316/3316/3316 3318/3318/3318 
f 3319/3319/3319 3320/3320/3320 3321/3321/3321 
f 3321/3321/3321 3320/3320/3320 3322/3322/3322 
f 3323/3323/3323 3324/3324/3324 3325/3325/3325 
f 3325/3325/3325 3324/3324/3324 3326/3326/3326 
f 3327/3327/3327 3328/3328/3328 3329/3329/3329 
f 3329/3329/3329 3328/3328/3328 3330/3330/3330 
f 3331/3331/3331 3332/3332/3332 3333/3333/3333 
f 3333/3333/3333 3332/3332/3332 3334/3334/3334 
f 3335/3335/3335 3336/3336/3336 3337/3337/3337 
f 3337/3337/3337 3336/3336/3336 3338/3338/3338 
f 3339/3339/3339 3340/3340/3340 3341/3341/3341 
f 3341/3341/3341 3340/3340/3340 3342/3342/3342 
f 3343/3343/3343 3344/3344/3344 3345/3345/3345 
f 3345/3345/3345 3344/3344/3344 3346/3346/3346 
f 3347/3347/3347 3348/3348/3348 3349/3349/3349 
f 3349/3349/3349 3348/3348/3348 3350/3350/3350 
f 3351/3351/3351 3352/3352/3352 3353/3353/3353 
f 3353/3353/3353 3352/3352/3352 3354/3354/3354 
f 3355/3355/3355 3356/3356/3356 3357/3357/3357 
f 3357/3357/3357 3356/3356/3356 3358/3358/3358 
f 3359/3359/3359 3360/3360/3360 3361/3361/3361 
f 3361/3361/3361 3360/3360/3360 3362/3362/3362 
f 3363/3363/3363 3364/3364/3364 3365/3365/3365 
f 3365/3365/3365 3364/3364/3364 3366/3366/3366 
f 3367/3367/3367 3368/3368/3368 3369/3369/3369 
f 3369/3369/3369 3368/3368/3368 3370/3370/3370 
f 3371/3371/3371 3372/3372/3372 3373/3373/3373 
f 3373/3373/3373 3372/3372/3372 3374/3374/3374 
f 3375/3375/3375 3376/3376/3376 3377/3377/3377 
f 3377/3377/3377 3376/3376/3376 3378/3378/3378 
f 3379/3379/3379 3380/3380/3380 3381/3381/3381 
f 3381/3381/3381 3380/3380/3380 3382/3382/3382 
f 3383/3383/3383 3384/3384/3384 3385/3385/3385 
f 3385/3385/3385 3384/3384/3384 3386/3386/3386 
f 3387/3387/3387 3388/3388/3388 3389/3389/3389 
f 3389/3389/3389 3388/3388/3388 3390/3390/3390 
f 3391/3391/3391 3392/3392/3392 3393/3393/3393 
f 3393/3393/3393 3392/3392/3392 3394/3394/3394 
f 3395/3395/3395 3396/3396/3396 3397/3397/3397 
f 3397/3397/3397 3396/3396/3396 3398/3398/3398 
f 3400/3400/3400 3401/3401/3401 3402/3402/3402 
f 3402/3402/3402 3401/3401/3401 3403/3403/3403 
f 3404/3404/3404 3405/3405/3405 3406/3406/3406 
f 3406/3406/3406 3405/3405/3405 3407/3407/3407 
f 3408/3408/3408 3409/3409/3409 3410/3410/3410 
f 3410/3410/3410 3409/3409/3409 3411/3411/3411 
f 3412/3412/3412 3413/3413/3413 3414/3414/3414 
f 3414/3414/3414 3413/3413/3413 3415/3415/3415 
f 3416/3416/3416 3417/3417/3417 3418/3418/3418 
f 3418/3418/3418 3417/3417/3417 3419/3419/3419 
f 3420/3420/3420 3421/3421/3421 3422/3422/3422 
f 3422/3422/3422 3421/3421/3421 3423/3423/3423 
f 3424/3424/3424 3425/3425/3425 3426/3426/3426 
f 3426/3426/3426 3425/3425/3425 3427/3427/3427 
f 3428/3428/3428 3429/3429/3429 3430/3430/3430 
f 3430/3430/3430 3429/3429/3429 3431/3431/3431 
f 3432/3432/3432 3433/3433/3433 3434/3434/3434 
f 3434/3434/3434 3433/3433/3433 3435/3435/3435 
f 3436/3436/3436 3437/3437/3437 3438/3438/3438 
f 3438/3438/3438 3437/3437/3437 3439/3439/3439 
f 3440/3440/3440 3441/3441/3441 3442/3442/3442 
f 3442/3442/3442 3441/3441/3441 3443/3443/3443 
f 3444/3444/3444 3445/3445/3445 3446/3446/3446 
f 3446/3446/3446 3445/3445/3445 3447/3447/3447 
f 3448/3448/3448 3449/3449/3449 3450/3450/3450 
f 3450/3450/3450 3449/3449/3449 3451/3451/3451 
f 3452/3452/3452 3453/3453/3453 3454/3454/3454 
f 3454/3454/3454 3453/3453/3453 3455/3455/3455 
f 3456/3456/3456 3457/3457/3457 3458/3458/3458 
f 3458/3458/3458 3457/3457/3457 3459/3459/3459 
f 3460/3460/3460 3461/3461/3461 3462/3462/3462 
f 3462/3462/3462 3461/3461/3461 3463/3463/3463 
f 3464/3464/3464 3465/3465/3465 3466/3466/3466 
f 3466/3466/3466 3465/3465/3465 3467/3467/3467 
f 3468/3468/3468 3469/3469/3469 3470/3470/3470 
f 3470/3470/3470 3469/3469/3469 3471/3471/3471 
f 3472/3472/3472 3473/3473/3473 3474/3474/3474 
f 3474/3474/3474 3473/3473/3473 3475/3475/3475 
f 3476/3476/3476 3477/3477/3477 3478/3478/3478 
f 3478/3478/3478 3477/3477/3477 3479/3479/3479 
f 3480/3480/3480 3481/3481/3481 3482/3482/3482 
f 3482/3482/3482 3481/3481/3481 3483/3483/3483 
f 3484/3484/3484 3485/3485/3485 3486/3486/3486 
f 3486/3486/3486 3485/3485/3485 3487/3487/3487 
f 3488/3488/3488 3489/3489/3489 3490/3490/3490 
f 3490/3490/3490 3489/3489/3489 3491/3491/3491 
f 3492/3492/3492 3493/3493/3493 3494/3494/3494 
f 3494/3494/3494 3493/3493/3493 3495/3495/3495 
f 3496/3496/3496 3497/3497/3497 3498/3498/3498 
f 3498/3498/3498 3497/3497/3497 3499/3499/3499 
f 3500/3500/3500 3501/3501/3501 3502/3502/3502 
f 3502/3502/3502 3501/3501/3501 3503/3503/3503 
f 3504/3504/3504 3505/3505/3505 3506/3506/3506 
f 3506/3506/3506 3505/3505/3505 3507/3507/3507 
f 3508/3508/3508 3509/3509/3509 3510/3510/3510 
f 3510/3510/3510 3509/3509/3509 3511/3511/3511 
f 3512/3512/3512 3513/3513/3513 3514/3514/3514 
f 3514/3514/3514 3513/3513/3513 3515/3515/3515 
f 3516/3516/3516 3517/3517/3517 3518/3518/3518 
f 3518/3518/3518 3517/3517/3517 3519/3519/3519 
f 3520/3520/3520 3521/3521/3521 3522/3522/3522 
f 3522/3522/3522 3521/3521/3521 3523/3523/3523 
f 3524/3524/3524 3525/3525/3525 3526/3526/3526 
f 3526/3526/3526 3525/3525/3525 3527/3527/3527 
f 3528/3528/3528 3529/3529/3529 3530/3530/3530 
f 3530/3530/3530 3529/3529/3529 3531/3531/3531 
f 3532/3532/3532 3533/3533/3533 3534/3534/3534 
f 3534/3534/3534 3533/3533/3533 3535/3535/3535 
f 3536/3536/3536 3537/3537/3537 3538/3538/3538 
f 3538/3538/3538 3537/3537/3537 3539/3539/3539 
f 3540/3540/3540 3541/3541/3541 3542/3542/3542 
f 3542/3542/3542 3541/3541/3541 3543/3543/3543 
f 3544/3544/3544 3545/3545/3545 3546/3546/3546 
f 3546/3546/3546 3545/3545/3545 3547/3547/3547 
f 3548/3548/3548 3549/3549/3549 3550/3550/3550 
f 3550/3550/3550 3549/3549/3549 3551/3551/3551 
f 3552/3552/3552 3553/3553/3553 3554/3554/3554 
f 3554/3554/3554 3553/3553/3553 3555/3555/3555 
f 3564/3564/3564 3565/3565/3565 3566/3566/3566 
f 3566/3566/3566 3565/3565/3565 3567/3567/3567 
f 3578/3578/3578 3579/3579/3579 3580/3580/3580 
f 3580/3580/3580 3579/3579/3579 3581/3581/3581 
f 3597/3597/3597 3598/3598/3598 3599/3599/3599 
f 3599/3599/3599 3598/3598/3598 3600/3600/3600 
f 3601/3601/3601 3602/3602/3602 3603/3603/3603 
f 3603/3603/3603 3602/3602/3602 3604/3604/3604 
f 3605/3605/3605 3606/3606/3606 3607/3607/3607 
f 3607/3607/3607 3606/3606/3606 3608/3608/3608 
f 3610/3610/3610 3611/3611/3611 3612/3612/3612 
f 3612/3612/3612 3611/3611/3611 3613/3613/3613 
f 3616/3616/3616 3617/3617/3617 3618/3618/3618 
f 3618/3618/3618 3617/3617/3617 3619/3619/3619 
f 3620/3620/3620 3621/3621/3621 3622/3622/3622 
f 3622/3622/3622 3621/3621/3621 3623/3623/3623 
f 3624/3624/3624 3625/3625/3625 3626/3626/3626 
f 3626/3626/3626 3625/3625/3625 3627/3627/3627 
f 3628/3628/3628 3629/3629/3629 3630/3630/3630 
f 3630/3630/3630 3629/3629/3629 3631/3631/3631 
f 3649/3649/3649 3650/3650/3650 3651/3651/3651 
f 3651/3651/3651 3650/3650/3650 3652/3652/3652 
f 3673/3673/3673 3674/3674/3674 3675/3675/3675 
f 3675/3675/3675 3674/3674/3674 3676/3676/3676 
f 3677/3677/3677 3678/3678/3678 3679/3679/3679 
f 3679/3679/3679 3678/3678/3678 3680/3680/3680 
f 3681/3681/3681 3682/3682/3682 3683/3683/3683 
f 3683/3683/3683 3682/3682/3682 3684/3684/3684 
f 3685/3685/3685 3686/3686/3686 3687/3687/3687 
f 3687/3687/3687 3686/3686/3686 3688/3688/3688 
f 3708/3708/3708 3709/3709/3709 3710/3710/3710 
f 3710/3710/3710 3709/3709/3709 3711/3711/3711 
f 3712/3712/3712 3713/3713/3713 3714/3714/3714 
f 3714/3714/3714 3713/3713/3713 3715/3715/3715 
f 3719/3719/3719 3720/3720/3720 3721/3721/3721 
f 3721/3721/3721 3720/3720/3720 3722/3722/3722 
f 3723/3723/3723 3724/3724/3724 3725/3725/3725 
f 3725/3725/3725 3724/3724/3724 3726/3726/3726 
f 3731/3731/3731 3732/3732/3732 3733/3733/3733 
f 3733/3733/3733 3732/3732/3732 3734/3734/3734 
f 3735/3735/3735 3736/3736/3736 3737/3737/3737 
f 3737/3737/3737 3736/3736/3736 3738/3738/3738 
f 3739/3739/3739 3740/3740/3740 3741/3741/3741 
f 3741/3741/3741 3740/3740/3740 3742/3742/3742 
f 3756/3756/3756 3757/3757/3757 3758/3758/3758 
f 3758/3758/3758 3757/3757/3757 3759/3759/3759 
f 3789/3789/3789 3790/3790/3790 3791/3791/3791 
f 3791/3791/3791 3790/3790/3790 3792/3792/3792 
f 3793/3793/3793 3794/3794/3794 3795/3795/3795 
f 3795/3795/3795 3794/3794/3794 3796/3796/3796 
f 3797/3797/3797 3798/3798/3798 3799/3799/3799 
f 3799/3799/3799 3798/3798/3798 3800/3800/3800 
f 3802/3802/3802 3803/3803/3803 3804/3804/3804 
f 3804/3804/3804 3803/3803/3803 3805/3805/3805 
f 3826/3826/3826 3827/3827/3827 3828/3828/3828 
f 3828/3828/3828 3827/3827/3827 3829/3829/3829 
f 3830/3830/3830 3831/3831/3831 3832/3832/3832 
f 3832/3832/3832 3831/3831/3831 3833/3833/3833 
f 3834/3834/3834 3835/3835/3835 3836/3836/3836 
f 3836/3836/3836 3835/3835/3835 3837/3837/3837 
f 3838/3838/3838 3839/3839/3839 3840/3840/3840 
f 3840/3840/3840 3839/3839/3839 3841/3841/3841 
f 3842/3842/3842 3843/3843/3843 3844/3844/3844 
f 3844/3844/3844 3843/3843/3843 3845/3845/3845 
f 3846/3846/3846 3847/3847/3847 3848/3848/3848 
f 3848/3848/3848 3847/3847/3847 3849/3849/3849 
f 3850/3850/3850 3851/3851/3851 3852/3852/3852 
f 3852/3852/3852 3851/3851/3851 3853/3853/3853 
f 3854/3854/3854 3855/3855/3855 3856/3856/3856 
f 3856/3856/3856 3855/3855/3855 3857/3857/3857 
f 3858/3858/3858 3859/3859/3859 3860/3860/3860 
f 3860/3860/3860 3859/3859/3859 3861/3861/3861 
f 3862/3862/3862 3863/3863/3863 3864/3864/3864 
f 3864/3864/3864 3863/3863/3863 3865/3865/3865 
f 3866/3866/3866 3867/3867/3867 3868/3868/3868 
f 3868/3868/3868 3867/3867/3867 3869/3869/3869 
f 3870/3870/3870 3871/3871/3871 3872/3872/3872 
f 3872/3872/3872 3871/3871/3871 3873/3873/3873 
f 3874/3874/3874 3875/3875/3875 3876/3876/3876 
f 3876/3876/3876 3875/3875/3875 3877/3877/3877 
f 3878/3878/3878 3879/3879/3879 3880/3880/3880 
f 3880/3880/3880 3879/3879/3879 3881/3881/3881 
f 3882/3882/3882 3883/3883/3883 3884/3884/3884 
f 3884/3884/3884 3883/3883/3883 3885/3885/3885 
f 3886/3886/3886 3887/3887/3887 3888/3888/3888 
f 3888/3888/3888 3887/3887/3887 3889/3889/3889 
f 3890/3890/3890 3891/3891/3891 3892/3892/3892 
f 3892/3892/3892 3891/3891/3891 3893/3893/3893 
f 3894/3894/3894 3895/3895/3895 3896/3896/3896 
f 3896/3896/3896 3895/3895/3895 3897/3897/3897 
f 3898/3898/3898 3899/3899/3899 3900/3900/3900 
f 3900/3900/3900 3899/3899/3899 3901/3901/3901 
f 3902/3902/3902 3903/3903/3903 3904/3904/3904 
f 3904/3904/3904 3903/3903/3903 3905/3905/3905 
f 3910/3910/3910 3911/3911/3911 3912/3912/3912 
f 3912/3912/3912 3911/3911/3911 3913/3913/3913 
f 3914/3914/3914 3915/3915/3915 3916/3916/3916 
f 3916/3916/3916 3915/3915/3915 3917/3917/3917 
f 3918/3918/3918 3919/3919/3919 3920/3920/3920 
f 3920/3920/3920 3919/3919/3919 3921/3921/3921 
f 3922/3922/3922 3923/3923/3923 3924/3924/3924 
f 3924/3924/3924 3923/3923/3923 3925/3925/3925 
f 3926/3926/3926 3927/3927/3927 3928/3928/3928 
f 3928/3928/3928 3927/3927/3927 3929/3929/3929 
f 3930/3930/3930 3931/3931/3931 3932/3932/3932 
f 3932/3932/3932 3931/3931/3931 3933/3933/3933 
f 3934/3934/3934 3935/3935/3935 3936/3936/3936 
f 3936/3936/3936 3935/3935/3935 3937/3937/3937 
f 3938/3938/3938 3939/3939/3939 3940/3940/3940 
f 3940/3940/3940 3939/3939/3939 3941/3941/3941 
f 3942/3942/3942 3943/3943/3943 3944/3944/3944 
f 3944/3944/3944 3943/3943/3943 3945/3945/3945 
f 3948/3948/3948 3949/3949/3949 3950/3950/3950 
f 3950/3950/3950 3949/3949/3949 3951/3951/3951 
f 3952/3952/3952 3953/3953/3953 3954/3954/3954 
f 3954/3954/3954 3953/3953/3953 3955/3955/3955 
f 3956/3956/3956 3957/3957/3957 3958/3958/3958 
f 3958/3958/3958 3957/3957/3957 3959/3959/3959 
f 3967/3967/3967 3968/3968/3968 3969/3969/3969 
f 3969/3969/3969 3968/3968/3968 3970/3970/3970 
f 3971/3971/3971 3972/3972/3972 3973/3973/3973 
f 3973/3973/3973 3972/3972/3972 3974/3974/3974 
f 3975/3975/3975 3976/3976/3976 3977/3977/3977 
f 3977/3977/3977 3976/3976/3976 3978/3978/3978 
f 3979/3979/3979 3980/3980/3980 3981/3981/3981 
f 3981/3981/3981 3980/3980/3980 3982/3982/3982 
f 3983/3983/3983 3984/3984/3984 3985/3985/3985 
f 3985/3985/3985 3984/3984/3984 3986/3986/3986 
f 3987/3987/3987 3988/3988/3988 3989/3989/3989 
f 3989/3989/3989 3988/3988/3988 3990/3990/3990 
f 3991/3991/3991 3992/3992/3992 3993/3993/3993 
f 3993/3993/3993 3992/3992/3992 3994/3994/3994 
f 4001/4001/4001 4002/4002/4002 4003/4003/4003 
f 4003/4003/4003 4002/4002/4002 4004/4004/4004 
f 4005/4005/4005 4006/4006/4006 4007/4007/4007 
f 4007/4007/4007 4006/4006/4006 4008/4008/4008 
f 4009/4009/4009 4010/4010/4010 4011/4011/4011 
f 4011/4011/4011 4010/4010/4010 4012/4012/4012 
f 4013/4013/4013 4014/4014/4014 4015/4015/4015 
f 4015/4015/4015 4014/4014/4014 4016/4016/4016 
f 4017/4017/4017 4018/4018/4018 4019/4019/4019 
f 4019/4019/4019 4018/4018/4018 4020/4020/4020 
f 4021/4021/4021 4022/4022/4022 4023/4023/4023 
f 4023/4023/4023 4022/4022/4022 4024/4024/4024 
f 4025/4025/4025 4026/4026/4026 4027/4027/4027 
f 4027/4027/4027 4026/4026/4026 4028/4028/4028 
f 4029/4029/4029 4030/4030/4030 4031/4031/4031 
f 4031/4031/4031 4030/4030/4030 4032/4032/4032 
f 4033/4033/4033 4034/4034/4034 4035/4035/4035 
f 4035/4035/4035 4034/4034/4034 4036/4036/4036 
f 4037/4037/4037 4038/4038/4038 4039/4039/4039 
f 4039/4039/4039 4038/4038/4038 4040/4040/4040 
f 4042/4042/4042 4043/4043/4043 4044/4044/4044 
f 4044/4044/4044 4043/4043/4043 4045/4045/4045 
f 4046/4046/4046 4047/4047/4047 4048/4048/4048 
f 4048/4048/4048 4047/4047/4047 4049/4049/4049 
f 4050/4050/4050 4051/4051/4051 4052/4052/4052 
f 4052/4052/4052 4051/4051/4051 4053/4053/4053 
f 4054/4054/4054 4055/4055/4055 4056/4056/4056 
f 4056/4056/4056 4055/4055/4055 4057/4057/4057 
f 4058/4058/4058 4059/4059/4059 4060/4060/4060 
f 4060/4060/4060 4059/4059/4059 4061/4061/4061 
f 4062/4062/4062 4063/4063/4063 4064/4064/4064 
f 4064/4064/4064 4063/4063/4063 4065/4065/4065 
f 4066/4066/4066 4067/4067/4067 4068/4068/4068 
f 4068/4068/4068 4067/4067/4067 4069/4069/4069 
f 4070/4070/4070 4071/4071/4071 4072/4072/4072 
f 4072/4072/4072 4071/4071/4071 4073/4073/4073 
f 4074/4074/4074 4075/4075/4075 4076/4076/4076 
f 4076/4076/4076 4075/4075/4075 4077/4077/4077 
f 4078/4078/4078 4079/4079/4079 4080/4080/4080 
f 4080/4080/4080 4079/4079/4079 4081/4081/4081 
f 4082/4082/4082 4083/4083/4083 4084/4084/4084 
f 4084/4084/4084 4083/4083/4083 4085/4085/4085 
f 4086/4086/4086 4087/4087/4087 4088/4088/4088 
f 4088/4088/4088 4087/4087/4087 4089/4089/4089 
f 4090/4090/4090 4091/4091/4091 4092/4092/4092 
f 4092/4092/4092 4091/4091/4091 4093/4093/4093 
f 4094/4094/4094 4095/4095/4095 4096/4096/4096 
f 4096/4096/4096 4095/4095/4095 4097/4097/4097 
f 4098/4098/4098 4099/4099/4099 4100/4100/4100 
f 4100/4100/4100 4099/4099/4099 4101/4101/4101 
f 4102/4102/4102 4103/4103/4103 4104/4104/4104 
f 4104/4104/4104 4103/4103/4103 4105/4105/4105 
f 4106/4106/4106 4107/4107/4107 4108/4108/4108 
f 4108/4108/4108 4107/4107/4107 4109/4109/4109 
f 4110/4110/4110 4111/4111/4111 4112/4112/4112 
f 4112/4112/4112 4111/4111/4111 4113/4113/4113 
f 4114/4114/4114 4115/4115/4115 4116/4116/4116 
f 4116/4116/4116 4115/4115/4115 4117/4117/4117 
f 4118/4118/4118 4119/4119/4119 4120/4120/4120 
f 4120/4120/4120 4119/4119/4119 4121/4121/4121 
f 4122/4122/4122 4123/4123/4123 4124/4124/4124 
f 4124/4124/4124 4123/4123/4123 4125/4125/4125 
f 4126/4126/4126 4127/4127/4127 4128/4128/4128 
f 4128/4128/4128 4127/4127/4127 4129/4129/4129 
f 4130/4130/4130 4131/4131/4131 4132/4132/4132 
f 4132/4132/4132 4131/4131/4131 4133/4133/4133 
f 4134/4134/4134 4135/4135/4135 4136/4136/4136 
f 4136/4136/4136 4135/4135/4135 4137/4137/4137 
f 4138/4138/4138 4139/4139/4139 4140/4140/4140 
f 4140/4140/4140 4139/4139/4139 4141/4141/4141 
f 4142/4142/4142 4143/4143/4143 4144/4144/4144 
f 4144/4144/4144 4143/4143/4143 4145/4145/4145 
f 4146/4146/4146 4147/4147/4147 4148/4148/4148 
f 4148/4148/4148 4147/4147/4147 4149/4149/4149 
f 4150/4150/4150 4151/4151/4151 4152/4152/4152 
f 4152/4152/4152 4151/4151/4151 4153/4153/4153 
f 4154/4154/4154 4155/4155/4155 4156/4156/4156 
f 4156/4156/4156 4155/4155/4155 4157/4157/4157 
f 4158/4158/4158 4159/4159/4159 4160/4160/4160 
f 4160/4160/4160 4159/4159/4159 4161/4161/4161 
f 4162/4162/4162 4163/4163/4163 4164/4164/4164 
f 4164/4164/4164 4163/4163/4163 4165/4165/4165 
f 4166/4166/4166 4167/4167/4167 4168/4168/4168 
f 4168/4168/4168 4167/4167/4167 4169/4169/4169 
f 4170/4170/4170 4171/4171/4171 4172/4172/4172 
f 4172/4172/4172 4171/4171/4171 4173/4173/4173 
f 4174/4174/4174 4175/4175/4175 4176/4176/4176 
f 4176/4176/4176 4175/4175/4175 4177/4177/4177 
f 4178/4178/4178 4179/4179/4179 4180/4180/4180 
f 4180/4180/4180 4179/4179/4179 4181/4181/4181 
f 4182/4182/4182 4183/4183/4183 4184/4184/4184 
f 4184/4184/4184 4183/4183/4183 4185/4185/4185 
f 4186/4186/4186 4187/4187/4187 4188/4188/4188 
f 4188/4188/4188 4187/4187/4187 4189/4189/4189 
f 4190/4190/4190 4191/4191/4191 4192/4192/4192 
f 4192/4192/4192 4191/4191/4191 4193/4193/4193 
f 4194/4194/4194 4195/4195/4195 4196/4196/4196 
f 4196/4196/4196 4195/4195/4195 4197/4197/4197 
f 4198/4198/4198 4199/4199/4199 4200/4200/4200 
f 4200/4200/4200 4199/4199/4199 4201/4201/4201 
f 4202/4202/4202 4203/4203/4203 4204/4204/4204 
f 4204/4204/4204 4203/4203/4203 4205/4205/4205 
f 4206/4206/4206 4207/4207/4207 4208/4208/4208 
f 4208/4208/4208 4207/4207/4207 4209/4209/4209 
f 4210/4210/4210 4211/4211/4211 4212/4212/4212 
f 4212/4212/4212 4211/4211/4211 4213/4213/4213 
f 4214/4214/4214 4215/4215/4215 4216/4216/4216 
f 4216/4216/4216 4215/4215/4215 4217/4217/4217 
f 4218/4218/4218 4219/4219/4219 4220/4220/4220 
f 4220/4220/4220 4219/4219/4219 4221/4221/4221 
f 4222/4222/4222 4223/4223/4223 4224/4224/4224 
f 4224/4224/4224 4223/4223/4223 4225/4225/4225 
f 4226/4226/4226 4227/4227/4227 4228/4228/4228 
f 4228/4228/4228 4227/4227/4227 4229/4229/4229 
f 4230/4230/4230 4231/4231/4231 4232/4232/4232 
f 4232/4232/4232 4231/4231/4231 4233/4233/4233 
f 4234/4234/4234 4235/4235/4235 4236/4236/4236 
f 4236/4236/4236 4235/4235/4235 4237/4237/4237 
f 4242/4242/4242 4243/4243/4243 4244/4244/4244 
f 4244/4244/4244 4243/4243/4243 4245/4245/4245 
f 4246/4246/4246 4247/4247/4247 4248/4248/4248 
f 4248/4248/4248 4247/4247/4247 4249/4249/4249 
f 4677/4677/4677 4678/4678/4678 4679/4679/4679 
f 4679/4679/4679 4678/4678/4678 4680/4680/4680 
f 4681/4681/4681 4682/4682/4682 4683/4683/4683 
f 4683/4683/4683 4682/4682/4682 4684/4684/4684 
f 4685/4685/4685 4686/4686/4686 4687/4687/4687 
f 4687/4687/4687 4686/4686/4686 4688/4688/4688 
f 4689/4689/4689 4690/4690/4690 4691/4691/4691 
f 4691/4691/4691 4690/4690/4690 4692/4692/4692 
f 4693/4693/4693 4694/4694/4694 4695/4695/4695 
f 4695/4695/4695 4694/4694/4694 4696/4696/4696 
f 4697/4697/4697 4698/4698/4698 4699/4699/4699 
f 4699/4699/4699 4698/4698/4698 4700/4700/4700 
f 4749/4749/4749 4750/4750/4750 4751/4751/4751 
f 4751/4751/4751 4750/4750/4750 4752/4752/4752 
f 4762/4762/4762 4763/4763/4763 4764/4764/4764 
f 4764/4764/4764 4763/4763/4763 4765/4765/4765 
f 4770/4770/4770 4771/4771/4771 4772/4772/4772 
f 4772/4772/4772 4771/4771/4771 4773/4773/4773 
f 4774/4774/4774 4775/4775/4775 4776/4776/4776 
f 4776/4776/4776 4775/4775/4775 4777/4777/4777 
f 4778/4778/4778 4779/4779/4779 4780/4780/4780 
f 4780/4780/4780 4779/4779/4779 4781/4781/4781 
f 4783/4783/4783 4784/4784/4784 4785/4785/4785 
f 4785/4785/4785 4784/4784/4784 4786/4786/4786 
f 4787/4787/4787 4788/4788/4788 4789/4789/4789 
f 4789/4789/4789 4788/4788/4788 4790/4790/4790 
f 4791/4791/4791 4792/4792/4792 4793/4793/4793 
f 4793/4793/4793 4792/4792/4792 4794/4794/4794 
f 4795/4795/4795 4796/4796/4796 4797/4797/4797 
f 4797/4797/4797 4796/4796/4796 4798/4798/4798 
f 4799/4799/4799 4800/4800/4800 4801/4801/4801 
f 4801/4801/4801 4800/4800/4800 4802/4802/4802 
f 4803/4803/4803 4804/4804/4804 4805/4805/4805 
f 4805/4805/4805 4804/4804/4804 4806/4806/4806 
f 4807/4807/4807 4808/4808/4808 4809/4809/4809 
f 4809/4809/4809 4808/4808/4808 4810/4810/4810 
f 4811/4811/4811 4812/4812/4812 4813/4813/4813 
f 4813/4813/4813 4812/4812/4812 4814/4814/4814 
f 4815/4815/4815 4816/4816/4816 4817/4817/4817 
f 4817/4817/4817 4816/4816/4816 4818/4818/4818 
f 4819/4819/4819 4820/4820/4820 4821/4821/4821 
f 4821/4821/4821 4820/4820/4820 4822/4822/4822 
f 4823/4823/4823 4824/4824/4824 4825/4825/4825 
f 4825/4825/4825 4824/4824/4824 4826/4826/4826 
f 4827/4827/4827 4828/4828/4828 4829/4829/4829 
f 4829/4829/4829 4828/4828/4828 4830/4830/4830 
f 4831/4831/4831 4832/4832/4832 4833/4833/4833 
f 4833/4833/4833 4832/4832/4832 4834/4834/4834 
f 4835/4835/4835 4836/4836/4836 4837/4837/4837 
f 4837/4837/4837 4836/4836/4836 4838/4838/4838 
f 4839/4839/4839 4840/4840/4840 4841/4841/4841 
f 4841/4841/4841 4840/4840/4840 4842/4842/4842 
f 4843/4843/4843 4844/4844/4844 4845/4845/4845 
f 4845/4845/4845 4844/4844/4844 4846/4846/4846 
f 4847/4847/4847 4848/4848/4848 4849/4849/4849 
f 4849/4849/4849 4848/4848/4848 4850/4850/4850 
f 4851/4851/4851 4852/4852/4852 4853/4853/4853 
f 4853/4853/4853 4852/4852/4852 4854/4854/4854 
f 4855/4855/4855 4856/4856/4856 4857/4857/4857 
f 4857/4857/4857 4856/4856/4856 4858/4858/4858 
f 4859/4859/4859 4860/4860/4860 4861/4861/4861 
f 4861/4861/4861 4860/4860/4860 4862/4862/4862 
f 4863/4863/4863 4864/4864/4864 4865/4865/4865 
f 4865/4865/4865 4864/4864/4864 4866/4866/4866 
f 4867/4867/4867 4868/4868/4868 4869/4869/4869 
f 4869/4869/4869 4868/4868/4868 4870/4870/4870 
f 4871/4871/4871 4872/4872/4872 4873/4873/4873 
f 4873/4873/4873 4872/4872/4872 4874/4874/4874 
f 4875/4875/4875 4876/4876/4876 4877/4877/4877 
f 4877/4877/4877 4876/4876/4876 4878/4878/4878 
f 4879/4879/4879 4880/4880/4880 4881/4881/4881 
f 4881/4881/4881 4880/4880/4880 4882/4882/4882 
f 4883/4883/4883 4884/4884/4884 4885/4885/4885 
f 4885/4885/4885 4884/4884/4884 4886/4886/4886 
f 4887/4887/4887 4888/4888/4888 4889/4889/4889 
f 4889/4889/4889 4888/4888/4888 4890/4890/4890 
f 4891/4891/4891 4892/4892/4892 4893/4893/4893 
f 4893/4893/4893 4892/4892/4892 4894/4894/4894 
f 4895/4895/4895 4896/4896/4896 4897/4897/4897 
f 4897/4897/4897 4896/4896/4896 4898/4898/4898 
f 4899/4899/4899 4900/4900/4900 4901/4901/4901 
f 4901/4901/4901 4900/4900/4900 4902/4902/4902 
f 4903/4903/4903 4904/4904/4904 4905/4905/4905 
f 4905/4905/4905 4904/4904/4904 4906/4906/4906 
f 4907/4907/4907 4908/4908/4908 4909/4909/4909 
f 4909/4909/4909 4908/4908/4908 4910/4910/4910 
f 4911/4911/4911 4912/4912/4912 4913/4913/4913 
f 4913/4913/4913 4912/4912/4912 4914/4914/4914 
f 4915/4915/4915 4916/4916/4916 4917/4917/4917 
f 4917/4917/4917 4916/4916/4916 4918/4918/4918 
f 4919/4919/4919 4920/4920/4920 4921/4921/4921 
f 4921/4921/4921 4920/4920/4920 4922/4922/4922 
f 4923/4923/4923 4924/4924/4924 4925/4925/4925 
f 4925/4925/4925 4924/4924/4924 4926/4926/4926 
f 4927/4927/4927 4928/4928/4928 4929/4929/4929 
f 4929/4929/4929 4928/4928/4928 4930/4930/4930 
f 4931/4931/4931 4932/4932/4932 4933/4933/4933 
f 4933/4933/4933 4932/4932/4932 4934/4934/4934 
f 4935/4935/4935 4936/4936/4936 4937/4937/4937 
f 4937/4937/4937 4936/4936/4936 4938/4938/4938 
f 4939/4939/4939 4940/4940/4940 4941/4941/4941 
f 4941/4941/4941 4940/4940/4940 4942/4942/4942 
f 4943/4943/4943 4944/4944/4944 4945/4945/4945 
f 4945/4945/4945 4944/4944/4944 4946/4946/4946 
f 4947/4947/4947 4948/4948/4948 4949/4949/4949 
f 4949/4949/4949 4948/4948/4948 4950/4950/4950 
f 4951/4951/4951 4952/4952/4952 4953/4953/4953 
f 4953/4953/4953 4952/4952/4952 4954/4954/4954 
f 4955/4955/4955 4956/4956/4956 4957/4957/4957 
f 4957/4957/4957 4956/4956/4956 4958/4958/4958 
f 4959/4959/4959 4960/4960/4960 4961/4961/4961 
f 4961/4961/4961 4960/4960/4960 4962/4962/4962 
f 4963/4963/4963 4964/4964/4964 4965/4965/4965 
f 4965/4965/4965 4964/4964/4964 4966/4966/4966 
f 4967/4967/4967 4968/4968/4968 4969/4969/4969 
f 4969/4969/4969 4968/4968/4968 4970/4970/4970 
f 4971/4971/4971 4972/4972/4972 4973/4973/4973 
f 4973/4973/4973 4972/4972/4972 4974/4974/4974 
f 4975/4975/4975 4976/4976/4976 4977/4977/4977 
f 4977/4977/4977 4976/4976/4976 4978/4978/4978 
f 4979/4979/4979 4980/4980/4980 4981/4981/4981 
f 4981/4981/4981 4980/4980/4980 4982/4982/4982 
f 4983/4983/4983 4984/4984/4984 4985/4985/4985 
f 4985/4985/4985 4984/4984/4984 4986/4986/4986 
f 4987/4987/4987 4988/4988/4988 4989/4989/4989 
f 4989/4989/4989 4988/4988/4988 4990/4990/4990 
f 4991/4991/4991 4992/4992/4992 4993/4993/4993 
f 4993/4993/4993 4992/4992/4992 4994/4994/4994 
f 4995/4995/4995 4996/4996/4996 4997/4997/4997 
f 4997/4997/4997 4996/4996/4996 4998/4998/4998 
f 4999/4999/4999 5000/5000/5000 5001/5001/5001 
f 5001/5001/5001 5000/5000/5000 5002/5002/5002 
f 5003/5003/5003 5004/5004/5004 5005/5005/5005 
f 5005/5005/5005 5004/5004/5004 5006/5006/5006 
f 5007/5007/5007 5008/5008/5008 5009/5009/5009 
f 5009/5009/5009 5008/5008/5008 5010/5010/5010 
f 5011/5011/5011 5012/5012/5012 5013/5013/5013 
f 5013/5013/5013 5012/5012/5012 5014/5014/5014 
f 5015/5015/5015 5016/5016/5016 5017/5017/5017 
f 5017/5017/5017 5016/5016/5016 5018/5018/5018 
f 5019/5019/5019 5020/5020/5020 5021/5021/5021 
f 5021/5021/5021 5020/5020/5020 5022/5022/5022 
f 5023/5023/5023 5024/5024/5024 5025/5025/5025 
f 5025/5025/5025 5024/5024/5024 5026/5026/5026 
f 5027/5027/5027 5028/5028/5028 5029/5029/5029 
f 5029/5029/5029 5028/5028/5028 5030/5030/5030 
f 5031/5031/5031 5032/5032/5032 5033/5033/5033 
f 5033/5033/5033 5032/5032/5032 5034/5034/5034 
f 5035/5035/5035 5036/5036/5036 5037/5037/5037 
f 5037/5037/5037 5036/5036/5036 5038/5038/5038 
f 5039/5039/5039 5040/5040/5040 5041/5041/5041 
f 5041/5041/5041 5040/5040/5040 5042/5042/5042 
f 5043/5043/5043 5044/5044/5044 5045/5045/5045 
f 5045/5045/5045 5044/5044/5044 5046/5046/5046 
f 5047/5047/5047 5048/5048/5048 5049/5049/5049 
f 5049/5049/5049 5048/5048/5048 5050/5050/5050 
f 5051/5051/5051 5052/5052/5052 5053/5053/5053 
f 5053/5053/5053 5052/5052/5052 5054/5054/5054 
f 5055/5055/5055 5056/5056/5056 5057/5057/5057 
f 5057/5057/5057 5056/5056/5056 5058/5058/5058 
f 5059/5059/5059 5060/5060/5060 5061/5061/5061 
f 5061/5061/5061 5060/5060/5060 5062/5062/5062 
f 5063/5063/5063 5064/5064/5064 5065/5065/5065 
f 5065/5065/5065 5064/5064/5064 5066/5066/5066 
f 5067/5067/5067 5068/5068/5068 5069/5069/5069 
f 5069/5069/5069 5068/5068/5068 5070/5070/5070 
f 5071/5071/5071 5072/5072/5072 5073/5073/5073 
f 5073/5073/5073 5072/5072/5072 5074/5074/5074 
f 5075/5075/5075 5076/5076/5076 5077/5077/5077 
f 5077/5077/5077 5076/5076/5076 5078/5078/5078 
f 5079/5079/5079 5080/5080/5080 5081/5081/5081 
f 5081/5081/5081 5080/5080/5080 5082/5082/5082 
f 5083/5083/5083 5084/5084/5084 5085/5085/5085 
f 5085/5085/5085 5084/5084/5084 5086/5086/5086 
f 5087/5087/5087 5088/5088/5088 5089/5089/5089 
f 5089/5089/5089 5088/5088/5088 5090/5090/5090 
f 5091/5091/5091 5092/5092/5092 5093/5093/5093 
f 5093/5093/5093 5092/5092/5092 5094/5094/5094 
f 5095/5095/5095 5096/5096/5096 5097/5097/5097 
f 5097/5097/5097 5096/5096/5096 5098/5098/5098 
f 5099/5099/5099 5100/5100/5100 5101/5101/5101 
f 5101/5101/5101 5100/5100/5100 5102/5102/5102 
f 5103/5103/5103 5104/5104/5104 5105/5105/5105 
f 5105/5105/5105 5104/5104/5104 5106/5106/5106 
f 5107/5107/5107 5108/5108/5108 5109/5109/5109 
f 5109/5109/5109 5108/5108/5108 5110/5110/5110 
f 5111/5111/5111 5112/5112/5112 5113/5113/5113 
f 5113/5113/5113 5112/5112/5112 5114/5114/5114 
f 5115/5115/5115 5116/5116/5116 5117/5117/5117 
f 5117/5117/5117 5116/5116/5116 5118/5118/5118 
f 5119/5119/5119 5120/5120/5120 5121/5121/5121 
f 5121/5121/5121 5120/5120/5120 5122/5122/5122 
f 5123/5123/5123 5124/5124/5124 5125/5125/5125 
f 5125/5125/5125 5124/5124/5124 5126/5126/5126 
f 5127/5127/5127 5128/5128/5128 5129/5129/5129 
f 5129/5129/5129 5128/5128/5128 5130/5130/5130 
f 5131/5131/5131 5132/5132/5132 5133/5133/5133 
f 5133/5133/5133 5132/5132/5132 5134/5134/5134 
f 5135/5135/5135 5136/5136/5136 5137/5137/5137 
f 5137/5137/5137 5136/5136/5136 5138/5138/5138 
f 5139/5139/5139 5140/5140/5140 5141/5141/5141 
f 5141/5141/5141 5140/5140/5140 5142/5142/5142 
f 5143/5143/5143 5144/5144/5144 5145/5145/5145 
f 5145/5145/5145 5144/5144/5144 5146/5146/5146 
f 5147/5147/5147 5148/5148/5148 5149/5149/5149 
f 5149/5149/5149 5148/5148/5148 5150/5150/5150 
f 5151/5151/5151 5152/5152/5152 5153/5153/5153 
f 5153/5153/5153 5152/5152/5152 5154/5154/5154 
f 5155/5155/5155 5156/5156/5156 5157/5157/5157 
f 5157/5157/5157 5156/5156/5156 5158/5158/5158 
f 5159/5159/5159 5160/5160/5160 5161/5161/5161 
f 5161/5161/5161 5160/5160/5160 5162/5162/5162 
f 5163/5163/5163 5164/5164/5164 5165/5165/5165 
f 5165/5165/5165 5164/5164/5164 5166/5166/5166 
f 5167/5167/5167 5168/5168/5168 5169/5169/5169 
f 5169/5169/5169 5168/5168/5168 5170/5170/5170 
f 5171/5171/5171 5172/5172/5172 5173/5173/5173 
f 5173/5173/5173 5172/5172/5172 5174/5174/5174 
f 5175/5175/5175 5176/5176/5176 5177/5177/5177 
f 5177/5177/5177 5176/5176/5176 5178/5178/5178 
f 5179/5179/5179 5180/5180/5180 5181/5181/5181 
f 5181/5181/5181 5180/5180/5180 5182/5182/5182 
f 5183/5183/5183 5184/5184/5184 5185/5185/5185 
f 5185/5185/5185 5184/5184/5184 5186/5186/5186 
f 5187/5187/5187 5188/5188/5188 5189/5189/5189 
f 5189/5189/5189 5188/5188/5188 5190/5190/5190 
f 5191/5191/5191 5192/5192/5192 5193/5193/5193 
f 5193/5193/5193 5192/5192/5192 5194/5194/5194 
f 5195/5195/5195 5196/5196/5196 5197/5197/5197 
f 5197/5197/5197 5196/5196/5196 5198/5198/5198 
f 5199/5199/5199 5200/5200/5200 5201/5201/5201 
f 5201/5201/5201 5200/5200/5200 5202/5202/5202 
f 5203/5203/5203 5204/5204/5204 5205/5205/5205 
f 5205/5205/5205 5204/5204/5204 5206/5206/5206 
f 5207/5207/5207 5208/5208/5208 5209/5209/5209 
f 5209/5209/5209 5208/5208/5208 5210/5210/5210 
f 5211/5211/5211 5212/5212/5212 5213/5213/5213 
f 5213/5213/5213 5212/5212/5212 5214/5214/5214 
f 5215/5215/5215 5216/5216/5216 5217/5217/5217 
f 5217/5217/5217 5216/5216/5216 5218/5218/5218 
f 5219/5219/5219 5220/5220/5220 5221/5221/5221 
f 5221/5221/5221 5220/5220/5220 5222/5222/5222 
f 5223/5223/5223 5224/5224/5224 5225/5225/5225 
f 5225/5225/5225 5224/5224/5224 5226/5226/5226 
f 5227/5227/5227 5228/5228/5228 5229/5229/5229 
f 5229/5229/5229 5228/5228/5228 5230/5230/5230 
f 5231/5231/5231 5232/5232/5232 5233/5233/5233 
f 5233/5233/5233 5232/5232/5232 5234/5234/5234 
f 5235/5235/5235 5236/5236/5236 5237/5237/5237 
f 5237/5237/5237 5236/5236/5236 5238/5238/5238 
f 5239/5239/5239 5240/5240/5240 5241/5241/5241 
f 5241/5241/5241 5240/5240/5240 5242/5242/5242 
f 5243/5243/5243 5244/5244/5244 5245/5245/5245 
f 5245/5245/5245 5244/5244/5244 5246/5246/5246 
f 5270/5270/5270 5271/5271/5271 5272/5272/5272 
f 5272/5272/5272 5271/5271/5271 5273/5273/5273 
f 5274/5274/5274 5275/5275/5275 5276/5276/5276 
f 5276/5276/5276 5275/5275/5275 5277/5277/5277 
f 5278/5278/5278 5279/5279/5279 5280/5280/5280 
f 5280/5280/5280 5279/5279/5279 5281/5281/5281 
f 5282/5282/5282 5283/5283/5283 5284/5284/5284 
f 5284/5284/5284 5283/5283/5283 5285/5285/5285 
f 5286/5286/5286 5287/5287/5287 5288/5288/5288 
f 5288/5288/5288 5287/5287/5287 5289/5289/5289 
f 5290/5290/5290 5291/5291/5291 5292/5292/5292 
f 5292/5292/5292 5291/5291/5291 5293/5293/5293 
f 5296/5296/5296 5297/5297/5297 5298/5298/5298 
f 5298/5298/5298 5297/5297/5297 5299/5299/5299 
f 5300/5300/5300 5301/5301/5301 5302/5302/5302 
f 5302/5302/5302 5301/5301/5301 5303/5303/5303 
f 5304/5304/5304 5305/5305/5305 5306/5306/5306 
f 5306/5306/5306 5305/5305/5305 5307/5307/5307 
f 5309/5309/5309 5310/5310/5310 5311/5311/5311 
f 5311/5311/5311 5310/5310/5310 5312/5312/5312 
f 5313/5313/5313 5314/5314/5314 5315/5315/5315 
f 5315/5315/5315 5314/5314/5314 5316/5316/5316 
f 5317/5317/5317 5318/5318/5318 5319/5319/5319 
f 5319/5319/5319 5318/5318/5318 5320/5320/5320 
f 5321/5321/5321 5322/5322/5322 5323/5323/5323 
f 5323/5323/5323 5322/5322/5322 5324/5324/5324 
f 5325/5325/5325 5326/5326/5326 5327/5327/5327 
f 5327/5327/5327 5326/5326/5326 5328/5328/5328 
f 5329/5329/5329 5330/5330/5330 5331/5331/5331 
f 5331/5331/5331 5330/5330/5330 5332/5332/5332 
f 5333/5333/5333 5334/5334/5334 5335/5335/5335 
f 5335/5335/5335 5334/5334/5334 5336/5336/5336 
f 5337/5337/5337 5338/5338/5338 5339/5339/5339 
f 5339/5339/5339 5338/5338/5338 5340/5340/5340 
f 5341/5341/5341 5342/5342/5342 5343/5343/5343 
f 5343/5343/5343 5342/5342/5342 5344/5344/5344 
f 5345/5345/5345 5346/5346/5346 5347/5347/5347 
f 5347/5347/5347 5346/5346/5346 5348/5348/5348 
f 5349/5349/5349 5350/5350/5350 5351/5351/5351 
f 5351/5351/5351 5350/5350/5350 5352/5352/5352 
f 5353/5353/5353 5354/5354/5354 5355/5355/5355 
f 5355/5355/5355 5354/5354/5354 5356/5356/5356 
f 5357/5357/5357 5358/5358/5358 5359/5359/5359 
f 5359/5359/5359 5358/5358/5358 5360/5360/5360 
f 5362/5362/5362 5363/5363/5363 5364/5364/5364 
f 5364/5364/5364 5363/5363/5363 5365/5365/5365 
f 5366/5366/5366 5367/5367/5367 5368/5368/5368 
f 5368/5368/5368 5367/5367/5367 5369/5369/5369 
f 5370/5370/5370 5371/5371/5371 5372/5372/5372 
f 5372/5372/5372 5371/5371/5371 5373/5373/5373 
f 5374/5374/5374 5375/5375/5375 5376/5376/5376 
f 5376/5376/5376 5375/5375/5375 5377/5377/5377 
f 5378/5378/5378 5379/5379/5379 5380/5380/5380 
f 5380/5380/5380 5379/5379/5379 5381/5381/5381 
f 5382/5382/5382 5383/5383/5383 5384/5384/5384 
f 5384/5384/5384 5383/5383/5383 5385/5385/5385 
f 5386/5386/5386 5387/5387/5387 5388/5388/5388 
f 5388/5388/5388 5387/5387/5387 5389/5389/5389 
f 5390/5390/5390 5391/5391/5391 5392/5392/5392 
f 5392/5392/5392 5391/5391/5391 5393/5393/5393 
f 5394/5394/5394 5395/5395/5395 5396/5396/5396 
f 5396/5396/5396 5395/5395/5395 5397/5397/5397 
f 5398/5398/5398 5399/5399/5399 5400/5400/5400 
f 5400/5400/5400 5399/5399/5399 5401/5401/5401 
f 5408/5408/5408 5409/5409/5409 5410/5410/5410 
f 5410/5410/5410 5409/5409/5409 5411/5411/5411 
f 5412/5412/5412 5413/5413/5413 5414/5414/5414 
f 5414/5414/5414 5413/5413/5413 5415/5415/5415 
f 5416/5416/5416 5417/5417/5417 5418/5418/5418 
f 5418/5418/5418 5417/5417/5417 5419/5419/5419 
f 5420/5420/5420 5421/5421/5421 5422/5422/5422 
f 5422/5422/5422 5421/5421/5421 5423/5423/5423 
f 5424/5424/5424 5425/5425/5425 5426/5426/5426 
f 5426/5426/5426 5425/5425/5425 5427/5427/5427 
f 5428/5428/5428 5429/5429/5429 5430/5430/5430 
f 5430/5430/5430 5429/5429/5429 5431/5431/5431 
f 5432/5432/5432 5433/5433/5433 5434/5434/5434 
f 5434/5434/5434 5433/5433/5433 5435/5435/5435 
f 5436/5436/5436 5437/5437/5437 5438/5438/5438 
f 5438/5438/5438 5437/5437/5437 5439/5439/5439 
f 5440/5440/5440 5441/5441/5441 5442/5442/5442 
f 5442/5442/5442 5441/5441/5441 5443/5443/5443 
f 5444/5444/5444 5445/5445/5445 5446/5446/5446 
f 5446/5446/5446 5445/5445/5445 5447/5447/5447 
f 5448/5448/5448 5449/5449/5449 5450/5450/5450 
f 5450/5450/5450 5449/5449/5449 5451/5451/5451 
f 5452/5452/5452 5453/5453/5453 5454/5454/5454 
f 5454/5454/5454 5453/5453/5453 5455/5455/5455 
f 5456/5456/5456 5457/5457/5457 5458/5458/5458 
f 5458/5458/5458 5457/5457/5457 5459/5459/5459 
f 5461/5461/5461 5462/5462/5462 5463/5463/5463 
f 5463/5463/5463 5462/5462/5462 5464/5464/5464 
f 5465/5465/5465 5466/5466/5466 5467/5467/5467 
f 5467/5467/5467 5466/5466/5466 5468/5468/5468 
f 5469/5469/5469 5470/5470/5470 5471/5471/5471 
f 5471/5471/5471 5470/5470/5470 5472/5472/5472 
f 5473/5473/5473 5474/5474/5474 5475/5475/5475 
f 5475/5475/5475 5474/5474/5474 5476/5476/5476 
f 5477/5477/5477 5478/5478/5478 5479/5479/5479 
f 5479/5479/5479 5478/5478/5478 5480/5480/5480 
f 5481/5481/5481 5482/5482/5482 5483/5483/5483 
f 5483/5483/5483 5482/5482/5482 5484/5484/5484 
f 5485/5485/5485 5486/5486/5486 5487/5487/5487 
f 5487/5487/5487 5486/5486/5486 5488/5488/5488 
f 5489/5489/5489 5490/5490/5490 5491/5491/5491 
f 5491/5491/5491 5490/5490/5490 5492/5492/5492 
f 5493/5493/5493 5494/5494/5494 5495/5495/5495 
f 5495/5495/5495 5494/5494/5494 5496/5496/5496 
f 5497/5497/5497 5498/5498/5498 5499/5499/5499 
f 5499/5499/5499 5498/5498/5498 5500/5500/5500 
f 5501/5501/5501 5502/5502/5502 5503/5503/5503 
f 5503/5503/5503 5502/5502/5502 5504/5504/5504 
f 5505/5505/5505 5506/5506/5506 5507/5507/5507 
f 5507/5507/5507 5506/5506/5506 5508/5508/5508 
f 5509/5509/5509 5510/5510/5510 5511/5511/5511 
f 5511/5511/5511 5510/5510/5510 5512/5512/5512 
f 5513/5513/5513 5514/5514/5514 5515/5515/5515 
f 5515/5515/5515 5514/5514/5514 5516/5516/5516 
f 5517/5517/5517 5518/5518/5518 5519/5519/5519 
f 5519/5519/5519 5518/5518/5518 5520/5520/5520 
f 5521/5521/5521 5522/5522/5522 5523/5523/5523 
f 5523/5523/5523 5522/5522/5522 5524/5524/5524 
f 5525/5525/5525 5526/5526/5526 5527/5527/5527 
f 5527/5527/5527 5526/5526/5526 5528/5528/5528 
f 5529/5529/5529 5530/5530/5530 5531/5531/5531 
f 5531/5531/5531 5530/5530/5530 5532/5532/5532 
f 5533/5533/5533 5534/5534/5534 5535/5535/5535 
f 5535/5535/5535 5534/5534/5534 5536/5536/5536 
f 5537/5537/5537 5538/5538/5538 5539/5539/5539 
f 5539/5539/5539 5538/5538/5538 5540/5540/5540 
f 5541/5541/5541 5542/5542/5542 5543/5543/5543 
f 5543/5543/5543 5542/5542/5542 5544/5544/5544 
f 5545/5545/5545 5546/5546/5546 5547/5547/5547 
f 5547/5547/5547 5546/5546/5546 5548/5548/5548 
f 5549/5549/5549 5550/5550/5550 5551/5551/5551 
f 5551/5551/5551 5550/5550/5550 5552/5552/5552 
f 5553/5553/5553 5554/5554/5554 5555/5555/5555 
f 5555/5555/5555 5554/5554/5554 5556/5556/5556 
f 5561/5561/5561 5562/5562/5562 5563/5563/5563 
f 5563/5563/5563 5562/5562/5562 5564/5564/5564 
f 5600/5600/5600 5601/5601/5601 5602/5602/5602 
f 5602/5602/5602 5601/5601/5601 5603/5603/5603 
f 5607/5607/5607 5608/5608/5608 5609/5609/5609 
f 5609/5609/5609 5608/5608/5608 5610/5610/5610 
f 5611/5611/5611 5612/5612/5612 5613/5613/5613 
f 5613/5613/5613 5612/5612/5612 5614/5614/5614 
f 5615/5615/5615 5616/5616/5616 5617/5617/5617 
f 5617/5617/5617 5616/5616/5616 5618/5618/5618 
f 5619/5619/5619 5620/5620/5620 5621/5621/5621 
f 5621/5621/5621 5620/5620/5620 5622/5622/5622 
f 5623/5623/5623 5624/5624/5624 5625/5625/5625 
f 5625/5625/5625 5624/5624/5624 5626/5626/5626 
f 5627/5627/5627 5628/5628/5628 5629/5629/5629 
f 5629/5629/5629 5628/5628/5628 5630/5630/5630 
f 5631/5631/5631 5632/5632/5632 5633/5633/5633 
f 5633/5633/5633 5632/5632/5632 5634/5634/5634 
f 5635/5635/5635 5636/5636/5636 5637/5637/5637 
f 5637/5637/5637 5636/5636/5636 5638/5638/5638 
f 5639/5639/5639 5640/5640/5640 5641/5641/5641 
f 5641/5641/5641 5640/5640/5640 5642/5642/5642 
f 5643/5643/5643 5644/5644/5644 5645/5645/5645 
f 5645/5645/5645 5644/5644/5644 5646/5646/5646 
f 5647/5647/5647 5648/5648/5648 5649/5649/5649 
f 5649/5649/5649 5648/5648/5648 5650/5650/5650 
f 5651/5651/5651 5652/5652/5652 5653/5653/5653 
f 5653/5653/5653 5652/5652/5652 5654/5654/5654 
f 5655/5655/5655 5656/5656/5656 5657/5657/5657 
f 5657/5657/5657 5656/5656/5656 5658/5658/5658 
f 5659/5659/5659 5660/5660/5660 5661/5661/5661 
f 5661/5661/5661 5660/5660/5660 5662/5662/5662 
f 5663/5663/5663 5664/5664/5664 5665/5665/5665 
f 5665/5665/5665 5664/5664/5664 5666/5666/5666 
f 5667/5667/5667 5668/5668/5668 5669/5669/5669 
f 5669/5669/5669 5668/5668/5668 5670/5670/5670 
f 5671/5671/5671 5672/5672/5672 5673/5673/5673 
f 5673/5673/5673 5672/5672/5672 5674/5674/5674 
f 5675/5675/5675 5676/5676/5676 5677/5677/5677 
f 5677/5677/5677 5676/5676/5676 5678/5678/5678 
f 5679/5679/5679 5680/5680/5680 5681/5681/5681 
f 5681/5681/5681 5680/5680/5680 5682/5682/5682 
f 5683/5683/5683 5684/5684/5684 5685/5685/5685 
f 5685/5685/5685 5684/5684/5684 5686/5686/5686 
f 5687/5687/5687 5688/5688/5688 5689/5689/5689 
f 5689/5689/5689 5688/5688/5688 5690/5690/5690 
f 5691/5691/5691 5692/5692/5692 5693/5693/5693 
f 5693/5693/5693 5692/5692/5692 5694/5694/5694 
f 5695/5695/5695 5696/5696/5696 5697/5697/5697 
f 5697/5697/5697 5696/5696/5696 5698/5698/5698 
f 5699/5699/5699 5700/5700/5700 5701/5701/5701 
f 5701/5701/5701 5700/5700/5700 5702/5702/5702 
f 5703/5703/5703 5704/5704/5704 5705/5705/5705 
f 5705/5705/5705 5704/5704/5704 5706/5706/5706 
f 5707/5707/5707 5708/5708/5708 5709/5709/5709 
f 5709/5709/5709 5708/5708/5708 5710/5710/5710 
f 5711/5711/5711 5712/5712/5712 5713/5713/5713 
f 5713/5713/5713 5712/5712/5712 5714/5714/5714 
f 5715/5715/5715 5716/5716/5716 5717/5717/5717 
f 5717/5717/5717 5716/5716/5716 5718/5718/5718 
f 5719/5719/5719 5720/5720/5720 5721/5721/5721 
f 5721/5721/5721 5720/5720/5720 5722/5722/5722 
f 5723/5723/5723 5724/5724/5724 5725/5725/5725 
f 5725/5725/5725 5724/5724/5724 5726/5726/5726 
f 5727/5727/5727 5728/5728/5728 5729/5729/5729 
f 5729/5729/5729 5728/5728/5728 5730/5730/5730 
f 5731/5731/5731 5732/5732/5732 5733/5733/5733 
f 5733/5733/5733 5732/5732/5732 5734/5734/5734 
f 5735/5735/5735 5736/5736/5736 5737/5737/5737 
f 5737/5737/5737 5736/5736/5736 5738/5738/5738 
f 5739/5739/5739 5740/5740/5740 5741/5741/5741 
f 5741/5741/5741 5740/5740/5740 5742/5742/5742 
f 5743/5743/5743 5744/5744/5744 5745/5745/5745 
f 5745/5745/5745 5744/5744/5744 5746/5746/5746 
f 5747/5747/5747 5748/5748/5748 5749/5749/5749 
f 5749/5749/5749 5748/5748/5748 5750/5750/5750 
f 5751/5751/5751 5752/5752/5752 5753/5753/5753 
f 5753/5753/5753 5752/5752/5752 5754/5754/5754 
f 5755/5755/5755 5756/5756/5756 5757/5757/5757 
f 5757/5757/5757 5756/5756/5756 5758/5758/5758 
f 5759/5759/5759 5760/5760/5760 5761/5761/5761 
f 5761/5761/5761 5760/5760/5760 5762/5762/5762 
f 5763/5763/5763 5764/5764/5764 5765/5765/5765 
f 5765/5765/5765 5764/5764/5764 5766/5766/5766 
f 5767/5767/5767 5768/5768/5768 5769/5769/5769 
f 5769/5769/5769 5768/5768/5768 5770/5770/5770 
f 5771/5771/5771 5772/5772/5772 5773/5773/5773 
f 5773/5773/5773 5772/5772/5772 5774/5774/5774 
f 5775/5775/5775 5776/5776/5776 5777/5777/5777 
f 5777/5777/5777 5776/5776/5776 5778/5778/5778 
f 5779/5779/5779 5780/5780/5780 5781/5781/5781 
f 5781/5781/5781 5780/5780/5780 5782/5782/5782 
f 5783/5783/5783 5784/5784/5784 5785/5785/5785 
f 5785/5785/5785 5784/5784/5784 5786/5786/5786 
f 5787/5787/5787 5788/5788/5788 5789/5789/5789 
f 5789/5789/5789 5788/5788/5788 5790/5790/5790 
f 5791/5791/5791 5792/5792/5792 5793/5793/5793 
f 5793/5793/5793 5792/5792/5792 5794/5794/5794 
f 5795/5795/5795 5796/5796/5796 5797/5797/5797 
f 5797/5797/5797 5796/5796/5796 5798/5798/5798 
f 5799/5799/5799 5800/5800/5800 5801/5801/5801 
f 5801/5801/5801 5800/5800/5800 5802/5802/5802 
f 5803/5803/5803 5804/5804/5804 5805/5805/5805 
f 5805/5805/5805 5804/5804/5804 5806/5806/5806 
f 5813/5813/5813 5814/5814/5814 5815/5815/5815 
f 5815/5815/5815 5814/5814/5814 5816/5816/5816 
f 5817/5817/5817 5818/5818/5818 5819/5819/5819 
f 5819/5819/5819 5818/5818/5818 5820/5820/5820 
f 5869/5869/5869 5870/5870/5870 5871/5871/5871 
f 5871/5871/5871 5870/5870/5870 5872/5872/5872 
f 5893/5893/5893 5894/5894/5894 5895/5895/5895 
f 5895/5895/5895 5894/5894/5894 5896/5896/5896 
f 5897/5897/5897 5898/5898/5898 5899/5899/5899 
f 5899/5899/5899 5898/5898/5898 5900/5900/5900 
f 5901/5901/5901 5902/5902/5902 5903/5903/5903 
f 5903/5903/5903 5902/5902/5902 5904/5904/5904 
f 5907/5907/5907 5908/5908/5908 5909/5909/5909 
f 5909/5909/5909 5908/5908/5908 5910/5910/5910 
f 5911/5911/5911 5912/5912/5912 5913/5913/5913 
f 5913/5913/5913 5912/5912/5912 5914/5914/5914 
f 5915/5915/5915 5916/5916/5916 5917/5917/5917 
f 5917/5917/5917 5916/5916/5916 5918/5918/5918 
f 5919/5919/5919 5920/5920/5920 5921/5921/5921 
f 5921/5921/5921 5920/5920/5920 5922/5922/5922 
f 5945/5945/5945 5946/5946/5946 5947/5947/5947 
f 5947/5947/5947 5946/5946/5946 5948/5948/5948 
f 5950/5950/5950 5951/5951/5951 5952/5952/5952 
f 5952/5952/5952 5951/5951/5951 5953/5953/5953 
f 5957/5957/5957 5958/5958/5958 5959/5959/5959 
f 5959/5959/5959 5958/5958/5958 5960/5960/5960 
f 5965/5965/5965 5966/5966/5966 5967/5967/5967 
f 5967/5967/5967 5966/5966/5966 5968/5968/5968 
f 5970/5970/5970 5971/5971/5971 5972/5972/5972 
f 5972/5972/5972 5971/5971/5971 5973/5973/5973 
f 5976/5976/5976 5977/5977/5977 5978/5978/5978 
f 5978/5978/5978 5977/5977/5977 5979/5979/5979 
f 5985/5985/5985 5986/5986/5986 5987/5987/5987 
f 5987/5987/5987 5986/5986/5986 5988/5988/5988 
f 5993/5993/5993 5994/5994/5994 5995/5995/5995 
f 5995/5995/5995 5994/5994/5994 5996/5996/5996 
f 5997/5997/5997 5998/5998/5998 5999/5999/5999 
f 5999/5999/5999 5998/5998/5998 6000/6000/6000 
f 6001/6001/6001 6002/6002/6002 6003/6003/6003 
f 6003/6003/6003 6002/6002/6002 6004/6004/6004 
f 6005/6005/6005 6006/6006/6006 6007/6007/6007 
f 6007/6007/6007 6006/6006/6006 6008/6008/6008 
f 6009/6009/6009 6010/6010/6010 6011/6011/6011 
f 6011/6011/6011 6010/6010/6010 6012/6012/6012 
f 6013/6013/6013 6014/6014/6014 6015/6015/6015 
f 6016/6016/6016 6017/6017/6017 6018/6018/6018 
f 6019/6019/6019 6020/6020/6020 6021/6021/6021 
f 6021/6021/6021 6020/6020/6020 6022/6022/6022 
f 6026/6026/6026 6027/6027/6027 6028/6028/6028 
f 6028/6028/6028 6027/6027/6027 6029/6029/6029 
f 6030/6030/6030 6031/6031/6031 6032/6032/6032 
f 6032/6032/6032 6031/6031/6031 6033/6033/6033 
f 6047/6047/6047 6048/6048/6048 6049/6049/6049 
f 6049/6049/6049 6048/6048/6048 6050/6050/6050 
f 6057/6057/6057 6058/6058/6058 6059/6059/6059 
f 6059/6059/6059 6058/6058/6058 6060/6060/6060 
f 6067/6067/6067 6068/6068/6068 6069/6069/6069 
f 6069/6069/6069 6068/6068/6068 6070/6070/6070 
f 6071/6071/6071 6072/6072/6072 6073/6073/6073 
f 6073/6073/6073 6072/6072/6072 6074/6074/6074 
f 6076/6076/6076 6077/6077/6077 6078/6078/6078 
f 6078/6078/6078 6077/6077/6077 6079/6079/6079 
f 6081/6081/6081 6082/6082/6082 6083/6083/6083 
f 6083/6083/6083 6082/6082/6082 6084/6084/6084 
f 6085/6085/6085 6086/6086/6086 6087/6087/6087 
f 6087/6087/6087 6086/6086/6086 6088/6088/6088 
f 6110/6110/6110 6111/6111/6111 6112/6112/6112 
f 6112/6112/6112 6111/6111/6111 6113/6113/6113 
f 6116/6116/6116 6117/6117/6117 6118/6118/6118 
f 6118/6118/6118 6117/6117/6117 6119/6119/6119 
f 6121/6121/6121 6122/6122/6122 6123/6123/6123 
f 6123/6123/6123 6122/6122/6122 6124/6124/6124 
f 6138/6138/6138 6139/6139/6139 6140/6140/6140 
f 6140/6140/6140 6139/6139/6139 6141/6141/6141 
f 6143/6143/6143 6144/6144/6144 6145/6145/6145 
f 6145/6145/6145 6144/6144/6144 6146/6146/6146 
f 6147/6147/6147 6148/6148/6148 6149/6149/6149 
f 6149/6149/6149 6148/6148/6148 6150/6150/6150 
f 6151/6151/6151 6152/6152/6152 6153/6153/6153 
f 6153/6153/6153 6152/6152/6152 6154/6154/6154 
f 6155/6155/6155 6156/6156/6156 6157/6157/6157 
f 6157/6157/6157 6156/6156/6156 6158/6158/6158 
f 6162/6162/6162 6163/6163/6163 6164/6164/6164 
f 6164/6164/6164 6163/6163/6163 6165/6165/6165 
f 6167/6167/6167 6168/6168/6168 6169/6169/6169 
f 6169/6169/6169 6168/6168/6168 6170/6170/6170 
f 6171/6171/6171 6172/6172/6172 6173/6173/6173 
f 6173/6173/6173 6172/6172/6172 6174/6174/6174 
f 6181/6181/6181 6182/6182/6182 6183/6183/6183 
f 6183/6183/6183 6182/6182/6182 6184/6184/6184 
f 6189/6189/6189 6190/6190/6190 6191/6191/6191 
f 6191/6191/6191 6190/6190/6190 6192/6192/6192 
f 6194/6194/6194 6195/6195/6195 6196/6196/6196 
f 6196/6196/6196 6195/6195/6195 6197/6197/6197 
f 6199/6199/6199 6200/6200/6200 6201/6201/6201 
f 6201/6201/6201 6200/6200/6200 6202/6202/6202 
f 6208/6208/6208 6209/6209/6209 6210/6210/6210 
f 6210/6210/6210 6209/6209/6209 6211/6211/6211 
f 6213/6213/6213 6214/6214/6214 6215/6215/6215 
f 6215/6215/6215 6214/6214/6214 6216/6216/6216 
f 6217/6217/6217 6218/6218/6218 6219/6219/6219 
f 6219/6219/6219 6218/6218/6218 6220/6220/6220 
f 6221/6221/6221 6222/6222/6222 6223/6223/6223 
f 6223/6223/6223 6222/6222/6222 6224/6224/6224 
f 6225/6225/6225 6226/6226/6226 6227/6227/6227 
f 6227/6227/6227 6226/6226/6226 6228/6228/6228 
f 6233/6233/6233 6234/6234/6234 6235/6235/6235 
f 6235/6235/6235 6234/6234/6234 6236/6236/6236 
f 6237/6237/6237 6238/6238/6238 6239/6239/6239 
f 6239/6239/6239 6238/6238/6238 6240/6240/6240 
f 6241/6241/6241 6242/6242/6242 6243/6243/6243 
f 6243/6243/6243 6242/6242/6242 6244/6244/6244 
f 6245/6245/6245 6246/6246/6246 6247/6247/6247 
f 6247/6247/6247 6246/6246/6246 6248/6248/6248 
f 6249/6249/6249 6250/6250/6250 6251/6251/6251 
f 6251/6251/6251 6250/6250/6250 6252/6252/6252 
f 6253/6253/6253 6254/6254/6254 6255/6255/6255 
f 6255/6255/6255 6254/6254/6254 6256/6256/6256 
f 6257/6257/6257 6258/6258/6258 6259/6259/6259 
f 6259/6259/6259 6258/6258/6258 6260/6260/6260 
f 6261/6261/6261 6262/6262/6262 6263/6263/6263 
f 6263/6263/6263 6262/6262/6262 6264/6264/6264 
f 6265/6265/6265 6266/6266/6266 6267/6267/6267 
f 6267/6267/6267 6266/6266/6266 6268/6268/6268 
f 6269/6269/6269 6270/6270/6270 6271/6271/6271 
f 6271/6271/6271 6270/6270/6270 6272/6272/6272 
f 6273/6273/6273 6274/6274/6274 6275/6275/6275 
f 6275/6275/6275 6274/6274/6274 6276/6276/6276 
f 6277/6277/6277 6278/6278/6278 6279/6279/6279 
f 6279/6279/6279 6278/6278/6278 6280/6280/6280 
f 6281/6281/6281 6282/6282/6282 6283/6283/6283 
f 6283/6283/6283 6282/6282/6282 6284/6284/6284 
f 6285/6285/6285 6286/6286/6286 6287/6287/6287 
f 6287/6287/6287 6286/6286/6286 6288/6288/6288 
f 6289/6289/6289 6290/6290/6290 6291/6291/6291 
f 6291/6291/6291 6290/6290/6290 6292/6292/6292 
f 6293/6293/6293 6294/6294/6294 6295/6295/6295 
f 6295/6295/6295 6294/6294/6294 6296/6296/6296 
f 6297/6297/6297 6298/6298/6298 6299/6299/6299 
f 6299/6299/6299 6298/6298/6298 6300/6300/6300 
f 6301/6301/6301 6302/6302/6302 6303/6303/6303 
f 6303/6303/6303 6302/6302/6302 6304/6304/6304 
f 6305/6305/6305 6306/6306/6306 6307/6307/6307 
f 6307/6307/6307 6306/6306/6306 6308/6308/6308 
f 6309/6309/6309 6310/6310/6310 6311/6311/6311 
f 6311/6311/6311 6310/6310/6310 6312/6312/6312 
f 6313/6313/6313 6314/6314/6314 6315/6315/6315 
f 6315/6315/6315 6314/6314/6314 6316/6316/6316 
f 6317/6317/6317 6318/6318/6318 6319/6319/6319 
f 6319/6319/6319 6318/6318/6318 6320/6320/6320 
f 6321/6321/6321 6322/6322/6322 6323/6323/6323 
f 6323/6323/6323 6322/6322/6322 6324/6324/6324 
f 6325/6325/6325 6326/6326/6326 6327/6327/6327 
f 6327/6327/6327 6326/6326/6326 6328/6328/6328 
f 6329/6329/6329 6330/6330/6330 6331/6331/6331 
f 6331/6331/6331 6330/6330/6330 6332/6332/6332 
f 6333/6333/6333 6334/6334/6334 6335/6335/6335 
f 6335/6335/6335 6334/6334/6334 6336/6336/6336 
f 6337/6337/6337 6338/6338/6338 6339/6339/6339 
f 6339/6339/6339 6338/6338/6338 6340/6340/6340 
f 6341/6341/6341 6342/6342/6342 6343/6343/6343 
f 6343/6343/6343 6342/6342/6342 6344/6344/6344 
f 6345/6345/6345 6346/6346/6346 6347/6347/6347 
f 6347/6347/6347 6346/6346/6346 6348/6348/6348 
f 6349/6349/6349 6350/6350/6350 6351/6351/6351 
f 6351/6351/6351 6350/6350/6350 6352/6352/6352 
f 6353/6353/6353 6354/6354/6354 6355/6355/6355 
f 6355/6355/6355 6354/6354/6354 6356/6356/6356 
f 6357/6357/6357 6358/6358/6358 6359/6359/6359 
f 6359/6359/6359 6358/6358/6358 6360/6360/6360 
f 6361/6361/6361 6362/6362/6362 6363/6363/6363 
f 6363/6363/6363 6362/6362/6362 6364/6364/6364 
f 6365/6365/6365 6366/6366/6366 6367/6367/6367 
f 6367/6367/6367 6366/6366/6366 6368/6368/6368 
f 6369/6369/6369 6370/6370/6370 6371/6371/6371 
f 6371/6371/6371 6370/6370/6370 6372/6372/6372 
f 6373/6373/6373 6374/6374/6374 6375/6375/6375 
f 6375/6375/6375 6374/6374/6374 6376/6376/6376 
f 6377/6377/6377 6378/6378/6378 6379/6379/6379 
f 6379/6379/6379 6378/6378/6378 6380/6380/6380 
f 6381/6381/6381 6382/6382/6382 6383/6383/6383 
f 6383/6383/6383 6382/6382/6382 6384/6384/6384 
f 6385/6385/6385 6386/6386/6386 6387/6387/6387 
f 6387/6387/6387 6386/6386/6386 6388/6388/6388 
f 6389/6389/6389 6390/6390/6390 6391/6391/6391 
f 6391/6391/6391 6390/6390/6390 6392/6392/6392 
f 6393/6393/6393 6394/6394/6394 6395/6395/6395 
f 6395/6395/6395 6394/6394/6394 6396/6396/6396 
f 6397/6397/6397 6398/6398/6398 6399/6399/6399 
f 6399/6399/6399 6398/6398/6398 6400/6400/6400 
f 6401/6401/6401 6402/6402/6402 6403/6403/6403 
f 6403/6403/6403 6402/6402/6402 6404/6404/6404 
f 6405/6405/6405 6406/6406/6406 6407/6407/6407 
f 6407/6407/6407 6406/6406/6406 6408/6408/6408 
f 6409/6409/6409 6410/6410/6410 6411/6411/6411 
f 6411/6411/6411 6410/6410/6410 6412/6412/6412 
f 6413/6413/6413 6414/6414/6414 6415/6415/6415 
f 6415/6415/6415 6414/6414/6414 6416/6416/6416 
f 6417/6417/6417 6418/6418/6418 6419/6419/6419 
f 6419/6419/6419 6418/6418/6418 6420/6420/6420 
f 6421/6421/6421 6422/6422/6422 6423/6423/6423 
f 6423/6423/6423 6422/6422/6422 6424/6424/6424 
f 6425/6425/6425 6426/6426/6426 6427/6427/6427 
f 6427/6427/6427 6426/6426/6426 6428/6428/6428 
f 6429/6429/6429 6430/6430/6430 6431/6431/6431 
f 6431/6431/6431 6430/6430/6430 6432/6432/6432 
f 6433/6433/6433 6434/6434/6434 6435/6435/6435 
f 6435/6435/6435 6434/6434/6434 6436/6436/6436 
f 6437/6437/6437 6438/6438/6438 6439/6439/6439 
f 6439/6439/6439 6438/6438/6438 6440/6440/6440 
f 6441/6441/6441 6442/6442/6442 6443/6443/6443 
f 6443/6443/6443 6442/6442/6442 6444/6444/6444 
f 6445/6445/6445 6446/6446/6446 6447/6447/6447 
f 6447/6447/6447 6446/6446/6446 6448/6448/6448 
f 6449/6449/6449 6450/6450/6450 6451/6451/6451 
f 6451/6451/6451 6450/6450/6450 6452/6452/6452 
f 6453/6453/6453 6454/6454/6454 6455/6455/6455 
f 6455/6455/6455 6454/6454/6454 6456/6456/6456 
f 6457/6457/6457 6458/6458/6458 6459/6459/6459 
f 6459/6459/6459 6458/6458/6458 6460/6460/6460 
f 6461/6461/6461 6462/6462/6462 6463/6463/6463 
f 6463/6463/6463 6462/6462/6462 6464/6464/6464 
f 6465/6465/6465 6466/6466/6466 6467/6467/6467 
f 6467/6467/6467 6466/6466/6466 6468/6468/6468 
f 6469/6469/6469 6470/6470/6470 6471/6471/6471 
f 6471/6471/6471 6470/6470/6470 6472/6472/6472 
f 6473/6473/6473 6474/6474/6474 6475/6475/6475 
f 6475/6475/6475 6474/6474/6474 6476/6476/6476 
f 6477/6477/6477 6478/6478/6478 6479/6479/6479 
f 6479/6479/6479 6478/6478/6478 6480/6480/6480 
f 6481/6481/6481 6482/6482/6482 6483/6483/6483 
f 6483/6483/6483 6482/6482/6482 6484/6484/6484 
f 6485/6485/6485 6486/6486/6486 6487/6487/6487 
f 6487/6487/6487 6486/6486/6486 6488/6488/6488 
f 6489/6489/6489 6490/6490/6490 6491/6491/6491 
f 6491/6491/6491 6490/6490/6490 6492/6492/6492 
f 6493/6493/6493 6494/6494/6494 6495/6495/6495 
f 6495/6495/6495 6494/6494/6494 6496/6496/6496 
f 6497/6497/6497 6498/6498/6498 6499/6499/6499 
f 6499/6499/6499 6498/6498/6498 6500/6500/6500 
f 6501/6501/6501 6502/6502/6502 6503/6503/6503 
f 6503/6503/6503 6502/6502/6502 6504/6504/6504 
f 6505/6505/6505 6506/6506/6506 6507/6507/6507 
f 6507/6507/6507 6506/6506/6506 6508/6508/6508 
f 6509/6509/6509 6510/6510/6510 6511/6511/6511 
f 6511/6511/6511 6510/6510/6510 6512/6512/6512 
f 6513/6513/6513 6514/6514/6514 6515/6515/6515 
f 6515/6515/6515 6514/6514/6514 6516/6516/6516 
f 6517/6517/6517 6518/6518/6518 6519/6519/6519 
f 6519/6519/6519 6518/6518/6518 6520/6520/6520 
f 6521/6521/6521 6522/6522/6522 6523/6523/6523 
f 6523/6523/6523 6522/6522/6522 6524/6524/6524 
f 6525/6525/6525 6526/6526/6526 6527/6527/6527 
f 6527/6527/6527 6526/6526/6526 6528/6528/6528 
f 6529/6529/6529 6530/6530/6530 6531/6531/6531 
f 6531/6531/6531 6530/6530/6530 6532/6532/6532 
f 6533/6533/6533 6534/6534/6534 6535/6535/6535 
f 6535/6535/6535 6534/6534/6534 6536/6536/6536 
f 6537/6537/6537 6538/6538/6538 6539/6539/6539 
f 6539/6539/6539 6538/6538/6538 6540/6540/6540 
f 6541/6541/6541 6542/6542/6542 6543/6543/6543 
f 6543/6543/6543 6542/6542/6542 6544/6544/6544 
f 6545/6545/6545 6546/6546/6546 6547/6547/6547 
f 6547/6547/6547 6546/6546/6546 6548/6548/6548 
f 6549/6549/6549 6550/6550/6550 6551/6551/6551 
f 6551/6551/6551 6550/6550/6550 6552/6552/6552 
f 6553/6553/6553 6554/6554/6554 6555/6555/6555 
f 6555/6555/6555 6554/6554/6554 6556/6556/6556 
f 6557/6557/6557 6558/6558/6558 6559/6559/6559 
f 6559/6559/6559 6558/6558/6558 6560/6560/6560 
f 6561/6561/6561 6562/6562/6562 6563/6563/6563 
f 6563/6563/6563 6562/6562/6562 6564/6564/6564 
f 6565/6565/6565 6566/6566/6566 6567/6567/6567 
f 6567/6567/6567 6566/6566/6566 6568/6568/6568 
f 6569/6569/6569 6570/6570/6570 6571/6571/6571 
f 6571/6571/6571 6570/6570/6570 6572/6572/6572 

g Wall1

v -116.979 13.7585 -111.117 
v -116.979 21.5925 -98.03 
v -116.979 13.1585 -110.758 
v -116.979 20.9925 -97.6704 
v -117 21.5815 -98.0054 
v -117 13.1615 -83.5431 
v -117 20.9675 -98.3626 
v -117 12.5485 -83.9003 
v -117.775 15.2815 -88.1589 
v -117.775 3.23245 -88.1588 
v -117.775 11.0995 -95.4856 
v -117.775 20.4385 -97.0175 
v -117.775 7.37846 -95.4856 
v -117.775 3.23245 -107.518 
v -117.775 7.37846 -100.27 
v -117.775 11.0995 -100.27 
v -117.775 20.5135 -98.9052 
v -117.775 20.8515 -96.7774 
v -117.775 20.8515 -99.1076 
v -117.775 15.4485 -107.366 
v -117.775 15.7025 -107.518 
v -117.785 15.4305 -88.1312 
v -117.785 3.23245 -88.1312 
v -117.785 15.4305 -88.4492 
v -117.785 3.23245 -88.4492 
v -118.066 15.4185 -107.21 
v -118.066 3.23245 -107.21 
v -118.066 15.4185 -107.528 
v -118.066 3.23245 -107.528 
v -144.929 11.1025 -95.4926 
v -144.929 20.6415 -97.1052 
v -144.928 7.37745 -95.4926 
v -144.928 7.37745 -100.283 
v -144.928 11.1025 -100.283 
v -144.929 20.5485 -98.6714 
v -144.71 15.4185 -107.528 
v -144.71 3.23245 -107.528 
v -144.71 3.23245 -88.1312 
v -144.71 15.4305 -88.1312 
v -144.609 15.7915 -88.1355 
v -144.609 3.22546 -88.1354 
v -118.094 15.2815 -88.1589 
v -118.094 3.23245 -88.1588 
v -144.609 3.22546 -107.537 
v -118.094 20.8515 -98.3267 
v -144.609 15.5135 -88.2973 
v -118.094 15.4485 -107.366 
v -144.609 15.3645 -107.331 
v -127.741 10.8215 -88.1312 
v -127.849 3.23245 -88.1312 
v -127.849 3.23245 -88.4492 
v -127.741 10.8215 -88.4492 
v -128.915 11.1025 -107.21 
v -128.915 7.37745 -107.21 
v -128.915 11.1025 -107.528 
v -128.915 7.37745 -107.528 
v -144.609 7.37745 -95.4926 
v -138.866 11.1035 -88.1312 
v -138.866 7.37745 -88.1312 
v -138.866 7.37745 -88.4492 
v -138.866 11.1035 -88.4492 
v -141.384 10.8455 -107.21 
v -141.493 3.23245 -107.21 
v -141.493 3.23245 -107.528 
v -141.384 10.8455 -107.528 
v -144.609 20.9125 -98.8896 
v -144.609 20.9125 -96.9474 
v -144.609 20.6415 -97.1052 
v -144.609 20.5485 -98.6714 
v -144.609 11.1025 -95.4926 
v -144.609 15.5135 -88.2973 
v -144.609 11.1025 -100.283 
v -144.609 3.22546 -88.1354 
v -144.609 15.7915 -88.1355 
v -144.609 7.37745 -95.4926 
v -144.609 15.3645 -107.331 
v -144.609 3.22546 -107.537 
v -144.609 15.7105 -107.538 
v -144.609 7.37745 -100.283 
v -116.979 13.1585 -110.758 
v -117 21.5815 -98.0054 
v -117 13.1615 -83.5431 
v -145.52 13.1615 -83.5431 
v -145.49 13.7585 -111.117 
v -145.49 20.9915 -97.6705 
v -118.066 15.4185 -107.21 
v -118.066 15.4185 -107.528 
v -144.929 20.6415 -97.1052 
v -144.929 20.5485 -98.6714 
v -144.71 15.4185 -107.21 
v -144.71 15.4185 -107.528 
v -144.71 15.4305 -88.1312 
v -118.094 15.2815 -88.1589 
v -144.929 20.9125 -96.9474 
v -144.609 20.9125 -96.9474 
v -144.609 20.9125 -98.8896 
v -144.929 20.9125 -98.8896 
v -117.775 20.8515 -96.7774 
v -117.775 20.8515 -99.1076 
v -118.094 20.8515 -98.3267 
v -118.094 20.8515 -99.1076 
v -118.094 20.8515 -96.7774 
v -145.52 13.1615 -83.5431 
v -117 13.1615 -83.5431 
v -145.52 21.5815 -98.0054 
v -117 21.5815 -98.0054 
v -116.979 13.7585 -111.117 
v -145.49 13.7585 -111.117 
v -116.979 21.5925 -98.03 
v -145.49 21.5925 -98.03 
v -144.609 15.5135 -88.2973 
v -144.609 20.6415 -97.1052 
v -144.929 20.6415 -97.1052 
v -144.929 15.5135 -88.2973 
v -118.094 20.4385 -97.0175 
v -118.094 15.2815 -88.1589 
v -117.775 15.2815 -88.1589 
v -117.775 20.4385 -97.0175 
v -118.094 15.4485 -107.366 
v -118.094 20.5135 -98.9052 
v -117.775 15.4485 -107.366 
v -117.775 20.5135 -98.9052 
v -144.928 15.3645 -107.331 
v -144.929 20.5485 -98.6714 
v -144.609 15.3645 -107.331 
v -144.609 20.5485 -98.6714 
v -117.785 15.4305 -88.4492 
v -144.71 15.4305 -88.4492 
v -144.71 15.4305 -88.1312 
v -117.785 15.4305 -88.1312 
v -118.066 15.4185 -107.528 
v -144.71 15.4185 -107.528 
v -118.066 15.4185 -107.21 
v -144.71 15.4185 -107.21 
v -118.094 7.37846 -100.27 
v -118.094 7.37846 -95.4856 
v -117.775 7.37846 -100.27 
v -117.775 7.37846 -95.4856 
v -128.915 7.37745 -107.21 
v -124.125 7.37745 -107.21 
v -128.915 7.37745 -107.528 
v -124.125 7.37745 -107.528 
v -138.866 7.37745 -88.1312 
v -134.076 7.37745 -88.1312 
v -134.076 7.37745 -88.4492 
v -138.866 7.37745 -88.4492 
v -144.928 7.37745 -100.283 
v -144.928 7.37745 -95.4926 
v -144.609 7.37745 -100.283 
v -144.609 7.37745 -95.4926 
v -117 13.1615 -83.5431 
v -117 12.5485 -83.9003 
v -145.52 13.1615 -83.5431 
v -145.52 12.5475 -83.9003 
v -117.775 15.2815 -88.1589 
v -117.775 3.23245 -88.1588 
v -117.775 15.7025 -107.518 
v -118.066 15.4185 -107.528 
v -118.066 3.23245 -107.528 
v -144.929 15.7105 -107.538 
v -144.71 15.4185 -107.528 
v -144.71 3.23245 -107.528 
v -144.71 3.23245 -88.1312 
v -144.71 15.4305 -88.1312 
v -117 13.1615 -83.5431 
v -145.52 13.1615 -83.5431 
v -117 12.5485 -83.9003 
v -145.52 12.5475 -83.9003 
v -117.785 3.23245 -88.1312 
v -117.785 15.4305 -88.1312 
v -122.893 10.7525 -88.1312 
v -123.001 3.23245 -88.1312 
v -127.741 10.8215 -88.1312 
v -134.076 11.1035 -88.1312 
v -144.71 15.4305 -88.1312 
v -134.076 7.37745 -88.1312 
v -138.866 11.1035 -88.1312 
v -127.849 3.23245 -88.1312 
v -144.71 3.23245 -88.1312 
v -138.866 7.37745 -88.1312 
v -144.609 15.7915 -88.1355 
v -144.929 15.7915 -88.1355 
v -144.609 3.22546 -88.1354 
v -144.928 3.22546 -88.1354 
v -117.775 3.23245 -88.1588 
v -117.775 15.2815 -88.1589 
v -118.094 15.2815 -88.1589 
v -118.094 3.23245 -88.1588 
v -128.915 11.1025 -107.528 
v -124.125 11.1025 -107.528 
v -124.125 7.37745 -107.528 
v -128.915 7.37745 -107.528 
v -136.645 3.23245 -107.528 
v -141.384 10.8455 -107.528 
v -141.493 3.23245 -107.21 
v -123.001 3.23245 -88.4492 
v -144.609 15.5135 -88.2973 
v -118.094 15.4485 -107.366 
v -144.609 15.3645 -107.331 
v -116.979 21.5925 -98.03 
v -145.49 21.5925 -98.03 
v -116.979 20.9925 -97.6704 
v -145.49 20.9915 -97.6705 
v -136.537 10.7765 -107.21 
v -128.915 11.1025 -107.21 
v -134.076 11.1035 -88.4492 
v -118.094 11.0995 -100.27 
v -118.094 7.37846 -100.27 
v -117.775 11.0995 -100.27 
v -117.775 7.37846 -100.27 
v -144.928 11.1025 -100.283 
v -144.928 7.37745 -100.283 
v -144.609 7.37745 -100.283 
v -144.609 11.1025 -100.283 
v -118.094 20.8515 -96.7774 
v -118.094 20.4385 -97.0175 
v -117.775 20.8515 -96.7774 
v -117.775 20.4385 -97.0175 
v -144.609 20.9125 -96.9474 
v -144.929 20.9125 -96.9474 
v -144.609 20.6415 -97.1052 
v -144.929 20.6415 -97.1052 
v -138.866 7.37745 -88.4492 
v -118.094 15.7025 -107.518 
v -118.094 15.4485 -107.366 
v -117.775 15.7025 -107.518 
v -117.775 15.4485 -107.366 
v -144.929 15.7105 -107.538 
v -144.928 15.3645 -107.331 
v -144.609 15.7105 -107.538 
v -144.609 15.3645 -107.331 
v -118.066 3.23245 -107.21 
v -118.066 15.4185 -107.21 
v -124.125 11.1025 -107.21 
v -124.125 7.37745 -107.21 
v -128.915 11.1025 -107.21 
v -128.915 7.37745 -107.21 
v -136.645 3.23245 -107.21 
v -136.537 10.7765 -107.21 
v -144.71 15.4185 -107.21 
v -141.384 10.8455 -107.21 
v -144.71 3.23245 -107.21 
v -141.493 3.23245 -107.21 
v -145.52 13.1615 -83.5431 
v -145.52 21.5815 -98.0054 
v -145.52 12.5475 -83.9003 
v -145.52 20.9675 -98.3626 
v -145.49 21.5925 -98.03 
v -145.49 13.7585 -111.117 
v -145.49 20.9915 -97.6705 
v -145.49 13.1585 -110.758 
v -117.775 15.2815 -88.1589 
v -117.775 3.23245 -88.1588 
v -117.775 11.0995 -95.4856 
v -117.775 7.37846 -95.4856 
v -117.775 7.37846 -100.27 
v -117.775 11.0995 -100.27 
v -117.775 20.5135 -98.9052 
v -118.066 15.4185 -107.528 
v -118.066 3.23245 -107.528 
v -144.928 3.22546 -88.1354 
v -144.929 15.7915 -88.1355 
v -144.929 15.5135 -88.2973 
v -144.929 11.1025 -95.4926 
v -144.929 20.6415 -97.1052 
v -144.928 7.37745 -95.4926 
v -144.928 3.22546 -107.537 
v -144.928 7.37745 -100.283 
v -144.928 11.1025 -100.283 
v -144.929 20.5485 -98.6714 
v -144.929 20.9125 -98.8896 
v -144.929 20.9125 -96.9474 
v -144.928 15.3645 -107.331 
v -144.929 15.7105 -107.538 
v -144.71 3.23245 -107.21 
v -144.71 15.4185 -107.21 
v -144.71 15.4185 -107.528 
v -144.71 3.23245 -107.528 
v -144.71 3.23245 -88.1312 
v -144.71 15.4305 -88.1312 
v -144.71 3.23245 -88.4492 
v -144.71 15.4305 -88.4492 
v -144.609 15.7915 -88.1355 
v -144.609 3.22546 -88.1354 
v -118.094 15.2815 -88.1589 
v -118.094 3.23245 -88.1588 
v -144.609 3.22546 -107.537 
v -118.094 20.8515 -98.3267 
v -144.609 15.5135 -88.2973 
v -118.094 15.4485 -107.366 
v -144.609 15.3645 -107.331 
v -136.645 3.23245 -107.528 
v -136.645 3.23245 -107.21 
v -136.537 10.7765 -107.528 
v -136.537 10.7765 -107.21 
v -134.076 7.37745 -88.1312 
v -134.076 11.1035 -88.1312 
v -134.076 11.1035 -88.4492 
v -134.076 7.37745 -88.4492 
v -144.609 7.37745 -95.4926 
v -124.125 7.37745 -107.21 
v -124.125 11.1025 -107.21 
v -124.125 7.37745 -107.528 
v -124.125 11.1025 -107.528 
v -123.001 3.23245 -88.1312 
v -122.893 10.7525 -88.1312 
v -123.001 3.23245 -88.4492 
v -122.893 10.7525 -88.4492 
v -118.094 20.8515 -98.3267 
v -118.094 20.8515 -99.1076 
v -118.094 20.5135 -98.9052 
v -118.094 20.4385 -97.0175 
v -118.094 20.8515 -96.7774 
v -118.094 11.0995 -100.27 
v -118.094 15.4485 -107.366 
v -118.094 11.0995 -95.4856 
v -118.094 15.2815 -88.1589 
v -118.094 3.23245 -88.1588 
v -118.094 7.37846 -95.4856 
v -118.094 3.23245 -107.518 
v -118.094 15.7025 -107.518 
v -118.094 7.37846 -100.27 
v -116.979 13.1585 -110.758 
v -117 21.5815 -98.0054 
v -117 13.1615 -83.5431 
v -117 12.5485 -83.9003 
v -145.52 12.5475 -83.9003 
v -145.49 13.7585 -111.117 
v -145.49 20.9915 -97.6705 
v -118.066 15.4185 -107.21 
v -118.066 15.4185 -107.528 
v -144.929 20.6415 -97.1052 
v -144.929 20.5485 -98.6714 
v -144.71 15.4185 -107.21 
v -144.71 15.4185 -107.528 
v -144.71 15.4305 -88.1312 
v -118.094 15.2815 -88.1589 
v -118.094 20.8515 -98.3267 
v -144.928 3.22546 -88.1354 
v -144.928 3.22546 -107.537 
v -144.609 3.22546 -88.1354 
v -144.609 3.22546 -107.537 
v -118.094 3.23245 -88.1588 
v -118.094 3.23245 -107.518 
v -117.775 3.23245 -88.1588 
v -117.775 3.23245 -107.518 
v -141.493 3.23245 -107.21 
v -144.71 3.23245 -107.21 
v -141.493 3.23245 -107.528 
v -144.71 3.23245 -107.528 
v -118.066 3.23245 -107.21 
v -136.645 3.23245 -107.21 
v -136.645 3.23245 -107.528 
v -118.066 3.23245 -107.528 
v -127.849 3.23245 -88.1312 
v -144.71 3.23245 -88.1312 
v -144.71 3.23245 -88.4492 
v -127.849 3.23245 -88.4492 
v -117.785 3.23245 -88.1312 
v -123.001 3.23245 -88.1312 
v -117.785 3.23245 -88.4492 
v -123.001 3.23245 -88.4492 
v -136.537 10.7765 -107.21 
v -141.384 10.8455 -107.21 
v -136.537 10.7765 -107.528 
v -141.384 10.8455 -107.528 
v -122.893 10.7525 -88.1312 
v -127.741 10.8215 -88.1312 
v -127.741 10.8215 -88.4492 
v -122.893 10.7525 -88.4492 
v -118.094 11.0995 -95.4856 
v -118.094 11.0995 -100.27 
v -117.775 11.0995 -100.27 
v -117.775 11.0995 -95.4856 
v -124.125 11.1025 -107.21 
v -128.915 11.1025 -107.21 
v -124.125 11.1025 -107.528 
v -128.915 11.1025 -107.528 
v -134.076 11.1035 -88.1312 
v -138.866 11.1035 -88.1312 
v -138.866 11.1035 -88.4492 
v -134.076 11.1035 -88.4492 
v -144.929 11.1025 -95.4926 
v -144.928 11.1025 -100.283 
v -144.609 11.1025 -95.4926 
v -144.609 11.1025 -100.283 
v -116.979 20.9925 -97.6704 
v -145.49 20.9915 -97.6705 
v -116.979 13.1585 -110.758 
v -145.49 13.1585 -110.758 
v -145.52 20.9675 -98.3626 
v -117 20.9675 -98.3626 
v -145.52 12.5475 -83.9003 
v -117 12.5485 -83.9003 
v -117 21.5815 -98.0054 
v -117.775 15.2815 -88.1589 
v -117.775 3.23245 -88.1588 
v -117.775 15.7025 -107.518 
v -118.066 15.4185 -107.528 
v -118.066 3.23245 -107.528 
v -144.929 20.5485 -98.6714 
v -144.929 15.7105 -107.538 
v -144.71 15.4185 -107.528 
v -144.71 3.23245 -107.528 
v -144.71 3.23245 -88.1312 
v -144.71 15.4305 -88.1312 
v -145.49 13.7585 -111.117 
v -116.979 13.7585 -111.117 
v -145.49 13.1585 -110.758 
v -116.979 13.1585 -110.758 
v -122.893 10.7525 -88.1312 
v -127.741 10.8215 -88.1312 
v -134.076 7.37745 -88.1312 
v -138.866 11.1035 -88.1312 
v -127.849 3.23245 -88.1312 
v -118.094 15.2815 -88.1589 
v -144.928 3.22546 -107.537 
v -144.929 15.7105 -107.538 
v -144.609 3.22546 -107.537 
v -144.609 15.7105 -107.538 
v -144.71 15.4185 -107.528 
v -118.066 15.4185 -107.528 
v -128.915 11.1025 -107.528 
v -124.125 11.1025 -107.528 
v -118.066 3.23245 -107.528 
v -124.125 7.37745 -107.528 
v -128.915 7.37745 -107.528 
v -136.645 3.23245 -107.528 
v -136.537 10.7765 -107.528 
v -141.384 10.8455 -107.528 
v -144.71 3.23245 -107.528 
v -141.493 3.23245 -107.528 
v -118.094 3.23245 -107.518 
v -118.094 15.7025 -107.518 
v -117.775 15.7025 -107.518 
v -117.775 3.23245 -107.518 
v -118.094 20.8515 -98.3267 
v -141.493 3.23245 -107.21 
v -123.001 3.23245 -88.4492 
v -144.609 15.5135 -88.2973 
v -118.094 15.4485 -107.366 
v -144.609 15.3645 -107.331 
v -136.537 10.7765 -107.21 
v -145.52 21.5815 -98.0054 
v -117 21.5815 -98.0054 
v -145.52 20.9675 -98.3626 
v -117 20.9675 -98.3626 
v -128.915 11.1025 -107.21 
v -134.076 11.1035 -88.4492 
v -118.094 7.37846 -95.4856 
v -118.094 11.0995 -95.4856 
v -117.775 7.37846 -95.4856 
v -117.775 11.0995 -95.4856 
v -144.928 7.37745 -95.4926 
v -144.929 11.1025 -95.4926 
v -144.609 7.37745 -95.4926 
v -144.609 11.1025 -95.4926 
v -118.094 20.8515 -99.1076 
v -117.775 20.8515 -99.1076 
v -118.094 20.5135 -98.9052 
v -117.775 20.5135 -98.9052 
v -144.929 20.9125 -98.8896 
v -144.609 20.9125 -98.8896 
v -144.609 20.5485 -98.6714 
v -144.929 20.5485 -98.6714 
v -138.866 7.37745 -88.4492 
v -144.929 15.7915 -88.1355 
v -144.609 15.7915 -88.1355 
v -144.929 15.5135 -88.2973 
v -144.609 15.5135 -88.2973 
v -144.71 15.4305 -88.4492 
v -117.785 15.4305 -88.4492 
v -134.076 11.1035 -88.4492 
v -138.866 11.1035 -88.4492 
v -144.71 3.23245 -88.4492 
v -138.866 7.37745 -88.4492 
v -134.076 7.37745 -88.4492 
v -127.849 3.23245 -88.4492 
v -127.741 10.8215 -88.4492 
v -122.893 10.7525 -88.4492 
v -117.785 3.23245 -88.4492 
v -123.001 3.23245 -88.4492 

vn 1 0 0 
vn 1 0 0 
vn 1 0 0 
vn 1 0 0 
vn 1 0 0 
vn 1 0 0 
vn 1 0 0 
vn 1 0 0 
vn 1 0 0 
vn 1 0 0 
vn 1 0 0 
vn 1 0 0 
vn 1 0 0 
vn 1 0 0 
vn 1 0 0 
vn 1 0 0 
vn 1 0 0 
vn 1 0 0 
vn 1 0 0 
vn 1 0 0 
vn 1 0 0 
vn 1 0 0 
vn 1 0 0 
vn 1 0 0 
vn 1 0 0 
vn 1 0 0 
vn 1 0 0 
vn 1 0 0 
vn 1 0 0 
vn -1 0 0 
vn -1 0 0 
vn -1 0 0 
vn -1 0 0 
vn -1 0 0 
vn -1 0 0 
vn -1 0 0 
vn -1 0 0 
vn -1 0 0 
vn -1 0 0 
vn 0 0 1 
vn 0 0 1 
vn 0 0 1 
vn 0 0 1 
vn 0 0 -1 
vn 0 1 0 
vn 0 0.866142 0.503937 
vn 0 0.858268 -0.511811 
vn 0 0.858268 -0.511811 
vn 1 -0.015748 0 
vn 1 -0.015748 0 
vn 1 -0.015748 0 
vn 1 -0.015748 0 
vn 1 0 0 
vn 1 0 0 
vn 1 0 0 
vn 1 0 0 
vn 0 0 -1 
vn 1 0 0 
vn 1 0 0 
vn 1 0 0 
vn 1 0 0 
vn 1 -0.015748 0 
vn 1 -0.015748 0 
vn 1 -0.015748 0 
vn 1 -0.015748 0 
vn 1 0 0 
vn 1 0 0 
vn 1 0 0 
vn 1 0 0 
vn 1 0 0 
vn 1 0 0 
vn 1 0 0 
vn 1 0 0 
vn 1 0 0 
vn 1 0 0 
vn 1 0 0 
vn 1 0 0 
vn 1 0 0 
vn 1 0 0 
vn 1 0 0 
vn 1 0 0 
vn 1 0 0 
vn -1 0 0 
vn -1 0 0 
vn -1 0 0 
vn 1 0 0 
vn 1 0 0 
vn -1 0 0 
vn -1 0 0 
vn -1 0 0 
vn -1 0 0 
vn -1 0 0 
vn 0 0 1 
vn 0 1 0 
vn 0 1 0 
vn 0 1 0 
vn 0 1 0 
vn 0 1 0 
vn 0 1 0 
vn 0 1 0 
vn 0 1 0 
vn 0 1 0 
vn 0 0.866142 0.503937 
vn 0 0.866142 0.503937 
vn 0 0.866142 0.503937 
vn 0 0.866142 0.503937 
vn 0 0.858268 -0.511811 
vn 0 0.858268 -0.511811 
vn 0 0.858268 -0.511811 
vn 0 0.858268 -0.511811 
vn 0 0.866142 0.503937 
vn 0 0.866142 0.503937 
vn 0 0.866142 0.503937 
vn 0 0.866142 0.503937 
vn 0 0.866142 0.503937 
vn 0 0.866142 0.503937 
vn 0 0.866142 0.503937 
vn 0 0.866142 0.503937 
vn 0 0.858268 -0.511811 
vn 0 0.858268 -0.511811 
vn 0 0.858268 -0.511811 
vn 0 0.858268 -0.511811 
vn 0 0.858268 -0.511811 
vn 0 0.858268 -0.511811 
vn 0 0.858268 -0.511811 
vn 0 0.858268 -0.511811 
vn 0 1 0 
vn 0 1 0 
vn 0 1 0 
vn 0 1 0 
vn 0 1 0 
vn 0 1 0 
vn 0 1 0 
vn 0 1 0 
vn 0 1 0 
vn 0 1 0 
vn 0 1 0 
vn 0 1 0 
vn 0 1 0 
vn 0 1 0 
vn 0 1 0 
vn 0 1 0 
vn 0 1 0 
vn 0 1 0 
vn 0 1 0 
vn 0 1 0 
vn 0 1 0 
vn 0 1 0 
vn 0 1 0 
vn 0 1 0 
vn 1 0 0 
vn 1 0 0 
vn -1 0 0 
vn -1 0 0 
vn 1 0 0 
vn 1 0 0 
vn 1 0 0 
vn 1 0 0 
vn 1 0 0 
vn -1 0 0 
vn -1 0 0 
vn -1 0 0 
vn -1 0 0 
vn -1 0 0 
vn 0 -0.503937 0.866142 
vn 0 -0.503937 0.866142 
vn 0 -0.503937 0.866142 
vn 0 -0.503937 0.866142 
vn 0 0 1 
vn 0 0 1 
vn 0 0 1 
vn 0 0 1 
vn 0 0 1 
vn 0 0 1 
vn 0 0 1 
vn 0 0 1 
vn 0 0 1 
vn 0 0 1 
vn 0 0 1 
vn 0 0 1 
vn 0 0 1 
vn 0 0 1 
vn 0 0 1 
vn 0 0 1 
vn 0 0 1 
vn 0 0 1 
vn 0 0 1 
vn 0 0 1 
vn 0 0 -1 
vn 0 0 -1 
vn 0 0 -1 
vn 0 0 -1 
vn 0 0 -1 
vn 0 0 -1 
vn 0 -1 0 
vn 0 -1 0 
vn 0 0.866142 0.503937 
vn 0 0.858268 -0.511811 
vn 0 0.858268 -0.511811 
vn 0 0.511811 0.858268 
vn 0 0.511811 0.858268 
vn 0 0.511811 0.858268 
vn 0 0.511811 0.858268 
vn -1 0.015748 0 
vn 1 0 0 
vn -1 0 0 
vn 0 0 1 
vn 0 0 1 
vn 0 0 1 
vn 0 0 1 
vn 0 0 1 
vn 0 0 1 
vn 0 0 1 
vn 0 0 1 
vn 0 -0.503937 0.866142 
vn 0 -0.503937 0.866142 
vn 0 -0.503937 0.866142 
vn 0 -0.503937 0.866142 
vn 0 -0.503937 0.866142 
vn 0 -0.503937 0.866142 
vn 0 -0.503937 0.866142 
vn 0 -0.503937 0.866142 
vn 0 1 0 
vn 0 0.511811 0.858268 
vn 0 0.511811 0.858268 
vn 0 0.511811 0.858268 
vn 0 0.511811 0.858268 
vn 0 0.511811 0.858268 
vn 0 0.511811 0.858268 
vn 0 0.511811 0.858268 
vn 0 0.511811 0.858268 
vn 0 0 1 
vn 0 0 1 
vn 0 0 1 
vn 0 0 1 
vn 0 0 1 
vn 0 0 1 
vn 0 0 1 
vn 0 0 1 
vn 0 0 1 
vn 0 0 1 
vn 0 0 1 
vn 0 0 1 
vn -1 0 0 
vn -1 0 0 
vn -1 0 0 
vn -1 0 0 
vn -1 0 0 
vn -1 0 0 
vn -1 0 0 
vn -1 0 0 
vn 1 0 0 
vn 1 0 0 
vn 1 0 0 
vn 1 0 0 
vn 1 0 0 
vn 1 0 0 
vn 1 0 0 
vn 1 0 0 
vn 1 0 0 
vn -1 0 0 
vn -1 0 0 
vn -1 0 0 
vn -1 0 0 
vn -1 0 0 
vn -1 0 0 
vn -1 0 0 
vn -1 0 0 
vn -1 0 0 
vn -1 0 0 
vn -1 0 0 
vn -1 0 0 
vn -1 0 0 
vn -1 0 0 
vn -1 0 0 
vn -1 0 0 
vn -1 0 0 
vn -1 0 0 
vn -1 0 0 
vn -1 0 0 
vn -1 0 0 
vn -1 0 0 
vn 0 0 1 
vn 0 0 1 
vn 0 0 1 
vn 0 0 1 
vn 0 0 -1 
vn 0 1 0 
vn 0 0.866142 0.503937 
vn 0 0.858268 -0.511811 
vn 0 0.858268 -0.511811 
vn -1 0.015748 0 
vn -1 0.015748 0 
vn -1 0.015748 0 
vn -1 0.015748 0 
vn -1 0 0 
vn -1 0 0 
vn -1 0 0 
vn -1 0 0 
vn 0 0 -1 
vn -1 0 0 
vn -1 0 0 
vn -1 0 0 
vn -1 0 0 
vn -1 0.015748 0 
vn -1 0.015748 0 
vn -1 0.015748 0 
vn -1 0.015748 0 
vn -1 0 0 
vn -1 0 0 
vn -1 0 0 
vn -1 0 0 
vn -1 0 0 
vn -1 0 0 
vn -1 0 0 
vn -1 0 0 
vn -1 0 0 
vn -1 0 0 
vn -1 0 0 
vn -1 0 0 
vn -1 0 0 
vn -1 0 0 
vn 1 0 0 
vn 1 0 0 
vn 1 0 0 
vn 1 0 0 
vn -1 0 0 
vn -1 0 0 
vn -1 0 0 
vn 1 0 0 
vn 1 0 0 
vn -1 0 0 
vn -1 0 0 
vn -1 0 0 
vn -1 0 0 
vn -1 0 0 
vn 0 0 1 
vn 0 1 0 
vn 0 -1 0 
vn 0 -1 0 
vn 0 -1 0 
vn 0 -1 0 
vn 0 -1 0 
vn 0 -1 0 
vn 0 -1 0 
vn 0 -1 0 
vn 0 -1 0 
vn 0 -1 0 
vn 0 -1 0 
vn 0 -1 0 
vn 0 -1 0 
vn 0 -1 0 
vn 0 -1 0 
vn 0 -1 0 
vn 0 -1 0 
vn 0 -1 0 
vn 0 -1 0 
vn 0 -1 0 
vn 0 -1 0 
vn 0 -1 0 
vn 0 -1 0 
vn 0 -1 0 
vn -0.015748 -1 0 
vn -0.015748 -1 0 
vn -0.015748 -1 0 
vn -0.015748 -1 0 
vn -0.015748 -1 0 
vn -0.015748 -1 0 
vn -0.015748 -1 0 
vn -0.015748 -1 0 
vn 0 -1 0 
vn 0 -1 0 
vn 0 -1 0 
vn 0 -1 0 
vn 0 -1 0 
vn 0 -1 0 
vn 0 -1 0 
vn 0 -1 0 
vn 0 -1 0 
vn 0 -1 0 
vn 0 -1 0 
vn 0 -1 0 
vn 0 -1 0 
vn 0 -1 0 
vn 0 -1 0 
vn 0 -1 0 
vn 0 -0.858268 0.511811 
vn 0 -0.858268 0.511811 
vn 0 -0.858268 0.511811 
vn 0 -0.858268 0.511811 
vn 0 -0.866142 -0.503937 
vn 0 -0.866142 -0.503937 
vn 0 -0.866142 -0.503937 
vn 0 -0.866142 -0.503937 
vn 1 0 0 
vn 1 0 0 
vn 1 0 0 
vn 1 0 0 
vn 1 0 0 
vn 1 0 0 
vn -1 0 0 
vn -1 0 0 
vn -1 0 0 
vn -1 0 0 
vn -1 0 0 
vn -1 0 0 
vn 0 -0.511811 -0.858268 
vn 0 -0.511811 -0.858268 
vn 0 -0.511811 -0.858268 
vn 0 -0.511811 -0.858268 
vn 0 0 1 
vn 0 0 1 
vn 0 0 1 
vn 0 0 1 
vn 0 0 1 
vn 0 0 1 
vn 0 0 -1 
vn 0 0 -1 
vn 0 0 -1 
vn 0 0 -1 
vn 0 0 -1 
vn 0 0 -1 
vn 0 0 -1 
vn 0 0 -1 
vn 0 0 -1 
vn 0 0 -1 
vn 0 0 -1 
vn 0 0 -1 
vn 0 0 -1 
vn 0 0 -1 
vn 0 0 -1 
vn 0 0 -1 
vn 0 0 -1 
vn 0 0 -1 
vn 0 0 -1 
vn 0 0 -1 
vn 0 1 0 
vn 0 -1 0 
vn 0 -1 0 
vn 0 0.866142 0.503937 
vn 0 0.858268 -0.511811 
vn 0 0.858268 -0.511811 
vn -1 0.015748 0 
vn 0 0.503937 -0.866142 
vn 0 0.503937 -0.866142 
vn 0 0.503937 -0.866142 
vn 0 0.503937 -0.866142 
vn 1 0 0 
vn -1 0 0 
vn 0 0 -1 
vn 0 0 -1 
vn 0 0 -1 
vn 0 0 -1 
vn 0 0 -1 
vn 0 0 -1 
vn 0 0 -1 
vn 0 0 -1 
vn 0 -0.511811 -0.858268 
vn 0 -0.511811 -0.858268 
vn 0 -0.511811 -0.858268 
vn 0 -0.511811 -0.858268 
vn 0 -0.511811 -0.858268 
vn 0 -0.511811 -0.858268 
vn 0 -0.511811 -0.858268 
vn 0 -0.511811 -0.858268 
vn 0 1 0 
vn 0 0.503937 -0.866142 
vn 0 0.503937 -0.866142 
vn 0 0.503937 -0.866142 
vn 0 0.503937 -0.866142 
vn 0 0 -1 
vn 0 0 -1 
vn 0 0 -1 
vn 0 0 -1 
vn 0 0 -1 
vn 0 0 -1 
vn 0 0 -1 
vn 0 0 -1 
vn 0 0 -1 
vn 0 0 -1 
vn 0 0 -1 
vn 0 0 -1 

vt -35.3775 -24.7544 
vt -37.0134 -23.7752 
vt -35.4224 -24.8294 
vt -37.0583 -23.8502 
vt -37.0164 -23.7765 
vt -38.8242 -24.829 
vt -36.9718 -23.8533 
vt -38.7796 -24.9057 
vt -38.2473 -24.564 
vt -38.2473 -26.0702 
vt -37.3314 -25.0868 
vt -37.1399 -23.9194 
vt -37.3314 -25.5519 
vt -35.8274 -26.0702 
vt -36.7334 -25.5519 
vt -36.7334 -25.0868 
vt -36.904 -23.91 
vt -37.1699 -23.8678 
vt -36.8787 -23.8678 
vt -35.8464 -24.5432 
vt -35.8274 -24.5114 
vt -38.2507 -24.5454 
vt -38.2507 -26.0702 
vt -38.211 -24.5454 
vt -38.211 -26.0702 
vt -35.8658 -24.5469 
vt -35.8658 -26.0702 
vt -35.8261 -24.5469 
vt -35.8261 -26.0702 
vt -37.3305 -25.0864 
vt -37.129 -23.894 
vt -37.3305 -25.552 
vt -36.7318 -25.552 
vt -36.7317 -25.0864 
vt -36.9332 -23.9057 
vt -35.8261 -24.5469 
vt -35.8261 -26.0702 
vt -38.2507 -26.0702 
vt -38.2507 -24.5454 
vt -38.2502 -24.5003 
vt -38.2502 -26.071 
vt -38.2473 -24.564 
vt -38.2473 -26.0702 
vt -35.8249 -26.071 
vt -36.9763 -23.8678 
vt -38.2299 -24.535 
vt -35.8464 -24.5432 
vt -35.8508 -24.5537 
vt -38.2507 -25.1215 
vt -38.2507 -26.0702 
vt -38.211 -26.0702 
vt -38.211 -25.1215 
vt -35.8658 -25.0864 
vt -35.8658 -25.552 
vt -35.8261 -25.0864 
vt -35.8261 -25.552 
vt -37.3305 -25.552 
vt -38.2507 -25.0863 
vt -38.2507 -25.552 
vt -38.211 -25.552 
vt -38.211 -25.0863 
vt -35.8658 -25.1185 
vt -35.8658 -26.0702 
vt -35.8261 -26.0702 
vt -35.8261 -25.1185 
vt -36.9059 -23.8602 
vt -37.1487 -23.8602 
vt -37.129 -23.894 
vt -36.9332 -23.9057 
vt -37.3305 -25.0864 
vt -38.2299 -24.535 
vt -36.7317 -25.0864 
vt -38.2502 -26.071 
vt -38.2502 -24.5003 
vt -37.3305 -25.552 
vt -35.8508 -24.5537 
vt -35.8249 -26.071 
vt -35.8249 -24.5104 
vt -36.7318 -25.552 
vt -38.8847 -26.6015 
vt -38.882 -25.0075 
vt -38.882 -23.1997 
vt -35.317 -23.1997 
vt -35.3208 -26.6465 
vt -35.3208 -24.9657 
vt -38.7488 -26.1581 
vt -38.7488 -26.1979 
vt -35.3909 -24.895 
vt -35.3909 -25.0908 
vt -35.4183 -26.1581 
vt -35.4183 -26.1979 
vt -35.4183 -23.7732 
vt -38.7453 -23.7767 
vt -35.3909 -24.8753 
vt -35.4309 -24.8753 
vt -35.4309 -25.118 
vt -35.3909 -25.118 
vt -38.7852 -24.854 
vt -38.7852 -25.1453 
vt -38.7453 -25.0477 
vt -38.7453 -25.1453 
vt -38.7453 -24.854 
vt -35.317 -23.1997 
vt -38.882 -23.1997 
vt -35.317 -25.0075 
vt -38.882 -25.0075 
vt -38.8847 -26.6465 
vt -35.3208 -26.6465 
vt -38.8847 -25.0106 
vt -35.3208 -25.0106 
vt -35.4309 -23.794 
vt -35.4309 -24.895 
vt -35.3909 -24.895 
vt -35.3909 -23.794 
vt -38.7453 -24.884 
vt -38.7453 -23.7767 
vt -38.7852 -23.7767 
vt -38.7852 -24.884 
vt -38.7453 -26.1776 
vt -38.7453 -25.12 
vt -38.7852 -26.1776 
vt -38.7852 -25.12 
vt -35.391 -26.1732 
vt -35.3909 -25.0908 
vt -35.4309 -26.1732 
vt -35.4309 -25.0908 
vt -38.7839 -23.813 
vt -35.4183 -23.813 
vt -35.4183 -23.7732 
vt -38.7839 -23.7732 
vt -38.7488 -26.1979 
vt -35.4183 -26.1979 
vt -38.7488 -26.1581 
vt -35.4183 -26.1581 
vt -38.7453 -25.2906 
vt -38.7453 -24.6925 
vt -38.7852 -25.2906 
vt -38.7852 -24.6925 
vt -37.3927 -26.1581 
vt -37.9914 -26.1581 
vt -37.3927 -26.1979 
vt -37.9914 -26.1979 
vt -36.1488 -23.7732 
vt -36.7475 -23.7732 
vt -36.7475 -23.813 
vt -36.1488 -23.813 
vt -35.391 -25.2922 
vt -35.391 -24.6934 
vt -35.4309 -25.2922 
vt -35.4309 -24.6934 
vt -35.3197 -24.829 
vt -35.3197 -24.9057 
vt -38.8847 -24.829 
vt -38.8847 -24.9058 
vt -35.4165 -24.564 
vt -35.4165 -26.0702 
vt -35.4165 -24.5114 
vt -35.4529 -24.5469 
vt -35.4529 -26.0702 
vt -38.8108 -24.5104 
vt -38.7834 -24.5469 
vt -38.7834 -26.0702 
vt -38.7834 -26.0702 
vt -38.7834 -24.5454 
vt -35.3197 -24.829 
vt -38.8847 -24.829 
vt -35.3197 -24.9057 
vt -38.8847 -24.9058 
vt -35.4178 -26.0702 
vt -35.4178 -24.5454 
vt -36.0563 -25.1302 
vt -36.0698 -26.0702 
vt -36.6623 -25.1215 
vt -37.4542 -25.0863 
vt -38.7834 -24.5454 
vt -37.4542 -25.552 
vt -38.0529 -25.0863 
vt -36.6758 -26.0702 
vt -38.7834 -26.0702 
vt -38.0529 -25.552 
vt -38.7708 -24.5003 
vt -38.8108 -24.5003 
vt -38.7708 -26.071 
vt -38.8107 -26.071 
vt -35.4165 -26.0702 
vt -35.4165 -24.564 
vt -35.4564 -24.564 
vt -35.4564 -26.0702 
vt -36.809 -25.0864 
vt -36.2103 -25.0864 
vt -36.2103 -25.552 
vt -36.809 -25.552 
vt -37.7753 -26.0702 
vt -38.3677 -25.1185 
vt -38.3813 -26.0702 
vt -36.0698 -26.0702 
vt -38.7708 -24.535 
vt -35.4564 -24.5432 
vt -38.7708 -24.5537 
vt -35.317 -23.7752 
vt -38.8809 -23.7752 
vt -35.317 -23.8502 
vt -38.8809 -23.8503 
vt -37.7618 -25.1272 
vt -36.809 -25.0864 
vt -37.4542 -25.0863 
vt -35.4564 -25.0868 
vt -35.4564 -25.5519 
vt -35.4165 -25.0868 
vt -35.4165 -25.5519 
vt -38.8107 -25.0864 
vt -38.8107 -25.552 
vt -38.7708 -25.552 
vt -38.7708 -25.0864 
vt -35.4564 -23.8678 
vt -35.4564 -23.9194 
vt -35.4165 -23.8678 
vt -35.4165 -23.9194 
vt -38.7708 -23.8602 
vt -38.8108 -23.8602 
vt -38.7708 -23.894 
vt -38.8108 -23.894 
vt -38.0529 -25.552 
vt -35.4564 -24.5114 
vt -35.4564 -24.5432 
vt -35.4165 -24.5114 
vt -35.4165 -24.5432 
vt -38.8108 -24.5104 
vt -38.8107 -24.5537 
vt -38.7708 -24.5104 
vt -38.7708 -24.5537 
vt -35.4529 -26.0702 
vt -35.4529 -24.5469 
vt -36.2103 -25.0864 
vt -36.2103 -25.552 
vt -36.809 -25.0864 
vt -36.809 -25.552 
vt -37.7753 -26.0702 
vt -37.7618 -25.1272 
vt -38.7834 -24.5469 
vt -38.3677 -25.1185 
vt -38.7834 -26.0702 
vt -38.3813 -26.0702 
vt -35.3775 -24.829 
vt -37.1853 -23.7765 
vt -35.4221 -24.9058 
vt -37.2299 -23.8533 
vt -37.1883 -23.7752 
vt -38.8242 -24.7544 
vt -37.1434 -23.8503 
vt -38.7793 -24.8294 
vt -35.9544 -24.564 
vt -35.9544 -26.0702 
vt -36.8703 -25.0868 
vt -36.8703 -25.5519 
vt -37.4683 -25.5519 
vt -37.4683 -25.0868 
vt -37.2977 -23.91 
vt -38.3756 -24.5469 
vt -38.3756 -26.0702 
vt -35.9515 -26.071 
vt -35.9515 -24.5003 
vt -35.9717 -24.535 
vt -36.8712 -25.0864 
vt -37.0727 -23.894 
vt -36.8712 -25.552 
vt -38.3768 -26.071 
vt -37.4699 -25.552 
vt -37.47 -25.0864 
vt -37.2685 -23.9057 
vt -37.2958 -23.8602 
vt -37.053 -23.8602 
vt -38.3509 -24.5537 
vt -38.3768 -24.5104 
vt -38.3359 -26.0702 
vt -38.3359 -24.5469 
vt -38.3756 -24.5469 
vt -38.3756 -26.0702 
vt -35.951 -26.0702 
vt -35.951 -24.5454 
vt -35.9907 -26.0702 
vt -35.9907 -24.5454 
vt -35.9515 -24.5003 
vt -35.9515 -26.071 
vt -35.9544 -24.564 
vt -35.9544 -26.0702 
vt -38.3768 -26.071 
vt -37.2254 -23.8678 
vt -35.9717 -24.535 
vt -38.3553 -24.5432 
vt -38.3509 -24.5537 
vt -38.3756 -26.0702 
vt -38.3359 -26.0702 
vt -38.3756 -25.1272 
vt -38.3359 -25.1272 
vt -35.951 -25.552 
vt -35.951 -25.0863 
vt -35.9907 -25.0863 
vt -35.9907 -25.552 
vt -36.8712 -25.552 
vt -38.3359 -25.552 
vt -38.3359 -25.0864 
vt -38.3756 -25.552 
vt -38.3756 -25.0864 
vt -35.951 -26.0702 
vt -35.951 -25.1302 
vt -35.9907 -26.0702 
vt -35.9907 -25.1302 
vt -37.2254 -23.8678 
vt -37.323 -23.8678 
vt -37.2977 -23.91 
vt -37.0618 -23.9194 
vt -37.0318 -23.8678 
vt -37.4683 -25.0868 
vt -38.3553 -24.5432 
vt -36.8703 -25.0868 
vt -35.9544 -24.564 
vt -35.9544 -26.0702 
vt -36.8703 -25.5519 
vt -38.3743 -26.0702 
vt -38.3743 -24.5114 
vt -37.4683 -25.5519 
vt -35.317 -26.6015 
vt -35.3197 -25.0075 
vt -35.3197 -23.1997 
vt -35.3197 -23.2444 
vt -38.8847 -23.2444 
vt -38.8809 -26.6465 
vt -38.8809 -24.9657 
vt -35.4529 -26.1581 
vt -35.4529 -26.1979 
vt -38.8108 -24.895 
vt -38.8108 -25.0908 
vt -38.7834 -26.1581 
vt -38.7834 -26.1979 
vt -38.7834 -23.7732 
vt -35.4564 -23.7767 
vt -35.4564 -25.0477 
vt -38.8107 -23.7738 
vt -38.8107 -26.199 
vt -38.7708 -23.7738 
vt -38.7708 -26.199 
vt -35.4564 -23.7767 
vt -35.4564 -26.1966 
vt -35.4165 -23.7767 
vt -35.4165 -26.1966 
vt -38.3813 -26.1581 
vt -38.7834 -26.1581 
vt -38.3813 -26.1979 
vt -38.7834 -26.1979 
vt -35.4529 -26.1581 
vt -37.7753 -26.1581 
vt -37.7753 -26.1979 
vt -35.4529 -26.1979 
vt -36.6758 -23.7732 
vt -38.7834 -23.7732 
vt -38.7834 -23.813 
vt -36.6758 -23.813 
vt -35.4178 -23.7732 
vt -36.0698 -23.7732 
vt -35.4178 -23.813 
vt -36.0698 -23.813 
vt -37.7618 -26.1581 
vt -38.3677 -26.1581 
vt -37.7618 -26.1979 
vt -38.3677 -26.1979 
vt -36.0563 -23.7732 
vt -36.6623 -23.7732 
vt -36.6623 -23.813 
vt -36.0563 -23.813 
vt -35.4564 -24.6925 
vt -35.4564 -25.2906 
vt -35.4165 -25.2906 
vt -35.4165 -24.6925 
vt -36.2103 -26.1581 
vt -36.809 -26.1581 
vt -36.2103 -26.1979 
vt -36.809 -26.1979 
vt -37.4542 -23.7732 
vt -38.0529 -23.7732 
vt -38.0529 -23.813 
vt -37.4542 -23.813 
vt -38.8108 -24.6934 
vt -38.8107 -25.2922 
vt -38.7708 -24.6934 
vt -38.7708 -25.2922 
vt -35.317 -24.9656 
vt -38.8809 -24.9657 
vt -35.317 -26.6015 
vt -38.8809 -26.6015 
vt -38.8847 -25.0522 
vt -35.3197 -25.0522 
vt -38.8847 -23.2444 
vt -35.3197 -23.2444 
vt -38.882 -23.7765 
vt -38.7852 -24.564 
vt -38.7852 -26.0702 
vt -38.7852 -24.5114 
vt -38.7488 -24.5469 
vt -38.7488 -26.0702 
vt -35.3909 -23.9057 
vt -35.3909 -24.5104 
vt -35.4183 -24.5469 
vt -35.4183 -26.0702 
vt -35.4183 -26.0702 
vt -35.4183 -24.5454 
vt -35.3208 -24.7544 
vt -38.8847 -24.7544 
vt -35.3208 -24.8294 
vt -38.8847 -24.8294 
vt -38.1454 -25.1302 
vt -37.5394 -25.1215 
vt -36.7475 -25.552 
vt -36.1488 -25.0863 
vt -37.5259 -26.0702 
vt -38.7453 -24.564 
vt -35.391 -26.071 
vt -35.3909 -24.5104 
vt -35.4309 -26.071 
vt -35.4309 -24.5104 
vt -35.4183 -24.5469 
vt -38.7488 -24.5469 
vt -37.3927 -25.0864 
vt -37.9914 -25.0864 
vt -38.7488 -26.0702 
vt -37.9914 -25.552 
vt -37.3927 -25.552 
vt -36.4264 -26.0702 
vt -36.4399 -25.1272 
vt -35.834 -25.1185 
vt -35.4183 -26.0702 
vt -35.8204 -26.0702 
vt -38.7453 -26.0702 
vt -38.7453 -24.5114 
vt -38.7852 -24.5114 
vt -38.7852 -26.0702 
vt -38.7453 -23.8678 
vt -35.8204 -26.0702 
vt -38.1319 -26.0702 
vt -35.4309 -24.535 
vt -38.7453 -24.5432 
vt -35.4309 -24.5537 
vt -36.4399 -25.1272 
vt -35.317 -23.7765 
vt -38.882 -23.7765 
vt -35.317 -23.8533 
vt -38.882 -23.8533 
vt -37.3927 -25.0864 
vt -36.7475 -25.0863 
vt -38.7453 -25.5519 
vt -38.7453 -25.0868 
vt -38.7852 -25.5519 
vt -38.7852 -25.0868 
vt -35.391 -25.552 
vt -35.3909 -25.0864 
vt -35.4309 -25.552 
vt -35.4309 -25.0864 
vt -38.7453 -23.8678 
vt -38.7852 -23.8678 
vt -38.7453 -23.91 
vt -38.7852 -23.91 
vt -35.3909 -23.8602 
vt -35.4309 -23.8602 
vt -35.4309 -23.9057 
vt -35.3909 -23.9057 
vt -36.1488 -25.552 
vt -35.3909 -24.5003 
vt -35.4309 -24.5003 
vt -35.3909 -24.535 
vt -35.4309 -24.535 
vt -35.4183 -24.5454 
vt -38.7839 -24.5454 
vt -36.7475 -25.0863 
vt -36.1488 -25.0863 
vt -35.4183 -26.0702 
vt -36.1488 -25.552 
vt -36.7475 -25.552 
vt -37.5259 -26.0702 
vt -37.5394 -25.1215 
vt -38.1454 -25.1302 
vt -38.7839 -26.0702 
vt -38.1319 -26.0702 

usemtl Wall1Mtl

f 6573/6573/6573 6574/6574/6574 6575/6575/6575 
f 6575/6575/6575 6574/6574/6574 6576/6576/6576 
f 6577/6577/6577 6578/6578/6578 6579/6579/6579 
f 6579/6579/6579 6578/6578/6578 6580/6580/6580 
f 6581/6581/6581 6582/6582/6582 6583/6583/6583 
f 6581/6581/6581 6583/6583/6583 6584/6584/6584 
f 6585/6585/6585 6583/6583/6583 6582/6582/6582 
f 6582/6582/6582 6586/6586/6586 6585/6585/6585 
f 6585/6585/6585 6586/6586/6586 6587/6587/6587 
f 6588/6588/6588 6584/6584/6584 6583/6583/6583 
f 6586/6586/6586 6588/6588/6588 6587/6587/6587 
f 6584/6584/6584 6588/6588/6588 6589/6589/6589 
f 6589/6589/6589 6590/6590/6590 6584/6584/6584 
f 6591/6591/6591 6590/6590/6590 6589/6589/6589 
f 6588/6588/6588 6592/6592/6592 6589/6589/6589 
f 6592/6592/6592 6588/6588/6588 6586/6586/6586 
f 6586/6586/6586 6593/6593/6593 6592/6592/6592 
f 6594/6594/6594 6595/6595/6595 6596/6596/6596 
f 6596/6596/6596 6595/6595/6595 6597/6597/6597 
f 6598/6598/6598 6599/6599/6599 6600/6600/6600 
f 6600/6600/6600 6599/6599/6599 6601/6601/6601 
f 6621/6621/6621 6622/6622/6622 6623/6623/6623 
f 6623/6623/6623 6624/6624/6624 6621/6621/6621 
f 6625/6625/6625 6626/6626/6626 6627/6627/6627 
f 6626/6626/6626 6628/6628/6628 6627/6627/6627 
f 6630/6630/6630 6631/6631/6631 6632/6632/6632 
f 6632/6632/6632 6633/6633/6633 6630/6630/6630 
f 6634/6634/6634 6635/6635/6635 6636/6636/6636 
f 6636/6636/6636 6637/6637/6637 6634/6634/6634 
f 6638/6638/6638 6639/6639/6639 6640/6640/6640 
f 6641/6641/6641 6638/6638/6638 6640/6640/6640 
f 6642/6642/6642 6641/6641/6641 6640/6640/6640 
f 6643/6643/6643 6642/6642/6642 6640/6640/6640 
f 6641/6641/6641 6642/6642/6642 6644/6644/6644 
f 6642/6642/6642 6643/6643/6643 6645/6645/6645 
f 6645/6645/6645 6643/6643/6643 6646/6646/6646 
f 6647/6647/6647 6642/6642/6642 6645/6645/6645 
f 6644/6644/6644 6648/6648/6648 6641/6641/6641 
f 6645/6645/6645 6649/6649/6649 6647/6647/6647 
f 6648/6648/6648 6644/6644/6644 6649/6649/6649 
f 6649/6649/6649 6650/6650/6650 6648/6648/6648 
f 6649/6649/6649 6644/6644/6644 6651/6651/6651 
f 6647/6647/6647 6649/6649/6649 6651/6651/6651 
f 6666/6666/6666 6667/6667/6667 6668/6668/6668 
f 6668/6668/6668 6669/6669/6669 6666/6666/6666 
f 6670/6670/6670 6671/6671/6671 6672/6672/6672 
f 6671/6671/6671 6673/6673/6673 6672/6672/6672 
f 6674/6674/6674 6670/6670/6670 6672/6672/6672 
f 6675/6675/6675 6676/6676/6676 6677/6677/6677 
f 6677/6677/6677 6676/6676/6676 6678/6678/6678 
f 6679/6679/6679 6680/6680/6680 6681/6681/6681 
f 6681/6681/6681 6680/6680/6680 6682/6682/6682 
f 6683/6683/6683 6684/6684/6684 6685/6685/6685 
f 6686/6686/6686 6683/6683/6683 6685/6685/6685 
f 6687/6687/6687 6688/6688/6688 6689/6689/6689 
f 6689/6689/6689 6690/6690/6690 6687/6687/6687 
f 6691/6691/6691 6692/6692/6692 6693/6693/6693 
f 6692/6692/6692 6694/6694/6694 6693/6693/6693 
f 6695/6695/6695 6696/6696/6696 6697/6697/6697 
f 6696/6696/6696 6698/6698/6698 6697/6697/6697 
f 6699/6699/6699 6700/6700/6700 6701/6701/6701 
f 6702/6702/6702 6699/6699/6699 6701/6701/6701 
f 6703/6703/6703 6704/6704/6704 6705/6705/6705 
f 6705/6705/6705 6704/6704/6704 6706/6706/6706 
f 6707/6707/6707 6708/6708/6708 6709/6709/6709 
f 6710/6710/6710 6709/6709/6709 6708/6708/6708 
f 6711/6711/6711 6712/6712/6712 6713/6713/6713 
f 6714/6714/6714 6713/6713/6713 6712/6712/6712 
f 6715/6715/6715 6716/6716/6716 6717/6717/6717 
f 6717/6717/6717 6718/6718/6718 6715/6715/6715 
f 6719/6719/6719 6720/6720/6720 6721/6721/6721 
f 6722/6722/6722 6721/6721/6721 6720/6720/6720 
f 6737/6737/6737 6738/6738/6738 6739/6739/6739 
f 6739/6739/6739 6738/6738/6738 6740/6740/6740 
f 6741/6741/6741 6742/6742/6742 6743/6743/6743 
f 6744/6744/6744 6741/6741/6741 6743/6743/6743 
f 6745/6745/6745 6743/6743/6743 6742/6742/6742 
f 6746/6746/6746 6745/6745/6745 6742/6742/6742 
f 6747/6747/6747 6746/6746/6746 6742/6742/6742 
f 6745/6745/6745 6746/6746/6746 6748/6748/6748 
f 6746/6746/6746 6747/6747/6747 6749/6749/6749 
f 6750/6750/6750 6745/6745/6745 6748/6748/6748 
f 6747/6747/6747 6751/6751/6751 6749/6749/6749 
f 6751/6751/6751 6750/6750/6750 6748/6748/6748 
f 6752/6752/6752 6749/6749/6749 6751/6751/6751 
f 6751/6751/6751 6748/6748/6748 6752/6752/6752 
f 6753/6753/6753 6754/6754/6754 6755/6755/6755 
f 6754/6754/6754 6756/6756/6756 6755/6755/6755 
f 6757/6757/6757 6758/6758/6758 6759/6759/6759 
f 6757/6757/6757 6759/6759/6759 6760/6760/6760 
f 6772/6772/6772 6773/6773/6773 6774/6774/6774 
f 6774/6774/6774 6773/6773/6773 6775/6775/6775 
f 6779/6779/6779 6780/6780/6780 6781/6781/6781 
f 6782/6782/6782 6781/6781/6781 6780/6780/6780 
f 6783/6783/6783 6784/6784/6784 6785/6785/6785 
f 6785/6785/6785 6786/6786/6786 6783/6783/6783 
f 6787/6787/6787 6788/6788/6788 6789/6789/6789 
f 6790/6790/6790 6789/6789/6789 6788/6788/6788 
f 6791/6791/6791 6792/6792/6792 6793/6793/6793 
f 6792/6792/6792 6794/6794/6794 6793/6793/6793 
f 6796/6796/6796 6797/6797/6797 6798/6798/6798 
f 6799/6799/6799 6798/6798/6798 6797/6797/6797 
f 6800/6800/6800 6801/6801/6801 6802/6802/6802 
f 6803/6803/6803 6802/6802/6802 6801/6801/6801 
f 6804/6804/6804 6805/6805/6805 6806/6806/6806 
f 6806/6806/6806 6807/6807/6807 6804/6804/6804 
f 6806/6806/6806 6805/6805/6805 6808/6808/6808 
f 6804/6804/6804 6807/6807/6807 6809/6809/6809 
f 6804/6804/6804 6809/6809/6809 6810/6810/6810 
f 6809/6809/6809 6811/6811/6811 6810/6810/6810 
f 6811/6811/6811 6809/6809/6809 6808/6808/6808 
f 6812/6812/6812 6808/6808/6808 6805/6805/6805 
f 6808/6808/6808 6812/6812/6812 6811/6811/6811 
f 6812/6812/6812 6813/6813/6813 6811/6811/6811 
f 6812/6812/6812 6814/6814/6814 6813/6813/6813 
f 6814/6814/6814 6815/6815/6815 6813/6813/6813 
f 6816/6816/6816 6817/6817/6817 6818/6818/6818 
f 6818/6818/6818 6817/6817/6817 6819/6819/6819 
f 6820/6820/6820 6821/6821/6821 6822/6822/6822 
f 6822/6822/6822 6821/6821/6821 6823/6823/6823 
f 6833/6833/6833 6834/6834/6834 6835/6835/6835 
f 6836/6836/6836 6833/6833/6833 6835/6835/6835 
f 6836/6836/6836 6835/6835/6835 6837/6837/6837 
f 6833/6833/6833 6836/6836/6836 6838/6838/6838 
f 6839/6839/6839 6833/6833/6833 6838/6838/6838 
f 6839/6839/6839 6838/6838/6838 6840/6840/6840 
f 6840/6840/6840 6841/6841/6841 6839/6839/6839 
f 6841/6841/6841 6836/6836/6836 6842/6842/6842 
f 6836/6836/6836 6837/6837/6837 6842/6842/6842 
f 6843/6843/6843 6842/6842/6842 6837/6837/6837 
f 6844/6844/6844 6843/6843/6843 6837/6837/6837 
f 6845/6845/6845 6841/6841/6841 6842/6842/6842 
f 6841/6841/6841 6845/6845/6845 6839/6839/6839 
f 6839/6839/6839 6845/6845/6845 6846/6846/6846 
f 6847/6847/6847 6848/6848/6848 6849/6849/6849 
f 6850/6850/6850 6847/6847/6847 6849/6849/6849 
f 6851/6851/6851 6852/6852/6852 6853/6853/6853 
f 6852/6852/6852 6854/6854/6854 6853/6853/6853 
f 6864/6864/6864 6865/6865/6865 6866/6866/6866 
f 6867/6867/6867 6866/6866/6866 6865/6865/6865 
f 6868/6868/6868 6869/6869/6869 6870/6870/6870 
f 6870/6870/6870 6871/6871/6871 6868/6868/6868 
f 6873/6873/6873 6874/6874/6874 6875/6875/6875 
f 6876/6876/6876 6875/6875/6875 6874/6874/6874 
f 6877/6877/6877 6878/6878/6878 6879/6879/6879 
f 6880/6880/6880 6879/6879/6879 6878/6878/6878 
f 6881/6881/6881 6882/6882/6882 6883/6883/6883 
f 6883/6883/6883 6884/6884/6884 6881/6881/6881 
f 6884/6884/6884 6885/6885/6885 6881/6881/6881 
f 6884/6884/6884 6883/6883/6883 6886/6886/6886 
f 6887/6887/6887 6886/6886/6886 6883/6883/6883 
f 6886/6886/6886 6888/6888/6888 6884/6884/6884 
f 6888/6888/6888 6889/6889/6889 6884/6884/6884 
f 6888/6888/6888 6890/6890/6890 6889/6889/6889 
f 6890/6890/6890 6888/6888/6888 6891/6891/6891 
f 6892/6892/6892 6890/6890/6890 6891/6891/6891 
f 6886/6886/6886 6887/6887/6887 6892/6892/6892 
f 6892/6892/6892 6887/6887/6887 6893/6893/6893 
f 6894/6894/6894 6886/6886/6886 6892/6892/6892 
f 6892/6892/6892 6891/6891/6891 6894/6894/6894 
f 6911/6911/6911 6912/6912/6912 6913/6913/6913 
f 6912/6912/6912 6914/6914/6914 6913/6913/6913 
f 6915/6915/6915 6916/6916/6916 6917/6917/6917 
f 6916/6916/6916 6918/6918/6918 6917/6917/6917 
f 6919/6919/6919 6920/6920/6920 6921/6921/6921 
f 6920/6920/6920 6922/6922/6922 6921/6921/6921 
f 6923/6923/6923 6924/6924/6924 6925/6925/6925 
f 6926/6926/6926 6923/6923/6923 6925/6925/6925 
f 6927/6927/6927 6928/6928/6928 6929/6929/6929 
f 6927/6927/6927 6929/6929/6929 6930/6930/6930 
f 6931/6931/6931 6932/6932/6932 6933/6933/6933 
f 6932/6932/6932 6934/6934/6934 6933/6933/6933 
f 6935/6935/6935 6936/6936/6936 6937/6937/6937 
f 6938/6938/6938 6937/6937/6937 6936/6936/6936 
f 6939/6939/6939 6940/6940/6940 6941/6941/6941 
f 6941/6941/6941 6942/6942/6942 6939/6939/6939 
f 6943/6943/6943 6944/6944/6944 6945/6945/6945 
f 6945/6945/6945 6946/6946/6946 6943/6943/6943 
f 6947/6947/6947 6948/6948/6948 6949/6949/6949 
f 6948/6948/6948 6950/6950/6950 6949/6949/6949 
f 6951/6951/6951 6952/6952/6952 6953/6953/6953 
f 6953/6953/6953 6954/6954/6954 6951/6951/6951 
f 6955/6955/6955 6956/6956/6956 6957/6957/6957 
f 6958/6958/6958 6957/6957/6957 6956/6956/6956 
f 6959/6959/6959 6960/6960/6960 6961/6961/6961 
f 6961/6961/6961 6960/6960/6960 6962/6962/6962 
f 6963/6963/6963 6964/6964/6964 6965/6965/6965 
f 6965/6965/6965 6964/6964/6964 6966/6966/6966 
f 6979/6979/6979 6980/6980/6980 6981/6981/6981 
f 6981/6981/6981 6980/6980/6980 6982/6982/6982 
f 6989/6989/6989 6990/6990/6990 6991/6991/6991 
f 6990/6990/6990 6992/6992/6992 6991/6991/6991 
f 6993/6993/6993 6994/6994/6994 6995/6995/6995 
f 6995/6995/6995 6994/6994/6994 6996/6996/6996 
f 6994/6994/6994 6997/6997/6997 6996/6996/6996 
f 6998/6998/6998 6996/6996/6996 6997/6997/6997 
f 6999/6999/6999 6998/6998/6998 6997/6997/6997 
f 7000/7000/7000 6999/6999/6999 6997/6997/6997 
f 7001/7001/7001 6999/6999/6999 7000/7000/7000 
f 6999/6999/6999 7001/7001/7001 6995/6995/6995 
f 6993/6993/6993 6995/6995/6995 7001/7001/7001 
f 7001/7001/7001 7002/7002/7002 6993/6993/6993 
f 7002/7002/7002 7003/7003/7003 6993/6993/6993 
f 7003/7003/7003 7002/7002/7002 7004/7004/7004 
f 7005/7005/7005 7006/7006/7006 7007/7007/7007 
f 7008/7008/7008 7005/7005/7005 7007/7007/7007 
f 7016/7016/7016 7017/7017/7017 7018/7018/7018 
f 7018/7018/7018 7017/7017/7017 7019/7019/7019 
f 7022/7022/7022 7023/7023/7023 7024/7024/7024 
f 7025/7025/7025 7024/7024/7024 7023/7023/7023 
f 7026/7026/7026 7027/7027/7027 7028/7028/7028 
f 7029/7029/7029 7028/7028/7028 7027/7027/7027 
f 7030/7030/7030 7031/7031/7031 7032/7032/7032 
f 7031/7031/7031 7033/7033/7033 7032/7032/7032 
f 7034/7034/7034 7035/7035/7035 7036/7036/7036 
f 7037/7037/7037 7034/7034/7034 7036/7036/7036 
f 7039/7039/7039 7040/7040/7040 7041/7041/7041 
f 7040/7040/7040 7042/7042/7042 7041/7041/7041 
f 7043/7043/7043 7044/7044/7044 7045/7045/7045 
f 7045/7045/7045 7046/7046/7046 7043/7043/7043 
f 7043/7043/7043 7046/7046/7046 7047/7047/7047 
f 7046/7046/7046 7048/7048/7048 7047/7047/7047 
f 7049/7049/7049 7047/7047/7047 7048/7048/7048 
f 7050/7050/7050 7047/7047/7047 7049/7049/7049 
f 7051/7051/7051 7050/7050/7050 7049/7049/7049 
f 7049/7049/7049 7045/7045/7045 7051/7051/7051 
f 7044/7044/7044 7051/7051/7051 7045/7045/7045 
f 7051/7051/7051 7044/7044/7044 7052/7052/7052 
f 7044/7044/7044 7053/7053/7053 7052/7052/7052 
f 7054/7054/7054 7052/7052/7052 7053/7053/7053 

