# Blender 5.1.1
# www.blender.org
mtllib KUBO.mtl
o 1
v 9.785744 13.497791 -40.744011
v 9.785744 21.285793 -27.731712
v 9.785744 12.896791 -40.384010
v 9.785744 20.685692 -27.372009
v 9.783745 21.281792 -27.689812
v 9.783745 12.920693 -13.328209
v 9.783745 20.668793 -28.047112
v 9.783745 12.306793 -13.685410
v 9.754745 13.200793 -13.809006
v 9.754745 12.902793 -13.296906
v 9.754745 12.586793 -14.166107
v 9.754745 12.288794 -13.654205
v 9.635742 13.500792 -40.739006
v 9.635742 13.799791 -40.238007
v 9.635742 12.899792 -40.379005
v 9.635742 13.199791 -39.879005
v 9.049744 15.636791 -37.296005
v 9.049744 15.636792 -36.626007
v 9.049744 -0.000248 -37.296005
v 9.049744 -0.000248 -36.626007
v 9.049744 15.636793 -18.352608
v 9.049744 15.636793 -17.683510
v 9.049744 -0.000247 -18.352707
v 9.049744 -0.000247 -17.683510
v 8.919746 7.879743 -17.748405
v 8.919746 7.621743 -17.748405
v 8.919746 7.879743 -18.182007
v 8.919746 7.621743 -18.182007
v 8.918747 10.583794 -17.748207
v 8.918747 10.325793 -17.748207
v 8.918747 10.583794 -18.182007
v 8.918747 10.325793 -18.182007
v 8.919746 5.618753 -17.748405
v 8.919746 5.360744 -17.748405
v 8.919746 5.618753 -18.182205
v 8.919746 5.360744 -18.182205
v 8.919746 7.879742 -36.861008
v 8.919746 7.621742 -36.861008
v 8.919746 7.879742 -37.295006
v 8.919746 7.621742 -37.295006
v 8.918747 12.726692 -36.861008
v 8.918747 12.468792 -36.861008
v 8.918747 12.726691 -37.295006
v 8.918747 12.468791 -37.295006
v 8.918747 14.780792 -36.861008
v 8.918747 14.522793 -36.861008
v 8.918747 14.780791 -37.295006
v 8.918747 14.522792 -37.295006
v 8.918747 14.770793 -17.748405
v 8.918747 14.512794 -17.748405
v 8.918747 14.770793 -18.182205
v 8.918747 14.512794 -18.182205
v 8.918747 12.726693 -17.748405
v 8.918747 12.469793 -17.748405
v 8.918747 12.726693 -18.182205
v 8.918747 12.469793 -18.182205
v 8.919746 3.318753 -17.645111
v 8.919746 3.060743 -17.645111
v 8.919746 3.318753 -18.078911
v 8.919746 3.060743 -18.078911
v 8.919746 3.318752 -36.758011
v 8.919746 3.060742 -36.758011
v 8.919746 3.318752 -37.192009
v 8.919746 3.060742 -37.192009
v 8.914742 3.060742 -36.763008
v 8.914742 3.318752 -36.763008
v 8.914742 3.060743 -17.640808
v 8.914742 3.317743 -17.640808
v 8.914742 5.360742 -36.866005
v 8.914742 5.618752 -36.866005
v 8.914742 5.360744 -17.744011
v 8.914742 5.618753 -17.744011
v 8.914742 10.325792 -25.180008
v 8.914742 10.583793 -25.180008
v 8.914742 10.325793 -17.744011
v 8.914742 10.583794 -17.744011
v 8.914742 7.621743 -25.165512
v 8.914742 7.879743 -25.165512
v 8.914742 7.621743 -18.260506
v 8.914742 7.878753 -18.260506
v 8.914742 14.512793 -36.866005
v 8.914742 14.770792 -36.866005
v 8.914742 14.512794 -17.744110
v 8.914742 14.770793 -17.744110
v 8.914742 12.468792 -36.866005
v 8.914742 12.726692 -36.866005
v 8.914742 12.468793 -17.744110
v 8.914742 12.726693 -17.744110
v 8.914742 7.621742 -36.866005
v 8.914742 7.879742 -36.866005
v 8.914742 7.621742 -29.961006
v 8.914742 7.879742 -29.961006
v 8.914742 10.325792 -36.866005
v 8.914742 10.583793 -36.866005
v 8.914742 10.325792 -29.910011
v 8.914742 10.583793 -29.910011
v 8.960747 11.248793 -25.318810
v 8.960747 11.248793 -25.118805
v 8.905746 7.272743 -25.318810
v 8.905746 7.272743 -25.118805
v 8.905746 7.237742 -30.032005
v 8.907745 7.437752 -30.032005
v 8.905746 7.237743 -25.122505
v 8.907745 7.437753 -25.122505
v 8.960747 11.248793 -30.031006
v 8.960747 11.248793 -29.831009
v 8.905746 7.272742 -30.031006
v 8.905746 7.272742 -29.831009
v 8.957748 11.082792 -30.032005
v 8.960747 11.282692 -30.032005
v 8.957748 11.082792 -25.122505
v 8.960747 11.282692 -25.122505
v 8.661743 10.583793 -36.861008
v 8.661743 10.325792 -36.861008
v 8.661743 10.583792 -37.295006
v 8.661743 10.325791 -37.295006
v 8.638748 5.618752 -36.861008
v 8.638748 5.360742 -36.861008
v 8.638748 5.618752 -37.295006
v 8.638748 5.360742 -37.295006
v 8.602745 14.912792 -27.017212
v 8.602745 14.372792 -27.017311
v 8.602745 14.912792 -27.631912
v 8.602745 14.372792 -27.631912
v 8.527748 3.196742 -33.769005
v 8.527748 3.095742 -33.769005
v 8.527748 3.196742 -34.203011
v 8.527748 3.095742 -34.203011
v 8.527748 3.196742 -34.269005
v 8.527748 3.095742 -34.269005
v 8.527748 3.196742 -34.703011
v 8.527748 3.095742 -34.703011
v 8.527748 3.196742 -35.769005
v 8.527748 3.095742 -35.769005
v 8.527748 3.196742 -36.203011
v 8.527748 3.095742 -36.203011
v 8.527748 3.196742 -36.269005
v 8.527748 3.095742 -36.269005
v 8.527748 3.196742 -36.703011
v 8.527748 3.095742 -36.703011
v 8.527748 3.196742 -35.269005
v 8.527748 3.095742 -35.269005
v 8.527748 3.196742 -35.703011
v 8.527748 3.095742 -35.703011
v 8.527748 3.196742 -31.769005
v 8.527748 3.095742 -31.769005
v 8.527748 3.196742 -32.203011
v 8.527748 3.095742 -32.203011
v 8.527748 3.196743 -18.768906
v 8.527748 3.095743 -18.768906
v 8.527748 3.196743 -19.202705
v 8.527748 3.095743 -19.202705
v 8.527748 3.196743 -21.768906
v 8.527748 3.095743 -21.768906
v 8.527748 3.196743 -22.202705
v 8.527748 3.095743 -22.202705
v 8.527748 3.196742 -29.769005
v 8.527748 3.095742 -29.769005
v 8.527748 3.196742 -30.203011
v 8.527748 3.095742 -30.203011
v 8.527748 3.196743 -23.768906
v 8.527748 3.095743 -23.768906
v 8.527748 3.196743 -24.202606
v 8.527748 3.095743 -24.202606
v 8.527748 3.196742 -30.269005
v 8.527748 3.095742 -30.269005
v 8.527748 3.196742 -30.703011
v 8.527748 3.095742 -30.703011
v 8.527748 3.196743 -24.268906
v 8.527748 3.095743 -24.268906
v 8.527748 3.196743 -24.702606
v 8.527748 3.095743 -24.702606
v 8.527748 3.196743 -25.768906
v 8.527748 3.095743 -25.768906
v 8.527748 3.196743 -26.202606
v 8.527748 3.095743 -26.202606
v 8.527748 3.196743 -20.268906
v 8.527748 3.095743 -20.268906
v 8.527748 3.196743 -20.702705
v 8.527748 3.095743 -20.702705
v 8.527748 3.196742 -33.269005
v 8.527748 3.095742 -33.269005
v 8.527748 3.196742 -33.703011
v 8.527748 3.095742 -33.703011
v 8.527748 3.196743 -26.768906
v 8.527748 3.095743 -26.768906
v 8.527748 3.196743 -27.202606
v 8.527748 3.095743 -27.202606
v 8.527748 3.196743 -27.268906
v 8.527748 3.095743 -27.268906
v 8.527748 3.196743 -27.702606
v 8.527748 3.095743 -27.702606
v 8.527748 3.196743 -27.768906
v 8.527748 3.095743 -27.768906
v 8.527748 3.196743 -28.202606
v 8.527748 3.095743 -28.202606
v 8.527748 3.196742 -29.268906
v 8.527748 3.095742 -29.268906
v 8.527748 3.196742 -29.703011
v 8.527748 3.095742 -29.703011
v 8.527748 3.196742 -32.769005
v 8.527748 3.095742 -32.769005
v 8.527748 3.196742 -33.203011
v 8.527748 3.095742 -33.203011
v 8.527748 3.196743 -28.768906
v 8.527748 3.095743 -28.768906
v 8.527748 3.196742 -29.202606
v 8.527748 3.095742 -29.202606
v 8.527748 3.196743 -19.768906
v 8.527748 3.095743 -19.768906
v 8.527748 3.196743 -20.202705
v 8.527748 3.095743 -20.202705
v 8.527748 3.196742 -31.269005
v 8.527748 3.095742 -31.269005
v 8.527748 3.196742 -31.703011
v 8.527748 3.095742 -31.703011
v 8.527748 3.196743 -26.268906
v 8.527748 3.095743 -26.268906
v 8.527748 3.196743 -26.702606
v 8.527748 3.095743 -26.702606
v 8.527748 3.196742 -32.269005
v 8.527748 3.095742 -32.269005
v 8.527748 3.196742 -32.703011
v 8.527748 3.095742 -32.703011
v 8.527748 3.196743 -18.268906
v 8.527748 3.095743 -18.268906
v 8.527748 3.196743 -18.702705
v 8.527748 3.095743 -18.702705
v 8.527748 3.196743 -22.768906
v 8.527748 3.095743 -22.768906
v 8.527748 3.196743 -23.202705
v 8.527748 3.095743 -23.202705
v 8.527748 3.196743 -25.268906
v 8.527748 3.095743 -25.268906
v 8.527748 3.196743 -25.702606
v 8.527748 3.095743 -25.702606
v 8.527748 3.196743 -19.268906
v 8.527748 3.095743 -19.268906
v 8.527748 3.196743 -19.702705
v 8.527748 3.095743 -19.702705
v 8.527748 3.196742 -30.769005
v 8.527748 3.095742 -30.769005
v 8.527748 3.196742 -31.203011
v 8.527748 3.095742 -31.203011
v 8.527748 3.196743 -22.268906
v 8.527748 3.095743 -22.268906
v 8.527748 3.196743 -22.702705
v 8.527748 3.095743 -22.702705
v 8.527748 3.196743 -21.268906
v 8.527748 3.095743 -21.268906
v 8.527748 3.196743 -21.702705
v 8.527748 3.095743 -21.702705
v 8.527748 3.196743 -23.268906
v 8.527748 3.095743 -23.268906
v 8.527748 3.196743 -23.702705
v 8.527748 3.095743 -23.702705
v 8.527748 3.196743 -28.268906
v 8.527748 3.095743 -28.268906
v 8.527748 3.196743 -28.702606
v 8.527748 3.095743 -28.702606
v 8.527748 3.196743 -20.768906
v 8.527748 3.095743 -20.768906
v 8.527748 3.196743 -21.202705
v 8.527748 3.095743 -21.202705
v 8.527748 3.196743 -24.768906
v 8.527748 3.095743 -24.768906
v 8.527748 3.196743 -25.202606
v 8.527748 3.095743 -25.202606
v 8.527748 3.196743 -17.768906
v 8.527748 3.095743 -17.768906
v 8.527748 3.196743 -18.202507
v 8.527748 3.095743 -18.202507
v 8.527748 3.196742 -34.769005
v 8.527748 3.095742 -34.769005
v 8.527748 3.196742 -35.203011
v 8.527748 3.095742 -35.203011
v 7.650742 11.901793 -17.876312
v 7.650742 12.159793 -17.876312
v 7.650742 11.901793 -14.621910
v 7.650742 12.159793 -14.621910
v 7.650742 5.821743 -17.876312
v 7.650742 6.078743 -17.876312
v 7.650742 5.821744 -11.321907
v 7.650742 6.078744 -11.321907
v 7.652748 6.299754 -11.716705
v 7.652748 6.299754 -11.147408
v 7.652748 -0.000247 -11.716705
v 7.652748 -0.000246 -11.147408
v 7.652748 13.499793 -14.878410
v 7.652748 13.499793 -14.309311
v 7.652748 3.126754 -14.878510
v 7.652748 3.126754 -14.309311
v 7.651749 6.078744 -11.147812
v 7.651749 5.821744 -11.147812
v 7.651749 6.078744 -11.709412
v 7.651749 5.821744 -11.709412
v 7.581741 3.259744 -11.044312
v 7.581741 3.001754 -11.044312
v 7.581741 3.259744 -11.372612
v 7.581741 3.001754 -11.372612
v 7.540749 3.060742 -36.763008
v 7.540749 3.162742 -36.763008
v 7.540749 3.060744 -11.540810
v 7.540749 3.161754 -11.540810
v 7.501747 3.095744 -14.461609
v 7.501747 3.095744 -14.797905
v 7.501747 5.864744 -14.461510
v 7.501747 5.864744 -14.797905
v 7.501747 3.095744 -16.261612
v 7.501747 3.095743 -16.598007
v 7.501747 5.864743 -16.261612
v 7.501747 5.864743 -16.598007
v 7.501747 3.095744 -15.661705
v 7.501747 3.095744 -15.998009
v 7.501747 5.864743 -15.661705
v 7.501747 5.864743 -15.997910
v 7.501747 3.095744 -15.061607
v 7.501747 3.095744 -15.397911
v 7.501747 5.864743 -15.061607
v 7.501747 5.864743 -15.397911
v 7.501747 3.095744 -13.861511
v 7.501747 3.095744 -14.198006
v 7.501747 5.864744 -13.861511
v 7.501747 5.864744 -14.198006
v 7.501747 3.095744 -13.261505
v 7.501747 3.095744 -13.597908
v 7.501747 5.864744 -13.261505
v 7.501747 5.864744 -13.597908
v 7.501747 3.095744 -12.661507
v 7.501747 3.095744 -12.997910
v 7.501747 5.864744 -12.661507
v 7.501747 5.864744 -12.997910
v 7.501747 3.095744 -12.061508
v 7.501747 3.095744 -12.397911
v 7.501747 5.864744 -12.061508
v 7.501747 5.864744 -12.397911
v 7.501747 3.095743 -16.861610
v 7.501747 3.095743 -17.198105
v 7.501747 5.864743 -16.861610
v 7.501747 5.864743 -17.198105
v 7.254745 3.242754 -15.534409
v 7.254745 3.101743 -15.534409
v 7.254745 3.242754 -15.968208
v 7.254745 3.101743 -15.968208
v 7.254745 3.242754 -15.034508
v 7.254745 3.101743 -15.034508
v 7.254745 3.242754 -15.468208
v 7.254745 3.101743 -15.468208
v 7.254745 3.242754 -14.534409
v 7.254745 3.101743 -14.534409
v 7.254745 3.242754 -14.968208
v 7.254745 3.101743 -14.968208
v 7.254745 3.242754 -14.034409
v 7.254745 3.101743 -14.034409
v 7.254745 3.242754 -14.468208
v 7.254745 3.101743 -14.468208
v 7.254745 3.242754 -13.534409
v 7.254745 3.101743 -13.534409
v 7.254745 3.242754 -13.968208
v 7.254745 3.101743 -13.968208
v 7.254745 3.242754 -13.034409
v 7.254745 3.101744 -13.034409
v 7.254745 3.242754 -13.468208
v 7.254745 3.101743 -13.468208
v 7.254745 3.242754 -12.034409
v 7.254745 3.101744 -12.034409
v 7.254745 3.242754 -12.468208
v 7.254745 3.101744 -12.468208
v 7.254745 3.242754 -11.534409
v 7.254745 3.101744 -11.534409
v 7.254745 3.242754 -11.968208
v 7.254745 3.101744 -11.968208
v 7.254745 3.242754 -12.534409
v 7.254745 3.101744 -12.534409
v 7.254745 3.242754 -12.968208
v 7.254745 3.101744 -12.968208
v 7.254745 3.242753 -17.034508
v 7.254745 3.101743 -17.034508
v 7.254745 3.242753 -17.468307
v 7.254745 3.101743 -17.468307
v 7.254745 3.242753 -16.534508
v 7.254745 3.101743 -16.534508
v 7.254745 3.242753 -16.968307
v 7.254745 3.101743 -16.968307
v 7.254745 3.242754 -16.034508
v 7.254745 3.101743 -16.034508
v 7.254745 3.242754 -16.468208
v 7.254745 3.101743 -16.468208
v 7.254745 3.242753 -17.534508
v 7.254745 3.101743 -17.534508
v 7.254745 3.242753 -17.968307
v 7.254745 3.101743 -17.968307
v 6.840744 3.095744 -11.200806
v 6.840744 3.095744 -11.458611
v 6.840744 5.864744 -11.200905
v 6.840744 5.864744 -11.458611
v 6.240746 3.095744 -11.200806
v 6.240746 3.095744 -11.458611
v 6.240746 5.864744 -11.200905
v 6.240746 5.864744 -11.458611
v 5.876747 3.052742 -36.763008
v 5.876747 3.170742 -36.763008
v 5.876747 3.051754 -11.340805
v 5.876747 3.170744 -11.340805
v 5.640747 3.095744 -11.200806
v 5.640747 3.095744 -11.458611
v 5.640747 5.864744 -11.200905
v 5.640747 5.864744 -11.458611
v 5.040749 3.095744 -11.200806
v 5.040749 3.095744 -11.458611
v 5.040749 5.864744 -11.200905
v 5.040749 5.864744 -11.458611
v 4.440742 3.095744 -11.200806
v 4.440742 3.095744 -11.458611
v 4.440742 5.864744 -11.200905
v 4.440742 5.864744 -11.458611
v 4.040749 3.060742 -36.763008
v 4.040749 3.162742 -36.763008
v 4.040749 3.060744 -11.340805
v 4.040749 3.161754 -11.340805
v 3.840744 3.095744 -11.200806
v 3.840744 3.095744 -11.458611
v 3.840744 5.864744 -11.200905
v 3.840744 5.864744 -11.458611
v 3.746742 3.388743 -17.736809
v 3.746742 3.130753 -17.736809
v 3.746742 3.388743 -18.170609
v 3.746742 3.130753 -18.170609
v 3.747742 10.828794 -18.170609
v 3.747742 10.828794 -17.736809
v 3.747742 3.128753 -18.170609
v 3.747742 3.128753 -17.736809
v 3.746742 10.907693 -17.736809
v 3.746742 10.649794 -17.736809
v 3.746742 10.907693 -18.170609
v 3.746742 10.649794 -18.170609
v 3.240746 3.095744 -11.200905
v 3.240746 3.095744 -11.458710
v 3.240746 5.864744 -11.200905
v 3.240746 5.864744 -11.458710
v 2.640747 3.095744 -11.200905
v 2.640747 3.095744 -11.458710
v 2.640747 5.864744 -11.200905
v 2.640747 5.864744 -11.458710
v 2.584747 7.484752 -36.877007
v 2.584747 7.284752 -36.877007
v 2.584747 7.484752 -37.315010
v 2.584747 7.284752 -37.315010
v 2.588745 11.295691 -37.315010
v 2.588745 11.295692 -36.877007
v 2.588745 7.320752 -37.315010
v 2.588745 7.320752 -36.877007
v 2.584747 11.330792 -36.877007
v 2.584747 11.130793 -36.877007
v 2.584747 11.330791 -37.315010
v 2.584747 11.130792 -37.315010
v 2.540749 3.060742 -36.763008
v 2.540749 3.162742 -36.763008
v 2.540749 3.060744 -11.340805
v 2.540749 3.161754 -11.340805
v 2.040749 3.095744 -11.200905
v 2.040749 3.095744 -11.458710
v 2.040749 5.864744 -11.200905
v 2.040749 5.864744 -11.458710
v 1.440742 3.095744 -11.200905
v 1.440742 3.095744 -11.458710
v 1.440742 5.864744 -11.200905
v 1.440742 5.864744 -11.458710
v 1.049744 3.058742 -36.763008
v 1.049744 3.164742 -36.763008
v 1.049744 3.058744 -11.340805
v 1.049744 3.163754 -11.340805
v 0.840744 3.095744 -11.200905
v 0.840744 3.095744 -11.458710
v 0.840744 5.864744 -11.200905
v 0.840744 5.864744 -11.458710
v 0.240746 3.095744 -11.200905
v 0.240746 3.095744 -11.458710
v 0.240746 5.864744 -11.200905
v 0.240746 5.864744 -11.458710
v -0.359253 3.095744 -11.200905
v -0.359253 3.095744 -11.458710
v -0.359253 5.864744 -11.200905
v -0.359253 5.864744 -11.458710
v -0.459251 3.060742 -36.763008
v -0.459251 3.162742 -36.763008
v -0.459251 3.060744 -11.340805
v -0.459251 3.161754 -11.340805
v -0.952255 10.828794 -18.170609
v -0.952255 10.828794 -17.736809
v -0.952255 3.128753 -18.170609
v -0.952255 3.128753 -17.736809
v -0.959251 3.095744 -11.200905
v -0.959251 3.095744 -11.458611
v -0.959251 5.864744 -11.200905
v -0.959251 5.864744 -11.458710
v -1.056252 7.878753 -17.748405
v -1.056252 7.621743 -17.748405
v -1.056252 7.879743 -18.182007
v -1.056252 7.621743 -18.182007
v -1.095253 5.618753 -17.748405
v -1.095253 5.360744 -17.748405
v -1.095253 5.618753 -18.182205
v -1.095253 5.360744 -18.182205
v -1.117256 10.583794 -17.748207
v -1.117256 10.325793 -17.748207
v -1.117256 10.583794 -18.182007
v -1.117256 10.325793 -18.182007
v -1.559250 3.095744 -11.200905
v -1.559250 3.095744 -11.458611
v -1.559250 5.864744 -11.200905
v -1.559250 5.864744 -11.458710
v -2.124252 11.295691 -37.315010
v -2.124252 11.295692 -36.877007
v -2.124252 7.320752 -37.315010
v -2.124252 7.320752 -36.877007
v -2.159256 3.095744 -11.200905
v -2.159256 3.095744 -11.458611
v -2.159256 5.864744 -11.200905
v -2.159256 5.864744 -11.458710
v -2.210251 7.879742 -36.861008
v -2.210251 7.621742 -36.861008
v -2.210251 7.879742 -37.295006
v -2.210251 7.621742 -37.295006
v -2.259262 3.060742 -36.763008
v -2.259262 3.162742 -36.763008
v -2.259262 3.060744 -11.140808
v -2.259262 3.161754 -11.140808
v -2.309250 10.583793 -36.861008
v -2.309250 10.325792 -36.861008
v -2.309250 10.583792 -37.295006
v -2.309250 10.325791 -37.295006
v -2.759262 3.095744 -11.200905
v -2.759262 3.095744 -11.458611
v -2.759262 5.864744 -11.200905
v -2.759262 5.864744 -11.458710
v -3.359253 3.095744 -11.200905
v -3.359253 3.095744 -11.458611
v -3.359253 5.864744 -11.200905
v -3.359253 5.864744 -11.458710
v -3.759262 3.060742 -36.763008
v -3.759262 3.162742 -36.763008
v -3.759262 3.060744 -11.340805
v -3.759262 3.161754 -11.340805
v -3.959259 3.095744 -11.200806
v -3.959259 3.095744 -11.458611
v -3.959259 5.864744 -11.200905
v -3.959259 5.864744 -11.458611
v -4.722260 6.209744 -11.716705
v -4.722260 6.209744 -11.147408
v -4.722260 -0.000247 -11.716705
v -4.722260 -0.000246 -11.147408
v -4.722260 13.409793 -14.878410
v -4.722260 13.409793 -14.309212
v -4.722260 3.215754 -14.878510
v -4.722260 3.215754 -14.309311
v -4.749252 5.821743 -17.876312
v -4.749252 6.078743 -17.876312
v -4.749252 5.821744 -11.321907
v -4.749252 6.078744 -11.321907
v -4.772263 11.901793 -17.876312
v -4.772263 12.159793 -17.876312
v -4.772263 11.901793 -14.621910
v -4.772263 12.159793 -14.621910
v -4.898254 3.095744 -12.061508
v -4.898254 3.095744 -12.397911
v -4.898254 5.864744 -12.061508
v -4.898254 5.864744 -12.397911
v -4.898254 3.095744 -13.261505
v -4.898254 3.095744 -13.597908
v -4.898254 5.864744 -13.261505
v -4.898254 5.864744 -13.597908
v -4.898254 3.095744 -12.661507
v -4.898254 3.095744 -12.997910
v -4.898254 5.864744 -12.661507
v -4.898254 5.864744 -12.997910
v -4.898254 3.095744 -14.461510
v -4.898254 3.095744 -14.797905
v -4.898254 5.864744 -14.461510
v -4.898254 5.864744 -14.797905
v -4.898254 3.095743 -16.861610
v -4.898254 3.095743 -17.198105
v -4.898254 5.864743 -16.861610
v -4.898254 5.864743 -17.198105
v -4.898254 3.095744 -16.261612
v -4.898254 3.095743 -16.598007
v -4.898254 5.864743 -16.261612
v -4.898254 5.864743 -16.598007
v -4.898254 3.095744 -15.661705
v -4.898254 3.095744 -15.997910
v -4.898254 5.864743 -15.661705
v -4.898254 5.864743 -15.997910
v -4.898254 3.095744 -15.061607
v -4.898254 3.095744 -15.397911
v -4.898254 5.864743 -15.061607
v -4.898254 5.864743 -15.397911
v -4.898254 3.095744 -13.861511
v -4.898254 3.095744 -14.198006
v -4.898254 5.864744 -13.861511
v -4.898254 5.864744 -14.198006
v -5.259262 3.060742 -36.763008
v -5.259262 3.162742 -36.763008
v -5.259262 3.060743 -17.640808
v -5.259262 3.161753 -17.640808
v -6.759262 3.060742 -36.763008
v -6.759262 3.162742 -36.763008
v -6.759262 3.060743 -17.640808
v -6.759262 3.161753 -17.640808
v -7.436249 7.473753 -17.733910
v -7.436249 7.273753 -17.733910
v -7.436249 7.473753 -18.172112
v -7.436249 7.273753 -18.172112
v -7.432251 11.284793 -18.172012
v -7.432251 11.284793 -17.733910
v -7.432251 7.309753 -18.172112
v -7.432251 7.309753 -17.733910
v -7.436249 11.318793 -17.733910
v -7.436249 11.118793 -17.733910
v -7.436249 11.318793 -18.172012
v -7.436249 11.118793 -18.172012
v -8.559250 3.060742 -36.763008
v -8.559250 3.162742 -36.763008
v -8.559250 3.060743 -17.640808
v -8.559250 3.161753 -17.640808
v -9.772263 11.284793 -18.172012
v -9.772263 11.284793 -17.733910
v -9.772263 7.309753 -18.172112
v -9.772263 7.309753 -17.733910
v -9.935257 10.907692 -36.860008
v -9.935257 10.649793 -36.860008
v -9.935257 10.907691 -37.294006
v -9.935257 10.649792 -37.294006
v -9.934250 10.828792 -37.294006
v -9.934250 10.828793 -36.860008
v -9.933258 3.128752 -37.294006
v -9.933258 3.128752 -36.860008
v -9.935257 3.388742 -36.860008
v -9.935257 3.130752 -36.860008
v -9.935257 3.388742 -37.294006
v -9.935257 3.130752 -37.294006
v -10.059250 3.060742 -36.763008
v -10.059250 3.162742 -36.763008
v -10.059250 3.060743 -17.640808
v -10.059250 3.161753 -17.640808
v -10.145248 0.355754 -41.055008
v -10.145248 4.041742 -37.368011
v -10.145248 0.000743 -40.700012
v -10.145248 3.686752 -37.013008
v -10.341248 0.835750 -40.482010
v -10.341248 0.835750 -39.721008
v -10.341248 0.644756 -40.482010
v -10.341248 0.644756 -39.721008
v -10.424255 2.358742 -38.960007
v -10.424255 2.358742 -38.198006
v -10.424255 2.168742 -38.960007
v -10.424255 2.168742 -38.198006
v -10.441254 3.120752 -38.197006
v -10.441254 3.120752 -37.435005
v -10.441254 2.930752 -38.197006
v -10.441254 2.930752 -37.435005
v -10.441254 1.596752 -39.721008
v -10.441254 1.596752 -38.959007
v -10.441254 1.406752 -39.721008
v -10.441254 1.406752 -38.959007
v -11.859253 3.060742 -36.763008
v -11.859253 3.162742 -36.763008
v -11.859253 3.060743 -17.640808
v -11.859253 3.161753 -17.640808
v -12.145248 11.284793 -18.172012
v -12.145248 11.284793 -17.733910
v -12.145248 7.309753 -18.172112
v -12.145248 7.309753 -17.733910
v -12.227249 7.878753 -17.748405
v -12.227249 7.620753 -17.748405
v -12.227249 7.878753 -18.182007
v -12.227249 7.620753 -18.182007
v -12.240250 10.582793 -17.748207
v -12.240250 10.325793 -17.748207
v -12.240250 10.582793 -18.182007
v -12.240250 10.325793 -18.182007
v -13.359253 3.060742 -36.763008
v -13.359253 3.162742 -36.763008
v -13.359253 3.060743 -17.640808
v -13.359253 3.161753 -17.640808
v -14.287262 0.355754 -41.055008
v -14.287262 4.041742 -37.368011
v -14.287262 0.000743 -40.700012
v -14.287262 3.686752 -37.013008
v -14.634262 10.828792 -37.294006
v -14.634262 10.828793 -36.860008
v -14.633255 3.128752 -37.294006
v -14.633255 3.128752 -36.860008
v -14.763260 10.583793 -36.861008
v -14.763260 10.325792 -36.861008
v -14.763260 10.583792 -37.295006
v -14.763260 10.325791 -37.295006
v -14.798248 7.879742 -36.861008
v -14.798248 7.621742 -36.861008
v -14.798248 7.879742 -37.295006
v -14.798248 7.621742 -37.295006
v -14.835251 5.618752 -36.861008
v -14.835251 5.360742 -36.861008
v -14.835251 5.618752 -37.295006
v -14.835251 5.360742 -37.295006
v -15.159256 3.060742 -36.763008
v -15.159256 3.162742 -36.763008
v -15.159256 3.060743 -17.640808
v -15.159256 3.161753 -17.640808
v -16.659256 3.060742 -36.763008
v -16.659256 3.162742 -36.763008
v -16.659256 3.060743 -17.640808
v -16.659256 3.161753 -17.640808
v -17.612259 13.497791 -40.744011
v -17.612259 21.285793 -27.731712
v -17.612259 12.896791 -40.384010
v -17.612259 20.685692 -27.372009
v -17.614258 21.281792 -27.689812
v -17.614258 12.911794 -13.312508
v -17.614258 20.668793 -28.047112
v -17.614258 12.297793 -13.669708
v -17.919250 15.636793 -18.352707
v -17.919250 15.636793 -17.683510
v -17.918259 -0.000247 -18.352707
v -17.918259 -0.000247 -17.683510
v -17.919250 15.636791 -37.296005
v -17.919250 15.636792 -36.626007
v -17.918259 -0.000248 -37.296005
v -17.918259 -0.000248 -36.626007
v -17.959259 10.325792 -25.207710
v -17.959259 10.583793 -25.207611
v -17.959259 10.325793 -17.744011
v -17.959259 10.582793 -17.744011
v -17.959259 5.360742 -36.866005
v -17.959259 5.618752 -36.866005
v -17.959259 5.360744 -17.744011
v -17.959259 5.618753 -17.744011
v -17.959259 7.621743 -25.227310
v -17.959259 7.879743 -25.227310
v -17.959259 7.620753 -17.744011
v -17.959259 7.878753 -17.744011
v -17.959259 3.060742 -36.763008
v -17.959259 3.318752 -36.763008
v -17.959259 3.060743 -17.640808
v -17.959259 3.318753 -17.640808
v -17.959259 7.621742 -36.982010
v -17.959259 7.879742 -36.982010
v -17.959259 7.621742 -30.025009
v -17.959259 7.879742 -30.025009
v -17.959259 10.325792 -36.866005
v -17.959259 10.583793 -36.866005
v -17.959259 10.325792 -29.906006
v -17.959259 10.583793 -29.906006
v -17.959259 14.512793 -36.866005
v -17.959259 14.770792 -36.866005
v -17.959259 14.512794 -17.744110
v -17.959259 14.770793 -17.744110
v -17.959259 12.469792 -36.866005
v -17.959259 12.727793 -36.866005
v -17.959259 12.468793 -17.744110
v -17.959259 12.726693 -17.744110
v -17.965256 7.231742 -30.079010
v -17.963257 7.431742 -30.079010
v -17.965256 7.231743 -25.168907
v -17.963257 7.431743 -25.168907
v -17.910248 11.242792 -25.365311
v -17.910248 11.242792 -25.165405
v -17.965256 7.266753 -25.365311
v -17.965256 7.266753 -25.165405
v -17.910248 11.242792 -30.078011
v -17.910248 11.242792 -29.878006
v -17.965256 7.266752 -30.078011
v -17.965256 7.266752 -29.878006
v -17.913254 11.076793 -30.079010
v -17.910248 11.276793 -30.079010
v -17.913254 11.076793 -25.168907
v -17.910248 11.276793 -25.168907
v 9.785744 21.285793 -27.731712
v 9.785744 13.497791 -40.744011
v 8.402748 21.285793 -27.731712
v 8.402748 13.497791 -40.744011
v -17.612259 21.285793 -27.731712
v -17.612259 13.497791 -40.744011
v -18.995255 21.285793 -27.731712
v -18.995255 13.497791 -40.744011
v 9.635742 13.500792 -40.739006
v -18.876251 13.500792 -40.739006
v 9.635742 13.799791 -40.238007
v -18.876251 13.799791 -40.238007
v -17.614258 12.911794 -13.312508
v -17.614258 21.281792 -27.689812
v -18.982254 12.911794 -13.312508
v -18.982254 21.281792 -27.689812
v 9.783745 12.920693 -13.328209
v 9.783745 21.281792 -27.689812
v 8.414742 12.920693 -13.328209
v 8.414742 21.281792 -27.689812
v -18.905258 12.902793 -13.296906
v 9.754745 12.902793 -13.296906
v -18.905258 13.200793 -13.809006
v 9.754745 13.200793 -13.809006
v 9.049744 15.636791 -37.296005
v 8.449745 15.636791 -37.296005
v 9.049744 15.636792 -36.626007
v 8.449745 15.636792 -36.626007
v 9.049744 15.636793 -18.352608
v 8.449745 15.636793 -18.352608
v 9.049744 15.636793 -17.683510
v 8.449745 15.636793 -17.683510
v -17.919250 15.636793 -18.352707
v -18.518250 15.636793 -18.352707
v -17.919250 15.636793 -17.683510
v -18.518250 15.636793 -17.683510
v -17.919250 15.636791 -37.296005
v -18.518250 15.636791 -37.296005
v -17.919250 15.636792 -36.626007
v -18.518250 15.636792 -36.626007
v -18.094254 14.912792 -27.631912
v -18.094254 14.912792 -27.017311
v 8.602745 14.912792 -27.631912
v 8.602745 14.912792 -27.017212
v 8.918747 14.780792 -36.861008
v 8.918747 14.780791 -37.295006
v -18.400253 14.780792 -36.861008
v -18.400253 14.780791 -37.295006
v 8.914742 14.770792 -36.866005
v 8.480743 14.770792 -36.866005
v 8.914742 14.770793 -17.744110
v 8.480743 14.770793 -17.744110
v 8.918747 14.770793 -17.748405
v 8.918747 14.770793 -18.182205
v -18.400253 14.770793 -17.748405
v -18.400253 14.770793 -18.182205
v -17.959259 14.770792 -36.866005
v -18.393250 14.770792 -36.866005
v -17.959259 14.770793 -17.744110
v -18.393250 14.770793 -17.744110
v -14.287262 4.041742 -37.368011
v -14.287262 0.355754 -41.055008
v -14.668259 4.041742 -37.368011
v -14.668259 0.355754 -41.055008
v -10.145248 4.041742 -37.368011
v -10.145248 0.355754 -41.055008
v -10.526260 4.041742 -37.368011
v -10.526260 0.355754 -41.055008
v 7.052742 13.499793 -14.309311
v 7.652748 13.499793 -14.309311
v 7.052742 13.499793 -14.878410
v 7.652748 13.499793 -14.878410
v -5.322250 13.409793 -14.309212
v -4.722260 13.409793 -14.309212
v -5.322250 13.409793 -14.878410
v -4.722260 13.409793 -14.878410
v 8.918747 12.726692 -36.861008
v 8.918747 12.726691 -37.295006
v -18.400253 12.726692 -36.861008
v -18.400253 12.726691 -37.295006
v 8.914742 12.726692 -36.866005
v 8.480743 12.726692 -36.866005
v 8.914742 12.726693 -17.744110
v 8.480743 12.726693 -17.744110
v 8.918747 12.726693 -17.748405
v 8.918747 12.726693 -18.182205
v -18.400253 12.726693 -17.748405
v -18.400253 12.726693 -18.182205
v -17.959259 12.727793 -36.866005
v -18.393250 12.727793 -36.866005
v -17.959259 12.726693 -17.744110
v -18.393250 12.726693 -17.744110
v -4.772263 12.159793 -17.876312
v -5.308258 12.159793 -17.876312
v -4.772263 12.159793 -14.621910
v -5.308258 12.159793 -14.621910
v 7.650742 12.159793 -17.876312
v 7.077744 12.159793 -17.876312
v 7.650742 12.159793 -14.621910
v 7.077744 12.159793 -14.621910
v 8.960747 11.282692 -30.032005
v 8.522743 11.288793 -30.032005
v 8.960747 11.282692 -25.122505
v 8.522743 11.288793 -25.122505
v 8.960747 11.248793 -25.118805
v 8.960747 11.248793 -25.318810
v 8.521744 11.254692 -25.118805
v 8.521744 11.254692 -25.318810
v 8.960747 11.248793 -29.831009
v 8.960747 11.248793 -30.031006
v 8.521744 11.254692 -29.831009
v 8.521744 11.254692 -30.031006
v -2.325256 11.330791 -37.315010
v -2.325256 11.330792 -36.877007
v 2.584747 11.330791 -37.315010
v 2.584747 11.330792 -36.877007
v -12.346252 11.318793 -18.172012
v -12.346252 11.318793 -17.733910
v -7.436249 11.318793 -18.172012
v -7.436249 11.318793 -17.733910
v -9.772263 11.284793 -18.172012
v -9.972260 11.284793 -18.172012
v -9.772263 11.284793 -17.733910
v -9.972260 11.284793 -17.733910
v 2.588745 11.295691 -37.315010
v 2.388748 11.295691 -37.315010
v 2.588745 11.295692 -36.877007
v 2.388748 11.295692 -36.877007
v -2.124252 11.295691 -37.315010
v -2.324249 11.295691 -37.315010
v -2.124252 11.295692 -36.877007
v -2.324249 11.295692 -36.877007
v -7.432251 11.284793 -18.172012
v -7.632248 11.284793 -18.172012
v -7.432251 11.284793 -17.733910
v -7.632248 11.284793 -17.733910
v -12.145248 11.284793 -18.172012
v -12.345261 11.284793 -18.172012
v -12.145248 11.284793 -17.733910
v -12.345261 11.284793 -17.733910
v -17.910248 11.276793 -30.079010
v -18.348251 11.282692 -30.079010
v -17.910248 11.276793 -25.168907
v -18.348251 11.282692 -25.168907
v -17.910248 11.242792 -25.165405
v -17.910248 11.242792 -25.365311
v -18.348251 11.248793 -25.165405
v -18.348251 11.248793 -25.365311
v -17.910248 11.242792 -29.878006
v -17.910248 11.242792 -30.078011
v -18.348251 11.248793 -29.878006
v -18.348251 11.248793 -30.078011
v -14.897263 10.907691 -37.294006
v -14.897263 10.907692 -36.860008
v -9.935257 10.907691 -37.294006
v -9.935257 10.907692 -36.860008
v -1.216255 10.907693 -18.170609
v -1.216255 10.907693 -17.736809
v 3.746742 10.907693 -18.170609
v 3.746742 10.907693 -17.736809
v -14.634262 10.828792 -37.294006
v -14.891251 10.828792 -37.294006
v -14.634262 10.828793 -36.860008
v -14.891251 10.828793 -36.860008
v -9.934250 10.828792 -37.294006
v -10.191254 10.828792 -37.294006
v -9.934250 10.828793 -36.860008
v -10.191254 10.828793 -36.860008
v 3.747742 10.828794 -18.170609
v 3.489746 10.828794 -18.170609
v 3.747742 10.828794 -17.736809
v 3.489746 10.828794 -17.736809
v -0.952255 10.828794 -18.170609
v -1.210258 10.828794 -18.170609
v -0.952255 10.828794 -17.736809
v -1.210258 10.828794 -17.736809
v -14.763260 10.583793 -36.861008
v -14.763260 10.583792 -37.295006
v -18.400253 10.583793 -36.861008
v -18.400253 10.583792 -37.295006
v -2.309250 10.583793 -36.861008
v -2.309250 10.583792 -37.295006
v -9.981262 10.583793 -36.861008
v -9.981262 10.583792 -37.295006
v 8.918747 10.583794 -17.748207
v 8.918747 10.583794 -18.182007
v 3.646744 10.583794 -17.748207
v 3.646744 10.583794 -18.182007
v 8.661743 10.583793 -36.861008
v 8.661743 10.583792 -37.295006
v 2.553741 10.583793 -36.861008
v 2.553741 10.583792 -37.295006
v 8.914742 10.583793 -25.180008
v 8.480743 10.583793 -25.180008
v 8.914742 10.583794 -17.744011
v 8.480743 10.583794 -17.744011
v 8.914742 10.583793 -36.866005
v 8.480743 10.583793 -36.866005
v 8.914742 10.583793 -29.910011
v 8.480743 10.583793 -29.910011
v -17.959259 10.583793 -25.207611
v -18.393250 10.583793 -25.207611
v -17.959259 10.582793 -17.744011
v -18.393250 10.582793 -17.744011
v -12.240250 10.582793 -17.748207
v -12.240250 10.582793 -18.182007
v -18.370255 10.582793 -17.748207
v -18.370255 10.582793 -18.182007
v -1.117256 10.583794 -17.748207
v -1.117256 10.583794 -18.182007
v -7.500259 10.582793 -17.748207
v -7.500259 10.582793 -18.182007
v -17.959259 10.583793 -36.866005
v -18.393250 10.583793 -36.866005
v -17.959259 10.583793 -29.906006
v -18.393250 10.583793 -29.906006
v 8.919746 7.879743 -17.748405
v 8.919746 7.879743 -18.182007
v 3.599747 7.879743 -17.748405
v 3.599747 7.879743 -18.182007
v 8.919746 7.879742 -36.861008
v 8.919746 7.879742 -37.295006
v 2.529747 7.879742 -36.861008
v 2.529747 7.879742 -37.295006
v 8.914742 7.879743 -25.165512
v 8.480743 7.879743 -25.165512
v 8.914742 7.878753 -18.260506
v 8.480743 7.878753 -18.260506
v 8.914742 7.879742 -36.866005
v 8.480743 7.879742 -36.866005
v 8.914742 7.879742 -29.961006
v 8.480743 7.879742 -29.961006
v -1.056252 7.878753 -17.748405
v -1.056252 7.879743 -18.182007
v -7.509262 7.878753 -17.748405
v -7.509262 7.878753 -18.182007
v -17.959259 7.879743 -25.227310
v -18.393250 7.879743 -25.227310
v -17.959259 7.878753 -17.744011
v -18.393250 7.878753 -17.744011
v -17.959259 7.879742 -36.982010
v -18.393250 7.879742 -36.982010
v -17.959259 7.879742 -30.025009
v -18.393250 7.879742 -30.025009
v -2.210251 7.879742 -36.861008
v -2.210251 7.879742 -37.295006
v -10.041260 7.879742 -36.861008
v -10.041260 7.879742 -37.295006
v -12.227249 7.878753 -17.748405
v -12.227249 7.878753 -18.182007
v -18.400253 7.878753 -17.748405
v -18.400253 7.878753 -18.182007
v -14.798248 7.879742 -36.861008
v -14.798248 7.879742 -37.295006
v -18.400253 7.878752 -36.861008
v -18.400253 7.879742 -37.295006
v 8.907745 7.437752 -30.032005
v 8.469742 7.443752 -30.032005
v 8.907745 7.437753 -25.122505
v 8.469742 7.443753 -25.122505
v -2.325256 7.484752 -37.315010
v -2.325256 7.484752 -36.877007
v 2.584747 7.484752 -37.315010
v 2.584747 7.484752 -36.877007
v -12.346252 7.473753 -18.172112
v -12.346252 7.473753 -17.733910
v -7.436249 7.473753 -18.172112
v -7.436249 7.473753 -17.733910
v -17.963257 7.431742 -30.079010
v -18.401260 7.437752 -30.079010
v -17.963257 7.431743 -25.168907
v -18.401260 7.437753 -25.168907
v 7.052742 6.299754 -11.147408
v 7.652748 6.299754 -11.147408
v 7.052742 6.299754 -11.716705
v 7.652748 6.299754 -11.716705
v -5.322250 6.209744 -11.147408
v -4.722260 6.209744 -11.147408
v -5.322250 6.209744 -11.716705
v -4.722260 6.209744 -11.716705
v 7.650742 6.078743 -17.876312
v 7.077744 6.078743 -17.876312
v 7.650742 6.078744 -11.321907
v 7.077744 6.078744 -11.321907
v -4.749252 6.078743 -17.876312
v -5.322250 6.078743 -17.876312
v -4.749252 6.078744 -11.321907
v -5.322250 6.078744 -11.321907
v 7.651749 6.078744 -11.147812
v 7.651749 6.078744 -11.709412
v -5.256256 6.078744 -11.147812
v -5.256256 6.078744 -11.709412
v -4.898254 5.864744 -12.397911
v -5.156250 5.864744 -12.397911
v -4.898254 5.864744 -12.061508
v -5.156250 5.864744 -12.061508
v 4.440742 5.864744 -11.200905
v 4.440742 5.864744 -11.458611
v 4.104744 5.864744 -11.200905
v 4.104744 5.864744 -11.458611
v 5.040749 5.864744 -11.200905
v 5.040749 5.864744 -11.458611
v 4.704742 5.864744 -11.200905
v 4.704742 5.864744 -11.458611
v 5.640747 5.864744 -11.200905
v 5.640747 5.864744 -11.458611
v 5.304749 5.864744 -11.200905
v 5.304749 5.864744 -11.458611
v 6.240746 5.864744 -11.200905
v 6.240746 5.864744 -11.458611
v 5.904747 5.864744 -11.200905
v 5.904747 5.864744 -11.458611
v 6.840744 5.864744 -11.200905
v 6.840744 5.864744 -11.458611
v 6.504745 5.864744 -11.200905
v 6.504745 5.864744 -11.458611
v 7.501747 5.864744 -14.797905
v 7.243744 5.864744 -14.797905
v 7.501747 5.864744 -14.461510
v 7.243744 5.864744 -14.461510
v 7.501747 5.864743 -16.598007
v 7.243744 5.864743 -16.598007
v 7.501747 5.864743 -16.261612
v 7.243744 5.864743 -16.261612
v 7.501747 5.864743 -15.997910
v 7.243744 5.864743 -15.997910
v 7.501747 5.864743 -15.661705
v 7.243744 5.864743 -15.661705
v 7.501747 5.864743 -15.397911
v 7.243744 5.864743 -15.397911
v 7.501747 5.864743 -15.061607
v 7.243744 5.864743 -15.061607
v 7.501747 5.864744 -14.198006
v 7.243744 5.864744 -14.198006
v 7.501747 5.864744 -13.861511
v 7.243744 5.864744 -13.861511
v 7.501747 5.864744 -13.597908
v 7.243744 5.864744 -13.597908
v 7.501747 5.864744 -13.261505
v 7.243744 5.864744 -13.261505
v 7.501747 5.864744 -12.997910
v 7.243744 5.864744 -12.997910
v 7.501747 5.864744 -12.661507
v 7.243744 5.864744 -12.661507
v 7.501747 5.864744 -12.397911
v 7.243744 5.864744 -12.397911
v 7.501747 5.864744 -12.061508
v 7.243744 5.864744 -12.061508
v 7.501747 5.864743 -17.198105
v 7.243744 5.864743 -17.198105
v 7.501747 5.864743 -16.861610
v 7.243744 5.864743 -16.861610
v -4.898254 5.864744 -13.597908
v -5.156250 5.864744 -13.597908
v -4.898254 5.864744 -13.261505
v -5.156250 5.864744 -13.261505
v -4.898254 5.864744 -12.997910
v -5.156250 5.864744 -12.997910
v -4.898254 5.864744 -12.661507
v -5.156250 5.864744 -12.661507
v -3.959259 5.864744 -11.200905
v -3.959259 5.864744 -11.458611
v -4.296249 5.864744 -11.200905
v -4.296249 5.864744 -11.458611
v -3.359253 5.864744 -11.200905
v -3.359253 5.864744 -11.458710
v -3.696259 5.864744 -11.200905
v -3.696259 5.864744 -11.458710
v -2.759262 5.864744 -11.200905
v -2.759262 5.864744 -11.458710
v -3.096252 5.864744 -11.200905
v -3.096252 5.864744 -11.458710
v -2.159256 5.864744 -11.200905
v -2.159256 5.864744 -11.458710
v -2.495255 5.864744 -11.200905
v -2.495255 5.864744 -11.458710
v -4.898254 5.864744 -14.797905
v -5.156250 5.864744 -14.797905
v -4.898254 5.864744 -14.461510
v -5.156250 5.864744 -14.461510
v -4.898254 5.864743 -17.198105
v -5.156250 5.864743 -17.198105
v -4.898254 5.864743 -16.861610
v -5.156250 5.864743 -16.861610
v -4.898254 5.864743 -16.598007
v -5.156250 5.864743 -16.598007
v -4.898254 5.864743 -16.261612
v -5.156250 5.864743 -16.261612
v -4.898254 5.864743 -15.997910
v -5.156250 5.864743 -15.997910
v -4.898254 5.864743 -15.661705
v -5.156250 5.864743 -15.661705
v -4.898254 5.864743 -15.397911
v -5.156250 5.864743 -15.397911
v -4.898254 5.864743 -15.061607
v -5.156250 5.864743 -15.061607
v -4.898254 5.864744 -14.198006
v -5.156250 5.864744 -14.198006
v -4.898254 5.864744 -13.861511
v -5.156250 5.864744 -13.861511
v -1.559250 5.864744 -11.200905
v -1.559250 5.864744 -11.458710
v -1.895248 5.864744 -11.200905
v -1.895248 5.864744 -11.458710
v -0.959251 5.864744 -11.200905
v -0.959251 5.864744 -11.458710
v -1.295258 5.864744 -11.200905
v -1.295258 5.864744 -11.458710
v -0.359253 5.864744 -11.200905
v -0.359253 5.864744 -11.458710
v -0.695251 5.864744 -11.200905
v -0.695251 5.864744 -11.458710
v 0.240746 5.864744 -11.200905
v 0.240746 5.864744 -11.458710
v -0.095253 5.864744 -11.200905
v -0.095253 5.864744 -11.458710
v 0.840744 5.864744 -11.200905
v 0.840744 5.864744 -11.458710
v 0.504745 5.864744 -11.200905
v 0.504745 5.864744 -11.458710
v 1.440742 5.864744 -11.200905
v 1.440742 5.864744 -11.458710
v 1.104744 5.864744 -11.200905
v 1.104744 5.864744 -11.458710
v 2.040749 5.864744 -11.200905
v 2.040749 5.864744 -11.458710
v 1.704742 5.864744 -11.200905
v 1.704742 5.864744 -11.458710
v 2.640747 5.864744 -11.200905
v 2.640747 5.864744 -11.458710
v 2.304749 5.864744 -11.200905
v 2.304749 5.864744 -11.458710
v 3.240746 5.864744 -11.200905
v 3.240746 5.864744 -11.458710
v 2.904747 5.864744 -11.200905
v 2.904747 5.864744 -11.458710
v 3.840744 5.864744 -11.200905
v 3.840744 5.864744 -11.458611
v 3.504745 5.864744 -11.200905
v 3.504745 5.864744 -11.458611
v 8.638748 5.618752 -36.861008
v 8.638748 5.618752 -37.295006
v -10.067261 5.618752 -36.861008
v -10.067261 5.618752 -37.295006
v 8.919746 5.618753 -17.748405
v 8.919746 5.618753 -18.182205
v 3.599747 5.618753 -17.748405
v 3.599747 5.618753 -18.182205
v 8.914742 5.618752 -36.866005
v 8.480743 5.618752 -36.866005
v 8.914742 5.618753 -17.744011
v 8.480743 5.618753 -17.744011
v -17.959259 5.618752 -36.866005
v -18.392258 5.618752 -36.866005
v -17.959259 5.618753 -17.744011
v -18.392258 5.618753 -17.744011
v -1.095253 5.618753 -17.748405
v -1.095253 5.618753 -18.182205
v -18.400253 5.618753 -17.748405
v -18.400253 5.618753 -18.182205
v -14.835251 5.618752 -36.861008
v -14.835251 5.618752 -37.295006
v -18.400253 5.618752 -36.861008
v -18.400253 5.618752 -37.295006
v -1.216255 3.388743 -18.170609
v -1.216255 3.388743 -17.736809
v 3.746742 3.388743 -18.170609
v 3.746742 3.388743 -17.736809
v -14.897263 3.388742 -37.294006
v -14.897263 3.388742 -36.860008
v -9.935257 3.388742 -37.294006
v -9.935257 3.388742 -36.860008
v 8.914742 3.318752 -36.763008
v 8.480743 3.318752 -36.763008
v 8.914742 3.317743 -17.640808
v 8.480743 3.317743 -17.640808
v 8.919746 3.318753 -17.645111
v 8.919746 3.318753 -18.078911
v -18.400253 3.318753 -17.645111
v -18.400253 3.318753 -18.078911
v -17.959259 3.318752 -36.763008
v -18.393250 3.318752 -36.763008
v -17.959259 3.318753 -17.640808
v -18.393250 3.318753 -17.640808
v 8.919746 3.318752 -36.758011
v 8.919746 3.318752 -37.192009
v -18.400253 3.317742 -36.758011
v -18.400253 3.317742 -37.192009
v 7.581741 3.259744 -11.044312
v 7.581741 3.259744 -11.372612
v -5.316254 3.259744 -11.044312
v -5.316254 3.259744 -11.372612
v 7.254745 3.242754 -15.534409
v 7.254745 3.242754 -15.968208
v -5.231262 3.242754 -15.534409
v -5.231262 3.242754 -15.968208
v 7.254745 3.242754 -15.034508
v 7.254745 3.242754 -15.468208
v -5.231262 3.242754 -15.034508
v -5.231262 3.242754 -15.468208
v 7.254745 3.242754 -14.534409
v 7.254745 3.242754 -14.968208
v -5.231262 3.242754 -14.534409
v -5.231262 3.242754 -14.968208
v 7.254745 3.242754 -14.034409
v 7.254745 3.242754 -14.468208
v -5.231262 3.242754 -14.034409
v -5.231262 3.242754 -14.468208
v 7.254745 3.242754 -13.534409
v 7.254745 3.242754 -13.968208
v -5.231262 3.242754 -13.534409
v -5.231262 3.242754 -13.968208
v 7.254745 3.242754 -13.034409
v 7.254745 3.242754 -13.468208
v -5.231262 3.242754 -13.034409
v -5.231262 3.242754 -13.468208
v 7.254745 3.242754 -12.034409
v 7.254745 3.242754 -12.468208
v -5.231262 3.242754 -12.034409
v -5.231262 3.242754 -12.468208
v 7.254745 3.242754 -11.534409
v 7.254745 3.242754 -11.968208
v -5.231262 3.242754 -11.534409
v -5.231262 3.242754 -11.968208
v 7.254745 3.242754 -12.534409
v 7.254745 3.242754 -12.968208
v -5.231262 3.242754 -12.534409
v -5.231262 3.242754 -12.968208
v 7.254745 3.242753 -17.034508
v 7.254745 3.242753 -17.468307
v -5.231262 3.242753 -17.034508
v -5.231262 3.242753 -17.468307
v 7.254745 3.242753 -16.534508
v 7.254745 3.242753 -16.968307
v -5.231262 3.242753 -16.534508
v -5.231262 3.242753 -16.968307
v 7.254745 3.242754 -16.034508
v 7.254745 3.242754 -16.468208
v -5.231262 3.242754 -16.034508
v -5.231262 3.242754 -16.468208
v 7.254745 3.242753 -17.534508
v 7.254745 3.242753 -17.968307
v -5.231262 3.242753 -17.534508
v -5.231262 3.242753 -17.968307
v -18.005249 3.196742 -34.203011
v -18.005249 3.196742 -33.769005
v 8.527748 3.196742 -34.203011
v 8.527748 3.196742 -33.769005
v -18.005249 3.196742 -34.703011
v -18.005249 3.196742 -34.269005
v 8.527748 3.196742 -34.703011
v 8.527748 3.196742 -34.269005
v -18.005249 3.196742 -36.203011
v -18.005249 3.196742 -35.769005
v 8.527748 3.196742 -36.203011
v 8.527748 3.196742 -35.769005
v -18.005249 3.196742 -36.703011
v -18.005249 3.196742 -36.269005
v 8.527748 3.196742 -36.703011
v 8.527748 3.196742 -36.269005
v -18.005249 3.196742 -35.703011
v -18.005249 3.196742 -35.269005
v 8.527748 3.196742 -35.703011
v 8.527748 3.196742 -35.269005
v -18.005249 3.196742 -32.203011
v -18.005249 3.196742 -31.769005
v 8.527748 3.196742 -32.203011
v 8.527748 3.196742 -31.769005
v -18.005249 3.196743 -19.202705
v -18.005249 3.196743 -18.768906
v 8.527748 3.196743 -19.202705
v 8.527748 3.196743 -18.768906
v -18.005249 3.196743 -22.202705
v -18.005249 3.196743 -21.768906
v 8.527748 3.196743 -22.202705
v 8.527748 3.196743 -21.768906
v -18.005249 3.196742 -30.203011
v -18.005249 3.196742 -29.769005
v 8.527748 3.196742 -30.203011
v 8.527748 3.196742 -29.769005
v -18.005249 3.196743 -24.202606
v -18.005249 3.196743 -23.768906
v 8.527748 3.196743 -24.202606
v 8.527748 3.196743 -23.768906
v -18.005249 3.196742 -30.703011
v -18.005249 3.196742 -30.269005
v 8.527748 3.196742 -30.703011
v 8.527748 3.196742 -30.269005
v -18.005249 3.196743 -24.702606
v -18.005249 3.196743 -24.268906
v 8.527748 3.196743 -24.702606
v 8.527748 3.196743 -24.268906
v -18.005249 3.196743 -26.202606
v -18.005249 3.196743 -25.768906
v 8.527748 3.196743 -26.202606
v 8.527748 3.196743 -25.768906
v -18.005249 3.196743 -20.702705
v -18.005249 3.196743 -20.268906
v 8.527748 3.196743 -20.702705
v 8.527748 3.196743 -20.268906
v -18.005249 3.196742 -33.703011
v -18.005249 3.196742 -33.269005
v 8.527748 3.196742 -33.703011
v 8.527748 3.196742 -33.269005
v -18.005249 3.196743 -27.202606
v -18.005249 3.196743 -26.768906
v 8.527748 3.196743 -27.202606
v 8.527748 3.196743 -26.768906
v -18.005249 3.196743 -27.702606
v -18.005249 3.196743 -27.268906
v 8.527748 3.196743 -27.702606
v 8.527748 3.196743 -27.268906
v -18.005249 3.196743 -28.202606
v -18.005249 3.196743 -27.768906
v 8.527748 3.196743 -28.202606
v 8.527748 3.196743 -27.768906
v -18.005249 3.196742 -29.703011
v -18.005249 3.196742 -29.268906
v 8.527748 3.196742 -29.703011
v 8.527748 3.196742 -29.268906
v -18.005249 3.196742 -33.203011
v -18.005249 3.196742 -32.769005
v 8.527748 3.196742 -33.203011
v 8.527748 3.196742 -32.769005
v -18.005249 3.196742 -29.202606
v -18.005249 3.196743 -28.768906
v 8.527748 3.196742 -29.202606
v 8.527748 3.196743 -28.768906
v -18.005249 3.196743 -20.202705
v -18.005249 3.196743 -19.768906
v 8.527748 3.196743 -20.202705
v 8.527748 3.196743 -19.768906
v -18.005249 3.196742 -31.703011
v -18.005249 3.196742 -31.269005
v 8.527748 3.196742 -31.703011
v 8.527748 3.196742 -31.269005
v -18.005249 3.196743 -26.702606
v -18.005249 3.196743 -26.268906
v 8.527748 3.196743 -26.702606
v 8.527748 3.196743 -26.268906
v -18.005249 3.196742 -32.703011
v -18.005249 3.196742 -32.269005
v 8.527748 3.196742 -32.703011
v 8.527748 3.196742 -32.269005
v -18.005249 3.196743 -18.702705
v -18.005249 3.196743 -18.268906
v 8.527748 3.196743 -18.702705
v 8.527748 3.196743 -18.268906
v -18.005249 3.196743 -23.202705
v -18.005249 3.196743 -22.768906
v 8.527748 3.196743 -23.202705
v 8.527748 3.196743 -22.768906
v -18.005249 3.196743 -25.702606
v -18.005249 3.196743 -25.268906
v 8.527748 3.196743 -25.702606
v 8.527748 3.196743 -25.268906
v -18.005249 3.196743 -19.702705
v -18.005249 3.196743 -19.268906
v 8.527748 3.196743 -19.702705
v 8.527748 3.196743 -19.268906
v -18.005249 3.196742 -31.203011
v -18.005249 3.196742 -30.769005
v 8.527748 3.196742 -31.203011
v 8.527748 3.196742 -30.769005
v -18.005249 3.196743 -22.702705
v -18.005249 3.196743 -22.268906
v 8.527748 3.196743 -22.702705
v 8.527748 3.196743 -22.268906
v -18.005249 3.196743 -21.702705
v -18.005249 3.196743 -21.268906
v 8.527748 3.196743 -21.702705
v 8.527748 3.196743 -21.268906
v -18.005249 3.196743 -23.702705
v -18.005249 3.196743 -23.268906
v 8.527748 3.196743 -23.702705
v 8.527748 3.196743 -23.268906
v -18.005249 3.196743 -28.702606
v -18.005249 3.196743 -28.268906
v 8.527748 3.196743 -28.702606
v 8.527748 3.196743 -28.268906
v -18.005249 3.196743 -21.202705
v -18.005249 3.196743 -20.768906
v 8.527748 3.196743 -21.202705
v 8.527748 3.196743 -20.768906
v -18.005249 3.196743 -25.202606
v -18.005249 3.196743 -24.768906
v 8.527748 3.196743 -25.202606
v 8.527748 3.196743 -24.768906
v -18.005249 3.196743 -18.202507
v -18.005249 3.196743 -17.768906
v 8.527748 3.196743 -18.202507
v 8.527748 3.196743 -17.768906
v -18.005249 3.196742 -35.203011
v -18.005249 3.196742 -34.769005
v 8.527748 3.196742 -35.203011
v 8.527748 3.196742 -34.769005
v 1.049744 3.164742 -36.763008
v 0.598747 3.164742 -36.763008
v 1.049744 3.163754 -11.340805
v 0.598747 3.163754 -11.340805
v 5.876747 3.170742 -36.763008
v 5.371742 3.170742 -36.763008
v 5.876747 3.170744 -11.340805
v 5.371742 3.170744 -11.340805
v -0.459251 3.162742 -36.763008
v -0.892258 3.162742 -36.763008
v -0.459251 3.161754 -11.340805
v -0.892258 3.161754 -11.340805
v 2.540749 3.162742 -36.763008
v 2.107742 3.162742 -36.763008
v 2.540749 3.161754 -11.340805
v 2.107742 3.161754 -11.340805
v -2.259262 3.162742 -36.763008
v -2.692261 3.162742 -36.763008
v -2.259262 3.161754 -11.140808
v -2.692261 3.161754 -11.140808
v -11.859253 3.162742 -36.763008
v -12.293259 3.162742 -36.763008
v -11.859253 3.161753 -17.640808
v -12.293259 3.161753 -17.640808
v 7.540749 3.162742 -36.763008
v 6.907745 3.162742 -36.763008
v 7.540749 3.161754 -11.540810
v 6.907745 3.161754 -11.540810
v -8.559250 3.162742 -36.763008
v -8.993256 3.162742 -36.763008
v -8.559250 3.161753 -17.640808
v -8.993256 3.161753 -17.640808
v 4.040749 3.162742 -36.763008
v 3.607742 3.162742 -36.763008
v 4.040749 3.161754 -11.340805
v 3.607742 3.161754 -11.340805
v -10.059250 3.162742 -36.763008
v -10.493256 3.162742 -36.763008
v -10.059250 3.161753 -17.640808
v -10.493256 3.161753 -17.640808
v -6.759262 3.162742 -36.763008
v -7.193253 3.162742 -36.763008
v -6.759262 3.161753 -17.640808
v -7.193253 3.161753 -17.640808
v -5.259262 3.162742 -36.763008
v -5.692261 3.162742 -36.763008
v -5.259262 3.161753 -17.640808
v -5.692261 3.161753 -17.640808
v -13.359253 3.162742 -36.763008
v -13.793259 3.162742 -36.763008
v -13.359253 3.161753 -17.640808
v -13.793259 3.161753 -17.640808
v -3.759262 3.162742 -36.763008
v -4.192261 3.162742 -36.763008
v -3.759262 3.161754 -11.340805
v -4.192261 3.161754 -11.340805
v -16.659256 3.162742 -36.763008
v -17.093262 3.162742 -36.763008
v -16.659256 3.161753 -17.640808
v -17.093262 3.161753 -17.640808
v -15.159256 3.162742 -36.763008
v -15.593262 3.162742 -36.763008
v -15.159256 3.161753 -17.640808
v -15.593262 3.161753 -17.640808
v -14.388260 3.120752 -37.435005
v -10.441254 3.120752 -37.435005
v -14.388260 3.120752 -38.197006
v -10.441254 3.120752 -38.197006
v -14.371262 2.358742 -38.198006
v -10.424255 2.358742 -38.198006
v -14.371262 2.358742 -38.960007
v -10.424255 2.358742 -38.960007
v -14.388260 1.596752 -38.959007
v -10.441254 1.596752 -38.959007
v -14.388260 1.596752 -39.721008
v -10.441254 1.596752 -39.721008
v -14.388260 0.835750 -39.721008
v -10.341248 0.835750 -39.721008
v -14.388260 0.835750 -40.482010
v -10.341248 0.835750 -40.482010
v -14.287262 3.686752 -37.013008
v -14.287262 4.041742 -37.368011
v -14.668259 3.686752 -37.013008
v -14.668259 4.041742 -37.368011
v -10.145248 3.686752 -37.013008
v -10.145248 4.041742 -37.368011
v -10.526260 3.686752 -37.013008
v -10.526260 4.041742 -37.368011
v 7.581741 3.001754 -11.044312
v 7.581741 3.259744 -11.044312
v -5.316254 3.001754 -11.044312
v -5.316254 3.259744 -11.044312
v -2.692261 3.161754 -11.140808
v -2.692261 3.060744 -11.140808
v -2.259262 3.161754 -11.140808
v -2.259262 3.060744 -11.140808
v -4.722260 6.209744 -11.147408
v -5.322250 6.209744 -11.147408
v -4.722260 -0.000246 -11.147408
v -5.322250 -0.000246 -11.147408
v 7.652748 6.299754 -11.147408
v 7.052742 6.299754 -11.147408
v 7.652748 -0.000246 -11.147408
v 7.052742 -0.000246 -11.147408
v 7.651749 5.821744 -11.147812
v 7.651749 6.078744 -11.147812
v -5.256256 5.821744 -11.147812
v -5.256256 6.078744 -11.147812
v 4.104744 3.095744 -11.200806
v 4.440742 3.095744 -11.200806
v 4.104744 5.864744 -11.200905
v 4.440742 5.864744 -11.200905
v 4.704742 3.095744 -11.200806
v 5.040749 3.095744 -11.200806
v 4.704742 5.864744 -11.200905
v 5.040749 5.864744 -11.200905
v 5.304749 3.095744 -11.200806
v 5.640747 3.095744 -11.200806
v 5.304749 5.864744 -11.200905
v 5.640747 5.864744 -11.200905
v 5.904747 3.095744 -11.200806
v 6.240746 3.095744 -11.200806
v 5.904747 5.864744 -11.200905
v 6.240746 5.864744 -11.200905
v 6.504745 3.095744 -11.200806
v 6.840744 3.095744 -11.200806
v 6.504745 5.864744 -11.200905
v 6.840744 5.864744 -11.200905
v -4.296249 3.095744 -11.200806
v -3.959259 3.095744 -11.200806
v -4.296249 5.864744 -11.200905
v -3.959259 5.864744 -11.200905
v -3.696259 3.095744 -11.200905
v -3.359253 3.095744 -11.200905
v -3.696259 5.864744 -11.200905
v -3.359253 5.864744 -11.200905
v -3.096252 3.095744 -11.200905
v -2.759262 3.095744 -11.200905
v -3.096252 5.864744 -11.200905
v -2.759262 5.864744 -11.200905
v -2.495255 3.095744 -11.200905
v -2.159256 3.095744 -11.200905
v -2.495255 5.864744 -11.200905
v -2.159256 5.864744 -11.200905
v -1.895248 3.095744 -11.200905
v -1.559250 3.095744 -11.200905
v -1.895248 5.864744 -11.200905
v -1.559250 5.864744 -11.200905
v -1.295258 3.095744 -11.200905
v -0.959251 3.095744 -11.200905
v -1.295258 5.864744 -11.200905
v -0.959251 5.864744 -11.200905
v -0.695251 3.095744 -11.200905
v -0.359253 3.095744 -11.200905
v -0.695251 5.864744 -11.200905
v -0.359253 5.864744 -11.200905
v -0.095253 3.095744 -11.200905
v 0.240746 3.095744 -11.200905
v -0.095253 5.864744 -11.200905
v 0.240746 5.864744 -11.200905
v 0.504745 3.095744 -11.200905
v 0.840744 3.095744 -11.200905
v 0.504745 5.864744 -11.200905
v 0.840744 5.864744 -11.200905
v 1.104744 3.095744 -11.200905
v 1.440742 3.095744 -11.200905
v 1.104744 5.864744 -11.200905
v 1.440742 5.864744 -11.200905
v 1.704742 3.095744 -11.200905
v 2.040749 3.095744 -11.200905
v 1.704742 5.864744 -11.200905
v 2.040749 5.864744 -11.200905
v 2.304749 3.095744 -11.200905
v 2.640747 3.095744 -11.200905
v 2.304749 5.864744 -11.200905
v 2.640747 5.864744 -11.200905
v 2.904747 3.095744 -11.200905
v 3.240746 3.095744 -11.200905
v 2.904747 5.864744 -11.200905
v 3.240746 5.864744 -11.200905
v 3.504745 3.095744 -11.200806
v 3.840744 3.095744 -11.200806
v 3.504745 5.864744 -11.200905
v 3.840744 5.864744 -11.200905
v 7.077744 6.078744 -11.321907
v 7.077744 5.821744 -11.321907
v 7.650742 6.078744 -11.321907
v 7.650742 5.821744 -11.321907
v -5.322250 6.078744 -11.321907
v -5.322250 5.821744 -11.321907
v -4.749252 6.078744 -11.321907
v -4.749252 5.821744 -11.321907
v -0.892258 3.161754 -11.340805
v -0.892258 3.060744 -11.340805
v -0.459251 3.161754 -11.340805
v -0.459251 3.060744 -11.340805
v 0.598747 3.163754 -11.340805
v 0.598747 3.058744 -11.340805
v 1.049744 3.163754 -11.340805
v 1.049744 3.058744 -11.340805
v 2.107742 3.161754 -11.340805
v 2.107742 3.060744 -11.340805
v 2.540749 3.161754 -11.340805
v 2.540749 3.060744 -11.340805
v 5.371742 3.170744 -11.340805
v 5.371742 3.051754 -11.340805
v 5.876747 3.170744 -11.340805
v 5.876747 3.051754 -11.340805
v 3.607742 3.161754 -11.340805
v 3.607742 3.060744 -11.340805
v 4.040749 3.161754 -11.340805
v 4.040749 3.060744 -11.340805
v -4.192261 3.161754 -11.340805
v -4.192261 3.060744 -11.340805
v -3.759262 3.161754 -11.340805
v -3.759262 3.060744 -11.340805
v 7.254745 3.101744 -11.534409
v 7.254745 3.242754 -11.534409
v -5.231262 3.101744 -11.534409
v -5.231262 3.242754 -11.534409
v 6.907745 3.161754 -11.540810
v 6.907745 3.060744 -11.540810
v 7.540749 3.161754 -11.540810
v 7.540749 3.060744 -11.540810
v 7.254745 3.101744 -12.034409
v 7.254745 3.242754 -12.034409
v -5.231262 3.101744 -12.034409
v -5.231262 3.242754 -12.034409
v -5.156250 3.095744 -12.061508
v -4.898254 3.095744 -12.061508
v -5.156250 5.864744 -12.061508
v -4.898254 5.864744 -12.061508
v 7.243744 3.095744 -12.061508
v 7.501747 3.095744 -12.061508
v 7.243744 5.864744 -12.061508
v 7.501747 5.864744 -12.061508
v 7.254745 3.101744 -12.534409
v 7.254745 3.242754 -12.534409
v -5.231262 3.101744 -12.534409
v -5.231262 3.242754 -12.534409
v 7.243744 3.095744 -12.661507
v 7.501747 3.095744 -12.661507
v 7.243744 5.864744 -12.661507
v 7.501747 5.864744 -12.661507
v -5.156250 3.095744 -12.661507
v -4.898254 3.095744 -12.661507
v -5.156250 5.864744 -12.661507
v -4.898254 5.864744 -12.661507
v 7.254745 3.101744 -13.034409
v 7.254745 3.242754 -13.034409
v -5.231262 3.101744 -13.034409
v -5.231262 3.242754 -13.034409
v 7.243744 3.095744 -13.261505
v 7.501747 3.095744 -13.261505
v 7.243744 5.864744 -13.261505
v 7.501747 5.864744 -13.261505
v -5.156250 3.095744 -13.261505
v -4.898254 3.095744 -13.261505
v -5.156250 5.864744 -13.261505
v -4.898254 5.864744 -13.261505
v 7.254745 3.101743 -13.534409
v 7.254745 3.242754 -13.534409
v -5.231262 3.101743 -13.534409
v -5.231262 3.242754 -13.534409
v 7.243744 3.095744 -13.861511
v 7.501747 3.095744 -13.861511
v 7.243744 5.864744 -13.861511
v 7.501747 5.864744 -13.861511
v -5.156250 3.095744 -13.861511
v -4.898254 3.095744 -13.861511
v -5.156250 5.864744 -13.861511
v -4.898254 5.864744 -13.861511
v 7.254745 3.101743 -14.034409
v 7.254745 3.242754 -14.034409
v -5.231262 3.101743 -14.034409
v -5.231262 3.242754 -14.034409
v -4.722260 13.409793 -14.309212
v -5.322250 13.409793 -14.309212
v -4.722260 3.215754 -14.309311
v -5.322250 3.215754 -14.309311
v 7.652748 13.499793 -14.309311
v 7.052742 13.499793 -14.309311
v 7.652748 3.126754 -14.309311
v 7.052742 3.126754 -14.309311
v 7.243744 3.095744 -14.461609
v 7.501747 3.095744 -14.461609
v 7.243744 5.864744 -14.461510
v 7.501747 5.864744 -14.461510
v -5.156250 3.095744 -14.461510
v -4.898254 3.095744 -14.461510
v -5.156250 5.864744 -14.461510
v -4.898254 5.864744 -14.461510
v 7.254745 3.101743 -14.534409
v 7.254745 3.242754 -14.534409
v -5.231262 3.101743 -14.534409
v -5.231262 3.242754 -14.534409
v -5.308258 12.159793 -14.621910
v -5.308258 11.901793 -14.621910
v -4.772263 12.159793 -14.621910
v -4.772263 11.901793 -14.621910
v 7.077744 12.159793 -14.621910
v 7.077744 11.901793 -14.621910
v 7.650742 12.159793 -14.621910
v 7.650742 11.901793 -14.621910
v 7.254745 3.101743 -15.034508
v 7.254745 3.242754 -15.034508
v -5.231262 3.101743 -15.034508
v -5.231262 3.242754 -15.034508
v 7.243744 3.095744 -15.061607
v 7.501747 3.095744 -15.061607
v 7.243744 5.864743 -15.061607
v 7.501747 5.864743 -15.061607
v -5.156250 3.095744 -15.061607
v -4.898254 3.095744 -15.061607
v -5.156250 5.864743 -15.061607
v -4.898254 5.864743 -15.061607
v 7.254745 3.101743 -15.534409
v 7.254745 3.242754 -15.534409
v -5.231262 3.101743 -15.534409
v -5.231262 3.242754 -15.534409
v 7.243744 3.095744 -15.661705
v 7.501747 3.095744 -15.661705
v 7.243744 5.864743 -15.661705
v 7.501747 5.864743 -15.661705
v -5.156250 3.095744 -15.661705
v -4.898254 3.095744 -15.661705
v -5.156250 5.864743 -15.661705
v -4.898254 5.864743 -15.661705
v 7.254745 3.101743 -16.034508
v 7.254745 3.242754 -16.034508
v -5.231262 3.101743 -16.034508
v -5.231262 3.242754 -16.034508
v 7.243744 3.095744 -16.261612
v 7.501747 3.095744 -16.261612
v 7.243744 5.864743 -16.261612
v 7.501747 5.864743 -16.261612
v -5.156250 3.095744 -16.261612
v -4.898254 3.095744 -16.261612
v -5.156250 5.864743 -16.261612
v -4.898254 5.864743 -16.261612
v 7.254745 3.101743 -16.534508
v 7.254745 3.242753 -16.534508
v -5.231262 3.101743 -16.534508
v -5.231262 3.242753 -16.534508
v 7.243744 3.095743 -16.861610
v 7.501747 3.095743 -16.861610
v 7.243744 5.864743 -16.861610
v 7.501747 5.864743 -16.861610
v -5.156250 3.095743 -16.861610
v -4.898254 3.095743 -16.861610
v -5.156250 5.864743 -16.861610
v -4.898254 5.864743 -16.861610
v 7.254745 3.101743 -17.034508
v 7.254745 3.242753 -17.034508
v -5.231262 3.101743 -17.034508
v -5.231262 3.242753 -17.034508
v 7.254745 3.101743 -17.534508
v 7.254745 3.242753 -17.534508
v -5.231262 3.101743 -17.534508
v -5.231262 3.242753 -17.534508
v -12.293259 3.161753 -17.640808
v -12.293259 3.060743 -17.640808
v -11.859253 3.161753 -17.640808
v -11.859253 3.060743 -17.640808
v -8.993256 3.161753 -17.640808
v -8.993256 3.060743 -17.640808
v -8.559250 3.161753 -17.640808
v -8.559250 3.060743 -17.640808
v 8.480743 3.317743 -17.640808
v 8.480743 3.060743 -17.640808
v 8.914742 3.317743 -17.640808
v 8.914742 3.060743 -17.640808
v -10.493256 3.161753 -17.640808
v -10.493256 3.060743 -17.640808
v -10.059250 3.161753 -17.640808
v -10.059250 3.060743 -17.640808
v -7.193253 3.161753 -17.640808
v -7.193253 3.060743 -17.640808
v -6.759262 3.161753 -17.640808
v -6.759262 3.060743 -17.640808
v 8.919746 3.060743 -17.645111
v 8.919746 3.318753 -17.645111
v -18.400253 3.060743 -17.645111
v -18.400253 3.318753 -17.645111
v -18.393250 3.318753 -17.640808
v -18.393250 3.060743 -17.640808
v -17.959259 3.318753 -17.640808
v -17.959259 3.060743 -17.640808
v -5.692261 3.161753 -17.640808
v -5.692261 3.060743 -17.640808
v -5.259262 3.161753 -17.640808
v -5.259262 3.060743 -17.640808
v -13.793259 3.161753 -17.640808
v -13.793259 3.060743 -17.640808
v -13.359253 3.161753 -17.640808
v -13.359253 3.060743 -17.640808
v -17.093262 3.161753 -17.640808
v -17.093262 3.060743 -17.640808
v -16.659256 3.161753 -17.640808
v -16.659256 3.060743 -17.640808
v -15.593262 3.161753 -17.640808
v -15.593262 3.060743 -17.640808
v -15.159256 3.161753 -17.640808
v -15.159256 3.060743 -17.640808
v 9.049744 15.636793 -17.683510
v 8.449745 15.636793 -17.683510
v 9.049744 -0.000247 -17.683510
v 8.449745 -0.000247 -17.683510
v -17.919250 15.636793 -17.683510
v -18.518250 15.636793 -17.683510
v -17.918259 -0.000247 -17.683510
v -18.518250 -0.000247 -17.683510
v -9.772263 11.284793 -17.733910
v -9.972260 11.284793 -17.733910
v -9.772263 7.309753 -17.733910
v -9.972260 7.309753 -17.733910
v -12.346252 7.473753 -17.733910
v -12.346252 7.273753 -17.733910
v -7.436249 7.473753 -17.733910
v -7.436249 7.273753 -17.733910
v -7.432251 11.284793 -17.733910
v -7.632248 11.284793 -17.733910
v -7.432251 7.309753 -17.733910
v -7.632248 7.309753 -17.733910
v -12.346252 11.318793 -17.733910
v -12.346252 11.118793 -17.733910
v -7.436249 11.318793 -17.733910
v -7.436249 11.118793 -17.733910
v -12.145248 11.284793 -17.733910
v -12.345261 11.284793 -17.733910
v -12.145248 7.309753 -17.733910
v -12.345261 7.309753 -17.733910
v -12.227249 7.620753 -17.748405
v -12.227249 7.878753 -17.748405
v -18.400253 7.620753 -17.748405
v -18.400253 7.878753 -17.748405
v -1.216255 3.388743 -17.736809
v -1.216255 3.130753 -17.736809
v 3.746742 3.388743 -17.736809
v 3.746742 3.130753 -17.736809
v 8.919746 7.621743 -17.748405
v 8.919746 7.879743 -17.748405
v 3.599747 7.621743 -17.748405
v 3.599747 7.879743 -17.748405
v 8.918747 10.325793 -17.748207
v 8.918747 10.583794 -17.748207
v 3.646744 10.325793 -17.748207
v 3.646744 10.583794 -17.748207
v 8.919746 5.360744 -17.748405
v 8.919746 5.618753 -17.748405
v 3.599747 5.360744 -17.748405
v 3.599747 5.618753 -17.748405
v 8.480743 5.618753 -17.744011
v 8.480743 5.360744 -17.744011
v 8.914742 5.618753 -17.744011
v 8.914742 5.360744 -17.744011
v 8.480743 10.583794 -17.744011
v 8.480743 10.325793 -17.744011
v 8.914742 10.583794 -17.744011
v 8.914742 10.325793 -17.744011
v 8.480743 14.770793 -17.744110
v 8.480743 14.512794 -17.744110
v 8.914742 14.770793 -17.744110
v 8.914742 14.512794 -17.744110
v 8.480743 12.726693 -17.744110
v 8.480743 12.468793 -17.744110
v 8.914742 12.726693 -17.744110
v 8.914742 12.468793 -17.744110
v -18.393250 10.582793 -17.744011
v -18.393250 10.325793 -17.744011
v -17.959259 10.582793 -17.744011
v -17.959259 10.325793 -17.744011
v -18.392258 5.618753 -17.744011
v -18.392258 5.360744 -17.744011
v -17.959259 5.618753 -17.744011
v -17.959259 5.360744 -17.744011
v 8.918747 14.512794 -17.748405
v 8.918747 14.770793 -17.748405
v -18.400253 14.512794 -17.748405
v -18.400253 14.770793 -17.748405
v -1.056252 7.621743 -17.748405
v -1.056252 7.878753 -17.748405
v -7.509262 7.621743 -17.748405
v -7.509262 7.878753 -17.748405
v 8.918747 12.469793 -17.748405
v 8.918747 12.726693 -17.748405
v -18.400253 12.468793 -17.748405
v -18.400253 12.726693 -17.748405
v -1.095253 5.360744 -17.748405
v -1.095253 5.618753 -17.748405
v -18.400253 5.360744 -17.748405
v -18.400253 5.618753 -17.748405
v -12.240250 10.325793 -17.748207
v -12.240250 10.582793 -17.748207
v -18.370255 10.324793 -17.748207
v -18.370255 10.582793 -17.748207
v -18.393250 7.878753 -17.744011
v -18.393250 7.620753 -17.744011
v -17.959259 7.878753 -17.744011
v -17.959259 7.620753 -17.744011
v -1.117256 10.325793 -17.748207
v -1.117256 10.583794 -17.748207
v -7.500259 10.325793 -17.748207
v -7.500259 10.582793 -17.748207
v -18.393250 14.770793 -17.744110
v -18.393250 14.512794 -17.744110
v -17.959259 14.770793 -17.744110
v -17.959259 14.512794 -17.744110
v -18.393250 12.726693 -17.744110
v -18.393250 12.468793 -17.744110
v -17.959259 12.726693 -17.744110
v -17.959259 12.468793 -17.744110
v 3.747742 10.828794 -17.736809
v 3.489746 10.828794 -17.736809
v 3.747742 3.128753 -17.736809
v 3.489746 3.128753 -17.736809
v -0.952255 10.828794 -17.736809
v -1.210258 10.828794 -17.736809
v -0.952255 3.128753 -17.736809
v -1.210258 3.128753 -17.736809
v -1.216255 10.907693 -17.736809
v -1.216255 10.649794 -17.736809
v 3.746742 10.907693 -17.736809
v 3.746742 10.649794 -17.736809
v -18.005249 3.196743 -17.768906
v -18.005249 3.094753 -17.768906
v 8.527748 3.196743 -17.768906
v 8.527748 3.095743 -17.768906
v 9.754745 12.902793 -13.296906
v -18.905258 12.902793 -13.296906
v 9.754745 12.288794 -13.654205
v -18.905258 12.288794 -13.654205
v -17.614258 12.911794 -13.312508
v -18.982254 12.911794 -13.312508
v -17.614258 12.297793 -13.669708
v -18.982254 12.297793 -13.669708
v 9.783745 12.920693 -13.328209
v 8.414742 12.920693 -13.328209
v 9.783745 12.306793 -13.685410
v 8.414742 12.306793 -13.685410
v 8.480743 7.878753 -18.260506
v 8.480743 7.621743 -18.260506
v 8.914742 7.878753 -18.260506
v 8.914742 7.621743 -18.260506
v -18.005249 3.196743 -18.268906
v -18.005249 3.094753 -18.268906
v 8.527748 3.196743 -18.268906
v 8.527748 3.095743 -18.268906
v -18.005249 3.196743 -18.768906
v -18.005249 3.094753 -18.768906
v 8.527748 3.196743 -18.768906
v 8.527748 3.095743 -18.768906
v 9.785744 21.285793 -27.731712
v 8.402748 21.285793 -27.731712
v 9.785744 20.685692 -27.372009
v 8.402748 20.685692 -27.372009
v -17.612259 21.285793 -27.731712
v -18.995255 21.285793 -27.731712
v -17.612259 20.685692 -27.372009
v -18.995255 20.685692 -27.372009
v -18.005249 3.196743 -19.268906
v -18.005249 3.094753 -19.268906
v 8.527748 3.196743 -19.268906
v 8.527748 3.095743 -19.268906
v -18.005249 3.196743 -19.768906
v -18.005249 3.094753 -19.768906
v 8.527748 3.196743 -19.768906
v 8.527748 3.095743 -19.768906
v -18.005249 3.196743 -20.268906
v -18.005249 3.094753 -20.268906
v 8.527748 3.196743 -20.268906
v 8.527748 3.095743 -20.268906
v -18.005249 3.196743 -20.768906
v -18.005249 3.094753 -20.768906
v 8.527748 3.196743 -20.768906
v 8.527748 3.095743 -20.768906
v -18.005249 3.196743 -21.268906
v -18.005249 3.095743 -21.268906
v 8.527748 3.196743 -21.268906
v 8.527748 3.095743 -21.268906
v -18.005249 3.196743 -21.768906
v -18.005249 3.095743 -21.768906
v 8.527748 3.196743 -21.768906
v 8.527748 3.095743 -21.768906
v -18.005249 3.196743 -22.268906
v -18.005249 3.095743 -22.268906
v 8.527748 3.196743 -22.268906
v 8.527748 3.095743 -22.268906
v -18.005249 3.196743 -22.768906
v -18.005249 3.095743 -22.768906
v 8.527748 3.196743 -22.768906
v 8.527748 3.095743 -22.768906
v -18.005249 3.196743 -23.268906
v -18.005249 3.095743 -23.268906
v 8.527748 3.196743 -23.268906
v 8.527748 3.095743 -23.268906
v -18.005249 3.196743 -23.768906
v -18.005249 3.095743 -23.768906
v 8.527748 3.196743 -23.768906
v 8.527748 3.095743 -23.768906
v -18.005249 3.196743 -24.268906
v -18.005249 3.095743 -24.268906
v 8.527748 3.196743 -24.268906
v 8.527748 3.095743 -24.268906
v -18.005249 3.196743 -24.768906
v -18.005249 3.095743 -24.768906
v 8.527748 3.196743 -24.768906
v 8.527748 3.095743 -24.768906
v 8.522743 11.288793 -25.122505
v 8.519745 11.088693 -25.122505
v 8.960747 11.282692 -25.122505
v 8.957748 11.082792 -25.122505
v 8.960747 11.248793 -25.118805
v 8.521744 11.254692 -25.118805
v 8.905746 7.272743 -25.118805
v 8.467743 7.278743 -25.118805
v 8.469742 7.443753 -25.122505
v 8.466743 7.243753 -25.122505
v 8.907745 7.437753 -25.122505
v 8.907745 7.437753 -25.122505
v 8.466743 7.243753 -25.122505
v 8.905746 7.237743 -25.122505
v -18.348251 11.282692 -25.168907
v -18.351257 11.082792 -25.168907
v -17.910248 11.276793 -25.168907
v -17.913254 11.076793 -25.168907
v -18.401260 7.437753 -25.168907
v -18.403259 7.237743 -25.168907
v -17.963257 7.431743 -25.168907
v -17.965256 7.231743 -25.168907
v -17.910248 11.242792 -25.165405
v -18.348251 11.248793 -25.165405
v -17.965256 7.266753 -25.165405
v -18.403259 7.272743 -25.165405
v -18.005249 3.196743 -25.268906
v -18.005249 3.095743 -25.268906
v 8.527748 3.196743 -25.268906
v 8.527748 3.095743 -25.268906
v -18.005249 3.196743 -25.768906
v -18.005249 3.095743 -25.768906
v 8.527748 3.196743 -25.768906
v 8.527748 3.095743 -25.768906
v -18.005249 3.196743 -26.268906
v -18.005249 3.095743 -26.268906
v 8.527748 3.196743 -26.268906
v 8.527748 3.095743 -26.268906
v -18.005249 3.196743 -26.768906
v -18.005249 3.095743 -26.768906
v 8.527748 3.196743 -26.768906
v 8.527748 3.095743 -26.768906
v -18.094254 14.912792 -27.017311
v -18.094254 14.372792 -27.017311
v 8.602745 14.912792 -27.017212
v 8.602745 14.372792 -27.017311
v -18.005249 3.196743 -27.268906
v -18.005249 3.095743 -27.268906
v 8.527748 3.196743 -27.268906
v 8.527748 3.095743 -27.268906
v -18.005249 3.196743 -27.768906
v -18.005249 3.095743 -27.768906
v 8.527748 3.196743 -27.768906
v 8.527748 3.095743 -27.768906
v -18.005249 3.196743 -28.268906
v -18.005249 3.095743 -28.268906
v 8.527748 3.196743 -28.268906
v 8.527748 3.095743 -28.268906
v -18.005249 3.196743 -28.768906
v -18.005249 3.095743 -28.768906
v 8.527748 3.196743 -28.768906
v 8.527748 3.095743 -28.768906
v -18.005249 3.196742 -29.268906
v -18.005249 3.095742 -29.268906
v 8.527748 3.196742 -29.268906
v 8.527748 3.095742 -29.268906
v -18.005249 3.196742 -29.769005
v -18.005249 3.095742 -29.769005
v 8.527748 3.196742 -29.769005
v 8.527748 3.095742 -29.769005
v 8.960747 11.248793 -29.831009
v 8.521744 11.254692 -29.831009
v 8.905746 7.272742 -29.831009
v 8.467743 7.278742 -29.831009
v -17.910248 11.242792 -29.878006
v -18.348251 11.248793 -29.878006
v -17.965256 7.266752 -29.878006
v -18.403259 7.272742 -29.878006
v 8.480743 10.583793 -29.910011
v 8.480743 10.325792 -29.910011
v 8.914742 10.583793 -29.910011
v 8.914742 10.325792 -29.910011
v -18.393250 10.583793 -29.906006
v -18.393250 10.325792 -29.906006
v -17.959259 10.583793 -29.906006
v -17.959259 10.325792 -29.906006
v 8.480743 7.879742 -29.961006
v 8.480743 7.621742 -29.961006
v 8.914742 7.879742 -29.961006
v 8.914742 7.621742 -29.961006
v -18.393250 7.879742 -30.025009
v -18.393250 7.621742 -30.025009
v -17.959259 7.879742 -30.025009
v -17.959259 7.621742 -30.025009
v -18.005249 3.196742 -30.269005
v -18.005249 3.095742 -30.269005
v 8.527748 3.196742 -30.269005
v 8.527748 3.095742 -30.269005
v -18.005249 3.196742 -30.769005
v -18.005249 3.095742 -30.769005
v 8.527748 3.196742 -30.769005
v 8.527748 3.095742 -30.769005
v -18.005249 3.196742 -31.269005
v -18.005249 3.095742 -31.269005
v 8.527748 3.196742 -31.269005
v 8.527748 3.095742 -31.269005
v -18.005249 3.196742 -31.769005
v -18.005249 3.095742 -31.769005
v 8.527748 3.196742 -31.769005
v 8.527748 3.095742 -31.769005
v -18.005249 3.196742 -32.269005
v -18.005249 3.095742 -32.269005
v 8.527748 3.196742 -32.269005
v 8.527748 3.095742 -32.269005
v -18.005249 3.196742 -32.769005
v -18.005249 3.095742 -32.769005
v 8.527748 3.196742 -32.769005
v 8.527748 3.095742 -32.769005
v -18.005249 3.196742 -33.269005
v -18.005249 3.095742 -33.269005
v 8.527748 3.196742 -33.269005
v 8.527748 3.095742 -33.269005
v 9.635742 13.799791 -40.238007
v -18.876251 13.799791 -40.238007
v 9.635742 13.199791 -39.879005
v -18.876251 13.199791 -39.879005
v -18.005249 3.196742 -33.769005
v -18.005249 3.095742 -33.769005
v 8.527748 3.196742 -33.769005
v 8.527748 3.095742 -33.769005
v -18.005249 3.196742 -34.269005
v -18.005249 3.095742 -34.269005
v 8.527748 3.196742 -34.269005
v 8.527748 3.095742 -34.269005
v -18.005249 3.196742 -34.769005
v -18.005249 3.095742 -34.769005
v 8.527748 3.196742 -34.769005
v 8.527748 3.095742 -34.769005
v -18.005249 3.196742 -35.269005
v -18.005249 3.095742 -35.269005
v 8.527748 3.196742 -35.269005
v 8.527748 3.095742 -35.269005
v -18.005249 3.196742 -35.769005
v -18.005249 3.095742 -35.769005
v 8.527748 3.196742 -35.769005
v 8.527748 3.095742 -35.769005
v -18.005249 3.196742 -36.269005
v -18.005249 3.095742 -36.269005
v 8.527748 3.196742 -36.269005
v 8.527748 3.095742 -36.269005
v 9.049744 15.636792 -36.626007
v 8.449745 15.636792 -36.626007
v 9.049744 -0.000248 -36.626007
v 8.449745 -0.000248 -36.626007
v -17.919250 15.636792 -36.626007
v -18.518250 15.636792 -36.626007
v -17.918259 -0.000248 -36.626007
v -18.518250 -0.000248 -36.626007
v 8.919746 3.060742 -36.758011
v 8.919746 3.318752 -36.758011
v -18.400253 3.060742 -36.758011
v -18.400253 3.317742 -36.758011
v 8.638748 5.360742 -36.861008
v 8.638748 5.618752 -36.861008
v -10.067261 5.360742 -36.861008
v -10.067261 5.618752 -36.861008
v -14.763260 10.325792 -36.861008
v -14.763260 10.583793 -36.861008
v -18.400253 10.325792 -36.861008
v -18.400253 10.583793 -36.861008
v -14.897263 10.907692 -36.860008
v -14.897263 10.649793 -36.860008
v -9.935257 10.907692 -36.860008
v -9.935257 10.649793 -36.860008
v -2.309250 10.325792 -36.861008
v -2.309250 10.583793 -36.861008
v -9.981262 10.325792 -36.861008
v -9.981262 10.583793 -36.861008
v 8.661743 10.325792 -36.861008
v 8.661743 10.583793 -36.861008
v 2.553741 10.325792 -36.861008
v 2.553741 10.583793 -36.861008
v 8.919746 7.621742 -36.861008
v 8.919746 7.879742 -36.861008
v 2.529747 7.621742 -36.861008
v 2.529747 7.879742 -36.861008
v 8.918747 12.468792 -36.861008
v 8.918747 12.726692 -36.861008
v -18.400253 12.468792 -36.861008
v -18.400253 12.726692 -36.861008
v 8.918747 14.522793 -36.861008
v 8.918747 14.780792 -36.861008
v -18.400253 14.522793 -36.861008
v -18.400253 14.780792 -36.861008
v -14.798248 7.621742 -36.861008
v -14.798248 7.879742 -36.861008
v -18.400253 7.621742 -36.861008
v -18.400253 7.878752 -36.861008
v -14.634262 10.828793 -36.860008
v -14.891251 10.828793 -36.860008
v -14.633255 3.128752 -36.860008
v -14.891251 3.128752 -36.860008
v -14.835251 5.360742 -36.861008
v -14.835251 5.618752 -36.861008
v -18.400253 5.360742 -36.861008
v -18.400253 5.618752 -36.861008
v -9.934250 10.828793 -36.860008
v -10.191254 10.828793 -36.860008
v -9.933258 3.128752 -36.860008
v -10.191254 3.128752 -36.860008
v -14.897263 3.388742 -36.860008
v -14.897263 3.130752 -36.860008
v -9.935257 3.388742 -36.860008
v -9.935257 3.130752 -36.860008
v -2.210251 7.621742 -36.861008
v -2.210251 7.879742 -36.861008
v -10.041260 7.621742 -36.861008
v -10.041260 7.879742 -36.861008
v -2.325256 7.484752 -36.877007
v -2.325256 7.284752 -36.877007
v 2.584747 7.484752 -36.877007
v 2.584747 7.284752 -36.877007
v 2.588745 11.295692 -36.877007
v 2.388748 11.295692 -36.877007
v 2.588745 7.320752 -36.877007
v 2.388748 7.320752 -36.877007
v -2.124252 11.295692 -36.877007
v -2.324249 11.295692 -36.877007
v -2.124252 7.320752 -36.877007
v -2.324249 7.320752 -36.877007
v -2.325256 11.330792 -36.877007
v -2.325256 11.130793 -36.877007
v 2.584747 11.330792 -36.877007
v 2.584747 11.130793 -36.877007
v -10.441254 3.120752 -37.435005
v -14.388260 3.120752 -37.435005
v -10.441254 2.930752 -37.435005
v -14.388260 2.930752 -37.435005
v -10.424255 2.358742 -38.198006
v -14.371262 2.358742 -38.198006
v -10.424255 2.168742 -38.198006
v -14.371262 2.168742 -38.198006
v -10.441254 1.596752 -38.959007
v -14.388260 1.596752 -38.959007
v -10.441254 1.406752 -38.959007
v -14.388260 1.406752 -38.959007
v -10.341248 0.835750 -39.721008
v -14.388260 0.835750 -39.721008
v -10.341248 0.644756 -39.721008
v -14.388260 0.644756 -39.721008
v -18.995255 21.285793 -27.731712
v -18.995255 13.497791 -40.744011
v -18.995255 20.685692 -27.372009
v -18.995255 12.896791 -40.384010
v -18.982254 12.911794 -13.312508
v -18.982254 21.281792 -27.689812
v -18.982254 12.297793 -13.669708
v -18.982254 20.668793 -28.047112
v -18.905258 12.902793 -13.296906
v -18.905258 13.200793 -13.809006
v -18.905258 12.288794 -13.654205
v -18.905258 12.586793 -14.166107
v -18.876251 13.799791 -40.238007
v -18.876251 13.500792 -40.739006
v -18.876251 13.199791 -39.879005
v -18.876251 12.899792 -40.379005
v -18.518250 15.636793 -17.683510
v -18.518250 15.636793 -18.352707
v -18.518250 -0.000247 -17.683510
v -18.518250 -0.000247 -18.352707
v -18.518250 15.636792 -36.626007
v -18.518250 15.636791 -37.296005
v -18.518250 -0.000248 -36.626007
v -18.518250 -0.000248 -37.296005
v -18.348251 11.282692 -30.079010
v -18.351257 11.082792 -30.079010
v -18.348251 11.282692 -25.168907
v -18.351257 11.082792 -25.168907
v -18.401260 7.437752 -30.079010
v -18.403259 7.237742 -30.079010
v -18.401260 7.437753 -25.168907
v -18.403259 7.237743 -25.168907
v -18.348251 11.248793 -25.165405
v -18.348251 11.248793 -25.365311
v -18.403259 7.272743 -25.165405
v -18.403259 7.272743 -25.365311
v -18.348251 11.248793 -29.878006
v -18.348251 11.248793 -30.078011
v -18.403259 7.272742 -29.878006
v -18.403259 7.272742 -30.078011
v -18.400253 7.878753 -18.182007
v -18.400253 7.620753 -18.182007
v -18.400253 7.878753 -17.748405
v -18.400253 7.620753 -17.748405
v -18.400253 10.583792 -37.295006
v -18.400253 10.325791 -37.295006
v -18.400253 10.583793 -36.861008
v -18.400253 10.325792 -36.861008
v -18.400253 12.726691 -37.295006
v -18.400253 12.468791 -37.295006
v -18.400253 12.726692 -36.861008
v -18.400253 12.468792 -36.861008
v -18.400253 14.780791 -37.295006
v -18.400253 14.522792 -37.295006
v -18.400253 14.780792 -36.861008
v -18.400253 14.522793 -36.861008
v -18.393250 10.583793 -25.207611
v -18.393250 10.325792 -25.207710
v -18.393250 10.582793 -17.744011
v -18.393250 10.325793 -17.744011
v -18.392258 5.618752 -36.866005
v -18.392258 5.360742 -36.866005
v -18.392258 5.618753 -17.744011
v -18.392258 5.360744 -17.744011
v -18.400253 14.770793 -18.182205
v -18.400253 14.512794 -18.182205
v -18.400253 14.770793 -17.748405
v -18.400253 14.512794 -17.748405
v -18.400253 12.726693 -18.182205
v -18.400253 12.468793 -18.182205
v -18.400253 12.726693 -17.748405
v -18.400253 12.468793 -17.748405
v -18.400253 5.618753 -18.182205
v -18.400253 5.360744 -18.182205
v -18.400253 5.618753 -17.748405
v -18.400253 5.360744 -17.748405
v -18.400253 3.318753 -18.078911
v -18.400253 3.060743 -18.078911
v -18.400253 3.318753 -17.645111
v -18.400253 3.060743 -17.645111
v -18.393250 7.879743 -25.227310
v -18.393250 7.621743 -25.227310
v -18.393250 7.878753 -17.744011
v -18.393250 7.620753 -17.744011
v -18.393250 3.318752 -36.763008
v -18.393250 3.060742 -36.763008
v -18.393250 3.318753 -17.640808
v -18.393250 3.060743 -17.640808
v -18.400253 7.879742 -37.295006
v -18.400253 7.621742 -37.295006
v -18.400253 7.878752 -36.861008
v -18.400253 7.621742 -36.861008
v -18.393250 7.879742 -36.982010
v -18.393250 7.621742 -36.982010
v -18.393250 7.879742 -30.025009
v -18.393250 7.621742 -30.025009
v -18.393250 10.583793 -36.866005
v -18.393250 10.325792 -36.866005
v -18.393250 10.583793 -29.906006
v -18.393250 10.325792 -29.906006
v -18.400253 5.618752 -37.295006
v -18.400253 5.360742 -37.295006
v -18.400253 5.618752 -36.861008
v -18.400253 5.360742 -36.861008
v -18.393250 14.770792 -36.866005
v -18.393250 14.512793 -36.866005
v -18.393250 14.770793 -17.744110
v -18.393250 14.512794 -17.744110
v -18.393250 12.727793 -36.866005
v -18.393250 12.469792 -36.866005
v -18.393250 12.726693 -17.744110
v -18.393250 12.468793 -17.744110
v -18.400253 3.317742 -37.192009
v -18.400253 3.060742 -37.192009
v -18.400253 3.317742 -36.758011
v -18.400253 3.060742 -36.758011
v -18.370255 10.582793 -18.182007
v -18.370255 10.324793 -18.182007
v -18.370255 10.582793 -17.748207
v -18.370255 10.324793 -17.748207
v -18.094254 14.912792 -27.631912
v -18.094254 14.372792 -27.631912
v -18.094254 14.912792 -27.017311
v -18.094254 14.372792 -27.017311
v -18.005249 3.196742 -34.203011
v -18.005249 3.095742 -34.203011
v -18.005249 3.196742 -33.769005
v -18.005249 3.095742 -33.769005
v -18.005249 3.196742 -34.703011
v -18.005249 3.095742 -34.703011
v -18.005249 3.196742 -34.269005
v -18.005249 3.095742 -34.269005
v -18.005249 3.196742 -36.203011
v -18.005249 3.095742 -36.203011
v -18.005249 3.196742 -35.769005
v -18.005249 3.095742 -35.769005
v -18.005249 3.196742 -36.703011
v -18.005249 3.095742 -36.703011
v -18.005249 3.196742 -36.269005
v -18.005249 3.095742 -36.269005
v -18.005249 3.196742 -35.703011
v -18.005249 3.095742 -35.703011
v -18.005249 3.196742 -35.269005
v -18.005249 3.095742 -35.269005
v -18.005249 3.196742 -32.203011
v -18.005249 3.095742 -32.203011
v -18.005249 3.196742 -31.769005
v -18.005249 3.095742 -31.769005
v -18.005249 3.196743 -19.202705
v -18.005249 3.094753 -19.202705
v -18.005249 3.196743 -18.768906
v -18.005249 3.094753 -18.768906
v -18.005249 3.196743 -22.202705
v -18.005249 3.095743 -22.202705
v -18.005249 3.196743 -21.768906
v -18.005249 3.095743 -21.768906
v -18.005249 3.196742 -30.203011
v -18.005249 3.095742 -30.203011
v -18.005249 3.196742 -29.769005
v -18.005249 3.095742 -29.769005
v -18.005249 3.196743 -24.202606
v -18.005249 3.095743 -24.202606
v -18.005249 3.196743 -23.768906
v -18.005249 3.095743 -23.768906
v -18.005249 3.196742 -30.703011
v -18.005249 3.095742 -30.703011
v -18.005249 3.196742 -30.269005
v -18.005249 3.095742 -30.269005
v -18.005249 3.196743 -24.702606
v -18.005249 3.095743 -24.702606
v -18.005249 3.196743 -24.268906
v -18.005249 3.095743 -24.268906
v -18.005249 3.196743 -26.202606
v -18.005249 3.095743 -26.202606
v -18.005249 3.196743 -25.768906
v -18.005249 3.095743 -25.768906
v -18.005249 3.196743 -20.702705
v -18.005249 3.094753 -20.702705
v -18.005249 3.196743 -20.268906
v -18.005249 3.094753 -20.268906
v -18.005249 3.196742 -33.703011
v -18.005249 3.095742 -33.703011
v -18.005249 3.196742 -33.269005
v -18.005249 3.095742 -33.269005
v -18.005249 3.196743 -27.202606
v -18.005249 3.095743 -27.202606
v -18.005249 3.196743 -26.768906
v -18.005249 3.095743 -26.768906
v -18.005249 3.196743 -27.702606
v -18.005249 3.095743 -27.702606
v -18.005249 3.196743 -27.268906
v -18.005249 3.095743 -27.268906
v -18.005249 3.196743 -28.202606
v -18.005249 3.095743 -28.202606
v -18.005249 3.196743 -27.768906
v -18.005249 3.095743 -27.768906
v -18.005249 3.196742 -29.703011
v -18.005249 3.095742 -29.703011
v -18.005249 3.196742 -29.268906
v -18.005249 3.095742 -29.268906
v -18.005249 3.196742 -33.203011
v -18.005249 3.095742 -33.203011
v -18.005249 3.196742 -32.769005
v -18.005249 3.095742 -32.769005
v -18.005249 3.196742 -29.202606
v -18.005249 3.095742 -29.202606
v -18.005249 3.196743 -28.768906
v -18.005249 3.095743 -28.768906
v -18.005249 3.196743 -20.202705
v -18.005249 3.094753 -20.202705
v -18.005249 3.196743 -19.768906
v -18.005249 3.094753 -19.768906
v -18.005249 3.196742 -31.703011
v -18.005249 3.095742 -31.703011
v -18.005249 3.196742 -31.269005
v -18.005249 3.095742 -31.269005
v -18.005249 3.196743 -26.702606
v -18.005249 3.095743 -26.702606
v -18.005249 3.196743 -26.268906
v -18.005249 3.095743 -26.268906
v -18.005249 3.196742 -32.703011
v -18.005249 3.095742 -32.703011
v -18.005249 3.196742 -32.269005
v -18.005249 3.095742 -32.269005
v -18.005249 3.196743 -18.702705
v -18.005249 3.094753 -18.702705
v -18.005249 3.196743 -18.268906
v -18.005249 3.094753 -18.268906
v -18.005249 3.196743 -23.202705
v -18.005249 3.095743 -23.202705
v -18.005249 3.196743 -22.768906
v -18.005249 3.095743 -22.768906
v -18.005249 3.196743 -25.702606
v -18.005249 3.095743 -25.702606
v -18.005249 3.196743 -25.268906
v -18.005249 3.095743 -25.268906
v -18.005249 3.196743 -19.702705
v -18.005249 3.094753 -19.702705
v -18.005249 3.196743 -19.268906
v -18.005249 3.094753 -19.268906
v -18.005249 3.196742 -31.203011
v -18.005249 3.095742 -31.203011
v -18.005249 3.196742 -30.769005
v -18.005249 3.095742 -30.769005
v -18.005249 3.196743 -22.702705
v -18.005249 3.095743 -22.702705
v -18.005249 3.196743 -22.268906
v -18.005249 3.095743 -22.268906
v -18.005249 3.196743 -21.702705
v -18.005249 3.095743 -21.702705
v -18.005249 3.196743 -21.268906
v -18.005249 3.095743 -21.268906
v -18.005249 3.196743 -23.702705
v -18.005249 3.095743 -23.702705
v -18.005249 3.196743 -23.268906
v -18.005249 3.095743 -23.268906
v -18.005249 3.196743 -28.702606
v -18.005249 3.095743 -28.702606
v -18.005249 3.196743 -28.268906
v -18.005249 3.095743 -28.268906
v -18.005249 3.196743 -21.202705
v -18.005249 3.094753 -21.202705
v -18.005249 3.196743 -20.768906
v -18.005249 3.094753 -20.768906
v -18.005249 3.196743 -25.202606
v -18.005249 3.095743 -25.202606
v -18.005249 3.196743 -24.768906
v -18.005249 3.095743 -24.768906
v -18.005249 3.196743 -18.202507
v -18.005249 3.094753 -18.202705
v -18.005249 3.196743 -17.768906
v -18.005249 3.094753 -17.768906
v -18.005249 3.196742 -35.203011
v -18.005249 3.095742 -35.203011
v -18.005249 3.196742 -34.769005
v -18.005249 3.095742 -34.769005
v -17.093262 3.162742 -36.763008
v -17.093262 3.060742 -36.763008
v -17.093262 3.161753 -17.640808
v -17.093262 3.060743 -17.640808
v -15.593262 3.162742 -36.763008
v -15.593262 3.060742 -36.763008
v -15.593262 3.161753 -17.640808
v -15.593262 3.060743 -17.640808
v -14.897263 10.907691 -37.294006
v -14.897263 10.649792 -37.294006
v -14.897263 10.907692 -36.860008
v -14.897263 10.649793 -36.860008
v -14.891251 10.828793 -36.860008
v -14.891251 10.828792 -37.294006
v -14.891251 3.128752 -36.860008
v -14.891251 3.128752 -37.294006
v -14.897263 3.388742 -37.294006
v -14.897263 3.130752 -37.294006
v -14.897263 3.388742 -36.860008
v -14.897263 3.130752 -36.860008
v -14.668259 0.000743 -40.700012
v -14.668259 3.686752 -37.013008
v -14.668259 0.355754 -41.055008
v -14.668259 4.041742 -37.368011
v -14.388260 3.120752 -37.435005
v -14.388260 3.120752 -38.197006
v -14.388260 2.930752 -37.435005
v -14.388260 2.930752 -38.197006
v -14.388260 1.596752 -38.959007
v -14.388260 1.596752 -39.721008
v -14.388260 1.406752 -38.959007
v -14.388260 1.406752 -39.721008
v -14.388260 0.835750 -39.721008
v -14.388260 0.835750 -40.482010
v -14.388260 0.644756 -39.721008
v -14.388260 0.644756 -40.482010
v -14.371262 2.358742 -38.198006
v -14.371262 2.358742 -38.960007
v -14.371262 2.168742 -38.198006
v -14.371262 2.168742 -38.960007
v -13.793259 3.162742 -36.763008
v -13.793259 3.060742 -36.763008
v -13.793259 3.161753 -17.640808
v -13.793259 3.060743 -17.640808
v -12.346252 7.473753 -18.172112
v -12.346252 7.273753 -18.172112
v -12.346252 7.473753 -17.733910
v -12.346252 7.273753 -17.733910
v -12.346252 11.318793 -18.172012
v -12.346252 11.118793 -18.172012
v -12.346252 11.318793 -17.733910
v -12.346252 11.118793 -17.733910
v -12.345261 11.284793 -17.733910
v -12.345261 11.284793 -18.172012
v -12.345261 7.309753 -17.733910
v -12.345261 7.309753 -18.172112
v -12.293259 3.162742 -36.763008
v -12.293259 3.060742 -36.763008
v -12.293259 3.161753 -17.640808
v -12.293259 3.060743 -17.640808
v -10.526260 0.000743 -40.700012
v -10.526260 3.686752 -37.013008
v -10.526260 0.355754 -41.055008
v -10.526260 4.041742 -37.368011
v -10.493256 3.162742 -36.763008
v -10.493256 3.060742 -36.763008
v -10.493256 3.161753 -17.640808
v -10.493256 3.060743 -17.640808
v -10.191254 10.828793 -36.860008
v -10.191254 10.828792 -37.294006
v -10.191254 3.128752 -36.860008
v -10.191254 3.128752 -37.294006
v -10.067261 5.618752 -37.295006
v -10.067261 5.360742 -37.295006
v -10.067261 5.618752 -36.861008
v -10.067261 5.360742 -36.861008
v -10.041260 7.879742 -37.295006
v -10.041260 7.621742 -37.295006
v -10.041260 7.879742 -36.861008
v -10.041260 7.621742 -36.861008
v -9.972260 11.284793 -17.733910
v -9.972260 11.284793 -18.172012
v -9.972260 7.309753 -17.733910
v -9.972260 7.309753 -18.172112
v -9.981262 10.583792 -37.295006
v -9.981262 10.325791 -37.295006
v -9.981262 10.583793 -36.861008
v -9.981262 10.325792 -36.861008
v -8.993256 3.162742 -36.763008
v -8.993256 3.060742 -36.763008
v -8.993256 3.161753 -17.640808
v -8.993256 3.060743 -17.640808
v -7.632248 11.284793 -17.733910
v -7.632248 11.284793 -18.172012
v -7.632248 7.309753 -17.733910
v -7.632248 7.309753 -18.172112
v -7.509262 7.878753 -18.182007
v -7.509262 7.621743 -18.182007
v -7.509262 7.878753 -17.748405
v -7.509262 7.621743 -17.748405
v -7.500259 10.582793 -18.182007
v -7.500259 10.325793 -18.182007
v -7.500259 10.582793 -17.748207
v -7.500259 10.325793 -17.748207
v -7.193253 3.162742 -36.763008
v -7.193253 3.060742 -36.763008
v -7.193253 3.161753 -17.640808
v -7.193253 3.060743 -17.640808
v -5.692261 3.162742 -36.763008
v -5.692261 3.060742 -36.763008
v -5.692261 3.161753 -17.640808
v -5.692261 3.060743 -17.640808
v -5.322250 6.209744 -11.147408
v -5.322250 6.209744 -11.716705
v -5.322250 -0.000246 -11.147408
v -5.322250 -0.000247 -11.716705
v -5.322250 13.409793 -14.309212
v -5.322250 13.409793 -14.878410
v -5.322250 3.215754 -14.309311
v -5.322250 3.215754 -14.878510
v -5.322250 6.078743 -17.876312
v -5.322250 5.821743 -17.876312
v -5.322250 6.078744 -11.321907
v -5.322250 5.821744 -11.321907
v -5.308258 12.159793 -17.876312
v -5.308258 11.901793 -17.876312
v -5.308258 12.159793 -14.621910
v -5.308258 11.901793 -14.621910
v -5.316254 3.259744 -11.372612
v -5.316254 3.001754 -11.372612
v -5.316254 3.259744 -11.044312
v -5.316254 3.001754 -11.044312
v -5.256256 6.078744 -11.709412
v -5.256256 5.821744 -11.709412
v -5.256256 6.078744 -11.147812
v -5.256256 5.821744 -11.147812
v -5.231262 3.242754 -15.968208
v -5.231262 3.101743 -15.968208
v -5.231262 3.242754 -15.534409
v -5.231262 3.101743 -15.534409
v -5.231262 3.242754 -15.468208
v -5.231262 3.101743 -15.468208
v -5.231262 3.242754 -15.034508
v -5.231262 3.101743 -15.034508
v -5.231262 3.242754 -14.968208
v -5.231262 3.101743 -14.968208
v -5.231262 3.242754 -14.534409
v -5.231262 3.101743 -14.534409
v -5.231262 3.242754 -14.468208
v -5.231262 3.101743 -14.468208
v -5.231262 3.242754 -14.034409
v -5.231262 3.101743 -14.034409
v -5.231262 3.242754 -13.968208
v -5.231262 3.101743 -13.968208
v -5.231262 3.242754 -13.534409
v -5.231262 3.101743 -13.534409
v -5.231262 3.242754 -13.468208
v -5.231262 3.101743 -13.468208
v -5.231262 3.242754 -13.034409
v -5.231262 3.101744 -13.034409
v -5.231262 3.242754 -12.468208
v -5.231262 3.101744 -12.468208
v -5.231262 3.242754 -12.034409
v -5.231262 3.101744 -12.034409
v -5.231262 3.242754 -11.968208
v -5.231262 3.101744 -11.968208
v -5.231262 3.242754 -11.534409
v -5.231262 3.101744 -11.534409
v -5.231262 3.242754 -12.968208
v -5.231262 3.101744 -12.968208
v -5.231262 3.242754 -12.534409
v -5.231262 3.101744 -12.534409
v -5.231262 3.242753 -17.468307
v -5.231262 3.101743 -17.468307
v -5.231262 3.242753 -17.034508
v -5.231262 3.101743 -17.034508
v -5.231262 3.242753 -16.968307
v -5.231262 3.101743 -16.968307
v -5.231262 3.242753 -16.534508
v -5.231262 3.101743 -16.534508
v -5.231262 3.242754 -16.468208
v -5.231262 3.101743 -16.468208
v -5.231262 3.242754 -16.034508
v -5.231262 3.101743 -16.034508
v -5.231262 3.242753 -17.968307
v -5.231262 3.101743 -17.968307
v -5.231262 3.242753 -17.534508
v -5.231262 3.101743 -17.534508
v -5.156250 3.095744 -12.397911
v -5.156250 3.095744 -12.061508
v -5.156250 5.864744 -12.397911
v -5.156250 5.864744 -12.061508
v -5.156250 3.095744 -13.597908
v -5.156250 3.095744 -13.261505
v -5.156250 5.864744 -13.597908
v -5.156250 5.864744 -13.261505
v -5.156250 3.095744 -12.997910
v -5.156250 3.095744 -12.661507
v -5.156250 5.864744 -12.997910
v -5.156250 5.864744 -12.661507
v -5.156250 3.095744 -14.797905
v -5.156250 3.095744 -14.461510
v -5.156250 5.864744 -14.797905
v -5.156250 5.864744 -14.461510
v -5.156250 3.095743 -17.198105
v -5.156250 3.095743 -16.861610
v -5.156250 5.864743 -17.198105
v -5.156250 5.864743 -16.861610
v -5.156250 3.095743 -16.598007
v -5.156250 3.095744 -16.261612
v -5.156250 5.864743 -16.598007
v -5.156250 5.864743 -16.261612
v -5.156250 3.095744 -15.997910
v -5.156250 3.095744 -15.661705
v -5.156250 5.864743 -15.997910
v -5.156250 5.864743 -15.661705
v -5.156250 3.095744 -15.397911
v -5.156250 3.095744 -15.061607
v -5.156250 5.864743 -15.397911
v -5.156250 5.864743 -15.061607
v -5.156250 3.095744 -14.198006
v -5.156250 3.095744 -13.861511
v -5.156250 5.864744 -14.198006
v -5.156250 5.864744 -13.861511
v -4.296249 3.095744 -11.458611
v -4.296249 3.095744 -11.200806
v -4.296249 5.864744 -11.458611
v -4.296249 5.864744 -11.200905
v -4.192261 3.162742 -36.763008
v -4.192261 3.060742 -36.763008
v -4.192261 3.161754 -11.340805
v -4.192261 3.060744 -11.340805
v -3.696259 3.095744 -11.458611
v -3.696259 3.095744 -11.200905
v -3.696259 5.864744 -11.458710
v -3.696259 5.864744 -11.200905
v -3.096252 3.095744 -11.458611
v -3.096252 3.095744 -11.200905
v -3.096252 5.864744 -11.458710
v -3.096252 5.864744 -11.200905
v -2.692261 3.162742 -36.763008
v -2.692261 3.060742 -36.763008
v -2.692261 3.161754 -11.140808
v -2.692261 3.060744 -11.140808
v -2.495255 3.095744 -11.458611
v -2.495255 3.095744 -11.200905
v -2.495255 5.864744 -11.458710
v -2.495255 5.864744 -11.200905
v -2.325256 7.484752 -37.315010
v -2.325256 7.284752 -37.315010
v -2.325256 7.484752 -36.877007
v -2.325256 7.284752 -36.877007
v -2.324249 11.295692 -36.877007
v -2.324249 11.295691 -37.315010
v -2.324249 7.320752 -36.877007
v -2.324249 7.320752 -37.315010
v -2.325256 11.330791 -37.315010
v -2.325256 11.130792 -37.315010
v -2.325256 11.330792 -36.877007
v -2.325256 11.130793 -36.877007
v -1.895248 3.095744 -11.458611
v -1.895248 3.095744 -11.200905
v -1.895248 5.864744 -11.458710
v -1.895248 5.864744 -11.200905
v -1.295258 3.095744 -11.458611
v -1.295258 3.095744 -11.200905
v -1.295258 5.864744 -11.458710
v -1.295258 5.864744 -11.200905
v -1.216255 3.388743 -18.170609
v -1.216255 3.130753 -18.170609
v -1.216255 3.388743 -17.736809
v -1.216255 3.130753 -17.736809
v -1.210258 10.828794 -17.736809
v -1.210258 10.828794 -18.170609
v -1.210258 3.128753 -17.736809
v -1.210258 3.128753 -18.170609
v -1.216255 10.907693 -18.170609
v -1.216255 10.649794 -18.170609
v -1.216255 10.907693 -17.736809
v -1.216255 10.649794 -17.736809
v -0.892258 3.162742 -36.763008
v -0.892258 3.060742 -36.763008
v -0.892258 3.161754 -11.340805
v -0.892258 3.060744 -11.340805
v -0.695251 3.095744 -11.458710
v -0.695251 3.095744 -11.200905
v -0.695251 5.864744 -11.458710
v -0.695251 5.864744 -11.200905
v -0.095253 3.095744 -11.458710
v -0.095253 3.095744 -11.200905
v -0.095253 5.864744 -11.458710
v -0.095253 5.864744 -11.200905
v 0.504745 3.095744 -11.458710
v 0.504745 3.095744 -11.200905
v 0.504745 5.864744 -11.458710
v 0.504745 5.864744 -11.200905
v 0.598747 3.164742 -36.763008
v 0.598747 3.058742 -36.763008
v 0.598747 3.163754 -11.340805
v 0.598747 3.058744 -11.340805
v 1.104744 3.095744 -11.458710
v 1.104744 3.095744 -11.200905
v 1.104744 5.864744 -11.458710
v 1.104744 5.864744 -11.200905
v 1.704742 3.095744 -11.458710
v 1.704742 3.095744 -11.200905
v 1.704742 5.864744 -11.458710
v 1.704742 5.864744 -11.200905
v 2.107742 3.162742 -36.763008
v 2.107742 3.060742 -36.763008
v 2.107742 3.161754 -11.340805
v 2.107742 3.060744 -11.340805
v 2.304749 3.095744 -11.458710
v 2.304749 3.095744 -11.200905
v 2.304749 5.864744 -11.458710
v 2.304749 5.864744 -11.200905
v 2.388748 11.295692 -36.877007
v 2.388748 11.295691 -37.315010
v 2.388748 7.320752 -36.877007
v 2.388748 7.320752 -37.315010
v 2.529747 7.879742 -37.295006
v 2.529747 7.621742 -37.295006
v 2.529747 7.879742 -36.861008
v 2.529747 7.621742 -36.861008
v 2.553741 10.583792 -37.295006
v 2.553741 10.325791 -37.295006
v 2.553741 10.583793 -36.861008
v 2.553741 10.325792 -36.861008
v 2.904747 3.095744 -11.458710
v 2.904747 3.095744 -11.200905
v 2.904747 5.864744 -11.458710
v 2.904747 5.864744 -11.200905
v 3.489746 10.828794 -17.736809
v 3.489746 10.828794 -18.170609
v 3.489746 3.128753 -17.736809
v 3.489746 3.128753 -18.170609
v 3.504745 3.095744 -11.458611
v 3.504745 3.095744 -11.200806
v 3.504745 5.864744 -11.458611
v 3.504745 5.864744 -11.200905
v 3.599747 7.879743 -18.182007
v 3.599747 7.621743 -18.182007
v 3.599747 7.879743 -17.748405
v 3.599747 7.621743 -17.748405
v 3.599747 5.618753 -18.182205
v 3.599747 5.360744 -18.182205
v 3.599747 5.618753 -17.748405
v 3.599747 5.360744 -17.748405
v 3.607742 3.162742 -36.763008
v 3.607742 3.060742 -36.763008
v 3.607742 3.161754 -11.340805
v 3.607742 3.060744 -11.340805
v 3.646744 10.583794 -18.182007
v 3.646744 10.325793 -18.182007
v 3.646744 10.583794 -17.748207
v 3.646744 10.325793 -17.748207
v 4.104744 3.095744 -11.458611
v 4.104744 3.095744 -11.200806
v 4.104744 5.864744 -11.458611
v 4.104744 5.864744 -11.200905
v 4.704742 3.095744 -11.458611
v 4.704742 3.095744 -11.200806
v 4.704742 5.864744 -11.458611
v 4.704742 5.864744 -11.200905
v 5.304749 3.095744 -11.458611
v 5.304749 3.095744 -11.200806
v 5.304749 5.864744 -11.458611
v 5.304749 5.864744 -11.200905
v 5.371742 3.170742 -36.763008
v 5.371742 3.052742 -36.763008
v 5.371742 3.170744 -11.340805
v 5.371742 3.051754 -11.340805
v 5.904747 3.095744 -11.458611
v 5.904747 3.095744 -11.200806
v 5.904747 5.864744 -11.458611
v 5.904747 5.864744 -11.200905
v 6.504745 3.095744 -11.458611
v 6.504745 3.095744 -11.200806
v 6.504745 5.864744 -11.458611
v 6.504745 5.864744 -11.200905
v 6.907745 3.162742 -36.763008
v 6.907745 3.060742 -36.763008
v 6.907745 3.161754 -11.540810
v 6.907745 3.060744 -11.540810
v 7.052742 6.299754 -11.147408
v 7.052742 6.299754 -11.716705
v 7.052742 -0.000246 -11.147408
v 7.052742 -0.000247 -11.716705
v 7.052742 13.499793 -14.309311
v 7.052742 13.499793 -14.878410
v 7.052742 3.126754 -14.309311
v 7.052742 3.126754 -14.878510
v 7.077744 12.159793 -17.876312
v 7.077744 11.901793 -17.876312
v 7.077744 12.159793 -14.621910
v 7.077744 11.901793 -14.621910
v 7.077744 6.078743 -17.876312
v 7.077744 5.821743 -17.876312
v 7.077744 6.078744 -11.321907
v 7.077744 5.821744 -11.321907
v 7.243744 3.095744 -14.797905
v 7.243744 3.095744 -14.461609
v 7.243744 5.864744 -14.797905
v 7.243744 5.864744 -14.461510
v 7.243744 3.095743 -16.598007
v 7.243744 3.095744 -16.261612
v 7.243744 5.864743 -16.598007
v 7.243744 5.864743 -16.261612
v 7.243744 3.095744 -15.998009
v 7.243744 3.095744 -15.661705
v 7.243744 5.864743 -15.997910
v 7.243744 5.864743 -15.661705
v 7.243744 3.095744 -15.397911
v 7.243744 3.095744 -15.061607
v 7.243744 5.864743 -15.397911
v 7.243744 5.864743 -15.061607
v 7.243744 3.095744 -14.198006
v 7.243744 3.095744 -13.861511
v 7.243744 5.864744 -14.198006
v 7.243744 5.864744 -13.861511
v 7.243744 3.095744 -13.597908
v 7.243744 3.095744 -13.261505
v 7.243744 5.864744 -13.597908
v 7.243744 5.864744 -13.261505
v 7.243744 3.095744 -12.997910
v 7.243744 3.095744 -12.661507
v 7.243744 5.864744 -12.997910
v 7.243744 5.864744 -12.661507
v 7.243744 3.095744 -12.397911
v 7.243744 3.095744 -12.061508
v 7.243744 5.864744 -12.397911
v 7.243744 5.864744 -12.061508
v 7.243744 3.095743 -17.198105
v 7.243744 3.095743 -16.861610
v 7.243744 5.864743 -17.198105
v 7.243744 5.864743 -16.861610
v 8.402748 21.285793 -27.731712
v 8.402748 13.497791 -40.744011
v 8.402748 20.685692 -27.372009
v 8.402748 12.896791 -40.384010
v 8.414742 12.920693 -13.328209
v 8.414742 21.281792 -27.689812
v 8.414742 12.306793 -13.685410
v 8.414742 20.668793 -28.047112
v 8.522743 11.288793 -30.032005
v 8.519745 11.088693 -30.032005
v 8.522743 11.288793 -25.122505
v 8.519745 11.088693 -25.122505
v 8.521744 11.254692 -25.118805
v 8.521744 11.254692 -25.318810
v 8.467743 7.278743 -25.118805
v 8.467743 7.278743 -25.318810
v 8.469742 7.443752 -30.032005
v 8.466743 7.243752 -30.032005
v 8.469742 7.443753 -25.122505
v 8.466743 7.243753 -25.122505
v 8.521744 11.254692 -29.831009
v 8.521744 11.254692 -30.031006
v 8.467743 7.278742 -29.831009
v 8.467743 7.278742 -30.031006
v 8.449745 15.636792 -36.626007
v 8.449745 15.636791 -37.296005
v 8.449745 -0.000248 -36.626007
v 8.449745 -0.000248 -37.296005
v 8.449745 15.636793 -17.683510
v 8.449745 15.636793 -18.352608
v 8.449745 -0.000247 -17.683510
v 8.449745 -0.000247 -18.352707
v 8.480743 3.318752 -36.763008
v 8.480743 3.060742 -36.763008
v 8.480743 3.317743 -17.640808
v 8.480743 3.060743 -17.640808
v 8.480743 5.618752 -36.866005
v 8.480743 5.360742 -36.866005
v 8.480743 5.618753 -17.744011
v 8.480743 5.360744 -17.744011
v 8.480743 10.583793 -25.180008
v 8.480743 10.325792 -25.180008
v 8.480743 10.583794 -17.744011
v 8.480743 10.325793 -17.744011
v 8.480743 7.879743 -25.165512
v 8.480743 7.621743 -25.165512
v 8.480743 7.878753 -18.260506
v 8.480743 7.621743 -18.260506
v 8.480743 14.770792 -36.866005
v 8.480743 14.512793 -36.866005
v 8.480743 14.770793 -17.744110
v 8.480743 14.512794 -17.744110
v 8.480743 12.726692 -36.866005
v 8.480743 12.468792 -36.866005
v 8.480743 12.726693 -17.744110
v 8.480743 12.468793 -17.744110
v 8.480743 7.879742 -36.866005
v 8.480743 7.621742 -36.866005
v 8.480743 7.879742 -29.961006
v 8.480743 7.621742 -29.961006
v 8.480743 10.583793 -36.866005
v 8.480743 10.325792 -36.866005
v 8.480743 10.583793 -29.910011
v 8.480743 10.325792 -29.910011
v -14.287262 0.355754 -41.055008
v -14.287262 0.000743 -40.700012
v -14.668259 0.355754 -41.055008
v -14.668259 0.000743 -40.700012
v -10.145248 0.355754 -41.055008
v -10.145248 0.000743 -40.700012
v -10.526260 0.355754 -41.055008
v -10.526260 0.000743 -40.700012
v -5.322250 -0.000247 -11.716705
v -4.722260 -0.000247 -11.716705
v -5.322250 -0.000246 -11.147408
v -4.722260 -0.000246 -11.147408
v 7.052742 -0.000247 -11.716705
v 7.652748 -0.000247 -11.716705
v 7.052742 -0.000246 -11.147408
v 7.652748 -0.000246 -11.147408
v 9.049744 -0.000248 -36.626007
v 8.449745 -0.000248 -36.626007
v 9.049744 -0.000248 -37.296005
v 8.449745 -0.000248 -37.296005
v 9.049744 -0.000247 -17.683510
v 8.449745 -0.000247 -17.683510
v 9.049744 -0.000247 -18.352707
v 8.449745 -0.000247 -18.352707
v -17.918259 -0.000247 -17.683510
v -18.518250 -0.000247 -17.683510
v -17.918259 -0.000247 -18.352707
v -18.518250 -0.000247 -18.352707
v -17.918259 -0.000248 -36.626007
v -18.518250 -0.000248 -36.626007
v -17.918259 -0.000248 -37.296005
v -18.518250 -0.000248 -37.296005
v -14.388260 0.644756 -40.482010
v -10.341248 0.644756 -40.482010
v -14.388260 0.644756 -39.721008
v -10.341248 0.644756 -39.721008
v -14.388260 1.406752 -39.721008
v -10.441254 1.406752 -39.721008
v -14.388260 1.406752 -38.959007
v -10.441254 1.406752 -38.959007
v -14.371262 2.168742 -38.960007
v -10.424255 2.168742 -38.960007
v -14.371262 2.168742 -38.198006
v -10.424255 2.168742 -38.198006
v -14.388260 2.930752 -38.197006
v -10.441254 2.930752 -38.197006
v -14.388260 2.930752 -37.435005
v -10.441254 2.930752 -37.435005
v 7.581741 3.001754 -11.372612
v 7.581741 3.001754 -11.044312
v -5.316254 3.001754 -11.372612
v -5.316254 3.001754 -11.044312
v -0.892258 3.060742 -36.763008
v -0.459251 3.060742 -36.763008
v -0.892258 3.060744 -11.340805
v -0.459251 3.060744 -11.340805
v 0.598747 3.058742 -36.763008
v 1.049744 3.058742 -36.763008
v 0.598747 3.058744 -11.340805
v 1.049744 3.058744 -11.340805
v 2.107742 3.060742 -36.763008
v 2.540749 3.060742 -36.763008
v 2.107742 3.060744 -11.340805
v 2.540749 3.060744 -11.340805
v -2.692261 3.060742 -36.763008
v -2.259262 3.060742 -36.763008
v -2.692261 3.060744 -11.140808
v -2.259262 3.060744 -11.140808
v -12.293259 3.060742 -36.763008
v -11.859253 3.060742 -36.763008
v -12.293259 3.060743 -17.640808
v -11.859253 3.060743 -17.640808
v 6.907745 3.060742 -36.763008
v 7.540749 3.060742 -36.763008
v 6.907745 3.060744 -11.540810
v 7.540749 3.060744 -11.540810
v -8.993256 3.060742 -36.763008
v -8.559250 3.060742 -36.763008
v -8.993256 3.060743 -17.640808
v -8.559250 3.060743 -17.640808
v 5.371742 3.052742 -36.763008
v 5.876747 3.052742 -36.763008
v 5.371742 3.051754 -11.340805
v 5.876747 3.051754 -11.340805
v 3.607742 3.060742 -36.763008
v 4.040749 3.060742 -36.763008
v 3.607742 3.060744 -11.340805
v 4.040749 3.060744 -11.340805
v 8.480743 3.060742 -36.763008
v 8.914742 3.060742 -36.763008
v 8.480743 3.060743 -17.640808
v 8.914742 3.060743 -17.640808
v -10.493256 3.060742 -36.763008
v -10.059250 3.060742 -36.763008
v -10.493256 3.060743 -17.640808
v -10.059250 3.060743 -17.640808
v -7.193253 3.060742 -36.763008
v -6.759262 3.060742 -36.763008
v -7.193253 3.060743 -17.640808
v -6.759262 3.060743 -17.640808
v 8.919746 3.060743 -18.078911
v 8.919746 3.060743 -17.645111
v -18.400253 3.060743 -18.078911
v -18.400253 3.060743 -17.645111
v -18.393250 3.060742 -36.763008
v -17.959259 3.060742 -36.763008
v -18.393250 3.060743 -17.640808
v -17.959259 3.060743 -17.640808
v -5.692261 3.060742 -36.763008
v -5.259262 3.060742 -36.763008
v -5.692261 3.060743 -17.640808
v -5.259262 3.060743 -17.640808
v -13.793259 3.060742 -36.763008
v -13.359253 3.060742 -36.763008
v -13.793259 3.060743 -17.640808
v -13.359253 3.060743 -17.640808
v -4.192261 3.060742 -36.763008
v -3.759262 3.060742 -36.763008
v -4.192261 3.060744 -11.340805
v -3.759262 3.060744 -11.340805
v -17.093262 3.060742 -36.763008
v -16.659256 3.060742 -36.763008
v -17.093262 3.060743 -17.640808
v -16.659256 3.060743 -17.640808
v -15.593262 3.060742 -36.763008
v -15.159256 3.060742 -36.763008
v -15.593262 3.060743 -17.640808
v -15.159256 3.060743 -17.640808
v 8.919746 3.060742 -37.192009
v 8.919746 3.060742 -36.758011
v -18.400253 3.060742 -37.192009
v -18.400253 3.060742 -36.758011
v -4.898254 3.095744 -12.061508
v -5.156250 3.095744 -12.061508
v -4.898254 3.095744 -12.397911
v -5.156250 3.095744 -12.397911
v -18.005249 3.095742 -33.769005
v -18.005249 3.095742 -34.203011
v 8.527748 3.095742 -33.769005
v 8.527748 3.095742 -34.203011
v -18.005249 3.095742 -34.269005
v -18.005249 3.095742 -34.703011
v 8.527748 3.095742 -34.269005
v 8.527748 3.095742 -34.703011
v -18.005249 3.095742 -35.769005
v -18.005249 3.095742 -36.203011
v 8.527748 3.095742 -35.769005
v 8.527748 3.095742 -36.203011
v -18.005249 3.095742 -36.269005
v -18.005249 3.095742 -36.703011
v 8.527748 3.095742 -36.269005
v 8.527748 3.095742 -36.703011
v -18.005249 3.095742 -35.269005
v -18.005249 3.095742 -35.703011
v 8.527748 3.095742 -35.269005
v 8.527748 3.095742 -35.703011
v 7.254745 3.101743 -15.968208
v 7.254745 3.101743 -15.534409
v -5.231262 3.101743 -15.968208
v -5.231262 3.101743 -15.534409
v 7.254745 3.101743 -15.468208
v 7.254745 3.101743 -15.034508
v -5.231262 3.101743 -15.468208
v -5.231262 3.101743 -15.034508
v 7.254745 3.101743 -14.968208
v 7.254745 3.101743 -14.534409
v -5.231262 3.101743 -14.968208
v -5.231262 3.101743 -14.534409
v 7.254745 3.101743 -14.468208
v 7.254745 3.101743 -14.034409
v -5.231262 3.101743 -14.468208
v -5.231262 3.101743 -14.034409
v 7.254745 3.101743 -13.968208
v 7.254745 3.101743 -13.534409
v -5.231262 3.101743 -13.968208
v -5.231262 3.101743 -13.534409
v 7.254745 3.101743 -13.468208
v 7.254745 3.101744 -13.034409
v -5.231262 3.101743 -13.468208
v -5.231262 3.101744 -13.034409
v 7.254745 3.101744 -12.468208
v 7.254745 3.101744 -12.034409
v -5.231262 3.101744 -12.468208
v -5.231262 3.101744 -12.034409
v 7.254745 3.101744 -11.968208
v 7.254745 3.101744 -11.534409
v -5.231262 3.101744 -11.968208
v -5.231262 3.101744 -11.534409
v 7.254745 3.101744 -12.968208
v 7.254745 3.101744 -12.534409
v -5.231262 3.101744 -12.968208
v -5.231262 3.101744 -12.534409
v 7.254745 3.101743 -17.468307
v 7.254745 3.101743 -17.034508
v -5.231262 3.101743 -17.468307
v -5.231262 3.101743 -17.034508
v 7.254745 3.101743 -16.968307
v 7.254745 3.101743 -16.534508
v -5.231262 3.101743 -16.968307
v -5.231262 3.101743 -16.534508
v 7.254745 3.101743 -16.468208
v 7.254745 3.101743 -16.034508
v -5.231262 3.101743 -16.468208
v -5.231262 3.101743 -16.034508
v 7.254745 3.101743 -17.968307
v 7.254745 3.101743 -17.534508
v -5.231262 3.101743 -17.968307
v -5.231262 3.101743 -17.534508
v 4.104744 3.095744 -11.200806
v 4.104744 3.095744 -11.458611
v 4.440742 3.095744 -11.200806
v 4.440742 3.095744 -11.458611
v 4.704742 3.095744 -11.200806
v 4.704742 3.095744 -11.458611
v 5.040749 3.095744 -11.200806
v 5.040749 3.095744 -11.458611
v 5.304749 3.095744 -11.200806
v 5.304749 3.095744 -11.458611
v 5.640747 3.095744 -11.200806
v 5.640747 3.095744 -11.458611
v 5.904747 3.095744 -11.200806
v 5.904747 3.095744 -11.458611
v 6.240746 3.095744 -11.200806
v 6.240746 3.095744 -11.458611
v 6.504745 3.095744 -11.200806
v 6.504745 3.095744 -11.458611
v 6.840744 3.095744 -11.200806
v 6.840744 3.095744 -11.458611
v 7.501747 3.095744 -14.461609
v 7.243744 3.095744 -14.461609
v 7.501747 3.095744 -14.797905
v 7.243744 3.095744 -14.797905
v 7.501747 3.095744 -16.261612
v 7.243744 3.095744 -16.261612
v 7.501747 3.095743 -16.598007
v 7.243744 3.095743 -16.598007
v 7.501747 3.095744 -15.661705
v 7.243744 3.095744 -15.661705
v 7.501747 3.095744 -15.998009
v 7.243744 3.095744 -15.998009
v 7.501747 3.095744 -15.061607
v 7.243744 3.095744 -15.061607
v 7.501747 3.095744 -15.397911
v 7.243744 3.095744 -15.397911
v 7.501747 3.095744 -13.861511
v 7.243744 3.095744 -13.861511
v 7.501747 3.095744 -14.198006
v 7.243744 3.095744 -14.198006
v 7.501747 3.095744 -13.261505
v 7.243744 3.095744 -13.261505
v 7.501747 3.095744 -13.597908
v 7.243744 3.095744 -13.597908
v 7.501747 3.095744 -12.661507
v 7.243744 3.095744 -12.661507
v 7.501747 3.095744 -12.997910
v 7.243744 3.095744 -12.997910
v 7.501747 3.095744 -12.061508
v 7.243744 3.095744 -12.061508
v 7.501747 3.095744 -12.397911
v 7.243744 3.095744 -12.397911
v 7.501747 3.095743 -16.861610
v 7.243744 3.095743 -16.861610
v 7.501747 3.095743 -17.198105
v 7.243744 3.095743 -17.198105
v -4.898254 3.095744 -13.261505
v -5.156250 3.095744 -13.261505
v -4.898254 3.095744 -13.597908
v -5.156250 3.095744 -13.597908
v -4.898254 3.095744 -12.661507
v -5.156250 3.095744 -12.661507
v -4.898254 3.095744 -12.997910
v -5.156250 3.095744 -12.997910
v -4.296249 3.095744 -11.200806
v -4.296249 3.095744 -11.458611
v -3.959259 3.095744 -11.200806
v -3.959259 3.095744 -11.458611
v -3.696259 3.095744 -11.200905
v -3.696259 3.095744 -11.458611
v -3.359253 3.095744 -11.200905
v -3.359253 3.095744 -11.458611
v -3.096252 3.095744 -11.200905
v -3.096252 3.095744 -11.458611
v -2.759262 3.095744 -11.200905
v -2.759262 3.095744 -11.458611
v -2.495255 3.095744 -11.200905
v -2.495255 3.095744 -11.458611
v -2.159256 3.095744 -11.200905
v -2.159256 3.095744 -11.458611
v -18.005249 3.095742 -31.769005
v -18.005249 3.095742 -32.203011
v 8.527748 3.095742 -31.769005
v 8.527748 3.095742 -32.203011
v -18.005249 3.094753 -18.768906
v -18.005249 3.094753 -19.202705
v 8.527748 3.095743 -18.768906
v 8.527748 3.095743 -19.202705
v -18.005249 3.095743 -21.768906
v -18.005249 3.095743 -22.202705
v 8.527748 3.095743 -21.768906
v 8.527748 3.095743 -22.202705
v -18.005249 3.095742 -29.769005
v -18.005249 3.095742 -30.203011
v 8.527748 3.095742 -29.769005
v 8.527748 3.095742 -30.203011
v -18.005249 3.095743 -23.768906
v -18.005249 3.095743 -24.202606
v 8.527748 3.095743 -23.768906
v 8.527748 3.095743 -24.202606
v -18.005249 3.095742 -30.269005
v -18.005249 3.095742 -30.703011
v 8.527748 3.095742 -30.269005
v 8.527748 3.095742 -30.703011
v -18.005249 3.095743 -24.268906
v -18.005249 3.095743 -24.702606
v 8.527748 3.095743 -24.268906
v 8.527748 3.095743 -24.702606
v -18.005249 3.095743 -25.768906
v -18.005249 3.095743 -26.202606
v 8.527748 3.095743 -25.768906
v 8.527748 3.095743 -26.202606
v -18.005249 3.094753 -20.268906
v -18.005249 3.094753 -20.702705
v 8.527748 3.095743 -20.268906
v 8.527748 3.095743 -20.702705
v -18.005249 3.095742 -33.269005
v -18.005249 3.095742 -33.703011
v 8.527748 3.095742 -33.269005
v 8.527748 3.095742 -33.703011
v -18.005249 3.095743 -26.768906
v -18.005249 3.095743 -27.202606
v 8.527748 3.095743 -26.768906
v 8.527748 3.095743 -27.202606
v -18.005249 3.095743 -27.268906
v -18.005249 3.095743 -27.702606
v 8.527748 3.095743 -27.268906
v 8.527748 3.095743 -27.702606
v -18.005249 3.095743 -27.768906
v -18.005249 3.095743 -28.202606
v 8.527748 3.095743 -27.768906
v 8.527748 3.095743 -28.202606
v -18.005249 3.095742 -29.268906
v -18.005249 3.095742 -29.703011
v 8.527748 3.095742 -29.268906
v 8.527748 3.095742 -29.703011
v -18.005249 3.095742 -32.769005
v -18.005249 3.095742 -33.203011
v 8.527748 3.095742 -32.769005
v 8.527748 3.095742 -33.203011
v -18.005249 3.095743 -28.768906
v -18.005249 3.095742 -29.202606
v 8.527748 3.095743 -28.768906
v 8.527748 3.095742 -29.202606
v -18.005249 3.094753 -19.768906
v -18.005249 3.094753 -20.202705
v 8.527748 3.095743 -19.768906
v 8.527748 3.095743 -20.202705
v -18.005249 3.095742 -31.269005
v -18.005249 3.095742 -31.703011
v 8.527748 3.095742 -31.269005
v 8.527748 3.095742 -31.703011
v -18.005249 3.095743 -26.268906
v -18.005249 3.095743 -26.702606
v 8.527748 3.095743 -26.268906
v 8.527748 3.095743 -26.702606
v -18.005249 3.095742 -32.269005
v -18.005249 3.095742 -32.703011
v 8.527748 3.095742 -32.269005
v 8.527748 3.095742 -32.703011
v -18.005249 3.094753 -18.268906
v -18.005249 3.094753 -18.702705
v 8.527748 3.095743 -18.268906
v 8.527748 3.095743 -18.702705
v -18.005249 3.095743 -22.768906
v -18.005249 3.095743 -23.202705
v 8.527748 3.095743 -22.768906
v 8.527748 3.095743 -23.202705
v -18.005249 3.095743 -25.268906
v -18.005249 3.095743 -25.702606
v 8.527748 3.095743 -25.268906
v 8.527748 3.095743 -25.702606
v -18.005249 3.094753 -19.268906
v -18.005249 3.094753 -19.702705
v 8.527748 3.095743 -19.268906
v 8.527748 3.095743 -19.702705
v -18.005249 3.095742 -30.769005
v -18.005249 3.095742 -31.203011
v 8.527748 3.095742 -30.769005
v 8.527748 3.095742 -31.203011
v -18.005249 3.095743 -22.268906
v -18.005249 3.095743 -22.702705
v 8.527748 3.095743 -22.268906
v 8.527748 3.095743 -22.702705
v -18.005249 3.095743 -21.268906
v -18.005249 3.095743 -21.702705
v 8.527748 3.095743 -21.268906
v 8.527748 3.095743 -21.702705
v -18.005249 3.095743 -23.268906
v -18.005249 3.095743 -23.702705
v 8.527748 3.095743 -23.268906
v 8.527748 3.095743 -23.702705
v -18.005249 3.095743 -28.268906
v -18.005249 3.095743 -28.702606
v 8.527748 3.095743 -28.268906
v 8.527748 3.095743 -28.702606
v -18.005249 3.094753 -20.768906
v -18.005249 3.094753 -21.202705
v 8.527748 3.095743 -20.768906
v 8.527748 3.095743 -21.202705
v -18.005249 3.095743 -24.768906
v -18.005249 3.095743 -25.202606
v 8.527748 3.095743 -24.768906
v 8.527748 3.095743 -25.202606
v -4.898254 3.095744 -14.461510
v -5.156250 3.095744 -14.461510
v -4.898254 3.095744 -14.797905
v -5.156250 3.095744 -14.797905
v -4.898254 3.095743 -16.861610
v -5.156250 3.095743 -16.861610
v -4.898254 3.095743 -17.198105
v -5.156250 3.095743 -17.198105
v -4.898254 3.095744 -16.261612
v -5.156250 3.095744 -16.261612
v -4.898254 3.095743 -16.598007
v -5.156250 3.095743 -16.598007
v -4.898254 3.095744 -15.661705
v -5.156250 3.095744 -15.661705
v -4.898254 3.095744 -15.997910
v -5.156250 3.095744 -15.997910
v -4.898254 3.095744 -15.061607
v -5.156250 3.095744 -15.061607
v -4.898254 3.095744 -15.397911
v -5.156250 3.095744 -15.397911
v -4.898254 3.095744 -13.861511
v -5.156250 3.095744 -13.861511
v -4.898254 3.095744 -14.198006
v -5.156250 3.095744 -14.198006
v -18.005249 3.094753 -17.768906
v -18.005249 3.094753 -18.202705
v 8.527748 3.095743 -17.768906
v 8.527748 3.095743 -18.202507
v -1.895248 3.095744 -11.200905
v -1.895248 3.095744 -11.458611
v -1.559250 3.095744 -11.200905
v -1.559250 3.095744 -11.458611
v -1.295258 3.095744 -11.200905
v -1.295258 3.095744 -11.458611
v -0.959251 3.095744 -11.200905
v -0.959251 3.095744 -11.458611
v -0.695251 3.095744 -11.200905
v -0.695251 3.095744 -11.458710
v -0.359253 3.095744 -11.200905
v -0.359253 3.095744 -11.458710
v -0.095253 3.095744 -11.200905
v -0.095253 3.095744 -11.458710
v 0.240746 3.095744 -11.200905
v 0.240746 3.095744 -11.458710
v 0.504745 3.095744 -11.200905
v 0.504745 3.095744 -11.458710
v 0.840744 3.095744 -11.200905
v 0.840744 3.095744 -11.458710
v 1.104744 3.095744 -11.200905
v 1.104744 3.095744 -11.458710
v 1.440742 3.095744 -11.200905
v 1.440742 3.095744 -11.458710
v 1.704742 3.095744 -11.200905
v 1.704742 3.095744 -11.458710
v 2.040749 3.095744 -11.200905
v 2.040749 3.095744 -11.458710
v 2.304749 3.095744 -11.200905
v 2.304749 3.095744 -11.458710
v 2.640747 3.095744 -11.200905
v 2.640747 3.095744 -11.458710
v 2.904747 3.095744 -11.200905
v 2.904747 3.095744 -11.458710
v 3.240746 3.095744 -11.200905
v 3.240746 3.095744 -11.458710
v 3.504745 3.095744 -11.200806
v 3.504745 3.095744 -11.458611
v 3.840744 3.095744 -11.200806
v 3.840744 3.095744 -11.458611
v -18.005249 3.095742 -34.769005
v -18.005249 3.095742 -35.203011
v 8.527748 3.095742 -34.769005
v 8.527748 3.095742 -35.203011
v 7.052742 3.126754 -14.878510
v 7.652748 3.126754 -14.878510
v 7.052742 3.126754 -14.309311
v 7.652748 3.126754 -14.309311
v -1.216255 3.130753 -17.736809
v -1.216255 3.130753 -18.170609
v 3.746742 3.130753 -17.736809
v 3.746742 3.130753 -18.170609
v -14.633255 3.128752 -36.860008
v -14.891251 3.128752 -36.860008
v -14.633255 3.128752 -37.294006
v -14.891251 3.128752 -37.294006
v -9.933258 3.128752 -36.860008
v -10.191254 3.128752 -36.860008
v -9.933258 3.128752 -37.294006
v -10.191254 3.128752 -37.294006
v -14.897263 3.130752 -36.860008
v -14.897263 3.130752 -37.294006
v -9.935257 3.130752 -36.860008
v -9.935257 3.130752 -37.294006
v 3.747742 3.128753 -17.736809
v 3.489746 3.128753 -17.736809
v 3.747742 3.128753 -18.170609
v 3.489746 3.128753 -18.170609
v -0.952255 3.128753 -17.736809
v -1.210258 3.128753 -17.736809
v -0.952255 3.128753 -18.170609
v -1.210258 3.128753 -18.170609
v -5.322250 3.215754 -14.878510
v -4.722260 3.215754 -14.878510
v -5.322250 3.215754 -14.309311
v -4.722260 3.215754 -14.309311
v 8.638748 5.360742 -37.295006
v 8.638748 5.360742 -36.861008
v -10.067261 5.360742 -37.295006
v -10.067261 5.360742 -36.861008
v 8.919746 5.360744 -18.182205
v 8.919746 5.360744 -17.748405
v 3.599747 5.360744 -18.182205
v 3.599747 5.360744 -17.748405
v 8.480743 5.360742 -36.866005
v 8.914742 5.360742 -36.866005
v 8.480743 5.360744 -17.744011
v 8.914742 5.360744 -17.744011
v -18.392258 5.360742 -36.866005
v -17.959259 5.360742 -36.866005
v -18.392258 5.360744 -17.744011
v -17.959259 5.360744 -17.744011
v -1.095253 5.360744 -18.182205
v -1.095253 5.360744 -17.748405
v -18.400253 5.360744 -18.182205
v -18.400253 5.360744 -17.748405
v -14.835251 5.360742 -37.295006
v -14.835251 5.360742 -36.861008
v -18.400253 5.360742 -37.295006
v -18.400253 5.360742 -36.861008
v 7.077744 5.821743 -17.876312
v 7.650742 5.821743 -17.876312
v 7.077744 5.821744 -11.321907
v 7.650742 5.821744 -11.321907
v -5.322250 5.821743 -17.876312
v -4.749252 5.821743 -17.876312
v -5.322250 5.821744 -11.321907
v -4.749252 5.821744 -11.321907
v 7.651749 5.821744 -11.709412
v 7.651749 5.821744 -11.147812
v -5.256256 5.821744 -11.709412
v -5.256256 5.821744 -11.147812
v -18.403259 7.237742 -30.079010
v -17.965256 7.231742 -30.079010
v -18.403259 7.237743 -25.168907
v -17.965256 7.231743 -25.168907
v -18.403259 7.272743 -25.165405
v -18.403259 7.272743 -25.365311
v -17.965256 7.266753 -25.165405
v -17.965256 7.266753 -25.365311
v -18.403259 7.272742 -29.878006
v -18.403259 7.272742 -30.078011
v -17.965256 7.266752 -29.878006
v -17.965256 7.266752 -30.078011
v -2.325256 7.284752 -36.877007
v -2.325256 7.284752 -37.315010
v 2.584747 7.284752 -36.877007
v 2.584747 7.284752 -37.315010
v -12.346252 7.273753 -17.733910
v -12.346252 7.273753 -18.172112
v -7.436249 7.273753 -17.733910
v -7.436249 7.273753 -18.172112
v -9.772263 7.309753 -17.733910
v -9.972260 7.309753 -17.733910
v -9.772263 7.309753 -18.172112
v -9.972260 7.309753 -18.172112
v 2.588745 7.320752 -36.877007
v 2.388748 7.320752 -36.877007
v 2.588745 7.320752 -37.315010
v 2.388748 7.320752 -37.315010
v -2.124252 7.320752 -36.877007
v -2.324249 7.320752 -36.877007
v -2.124252 7.320752 -37.315010
v -2.324249 7.320752 -37.315010
v -7.432251 7.309753 -17.733910
v -7.632248 7.309753 -17.733910
v -7.432251 7.309753 -18.172112
v -7.632248 7.309753 -18.172112
v -12.145248 7.309753 -17.733910
v -12.345261 7.309753 -17.733910
v -12.145248 7.309753 -18.172112
v -12.345261 7.309753 -18.172112
v 8.466743 7.243752 -30.032005
v 8.905746 7.237742 -30.032005
v 8.466743 7.243753 -25.122505
v 8.905746 7.237743 -25.122505
v 8.467743 7.278743 -25.118805
v 8.467743 7.278743 -25.318810
v 8.905746 7.272743 -25.118805
v 8.905746 7.272743 -25.318810
v 8.467743 7.278742 -29.831009
v 8.467743 7.278742 -30.031006
v 8.905746 7.272742 -29.831009
v 8.905746 7.272742 -30.031006
v -12.227249 7.620753 -18.182007
v -12.227249 7.620753 -17.748405
v -18.400253 7.620753 -18.182007
v -18.400253 7.620753 -17.748405
v 8.919746 7.621743 -18.182007
v 8.919746 7.621743 -17.748405
v 3.599747 7.621743 -18.182007
v 3.599747 7.621743 -17.748405
v 8.919746 7.621742 -37.295006
v 8.919746 7.621742 -36.861008
v 2.529747 7.621742 -37.295006
v 2.529747 7.621742 -36.861008
v 8.480743 7.621743 -25.165512
v 8.914742 7.621743 -25.165512
v 8.480743 7.621743 -18.260506
v 8.914742 7.621743 -18.260506
v 8.480743 7.621742 -36.866005
v 8.914742 7.621742 -36.866005
v 8.480743 7.621742 -29.961006
v 8.914742 7.621742 -29.961006
v -1.056252 7.621743 -18.182007
v -1.056252 7.621743 -17.748405
v -7.509262 7.621743 -18.182007
v -7.509262 7.621743 -17.748405
v -18.393250 7.621743 -25.227310
v -17.959259 7.621743 -25.227310
v -18.393250 7.620753 -17.744011
v -17.959259 7.620753 -17.744011
v -14.798248 7.621742 -37.295006
v -14.798248 7.621742 -36.861008
v -18.400253 7.621742 -37.295006
v -18.400253 7.621742 -36.861008
v -18.393250 7.621742 -36.982010
v -17.959259 7.621742 -36.982010
v -18.393250 7.621742 -30.025009
v -17.959259 7.621742 -30.025009
v -2.210251 7.621742 -37.295006
v -2.210251 7.621742 -36.861008
v -10.041260 7.621742 -37.295006
v -10.041260 7.621742 -36.861008
v -14.763260 10.325791 -37.295006
v -14.763260 10.325792 -36.861008
v -18.400253 10.325791 -37.295006
v -18.400253 10.325792 -36.861008
v -2.309250 10.325791 -37.295006
v -2.309250 10.325792 -36.861008
v -9.981262 10.325791 -37.295006
v -9.981262 10.325792 -36.861008
v 8.918747 10.325793 -18.182007
v 8.918747 10.325793 -17.748207
v 3.646744 10.325793 -18.182007
v 3.646744 10.325793 -17.748207
v 8.661743 10.325791 -37.295006
v 8.661743 10.325792 -36.861008
v 2.553741 10.325791 -37.295006
v 2.553741 10.325792 -36.861008
v 8.480743 10.325792 -25.180008
v 8.914742 10.325792 -25.180008
v 8.480743 10.325793 -17.744011
v 8.914742 10.325793 -17.744011
v 8.480743 10.325792 -36.866005
v 8.914742 10.325792 -36.866005
v 8.480743 10.325792 -29.910011
v 8.914742 10.325792 -29.910011
v -18.393250 10.325792 -25.207710
v -17.959259 10.325792 -25.207710
v -18.393250 10.325793 -17.744011
v -17.959259 10.325793 -17.744011
v -12.240250 10.325793 -18.182007
v -12.240250 10.325793 -17.748207
v -18.370255 10.324793 -18.182007
v -18.370255 10.324793 -17.748207
v -1.117256 10.325793 -18.182007
v -1.117256 10.325793 -17.748207
v -7.500259 10.325793 -18.182007
v -7.500259 10.325793 -17.748207
v -18.393250 10.325792 -36.866005
v -17.959259 10.325792 -36.866005
v -18.393250 10.325792 -29.906006
v -17.959259 10.325792 -29.906006
v -14.897263 10.649793 -36.860008
v -14.897263 10.649792 -37.294006
v -9.935257 10.649793 -36.860008
v -9.935257 10.649792 -37.294006
v -1.216255 10.649794 -17.736809
v -1.216255 10.649794 -18.170609
v 3.746742 10.649794 -17.736809
v 3.746742 10.649794 -18.170609
v -18.351257 11.082792 -30.079010
v -17.913254 11.076793 -30.079010
v -18.351257 11.082792 -25.168907
v -17.913254 11.076793 -25.168907
v -12.346252 11.118793 -17.733910
v -12.346252 11.118793 -18.172012
v -7.436249 11.118793 -17.733910
v -7.436249 11.118793 -18.172012
v -2.325256 11.130793 -36.877007
v -2.325256 11.130792 -37.315010
v 2.584747 11.130793 -36.877007
v 2.584747 11.130792 -37.315010
v 8.519745 11.088693 -30.032005
v 8.957748 11.082792 -30.032005
v 8.519745 11.088693 -25.122505
v 8.957748 11.082792 -25.122505
v -5.308258 11.901793 -17.876312
v -4.772263 11.901793 -17.876312
v -5.308258 11.901793 -14.621910
v -4.772263 11.901793 -14.621910
v 7.077744 11.901793 -17.876312
v 7.650742 11.901793 -17.876312
v 7.077744 11.901793 -14.621910
v 7.650742 11.901793 -14.621910
v 8.918747 12.468791 -37.295006
v 8.918747 12.468792 -36.861008
v -18.400253 12.468791 -37.295006
v -18.400253 12.468792 -36.861008
v 8.480743 12.468792 -36.866005
v 8.914742 12.468792 -36.866005
v 8.480743 12.468793 -17.744110
v 8.914742 12.468793 -17.744110
v 8.918747 12.469793 -18.182205
v 8.918747 12.469793 -17.748405
v -18.400253 12.468793 -18.182205
v -18.400253 12.468793 -17.748405
v -18.393250 12.469792 -36.866005
v -17.959259 12.469792 -36.866005
v -18.393250 12.468793 -17.744110
v -17.959259 12.468793 -17.744110
v -14.287262 0.000743 -40.700012
v -14.287262 3.686752 -37.013008
v -14.668259 0.000743 -40.700012
v -14.668259 3.686752 -37.013008
v -10.145248 0.000743 -40.700012
v -10.145248 3.686752 -37.013008
v -10.526260 0.000743 -40.700012
v -10.526260 3.686752 -37.013008
v -18.094254 14.372792 -27.017311
v -18.094254 14.372792 -27.631912
v 8.602745 14.372792 -27.017311
v 8.602745 14.372792 -27.631912
v 8.480743 14.512793 -36.866005
v 8.914742 14.512793 -36.866005
v 8.480743 14.512794 -17.744110
v 8.914742 14.512794 -17.744110
v 8.918747 14.512794 -18.182205
v 8.918747 14.512794 -17.748405
v -18.400253 14.512794 -18.182205
v -18.400253 14.512794 -17.748405
v -18.393250 14.512793 -36.866005
v -17.959259 14.512793 -36.866005
v -18.393250 14.512794 -17.744110
v -17.959259 14.512794 -17.744110
v 8.918747 14.522792 -37.295006
v 8.918747 14.522793 -36.861008
v -18.400253 14.522792 -37.295006
v -18.400253 14.522793 -36.861008
v -18.982254 12.297793 -13.669708
v -18.982254 20.668793 -28.047112
v -17.614258 12.297793 -13.669708
v -17.614258 20.668793 -28.047112
v 8.414742 12.306793 -13.685410
v 8.414742 20.668793 -28.047112
v 9.783745 12.306793 -13.685410
v 9.783745 20.668793 -28.047112
v -18.905258 12.586793 -14.166107
v 9.754745 12.586793 -14.166107
v -18.905258 12.288794 -13.654205
v 9.754745 12.288794 -13.654205
v 8.402748 20.685692 -27.372009
v 8.402748 12.896791 -40.384010
v 9.785744 20.685692 -27.372009
v 9.785744 12.896791 -40.384010
v -18.995255 20.685692 -27.372009
v -18.995255 12.896791 -40.384010
v -17.612259 20.685692 -27.372009
v -17.612259 12.896791 -40.384010
v 9.635742 13.199791 -39.879005
v -18.876251 13.199791 -39.879005
v 9.635742 12.899792 -40.379005
v -18.876251 12.899792 -40.379005
v -14.388260 0.835750 -40.482010
v -10.341248 0.835750 -40.482010
v -14.388260 0.644756 -40.482010
v -10.341248 0.644756 -40.482010
v -14.388260 1.596752 -39.721008
v -10.441254 1.596752 -39.721008
v -14.388260 1.406752 -39.721008
v -10.441254 1.406752 -39.721008
v -14.371262 2.358742 -38.960007
v -10.424255 2.358742 -38.960007
v -14.371262 2.168742 -38.960007
v -10.424255 2.168742 -38.960007
v -14.388260 3.120752 -38.197006
v -10.441254 3.120752 -38.197006
v -14.388260 2.930752 -38.197006
v -10.441254 2.930752 -38.197006
v -2.325256 7.284752 -37.315010
v -2.325256 7.484752 -37.315010
v 2.584747 7.284752 -37.315010
v 2.584747 7.484752 -37.315010
v 2.388748 11.295691 -37.315010
v 2.588745 11.295691 -37.315010
v 2.388748 7.320752 -37.315010
v 2.588745 7.320752 -37.315010
v -2.324249 11.295691 -37.315010
v -2.124252 11.295691 -37.315010
v -2.324249 7.320752 -37.315010
v -2.124252 7.320752 -37.315010
v -2.325256 11.130792 -37.315010
v -2.325256 11.330791 -37.315010
v 2.584747 11.130792 -37.315010
v 2.584747 11.330791 -37.315010
v 8.638748 5.618752 -37.295006
v 8.638748 5.360742 -37.295006
v -10.067261 5.618752 -37.295006
v -10.067261 5.360742 -37.295006
v -14.763260 10.583792 -37.295006
v -14.763260 10.325791 -37.295006
v -18.400253 10.583792 -37.295006
v -18.400253 10.325791 -37.295006
v -14.897263 10.649792 -37.294006
v -14.897263 10.907691 -37.294006
v -9.935257 10.649792 -37.294006
v -9.935257 10.907691 -37.294006
v -2.309250 10.583792 -37.295006
v -2.309250 10.325791 -37.295006
v -9.981262 10.583792 -37.295006
v -9.981262 10.325791 -37.295006
v 8.661743 10.583792 -37.295006
v 8.661743 10.325791 -37.295006
v 2.553741 10.583792 -37.295006
v 2.553741 10.325791 -37.295006
v 8.919746 7.879742 -37.295006
v 8.919746 7.621742 -37.295006
v 2.529747 7.879742 -37.295006
v 2.529747 7.621742 -37.295006
v 8.449745 15.636791 -37.296005
v 9.049744 15.636791 -37.296005
v 8.449745 -0.000248 -37.296005
v 9.049744 -0.000248 -37.296005
v 8.918747 12.726691 -37.295006
v 8.918747 12.468791 -37.295006
v -18.400253 12.726691 -37.295006
v -18.400253 12.468791 -37.295006
v 8.918747 14.780791 -37.295006
v 8.918747 14.522792 -37.295006
v -18.400253 14.780791 -37.295006
v -18.400253 14.522792 -37.295006
v -14.798248 7.879742 -37.295006
v -14.798248 7.621742 -37.295006
v -18.400253 7.879742 -37.295006
v -18.400253 7.621742 -37.295006
v -14.891251 10.828792 -37.294006
v -14.634262 10.828792 -37.294006
v -14.891251 3.128752 -37.294006
v -14.633255 3.128752 -37.294006
v -14.835251 5.618752 -37.295006
v -14.835251 5.360742 -37.295006
v -18.400253 5.618752 -37.295006
v -18.400253 5.360742 -37.295006
v -18.518250 15.636791 -37.296005
v -17.919250 15.636791 -37.296005
v -18.518250 -0.000248 -37.296005
v -17.918259 -0.000248 -37.296005
v -10.191254 10.828792 -37.294006
v -9.934250 10.828792 -37.294006
v -10.191254 3.128752 -37.294006
v -9.933258 3.128752 -37.294006
v -14.897263 3.130752 -37.294006
v -14.897263 3.388742 -37.294006
v -9.935257 3.130752 -37.294006
v -9.935257 3.388742 -37.294006
v -2.210251 7.879742 -37.295006
v -2.210251 7.621742 -37.295006
v -10.041260 7.879742 -37.295006
v -10.041260 7.621742 -37.295006
v 8.919746 3.318752 -37.192009
v 8.919746 3.060742 -37.192009
v -18.400253 3.317742 -37.192009
v -18.400253 3.060742 -37.192009
v -17.959259 7.879742 -36.982010
v -17.959259 7.621742 -36.982010
v -18.393250 7.879742 -36.982010
v -18.393250 7.621742 -36.982010
v 8.914742 5.618752 -36.866005
v 8.914742 5.360742 -36.866005
v 8.480743 5.618752 -36.866005
v 8.480743 5.360742 -36.866005
v 8.914742 14.770792 -36.866005
v 8.914742 14.512793 -36.866005
v 8.480743 14.770792 -36.866005
v 8.480743 14.512793 -36.866005
v 8.914742 12.726692 -36.866005
v 8.914742 12.468792 -36.866005
v 8.480743 12.726692 -36.866005
v 8.480743 12.468792 -36.866005
v 8.914742 7.879742 -36.866005
v 8.914742 7.621742 -36.866005
v 8.480743 7.879742 -36.866005
v 8.480743 7.621742 -36.866005
v 8.914742 10.583793 -36.866005
v 8.914742 10.325792 -36.866005
v 8.480743 10.583793 -36.866005
v 8.480743 10.325792 -36.866005
v -17.959259 5.618752 -36.866005
v -17.959259 5.360742 -36.866005
v -18.392258 5.618752 -36.866005
v -18.392258 5.360742 -36.866005
v -17.959259 10.583793 -36.866005
v -17.959259 10.325792 -36.866005
v -18.393250 10.583793 -36.866005
v -18.393250 10.325792 -36.866005
v -17.959259 14.770792 -36.866005
v -17.959259 14.512793 -36.866005
v -18.393250 14.770792 -36.866005
v -18.393250 14.512793 -36.866005
v -17.959259 12.727793 -36.866005
v -17.959259 12.469792 -36.866005
v -18.393250 12.727793 -36.866005
v -18.393250 12.469792 -36.866005
v -0.459251 3.162742 -36.763008
v -0.459251 3.060742 -36.763008
v -0.892258 3.162742 -36.763008
v -0.892258 3.060742 -36.763008
v 1.049744 3.164742 -36.763008
v 1.049744 3.058742 -36.763008
v 0.598747 3.164742 -36.763008
v 0.598747 3.058742 -36.763008
v 2.540749 3.162742 -36.763008
v 2.540749 3.060742 -36.763008
v 2.107742 3.162742 -36.763008
v 2.107742 3.060742 -36.763008
v -2.259262 3.162742 -36.763008
v -2.259262 3.060742 -36.763008
v -2.692261 3.162742 -36.763008
v -2.692261 3.060742 -36.763008
v -11.859253 3.162742 -36.763008
v -11.859253 3.060742 -36.763008
v -12.293259 3.162742 -36.763008
v -12.293259 3.060742 -36.763008
v 7.540749 3.162742 -36.763008
v 7.540749 3.060742 -36.763008
v 6.907745 3.162742 -36.763008
v 6.907745 3.060742 -36.763008
v -8.559250 3.162742 -36.763008
v -8.559250 3.060742 -36.763008
v -8.993256 3.162742 -36.763008
v -8.993256 3.060742 -36.763008
v 5.876747 3.170742 -36.763008
v 5.876747 3.052742 -36.763008
v 5.371742 3.170742 -36.763008
v 5.371742 3.052742 -36.763008
v 4.040749 3.162742 -36.763008
v 4.040749 3.060742 -36.763008
v 3.607742 3.162742 -36.763008
v 3.607742 3.060742 -36.763008
v 8.914742 3.318752 -36.763008
v 8.914742 3.060742 -36.763008
v 8.480743 3.318752 -36.763008
v 8.480743 3.060742 -36.763008
v -10.059250 3.162742 -36.763008
v -10.059250 3.060742 -36.763008
v -10.493256 3.162742 -36.763008
v -10.493256 3.060742 -36.763008
v -6.759262 3.162742 -36.763008
v -6.759262 3.060742 -36.763008
v -7.193253 3.162742 -36.763008
v -7.193253 3.060742 -36.763008
v -17.959259 3.318752 -36.763008
v -17.959259 3.060742 -36.763008
v -18.393250 3.318752 -36.763008
v -18.393250 3.060742 -36.763008
v -5.259262 3.162742 -36.763008
v -5.259262 3.060742 -36.763008
v -5.692261 3.162742 -36.763008
v -5.692261 3.060742 -36.763008
v -13.359253 3.162742 -36.763008
v -13.359253 3.060742 -36.763008
v -13.793259 3.162742 -36.763008
v -13.793259 3.060742 -36.763008
v -3.759262 3.162742 -36.763008
v -3.759262 3.060742 -36.763008
v -4.192261 3.162742 -36.763008
v -4.192261 3.060742 -36.763008
v -16.659256 3.162742 -36.763008
v -16.659256 3.060742 -36.763008
v -17.093262 3.162742 -36.763008
v -17.093262 3.060742 -36.763008
v -15.159256 3.162742 -36.763008
v -15.159256 3.060742 -36.763008
v -15.593262 3.162742 -36.763008
v -15.593262 3.060742 -36.763008
v -18.005249 3.095742 -36.703011
v -18.005249 3.196742 -36.703011
v 8.527748 3.095742 -36.703011
v 8.527748 3.196742 -36.703011
v -18.005249 3.095742 -36.203011
v -18.005249 3.196742 -36.203011
v 8.527748 3.095742 -36.203011
v 8.527748 3.196742 -36.203011
v -18.005249 3.095742 -35.703011
v -18.005249 3.196742 -35.703011
v 8.527748 3.095742 -35.703011
v 8.527748 3.196742 -35.703011
v -18.005249 3.095742 -35.203011
v -18.005249 3.196742 -35.203011
v 8.527748 3.095742 -35.203011
v 8.527748 3.196742 -35.203011
v -18.982254 21.281792 -27.689812
v -17.614258 21.281792 -27.689812
v -18.982254 20.668793 -28.047112
v -17.614258 20.668793 -28.047112
v 8.414742 21.281792 -27.689812
v 9.783745 21.281792 -27.689812
v 8.414742 20.668793 -28.047112
v 9.783745 20.668793 -28.047112
v -18.005249 3.095742 -34.703011
v -18.005249 3.196742 -34.703011
v 8.527748 3.095742 -34.703011
v 8.527748 3.196742 -34.703011
v 8.402748 13.497791 -40.744011
v 9.785744 13.497791 -40.744011
v 8.402748 12.896791 -40.384010
v 9.785744 12.896791 -40.384010
v -18.995255 13.497791 -40.744011
v -17.612259 13.497791 -40.744011
v -18.995255 12.896791 -40.384010
v -17.612259 12.896791 -40.384010
v -18.876251 13.500792 -40.739006
v 9.635742 13.500792 -40.739006
v -18.876251 12.899792 -40.379005
v 9.635742 12.899792 -40.379005
v -18.005249 3.095742 -34.203011
v -18.005249 3.196742 -34.203011
v 8.527748 3.095742 -34.203011
v 8.527748 3.196742 -34.203011
v -18.005249 3.095742 -33.703011
v -18.005249 3.196742 -33.703011
v 8.527748 3.095742 -33.703011
v 8.527748 3.196742 -33.703011
v -18.005249 3.095742 -33.203011
v -18.005249 3.196742 -33.203011
v 8.527748 3.095742 -33.203011
v 8.527748 3.196742 -33.203011
v -18.005249 3.095742 -32.703011
v -18.005249 3.196742 -32.703011
v 8.527748 3.095742 -32.703011
v 8.527748 3.196742 -32.703011
v -18.005249 3.095742 -32.203011
v -18.005249 3.196742 -32.203011
v 8.527748 3.095742 -32.203011
v 8.527748 3.196742 -32.203011
v -18.005249 3.095742 -31.703011
v -18.005249 3.196742 -31.703011
v 8.527748 3.095742 -31.703011
v 8.527748 3.196742 -31.703011
v -18.005249 3.095742 -31.203011
v -18.005249 3.196742 -31.203011
v 8.527748 3.095742 -31.203011
v 8.527748 3.196742 -31.203011
v -18.005249 3.095742 -30.703011
v -18.005249 3.196742 -30.703011
v 8.527748 3.095742 -30.703011
v 8.527748 3.196742 -30.703011
v -18.005249 3.095742 -30.203011
v -18.005249 3.196742 -30.203011
v 8.527748 3.095742 -30.203011
v 8.527748 3.196742 -30.203011
v -17.910248 11.276793 -30.079010
v -17.913254 11.076793 -30.079010
v -18.348251 11.282692 -30.079010
v -18.351257 11.082792 -30.079010
v -17.963257 7.431742 -30.079010
v -17.965256 7.231742 -30.079010
v -18.401260 7.437752 -30.079010
v -18.403259 7.237742 -30.079010
v -18.348251 11.248793 -30.078011
v -17.910248 11.242792 -30.078011
v -18.403259 7.272742 -30.078011
v -17.965256 7.266752 -30.078011
v 8.960747 11.282692 -30.032005
v 8.957748 11.082792 -30.032005
v 8.522743 11.288793 -30.032005
v 8.519745 11.088693 -30.032005
v 8.907745 7.437752 -30.032005
v 8.905746 7.237742 -30.032005
v 8.469742 7.443752 -30.032005
v 8.469742 7.443752 -30.032005
v 8.905746 7.237742 -30.032005
v 8.466743 7.243752 -30.032005
v 8.521744 11.254692 -30.031006
v 8.960747 11.248793 -30.031006
v 8.467743 7.278742 -30.031006
v 8.905746 7.272742 -30.031006
v -18.005249 3.095742 -29.703011
v -18.005249 3.196742 -29.703011
v 8.527748 3.095742 -29.703011
v 8.527748 3.196742 -29.703011
v -18.005249 3.095742 -29.202606
v -18.005249 3.196742 -29.202606
v 8.527748 3.095742 -29.202606
v 8.527748 3.196742 -29.202606
v -18.005249 3.095743 -28.702606
v -18.005249 3.196743 -28.702606
v 8.527748 3.095743 -28.702606
v 8.527748 3.196743 -28.702606
v -18.005249 3.095743 -28.202606
v -18.005249 3.196743 -28.202606
v 8.527748 3.095743 -28.202606
v 8.527748 3.196743 -28.202606
v -18.005249 3.095743 -27.702606
v -18.005249 3.196743 -27.702606
v 8.527748 3.095743 -27.702606
v 8.527748 3.196743 -27.702606
v -18.094254 14.372792 -27.631912
v -18.094254 14.912792 -27.631912
v 8.602745 14.372792 -27.631912
v 8.602745 14.912792 -27.631912
v -18.005249 3.095743 -27.202606
v -18.005249 3.196743 -27.202606
v 8.527748 3.095743 -27.202606
v 8.527748 3.196743 -27.202606
v -18.005249 3.095743 -26.702606
v -18.005249 3.196743 -26.702606
v 8.527748 3.095743 -26.702606
v 8.527748 3.196743 -26.702606
v -18.005249 3.095743 -26.202606
v -18.005249 3.196743 -26.202606
v 8.527748 3.095743 -26.202606
v 8.527748 3.196743 -26.202606
v -18.005249 3.095743 -25.702606
v -18.005249 3.196743 -25.702606
v 8.527748 3.095743 -25.702606
v 8.527748 3.196743 -25.702606
v -18.348251 11.248793 -25.365311
v -17.910248 11.242792 -25.365311
v -18.403259 7.272743 -25.365311
v -17.965256 7.266753 -25.365311
v 8.521744 11.254692 -25.318810
v 8.960747 11.248793 -25.318810
v 8.467743 7.278743 -25.318810
v 8.905746 7.272743 -25.318810
v -17.959259 7.879743 -25.227310
v -17.959259 7.621743 -25.227310
v -18.393250 7.879743 -25.227310
v -18.393250 7.621743 -25.227310
v -17.959259 10.583793 -25.207611
v -17.959259 10.325792 -25.207710
v -18.393250 10.583793 -25.207611
v -18.393250 10.325792 -25.207710
v -18.005249 3.095743 -25.202606
v -18.005249 3.196743 -25.202606
v 8.527748 3.095743 -25.202606
v 8.527748 3.196743 -25.202606
v 8.914742 10.583793 -25.180008
v 8.914742 10.325792 -25.180008
v 8.480743 10.583793 -25.180008
v 8.480743 10.325792 -25.180008
v 8.914742 7.879743 -25.165512
v 8.914742 7.621743 -25.165512
v 8.480743 7.879743 -25.165512
v 8.480743 7.621743 -25.165512
v -18.005249 3.095743 -24.702606
v -18.005249 3.196743 -24.702606
v 8.527748 3.095743 -24.702606
v 8.527748 3.196743 -24.702606
v -18.005249 3.095743 -24.202606
v -18.005249 3.196743 -24.202606
v 8.527748 3.095743 -24.202606
v 8.527748 3.196743 -24.202606
v -18.005249 3.095743 -23.702705
v -18.005249 3.196743 -23.702705
v 8.527748 3.095743 -23.702705
v 8.527748 3.196743 -23.702705
v -18.005249 3.095743 -23.202705
v -18.005249 3.196743 -23.202705
v 8.527748 3.095743 -23.202705
v 8.527748 3.196743 -23.202705
v -18.005249 3.095743 -22.702705
v -18.005249 3.196743 -22.702705
v 8.527748 3.095743 -22.702705
v 8.527748 3.196743 -22.702705
v -18.005249 3.095743 -22.202705
v -18.005249 3.196743 -22.202705
v 8.527748 3.095743 -22.202705
v 8.527748 3.196743 -22.202705
v -18.005249 3.095743 -21.702705
v -18.005249 3.196743 -21.702705
v 8.527748 3.095743 -21.702705
v 8.527748 3.196743 -21.702705
v -18.005249 3.094753 -21.202705
v -18.005249 3.196743 -21.202705
v 8.527748 3.095743 -21.202705
v 8.527748 3.196743 -21.202705
v -18.005249 3.094753 -20.702705
v -18.005249 3.196743 -20.702705
v 8.527748 3.095743 -20.702705
v 8.527748 3.196743 -20.702705
v -18.005249 3.094753 -20.202705
v -18.005249 3.196743 -20.202705
v 8.527748 3.095743 -20.202705
v 8.527748 3.196743 -20.202705
v -18.005249 3.094753 -19.702705
v -18.005249 3.196743 -19.702705
v 8.527748 3.095743 -19.702705
v 8.527748 3.196743 -19.702705
v -18.005249 3.094753 -19.202705
v -18.005249 3.196743 -19.202705
v 8.527748 3.095743 -19.202705
v 8.527748 3.196743 -19.202705
v -18.905258 13.200793 -13.809006
v 9.754745 13.200793 -13.809006
v -18.905258 12.586793 -14.166107
v 9.754745 12.586793 -14.166107
v -18.005249 3.094753 -18.702705
v -18.005249 3.196743 -18.702705
v 8.527748 3.095743 -18.702705
v 8.527748 3.196743 -18.702705
v 8.449745 15.636793 -18.352608
v 9.049744 15.636793 -18.352608
v 8.449745 -0.000247 -18.352707
v 9.049744 -0.000247 -18.352707
v -18.518250 15.636793 -18.352707
v -17.919250 15.636793 -18.352707
v -18.518250 -0.000247 -18.352707
v -17.918259 -0.000247 -18.352707
v -18.005249 3.094753 -18.202705
v -18.005249 3.196743 -18.202507
v 8.527748 3.095743 -18.202507
v 8.527748 3.196743 -18.202507
v -9.972260 11.284793 -18.172012
v -9.772263 11.284793 -18.172012
v -9.972260 7.309753 -18.172112
v -9.772263 7.309753 -18.172112
v -12.346252 7.273753 -18.172112
v -12.346252 7.473753 -18.172112
v -7.436249 7.273753 -18.172112
v -7.436249 7.473753 -18.172112
v -7.632248 11.284793 -18.172012
v -7.432251 11.284793 -18.172012
v -7.632248 7.309753 -18.172112
v -7.432251 7.309753 -18.172112
v -12.346252 11.118793 -18.172012
v -12.346252 11.318793 -18.172012
v -7.436249 11.118793 -18.172012
v -7.436249 11.318793 -18.172012
v -12.345261 11.284793 -18.172012
v -12.145248 11.284793 -18.172012
v -12.345261 7.309753 -18.172112
v -12.145248 7.309753 -18.172112
v -12.227249 7.878753 -18.182007
v -12.227249 7.620753 -18.182007
v -18.400253 7.878753 -18.182007
v -18.400253 7.620753 -18.182007
v 8.919746 7.879743 -18.182007
v 8.919746 7.621743 -18.182007
v 3.599747 7.879743 -18.182007
v 3.599747 7.621743 -18.182007
v 8.918747 10.583794 -18.182007
v 8.918747 10.325793 -18.182007
v 3.646744 10.583794 -18.182007
v 3.646744 10.325793 -18.182007
v 8.919746 5.618753 -18.182205
v 8.919746 5.360744 -18.182205
v 3.599747 5.618753 -18.182205
v 3.599747 5.360744 -18.182205
v 8.918747 14.770793 -18.182205
v 8.918747 14.512794 -18.182205
v -18.400253 14.770793 -18.182205
v -18.400253 14.512794 -18.182205
v -1.056252 7.879743 -18.182007
v -1.056252 7.621743 -18.182007
v -7.509262 7.878753 -18.182007
v -7.509262 7.621743 -18.182007
v 8.918747 12.726693 -18.182205
v 8.918747 12.469793 -18.182205
v -18.400253 12.726693 -18.182205
v -18.400253 12.468793 -18.182205
v -1.095253 5.618753 -18.182205
v -1.095253 5.360744 -18.182205
v -18.400253 5.618753 -18.182205
v -18.400253 5.360744 -18.182205
v -12.240250 10.582793 -18.182007
v -12.240250 10.325793 -18.182007
v -18.370255 10.582793 -18.182007
v -18.370255 10.324793 -18.182007
v -1.117256 10.583794 -18.182007
v -1.117256 10.325793 -18.182007
v -7.500259 10.582793 -18.182007
v -7.500259 10.325793 -18.182007
v -1.216255 3.130753 -18.170609
v -1.216255 3.388743 -18.170609
v 3.746742 3.130753 -18.170609
v 3.746742 3.388743 -18.170609
v 3.489746 10.828794 -18.170609
v 3.747742 10.828794 -18.170609
v 3.489746 3.128753 -18.170609
v 3.747742 3.128753 -18.170609
v -1.210258 10.828794 -18.170609
v -0.952255 10.828794 -18.170609
v -1.210258 3.128753 -18.170609
v -0.952255 3.128753 -18.170609
v -1.216255 10.649794 -18.170609
v -1.216255 10.907693 -18.170609
v 3.746742 10.649794 -18.170609
v 3.746742 10.907693 -18.170609
v 8.919746 3.318753 -18.078911
v 8.919746 3.060743 -18.078911
v -18.400253 3.318753 -18.078911
v -18.400253 3.060743 -18.078911
v 7.254745 3.242753 -17.968307
v 7.254745 3.101743 -17.968307
v -5.231262 3.242753 -17.968307
v -5.231262 3.101743 -17.968307
v -4.772263 12.159793 -17.876312
v -4.772263 11.901793 -17.876312
v -5.308258 12.159793 -17.876312
v -5.308258 11.901793 -17.876312
v 7.650742 12.159793 -17.876312
v 7.650742 11.901793 -17.876312
v 7.077744 12.159793 -17.876312
v 7.077744 11.901793 -17.876312
v 7.650742 6.078743 -17.876312
v 7.650742 5.821743 -17.876312
v 7.077744 6.078743 -17.876312
v 7.077744 5.821743 -17.876312
v -4.749252 6.078743 -17.876312
v -4.749252 5.821743 -17.876312
v -5.322250 6.078743 -17.876312
v -5.322250 5.821743 -17.876312
v 7.254745 3.242753 -17.468307
v 7.254745 3.101743 -17.468307
v -5.231262 3.242753 -17.468307
v -5.231262 3.101743 -17.468307
v 7.501747 3.095743 -17.198105
v 7.243744 3.095743 -17.198105
v 7.501747 5.864743 -17.198105
v 7.243744 5.864743 -17.198105
v -4.898254 3.095743 -17.198105
v -5.156250 3.095743 -17.198105
v -4.898254 5.864743 -17.198105
v -5.156250 5.864743 -17.198105
v 7.254745 3.242753 -16.968307
v 7.254745 3.101743 -16.968307
v -5.231262 3.242753 -16.968307
v -5.231262 3.101743 -16.968307
v 7.501747 3.095743 -16.598007
v 7.243744 3.095743 -16.598007
v 7.501747 5.864743 -16.598007
v 7.243744 5.864743 -16.598007
v -4.898254 3.095743 -16.598007
v -5.156250 3.095743 -16.598007
v -4.898254 5.864743 -16.598007
v -5.156250 5.864743 -16.598007
v 7.254745 3.242754 -16.468208
v 7.254745 3.101743 -16.468208
v -5.231262 3.242754 -16.468208
v -5.231262 3.101743 -16.468208
v 7.501747 3.095744 -15.998009
v 7.243744 3.095744 -15.998009
v 7.501747 5.864743 -15.997910
v 7.243744 5.864743 -15.997910
v -4.898254 3.095744 -15.997910
v -5.156250 3.095744 -15.997910
v -4.898254 5.864743 -15.997910
v -5.156250 5.864743 -15.997910
v 7.254745 3.242754 -15.968208
v 7.254745 3.101743 -15.968208
v -5.231262 3.242754 -15.968208
v -5.231262 3.101743 -15.968208
v 7.254745 3.242754 -15.468208
v 7.254745 3.101743 -15.468208
v -5.231262 3.242754 -15.468208
v -5.231262 3.101743 -15.468208
v 7.501747 3.095744 -15.397911
v 7.243744 3.095744 -15.397911
v 7.501747 5.864743 -15.397911
v 7.243744 5.864743 -15.397911
v -4.898254 3.095744 -15.397911
v -5.156250 3.095744 -15.397911
v -4.898254 5.864743 -15.397911
v -5.156250 5.864743 -15.397911
v 7.254745 3.242754 -14.968208
v 7.254745 3.101743 -14.968208
v -5.231262 3.242754 -14.968208
v -5.231262 3.101743 -14.968208
v -5.322250 13.409793 -14.878410
v -4.722260 13.409793 -14.878410
v -5.322250 3.215754 -14.878510
v -4.722260 3.215754 -14.878510
v 7.052742 13.499793 -14.878410
v 7.652748 13.499793 -14.878410
v 7.052742 3.126754 -14.878510
v 7.652748 3.126754 -14.878510
v 7.501747 3.095744 -14.797905
v 7.243744 3.095744 -14.797905
v 7.501747 5.864744 -14.797905
v 7.243744 5.864744 -14.797905
v -4.898254 3.095744 -14.797905
v -5.156250 3.095744 -14.797905
v -4.898254 5.864744 -14.797905
v -5.156250 5.864744 -14.797905
v 7.254745 3.242754 -14.468208
v 7.254745 3.101743 -14.468208
v -5.231262 3.242754 -14.468208
v -5.231262 3.101743 -14.468208
v 7.501747 3.095744 -14.198006
v 7.243744 3.095744 -14.198006
v 7.501747 5.864744 -14.198006
v 7.243744 5.864744 -14.198006
v -4.898254 3.095744 -14.198006
v -5.156250 3.095744 -14.198006
v -4.898254 5.864744 -14.198006
v -5.156250 5.864744 -14.198006
v 7.254745 3.242754 -13.968208
v 7.254745 3.101743 -13.968208
v -5.231262 3.242754 -13.968208
v -5.231262 3.101743 -13.968208
v 7.501747 3.095744 -13.597908
v 7.243744 3.095744 -13.597908
v 7.501747 5.864744 -13.597908
v 7.243744 5.864744 -13.597908
v -4.898254 3.095744 -13.597908
v -5.156250 3.095744 -13.597908
v -4.898254 5.864744 -13.597908
v -5.156250 5.864744 -13.597908
v 7.254745 3.242754 -13.468208
v 7.254745 3.101743 -13.468208
v -5.231262 3.242754 -13.468208
v -5.231262 3.101743 -13.468208
v 7.501747 3.095744 -12.997910
v 7.243744 3.095744 -12.997910
v 7.501747 5.864744 -12.997910
v 7.243744 5.864744 -12.997910
v -4.898254 3.095744 -12.997910
v -5.156250 3.095744 -12.997910
v -4.898254 5.864744 -12.997910
v -5.156250 5.864744 -12.997910
v 7.254745 3.242754 -12.968208
v 7.254745 3.101744 -12.968208
v -5.231262 3.242754 -12.968208
v -5.231262 3.101744 -12.968208
v 7.254745 3.242754 -12.468208
v 7.254745 3.101744 -12.468208
v -5.231262 3.242754 -12.468208
v -5.231262 3.101744 -12.468208
v -4.898254 3.095744 -12.397911
v -5.156250 3.095744 -12.397911
v -4.898254 5.864744 -12.397911
v -5.156250 5.864744 -12.397911
v 7.501747 3.095744 -12.397911
v 7.243744 3.095744 -12.397911
v 7.501747 5.864744 -12.397911
v 7.243744 5.864744 -12.397911
v 7.254745 3.242754 -11.968208
v 7.254745 3.101744 -11.968208
v -5.231262 3.242754 -11.968208
v -5.231262 3.101744 -11.968208
v -5.322250 6.209744 -11.716705
v -4.722260 6.209744 -11.716705
v -5.322250 -0.000247 -11.716705
v -4.722260 -0.000247 -11.716705
v 7.052742 6.299754 -11.716705
v 7.652748 6.299754 -11.716705
v 7.052742 -0.000247 -11.716705
v 7.652748 -0.000247 -11.716705
v 7.651749 6.078744 -11.709412
v 7.651749 5.821744 -11.709412
v -5.256256 6.078744 -11.709412
v -5.256256 5.821744 -11.709412
v 4.440742 3.095744 -11.458611
v 4.104744 3.095744 -11.458611
v 4.440742 5.864744 -11.458611
v 4.104744 5.864744 -11.458611
v 5.040749 3.095744 -11.458611
v 4.704742 3.095744 -11.458611
v 5.040749 5.864744 -11.458611
v 4.704742 5.864744 -11.458611
v 5.640747 3.095744 -11.458611
v 5.304749 3.095744 -11.458611
v 5.640747 5.864744 -11.458611
v 5.304749 5.864744 -11.458611
v 6.240746 3.095744 -11.458611
v 5.904747 3.095744 -11.458611
v 6.240746 5.864744 -11.458611
v 5.904747 5.864744 -11.458611
v 6.840744 3.095744 -11.458611
v 6.504745 3.095744 -11.458611
v 6.840744 5.864744 -11.458611
v 6.504745 5.864744 -11.458611
v -3.959259 3.095744 -11.458611
v -4.296249 3.095744 -11.458611
v -3.959259 5.864744 -11.458611
v -4.296249 5.864744 -11.458611
v -3.359253 3.095744 -11.458611
v -3.696259 3.095744 -11.458611
v -3.359253 5.864744 -11.458710
v -3.696259 5.864744 -11.458710
v -2.759262 3.095744 -11.458611
v -3.096252 3.095744 -11.458611
v -2.759262 5.864744 -11.458710
v -3.096252 5.864744 -11.458710
v -2.159256 3.095744 -11.458611
v -2.495255 3.095744 -11.458611
v -2.159256 5.864744 -11.458710
v -2.495255 5.864744 -11.458710
v -1.559250 3.095744 -11.458611
v -1.895248 3.095744 -11.458611
v -1.559250 5.864744 -11.458710
v -1.895248 5.864744 -11.458710
v -0.959251 3.095744 -11.458611
v -1.295258 3.095744 -11.458611
v -0.959251 5.864744 -11.458710
v -1.295258 5.864744 -11.458710
v -0.359253 3.095744 -11.458710
v -0.695251 3.095744 -11.458710
v -0.359253 5.864744 -11.458710
v -0.695251 5.864744 -11.458710
v 0.240746 3.095744 -11.458710
v -0.095253 3.095744 -11.458710
v 0.240746 5.864744 -11.458710
v -0.095253 5.864744 -11.458710
v 0.840744 3.095744 -11.458710
v 0.504745 3.095744 -11.458710
v 0.840744 5.864744 -11.458710
v 0.504745 5.864744 -11.458710
v 1.440742 3.095744 -11.458710
v 1.104744 3.095744 -11.458710
v 1.440742 5.864744 -11.458710
v 1.104744 5.864744 -11.458710
v 2.040749 3.095744 -11.458710
v 1.704742 3.095744 -11.458710
v 2.040749 5.864744 -11.458710
v 1.704742 5.864744 -11.458710
v 2.640747 3.095744 -11.458710
v 2.304749 3.095744 -11.458710
v 2.640747 5.864744 -11.458710
v 2.304749 5.864744 -11.458710
v 3.240746 3.095744 -11.458710
v 2.904747 3.095744 -11.458710
v 3.240746 5.864744 -11.458710
v 2.904747 5.864744 -11.458710
v 3.840744 3.095744 -11.458611
v 3.504745 3.095744 -11.458611
v 3.840744 5.864744 -11.458611
v 3.504745 5.864744 -11.458611
v 7.581741 3.259744 -11.372612
v 7.581741 3.001754 -11.372612
v -5.316254 3.259744 -11.372612
v -5.316254 3.001754 -11.372612
v 9.665749 13.758492 -40.782005
v 9.665749 21.592493 -27.695007
v 9.665749 13.158491 -40.423012
v 9.665749 20.992493 -27.335411
v 9.644745 21.581491 -27.670410
v 9.644745 13.161493 -13.208107
v 9.644745 20.967493 -28.027611
v 9.644745 12.548493 -13.565308
v 8.869743 15.281493 -17.823906
v 8.869743 3.232443 -17.823807
v 8.869743 11.099492 -25.150612
v 8.869743 20.438492 -26.682510
v 8.869743 7.378453 -25.150612
v 8.869743 3.232442 -37.183006
v 8.869743 7.378452 -29.935005
v 8.869743 11.099492 -29.935005
v 8.869743 20.513493 -28.570206
v 8.869743 20.851492 -26.442406
v 8.869743 20.851492 -28.772606
v 8.869743 15.448492 -37.031006
v 8.869743 15.702492 -37.183006
v 8.859741 15.430493 -17.796211
v 8.859741 3.232443 -17.796211
v 8.859741 15.430493 -18.114212
v 8.859741 3.232443 -18.114212
v 8.578743 15.418492 -36.875008
v 8.578743 3.232442 -36.875008
v 8.578743 15.418491 -37.193008
v 8.578743 3.232442 -37.193008
v -1.096252 10.821493 -17.796211
v -1.204254 3.232443 -17.796211
v -1.204254 3.232443 -18.114212
v -1.096252 10.821493 -18.114212
v -2.270248 11.102492 -36.875008
v -2.270248 7.377442 -36.875008
v -2.270248 11.102491 -37.193008
v -2.270248 7.377442 -37.193008
v -12.221252 11.103494 -17.796211
v -12.221252 7.377443 -17.796211
v -12.221252 7.377443 -18.114212
v -12.221252 11.103494 -18.114212
v -14.739258 10.845492 -36.875008
v -14.848251 3.232442 -36.875008
v -14.848251 3.232442 -37.193008
v -14.739258 10.845491 -37.193008
v -17.964249 20.912493 -28.554611
v -17.964249 20.912493 -26.612411
v -17.964249 20.641493 -26.770210
v -17.964249 20.548492 -28.336411
v -17.964249 11.102492 -25.157608
v -17.964249 15.513494 -17.962311
v -17.964249 11.102492 -29.948006
v -17.964249 3.225453 -17.800407
v -17.964249 15.791493 -17.800507
v -17.964249 7.377443 -25.157608
v -17.964249 15.364492 -36.996010
v -17.964249 3.225452 -37.202011
v -17.964249 15.710491 -37.203011
v -17.964249 7.377442 -29.948006
v -18.284256 20.912493 -26.612411
v -17.964249 20.912493 -26.612411
v -17.964249 20.912493 -28.554611
v -18.284256 20.912493 -28.554611
v 8.869743 20.851492 -26.442406
v 8.869743 20.851492 -28.772606
v 8.550743 20.851492 -27.991707
v 8.550743 20.851492 -28.772606
v 8.550743 20.851492 -26.442406
v -18.875259 13.161493 -13.208107
v 9.644745 13.161493 -13.208107
v -18.875259 21.581491 -27.670410
v 9.644745 21.581491 -27.670410
v 9.665749 13.758492 -40.782005
v -18.845261 13.758492 -40.782005
v 9.665749 21.592493 -27.695007
v -18.845261 21.592493 -27.695007
v -17.964249 15.513494 -17.962311
v -17.964249 20.641493 -26.770210
v -18.284256 20.641493 -26.770210
v -18.284256 15.513494 -17.962311
v 8.550743 20.438492 -26.682510
v 8.550743 15.281493 -17.823906
v 8.869743 15.281493 -17.823906
v 8.869743 20.438492 -26.682510
v 8.550743 15.448492 -37.031006
v 8.550743 20.513493 -28.570206
v 8.869743 15.448492 -37.031006
v 8.869743 20.513493 -28.570206
v -18.283249 15.364492 -36.996010
v -18.284256 20.548492 -28.336411
v -17.964249 15.364492 -36.996010
v -17.964249 20.548492 -28.336411
v 8.859741 15.430493 -18.114212
v -18.065262 15.430493 -18.114212
v -18.065262 15.430493 -17.796211
v 8.859741 15.430493 -17.796211
v 8.578743 15.418491 -37.193008
v -18.065262 15.418491 -37.193008
v 8.578743 15.418492 -36.875008
v -18.065262 15.418492 -36.875008
v 8.550743 7.378452 -29.935005
v 8.550743 7.378453 -25.150612
v 8.869743 7.378452 -29.935005
v 8.869743 7.378453 -25.150612
v -2.270248 7.377442 -36.875008
v 2.519745 7.377442 -36.875008
v -2.270248 7.377442 -37.193008
v 2.519745 7.377442 -37.193008
v -12.221252 7.377443 -17.796211
v -7.431259 7.377443 -17.796211
v -7.431259 7.377443 -18.114212
v -12.221252 7.377443 -18.114212
v -18.283249 7.377442 -29.948006
v -18.283249 7.377443 -25.157608
v -17.964249 7.377442 -29.948006
v -17.964249 7.377443 -25.157608
v 9.644745 13.161493 -13.208107
v -18.875259 13.161493 -13.208107
v 9.644745 12.548493 -13.565308
v -18.875259 12.547493 -13.565308
v 8.859741 3.232443 -17.796211
v 8.859741 15.430493 -17.796211
v 3.751747 10.752493 -17.796211
v 3.643745 3.232443 -17.796211
v -1.096252 10.821493 -17.796211
v -7.431259 11.103494 -17.796211
v -18.065262 15.430493 -17.796211
v -7.431259 7.377443 -17.796211
v -12.221252 11.103494 -17.796211
v -1.204254 3.232443 -17.796211
v -18.065262 3.232443 -17.796211
v -12.221252 7.377443 -17.796211
v -17.964249 15.791493 -17.800507
v -18.284256 15.791493 -17.800507
v -17.964249 3.225453 -17.800407
v -18.283249 3.225453 -17.800407
v 8.869743 3.232443 -17.823807
v 8.869743 15.281493 -17.823906
v 8.550743 15.281493 -17.823906
v 8.550743 3.232443 -17.823807
v 9.665749 21.592493 -27.695007
v -18.845261 21.592493 -27.695007
v 9.665749 20.992493 -27.335411
v -18.845261 20.991493 -27.335510
v 8.550743 11.099492 -29.935005
v 8.550743 7.378452 -29.935005
v 8.869743 11.099492 -29.935005
v 8.869743 7.378452 -29.935005
v -18.283249 11.102492 -29.948006
v -18.283249 7.377442 -29.948006
v -17.964249 7.377442 -29.948006
v -17.964249 11.102492 -29.948006
v 8.550743 20.851492 -26.442406
v 8.550743 20.438492 -26.682510
v 8.869743 20.851492 -26.442406
v 8.869743 20.438492 -26.682510
v -17.964249 20.912493 -26.612411
v -18.284256 20.912493 -26.612411
v -17.964249 20.641493 -26.770210
v -18.284256 20.641493 -26.770210
v 8.550743 15.702492 -37.183006
v 8.550743 15.448492 -37.031006
v 8.869743 15.702492 -37.183006
v 8.869743 15.448492 -37.031006
v -18.284256 15.710491 -37.203011
v -18.283249 15.364492 -36.996010
v -17.964249 15.710491 -37.203011
v -17.964249 15.364492 -36.996010
v 8.578743 3.232442 -36.875008
v 8.578743 15.418492 -36.875008
v 2.519745 11.102492 -36.875008
v 2.519745 7.377442 -36.875008
v -2.270248 11.102492 -36.875008
v -2.270248 7.377442 -36.875008
v -10.000259 3.232442 -36.875008
v -9.892258 10.776492 -36.875008
v -18.065262 15.418492 -36.875008
v -14.739258 10.845492 -36.875008
v -18.065262 3.232442 -36.875008
v -14.848251 3.232442 -36.875008
v -18.875259 13.161493 -13.208107
v -18.875259 21.581491 -27.670410
v -18.875259 12.547493 -13.565308
v -18.875259 20.967493 -28.027611
v -18.845261 21.592493 -27.695007
v -18.845261 13.758492 -40.782005
v -18.845261 20.991493 -27.335510
v -18.845261 13.158491 -40.423012
v -18.283249 3.225453 -17.800407
v -18.284256 15.791493 -17.800507
v -18.284256 15.513494 -17.962311
v -18.284256 11.102492 -25.157608
v -18.284256 20.641493 -26.770210
v -18.283249 7.377443 -25.157608
v -18.283249 3.225452 -37.202011
v -18.283249 7.377442 -29.948006
v -18.283249 11.102492 -29.948006
v -18.284256 20.548492 -28.336411
v -18.284256 20.912493 -28.554611
v -18.284256 20.912493 -26.612411
v -18.283249 15.364492 -36.996010
v -18.284256 15.710491 -37.203011
v -18.065262 3.232442 -36.875008
v -18.065262 15.418492 -36.875008
v -18.065262 15.418491 -37.193008
v -18.065262 3.232442 -37.193008
v -18.065262 3.232443 -17.796211
v -18.065262 15.430493 -17.796211
v -18.065262 3.232443 -18.114212
v -18.065262 15.430493 -18.114212
v -10.000259 3.232442 -37.193008
v -10.000259 3.232442 -36.875008
v -9.892258 10.776491 -37.193008
v -9.892258 10.776492 -36.875008
v -7.431259 7.377443 -17.796211
v -7.431259 11.103494 -17.796211
v -7.431259 11.103494 -18.114212
v -7.431259 7.377443 -18.114212
v 2.519745 7.377442 -36.875008
v 2.519745 11.102492 -36.875008
v 2.519745 7.377442 -37.193008
v 2.519745 11.102491 -37.193008
v 3.643745 3.232443 -17.796211
v 3.751747 10.752493 -17.796211
v 3.643745 3.232443 -18.114212
v 3.751747 10.752493 -18.114212
v 8.550743 20.851492 -27.991707
v 8.550743 20.851492 -28.772606
v 8.550743 20.513493 -28.570206
v 8.550743 20.438492 -26.682510
v 8.550743 20.851492 -26.442406
v 8.550743 11.099492 -29.935005
v 8.550743 15.448492 -37.031006
v 8.550743 11.099492 -25.150612
v 8.550743 15.281493 -17.823906
v 8.550743 3.232443 -17.823807
v 8.550743 7.378453 -25.150612
v 8.550743 3.232442 -37.183006
v 8.550743 15.702492 -37.183006
v 8.550743 7.378452 -29.935005
v -18.283249 3.225453 -17.800407
v -18.283249 3.225452 -37.202011
v -17.964249 3.225453 -17.800407
v -17.964249 3.225452 -37.202011
v 8.550743 3.232443 -17.823807
v 8.550743 3.232442 -37.183006
v 8.869743 3.232443 -17.823807
v 8.869743 3.232442 -37.183006
v -14.848251 3.232442 -36.875008
v -18.065262 3.232442 -36.875008
v -14.848251 3.232442 -37.193008
v -18.065262 3.232442 -37.193008
v 8.578743 3.232442 -36.875008
v -10.000259 3.232442 -36.875008
v -10.000259 3.232442 -37.193008
v 8.578743 3.232442 -37.193008
v -1.204254 3.232443 -17.796211
v -18.065262 3.232443 -17.796211
v -18.065262 3.232443 -18.114212
v -1.204254 3.232443 -18.114212
v 8.859741 3.232443 -17.796211
v 3.643745 3.232443 -17.796211
v 8.859741 3.232443 -18.114212
v 3.643745 3.232443 -18.114212
v -9.892258 10.776492 -36.875008
v -14.739258 10.845492 -36.875008
v -9.892258 10.776491 -37.193008
v -14.739258 10.845491 -37.193008
v 3.751747 10.752493 -17.796211
v -1.096252 10.821493 -17.796211
v -1.096252 10.821493 -18.114212
v 3.751747 10.752493 -18.114212
v 8.550743 11.099492 -25.150612
v 8.550743 11.099492 -29.935005
v 8.869743 11.099492 -29.935005
v 8.869743 11.099492 -25.150612
v 2.519745 11.102492 -36.875008
v -2.270248 11.102492 -36.875008
v 2.519745 11.102491 -37.193008
v -2.270248 11.102491 -37.193008
v -7.431259 11.103494 -17.796211
v -12.221252 11.103494 -17.796211
v -12.221252 11.103494 -18.114212
v -7.431259 11.103494 -18.114212
v -18.284256 11.102492 -25.157608
v -18.283249 11.102492 -29.948006
v -17.964249 11.102492 -25.157608
v -17.964249 11.102492 -29.948006
v 9.665749 20.992493 -27.335411
v -18.845261 20.991493 -27.335510
v 9.665749 13.158491 -40.423012
v -18.845261 13.158491 -40.423012
v -18.875259 20.967493 -28.027611
v 9.644745 20.967493 -28.027611
v -18.875259 12.547493 -13.565308
v 9.644745 12.548493 -13.565308
v -18.845261 13.758492 -40.782005
v 9.665749 13.758492 -40.782005
v -18.845261 13.158491 -40.423012
v 9.665749 13.158491 -40.423012
v -18.283249 3.225452 -37.202011
v -18.284256 15.710491 -37.203011
v -17.964249 3.225452 -37.202011
v -17.964249 15.710491 -37.203011
v -18.065262 15.418491 -37.193008
v 8.578743 15.418491 -37.193008
v -2.270248 11.102491 -37.193008
v 2.519745 11.102491 -37.193008
v 8.578743 3.232442 -37.193008
v 2.519745 7.377442 -37.193008
v -2.270248 7.377442 -37.193008
v -10.000259 3.232442 -37.193008
v -9.892258 10.776491 -37.193008
v -14.739258 10.845491 -37.193008
v -18.065262 3.232442 -37.193008
v -14.848251 3.232442 -37.193008
v 8.550743 3.232442 -37.183006
v 8.550743 15.702492 -37.183006
v 8.869743 15.702492 -37.183006
v 8.869743 3.232442 -37.183006
v -18.875259 21.581491 -27.670410
v 9.644745 21.581491 -27.670410
v -18.875259 20.967493 -28.027611
v 9.644745 20.967493 -28.027611
v 8.550743 7.378453 -25.150612
v 8.550743 11.099492 -25.150612
v 8.869743 7.378453 -25.150612
v 8.869743 11.099492 -25.150612
v -18.283249 7.377443 -25.157608
v -18.284256 11.102492 -25.157608
v -17.964249 7.377443 -25.157608
v -17.964249 11.102492 -25.157608
v 8.550743 20.851492 -28.772606
v 8.869743 20.851492 -28.772606
v 8.550743 20.513493 -28.570206
v 8.869743 20.513493 -28.570206
v -18.284256 20.912493 -28.554611
v -17.964249 20.912493 -28.554611
v -17.964249 20.548492 -28.336411
v -18.284256 20.548492 -28.336411
v -18.284256 15.791493 -17.800507
v -17.964249 15.791493 -17.800507
v -18.284256 15.513494 -17.962311
v -17.964249 15.513494 -17.962311
v -18.065262 15.430493 -18.114212
v 8.859741 15.430493 -18.114212
v -7.431259 11.103494 -18.114212
v -12.221252 11.103494 -18.114212
v -18.065262 3.232443 -18.114212
v -12.221252 7.377443 -18.114212
v -7.431259 7.377443 -18.114212
v -1.204254 3.232443 -18.114212
v -1.096252 10.821493 -18.114212
v 3.751747 10.752493 -18.114212
v 8.859741 3.232443 -18.114212
v 3.643745 3.232443 -18.114212
vn 1.0000 -0.0000 -0.0000
vn 0.9999 -0.0158 -0.0000
vn 0.9999 -0.0157 -0.0000
vn 1.0000 0.0001 -0.0000
vn -0.0000 0.8589 -0.5122
vn -0.0000 0.8588 -0.5122
vn -0.0000 0.8589 -0.5121
vn -0.0000 0.8587 -0.5125
vn -0.0000 0.8642 0.5031
vn -0.0000 0.8643 0.5030
vn -0.0000 1.0000 -0.0000
vn -0.0000 0.7070 -0.7072
vn -0.0000 0.7072 -0.7070
vn -0.0000 1.0000 0.0001
vn 0.0157 0.9999 -0.0000
vn 0.0158 0.9999 -0.0000
vn -0.0002 1.0000 -0.0000
vn -0.0001 1.0000 0.0001
vn -0.0003 1.0000 -0.0000
vn -0.0000 0.7071 0.7071
vn -0.0000 -0.0000 1.0000
vn -0.0000 -0.5030 0.8643
vn -0.0000 -0.5029 0.8644
vn -0.0000 -0.5029 0.8643
vn -0.0000 0.5122 0.8589
vn -0.0000 0.5121 0.8589
vn -0.0000 -0.0002 1.0000
vn -1.0000 -0.0000 -0.0000
vn -0.9999 0.0156 -0.0000
vn -0.9999 0.0158 -0.0000
vn -0.9999 0.0157 -0.0000
vn -0.0000 -0.7071 -0.7071
vn -0.0000 -1.0000 -0.0000
vn -0.0158 -0.9999 -0.0000
vn -0.0157 -0.9999 -0.0000
vn -0.0000 -1.0000 -0.0001
vn 0.0002 -1.0000 -0.0000
vn -0.0000 -0.7072 0.7070
vn -0.0000 -0.8642 -0.5032
vn -0.0000 -0.8644 -0.5029
vn -0.0000 -0.8642 -0.5031
vn -0.0000 -0.8589 0.5122
vn -0.0000 -0.0000 -1.0000
vn -0.0000 0.5030 -0.8643
vn -0.0000 -0.5122 -0.8589
vn -0.0000 -0.0002 -1.0000
vn -0.0000 0.0004 -1.0000
vn -0.0000 0.5028 -0.8644
vn -0.0000 0.8644 0.5029
vn -0.0000 0.8642 0.5032
vn -0.0000 0.8644 0.5028
vn -0.0000 -0.5031 0.8643
vn -0.0000 -0.5026 0.8645
vn -0.0000 -0.5032 0.8642
vn -1.0000 -0.0001 -0.0000
vn -1.0000 -0.0001 0.0001
vn -1.0000 -0.0001 -0.0001
vn -1.0000 -0.0000 0.0001
vn -1.0000 -0.0000 -0.0001
vn -1.0000 0.0001 -0.0000
vn -0.0000 -0.8588 0.5122
vn -0.0000 -0.8589 0.5121
vn -0.0000 -0.8644 -0.5028
vn -0.0000 -0.0001 -1.0000
vn -0.0000 0.5029 -0.8644
vn -0.0000 -0.5121 -0.8589
vt -38.051300 4.963010
vt -39.677799 5.936510
vt -38.096199 4.887880
vt -39.722801 5.861510
vt -39.682999 5.936010
vt -41.478199 4.890880
vt -39.638401 5.859380
vt -41.433601 4.814130
vt -41.418098 4.925880
vt -41.482201 4.888630
vt -41.373501 4.849130
vt -41.437500 4.811880
vt -38.051899 4.963380
vt -38.114498 5.000760
vt -38.096901 4.888260
vt -38.159401 4.925760
vt -38.482300 5.230380
vt -38.566002 5.230380
vt -38.482300 3.275760
vt -38.566002 3.275760
vt -40.850201 5.230380
vt -40.933800 5.230380
vt -40.850201 3.275760
vt -40.933800 3.275760
vt -40.925701 4.260760
vt -40.925701 4.228510
vt -40.871498 4.260760
vt -40.871498 4.228510
vt -40.925701 4.598760
vt -40.925701 4.566510
vt -40.871498 4.598760
vt -40.871498 4.566510
vt -40.925701 3.978130
vt -40.925701 3.945880
vt -40.871498 3.978130
vt -40.871498 3.945880
vt -38.536598 4.260760
vt -38.536598 4.228510
vt -38.482399 4.260760
vt -38.482399 4.228510
vt -38.536598 4.866630
vt -38.536598 4.834380
vt -38.482399 4.866630
vt -38.482399 4.834380
vt -38.536598 5.123380
vt -38.536598 5.091130
vt -38.482399 5.123380
vt -38.482399 5.091130
vt -40.925701 5.122130
vt -40.925701 5.089880
vt -40.871498 5.122130
vt -40.871498 5.089880
vt -40.925701 4.866630
vt -40.925701 4.834510
vt -40.871498 4.866630
vt -40.871498 4.834510
vt -40.938599 3.690630
vt -40.938599 3.658380
vt -40.884399 3.690630
vt -40.884399 3.658380
vt -38.549500 3.690630
vt -38.549500 3.658380
vt -38.495300 3.690630
vt -38.495300 3.658380
vt -38.548901 3.658380
vt -38.548901 3.690630
vt -40.939201 3.658380
vt -40.939201 3.690510
vt -38.535999 3.945880
vt -38.535999 3.978130
vt -40.926300 3.945880
vt -40.926300 3.978130
vt -39.996799 4.566510
vt -39.996799 4.598760
vt -40.926300 4.566510
vt -40.926300 4.598760
vt -39.998600 4.228510
vt -39.998600 4.260760
vt -40.861698 4.228510
vt -40.861698 4.260630
vt -38.535999 5.089880
vt -38.535999 5.122130
vt -40.926201 5.089880
vt -40.926201 5.122130
vt -38.535999 4.834380
vt -38.535999 4.866630
vt -40.926201 4.834380
vt -40.926201 4.866630
vt -38.535999 4.228510
vt -38.535999 4.260760
vt -39.399101 4.228510
vt -39.399101 4.260760
vt -38.535999 4.566510
vt -38.535999 4.598760
vt -39.405499 4.566510
vt -39.405499 4.598760
vt -39.979401 4.681880
vt -40.004398 4.681880
vt -39.979401 4.184880
vt -40.004398 4.184880
vt -39.390202 4.180510
vt -39.390202 4.205510
vt -40.004002 4.180510
vt -40.004002 4.205510
vt -39.390400 4.681880
vt -39.415401 4.681880
vt -39.390400 4.184880
vt -39.415401 4.184880
vt -39.390202 4.661130
vt -39.390202 4.686130
vt -40.004002 4.661130
vt -40.004002 4.686130
vt -38.536598 4.598760
vt -38.536598 4.566510
vt -38.482399 4.598760
vt -38.482399 4.566510
vt -38.536598 3.978130
vt -38.536598 3.945880
vt -38.482399 3.978130
vt -38.482399 3.945880
vt -39.767101 5.139880
vt -39.767101 5.072380
vt -39.690300 5.139880
vt -39.690300 5.072380
vt -38.923199 3.675380
vt -38.923199 3.662760
vt -38.868900 3.675380
vt -38.868900 3.662760
vt -38.860699 3.675380
vt -38.860699 3.662760
vt -38.806400 3.675380
vt -38.806400 3.662760
vt -38.673199 3.675380
vt -38.673199 3.662760
vt -38.618900 3.675380
vt -38.618900 3.662760
vt -38.610699 3.675380
vt -38.610699 3.662760
vt -38.556400 3.675380
vt -38.556400 3.662760
vt -38.735699 3.675380
vt -38.735699 3.662760
vt -38.681400 3.675380
vt -38.681400 3.662760
vt -39.173199 3.675380
vt -39.173199 3.662760
vt -39.118900 3.675380
vt -39.118900 3.662760
vt -40.798199 3.675380
vt -40.798199 3.662760
vt -40.743900 3.675380
vt -40.743900 3.662760
vt -40.423199 3.675380
vt -40.423199 3.662760
vt -40.368900 3.675380
vt -40.368900 3.662760
vt -39.423199 3.675380
vt -39.423199 3.662760
vt -39.368900 3.675380
vt -39.368900 3.662760
vt -40.173199 3.675380
vt -40.173199 3.662760
vt -40.118900 3.675380
vt -40.118900 3.662760
vt -39.360699 3.675380
vt -39.360699 3.662760
vt -39.306400 3.675380
vt -39.306400 3.662760
vt -40.110699 3.675380
vt -40.110699 3.662760
vt -40.056400 3.675380
vt -40.056400 3.662760
vt -39.923199 3.675380
vt -39.923199 3.662760
vt -39.868900 3.675380
vt -39.868900 3.662760
vt -40.610699 3.675380
vt -40.610699 3.662760
vt -40.556400 3.675380
vt -40.556400 3.662760
vt -38.985699 3.675380
vt -38.985699 3.662760
vt -38.931400 3.675380
vt -38.931400 3.662760
vt -39.798199 3.675380
vt -39.798199 3.662760
vt -39.743900 3.675380
vt -39.743900 3.662760
vt -39.735699 3.675380
vt -39.735699 3.662760
vt -39.681400 3.675380
vt -39.681400 3.662760
vt -39.673199 3.675380
vt -39.673199 3.662760
vt -39.618900 3.675380
vt -39.618900 3.662760
vt -39.485699 3.675380
vt -39.485699 3.662760
vt -39.431400 3.675380
vt -39.431400 3.662760
vt -39.048199 3.675380
vt -39.048199 3.662760
vt -38.993900 3.675380
vt -38.993900 3.662760
vt -39.548199 3.675380
vt -39.548199 3.662760
vt -39.493900 3.675380
vt -39.493900 3.662760
vt -40.673199 3.675380
vt -40.673199 3.662760
vt -40.618900 3.675380
vt -40.618900 3.662760
vt -39.235699 3.675380
vt -39.235699 3.662760
vt -39.181400 3.675380
vt -39.181400 3.662760
vt -39.860699 3.675380
vt -39.860699 3.662760
vt -39.806400 3.675380
vt -39.806400 3.662760
vt -39.110699 3.675380
vt -39.110699 3.662760
vt -39.056400 3.675380
vt -39.056400 3.662760
vt -40.860699 3.675380
vt -40.860699 3.662760
vt -40.806400 3.675380
vt -40.806400 3.662760
vt -40.298199 3.675380
vt -40.298199 3.662760
vt -40.243900 3.675380
vt -40.243900 3.662760
vt -39.985699 3.675380
vt -39.985699 3.662760
vt -39.931400 3.675380
vt -39.931400 3.662760
vt -40.735699 3.675380
vt -40.735699 3.662760
vt -40.681400 3.675380
vt -40.681400 3.662760
vt -39.298199 3.675380
vt -39.298199 3.662760
vt -39.243900 3.675380
vt -39.243900 3.662760
vt -40.360699 3.675380
vt -40.360699 3.662760
vt -40.306400 3.675380
vt -40.306400 3.662760
vt -40.485699 3.675380
vt -40.485699 3.662760
vt -40.431400 3.675380
vt -40.431400 3.662760
vt -40.235699 3.675380
vt -40.235699 3.662760
vt -40.181400 3.675380
vt -40.181400 3.662760
vt -39.610699 3.675380
vt -39.610699 3.662760
vt -39.556400 3.675380
vt -39.556400 3.662760
vt -40.548199 3.675380
vt -40.548199 3.662760
vt -40.493900 3.675380
vt -40.493900 3.662760
vt -40.048199 3.675380
vt -40.048199 3.662760
vt -39.993900 3.675380
vt -39.993900 3.662760
vt -40.923199 3.675380
vt -40.923199 3.662760
vt -40.868900 3.675380
vt -40.868900 3.662760
vt -38.798199 3.675380
vt -38.798199 3.662760
vt -38.743900 3.675380
vt -38.743900 3.662760
vt -40.909698 4.763510
vt -40.909698 4.795760
vt -41.316502 4.763510
vt -41.316502 4.795760
vt -40.909698 4.003510
vt -40.909698 4.035630
vt -41.729000 4.003510
vt -41.729000 4.035630
vt -41.679699 4.063260
vt -41.750801 4.063260
vt -41.679699 3.275760
vt -41.750801 3.275760
vt -41.284500 4.963260
vt -41.355598 4.963260
vt -41.284401 3.666630
vt -41.355598 3.666630
vt -41.750801 4.035630
vt -41.750801 4.003510
vt -41.680599 4.035630
vt -41.680599 4.003510
vt -41.763699 3.683260
vt -41.763699 3.651010
vt -41.722698 3.683260
vt -41.722698 3.651010
vt -38.548901 3.671130
vt -41.701698 3.658380
vt -41.701698 3.671010
vt -41.336601 3.662760
vt -41.294498 3.662760
vt -41.336601 4.008880
vt -41.294498 4.008880
vt -41.111599 3.662760
vt -41.069500 3.662760
vt -41.111599 4.008880
vt -41.069500 4.008880
vt -41.186600 3.662760
vt -41.144501 3.662760
vt -41.186600 4.008880
vt -41.144501 4.008880
vt -41.261600 3.662760
vt -41.219501 3.662760
vt -41.261600 4.008880
vt -41.219501 4.008880
vt -41.411598 3.662760
vt -41.369499 3.662760
vt -41.411598 4.008880
vt -41.369499 4.008880
vt -41.486599 3.662760
vt -41.444500 3.662760
vt -41.486599 4.008880
vt -41.444500 4.008880
vt -41.561600 3.662760
vt -41.519501 3.662760
vt -41.561600 4.008880
vt -41.519501 4.008880
vt -41.636600 3.662760
vt -41.594501 3.662760
vt -41.636600 4.008880
vt -41.594501 4.008880
vt -41.036598 3.662760
vt -40.994499 3.662760
vt -41.036598 4.008880
vt -40.994499 4.008880
vt -41.202499 3.681130
vt -41.202499 3.663510
vt -41.148201 3.681130
vt -41.148201 3.663510
vt -41.264900 3.681130
vt -41.264900 3.663510
vt -41.210701 3.681130
vt -41.210701 3.663510
vt -41.327499 3.681130
vt -41.327499 3.663510
vt -41.273201 3.681130
vt -41.273201 3.663510
vt -41.389999 3.681130
vt -41.389999 3.663510
vt -41.335701 3.681130
vt -41.335701 3.663510
vt -41.452499 3.681130
vt -41.452499 3.663510
vt -41.398201 3.681130
vt -41.398201 3.663510
vt -41.514999 3.681130
vt -41.514999 3.663510
vt -41.460701 3.681130
vt -41.460701 3.663510
vt -41.639999 3.681130
vt -41.639999 3.663510
vt -41.585701 3.681130
vt -41.585701 3.663510
vt -41.702499 3.681130
vt -41.702499 3.663510
vt -41.648201 3.681130
vt -41.648201 3.663510
vt -41.577499 3.681130
vt -41.577499 3.663510
vt -41.523201 3.681130
vt -41.523201 3.663510
vt -41.014900 3.681130
vt -41.014900 3.663510
vt -40.960701 3.681130
vt -40.960701 3.663510
vt -41.077400 3.681130
vt -41.077400 3.663510
vt -41.023201 3.681130
vt -41.023201 3.663510
vt -41.139900 3.681130
vt -41.139900 3.663510
vt -41.085701 3.681130
vt -41.085701 3.663510
vt -40.952400 3.681130
vt -40.952400 3.663510
vt -40.898201 3.681130
vt -40.898201 3.663510
vt -41.744202 3.662760
vt -41.711899 3.662760
vt -41.744202 4.008880
vt -41.711899 4.008880
vt -38.548901 3.657380
vt -38.548901 3.672130
vt -41.726700 3.657260
vt -41.726700 3.672130
vt -41.726700 3.658380
vt -41.726700 3.671010
vt -40.927200 3.699380
vt -40.927200 3.667130
vt -40.872898 3.699380
vt -40.872898 3.667130
vt -40.872898 4.629380
vt -40.927200 4.629380
vt -40.872898 3.666880
vt -40.927200 3.666880
vt -40.927200 4.639260
vt -40.927200 4.607010
vt -40.872898 4.639260
vt -40.872898 4.607010
vt -38.534599 4.211380
vt -38.534599 4.186380
vt -38.479900 4.211380
vt -38.479900 4.186380
vt -38.479900 4.687760
vt -38.534599 4.687760
vt -38.479900 4.190880
vt -38.534599 4.190880
vt -38.534599 4.692130
vt -38.534599 4.667130
vt -38.479900 4.692130
vt -38.479900 4.667130
vt -38.548901 3.658130
vt -38.548901 3.671380
vt -41.726700 3.658130
vt -41.726700 3.671260
vt -40.925701 4.260630
vt -41.751701 3.658380
vt -41.751701 3.671010
vt -41.679699 4.052010
vt -41.750801 4.052010
vt -41.284500 4.952010
vt -41.355598 4.952010
vt -41.284401 3.677760
vt -41.355598 3.677760
vt -40.939201 3.671010
vt -40.927502 4.210010
vt -40.927502 4.185010
vt -40.872700 4.210010
vt -40.872700 4.185010
vt -40.872799 4.686380
vt -40.927502 4.686380
vt -40.872700 4.189510
vt -40.927502 4.189510
vt -40.927502 4.690630
vt -40.927502 4.665630
vt -40.872799 4.690630
vt -40.872799 4.665630
vt -38.536800 4.639260
vt -38.536800 4.607010
vt -38.482498 4.639260
vt -38.482498 4.607010
vt -38.482498 4.629380
vt -38.536800 4.629380
vt -38.482498 3.666880
vt -38.536800 3.666880
vt -38.536800 3.699380
vt -38.536800 3.667130
vt -38.482498 3.699380
vt -38.482498 3.667130
vt -38.012402 3.320260
vt -38.473202 3.781010
vt -38.056801 3.275880
vt -38.517601 3.736630
vt -38.084000 3.380260
vt -38.179199 3.380260
vt -38.084000 3.356380
vt -38.179199 3.356380
vt -38.274300 3.570630
vt -38.369499 3.570630
vt -38.274300 3.546880
vt -38.369499 3.546880
vt -38.369598 3.665880
vt -38.464901 3.665880
vt -38.369598 3.642130
vt -38.464901 3.642130
vt -38.179199 3.475380
vt -38.274399 3.475380
vt -38.179199 3.451630
vt -38.274399 3.451630
vt -40.925701 4.228380
vt -40.871498 4.260630
vt -40.871498 4.228380
vt -40.925701 4.598630
vt -40.871498 4.598630
vt -41.480202 4.889760
vt -41.435501 4.813010
vt -39.993301 4.566510
vt -39.993301 4.598760
vt -40.926300 4.598630
vt -39.990799 4.228510
vt -39.990799 4.260760
vt -40.926300 4.228380
vt -40.926300 4.260630
vt -40.939201 3.690630
vt -38.521599 4.228510
vt -38.521599 4.260760
vt -39.391201 4.228510
vt -39.391201 4.260760
vt -39.405998 4.566510
vt -39.405998 4.598760
vt -38.535999 4.834510
vt -38.535999 4.866760
vt -39.384399 4.179760
vt -39.384399 4.204760
vt -39.998100 4.179760
vt -39.998100 4.204760
vt -39.973598 4.681130
vt -39.998600 4.681130
vt -39.973598 4.184130
vt -39.998600 4.184130
vt -39.384499 4.681130
vt -39.409500 4.681130
vt -39.384499 4.184130
vt -39.409500 4.184130
vt -39.384399 4.660380
vt -39.384399 4.685380
vt -39.998100 4.660380
vt -39.998100 4.685380
vt -41.686901 4.395880
vt -41.686901 2.769350
vt -41.514000 4.395880
vt -41.514000 2.769350
vt -38.262100 4.395880
vt -38.262100 2.769350
vt -38.089199 4.395880
vt -38.089199 2.769350
vt -41.668098 2.770000
vt -38.104099 2.770000
vt -41.668098 2.832520
vt -38.104099 2.832520
vt -38.261902 6.198270
vt -38.261902 4.401100
vt -38.090900 6.198270
vt -38.090900 4.401100
vt -41.686600 6.196300
vt -41.686600 4.401100
vt -41.515499 6.196300
vt -41.515499 4.401100
vt -38.100498 6.200230
vt -41.682999 6.200230
vt -38.100498 6.136220
vt -41.682999 6.136220
vt -41.594898 3.200390
vt -41.519901 3.200390
vt -41.594898 3.284030
vt -41.519901 3.284030
vt -41.594898 5.568250
vt -41.519901 5.568250
vt -41.594898 5.651890
vt -41.519901 5.651890
vt -38.223701 5.568240
vt -38.148899 5.568240
vt -38.223701 5.651890
vt -38.148899 5.651890
vt -38.223701 3.200390
vt -38.148899 3.200390
vt -38.223701 3.284030
vt -38.148899 3.284030
vt -38.201900 4.408350
vt -38.201900 4.485170
vt -41.539001 4.408350
vt -41.539001 4.485180
vt -41.578499 3.254700
vt -41.578499 3.200480
vt -38.163601 3.254700
vt -38.163601 3.200480
vt -41.577999 3.254070
vt -41.523800 3.254070
vt -41.577999 5.644320
vt -41.523800 5.644320
vt -41.578499 5.643790
vt -41.578499 5.589570
vt -38.163601 5.643790
vt -38.163601 5.589570
vt -38.218800 3.254070
vt -38.164501 3.254070
vt -38.218800 5.644320
vt -38.164501 5.644320
vt -38.677700 3.191290
vt -38.677700 2.730470
vt -38.630100 3.191290
vt -38.630100 2.730470
vt -39.195499 3.191290
vt -39.195499 2.730480
vt -39.147900 3.191290
vt -39.147900 2.730480
vt -41.345200 6.073670
vt -41.420200 6.073670
vt -41.345200 6.002530
vt -41.420200 6.002530
vt -39.798401 6.073680
vt -39.873402 6.073680
vt -39.798401 6.002530
vt -39.873402 6.002530
vt -39.867100 5.627800
vt -39.800098 5.627800
vt -39.867100 6.034590
vt -39.800098 6.034590
vt -41.419998 5.627800
vt -41.348400 5.627800
vt -41.419998 6.034590
vt -41.348400 6.034590
vt -41.583698 4.108280
vt -41.528999 4.108280
vt -41.583698 4.722030
vt -41.528999 4.722030
vt -41.583698 4.722480
vt -41.583698 4.697480
vt -41.528900 4.722480
vt -41.528900 4.697480
vt -41.583698 4.133430
vt -41.583698 4.108430
vt -41.528900 4.133430
vt -41.528900 4.108430
vt -40.173000 3.197930
vt -40.173000 3.252700
vt -40.786800 3.197930
vt -40.786800 3.252700
vt -38.920399 5.590830
vt -38.920399 5.645590
vt -39.534100 5.590830
vt -39.534100 5.645590
vt -39.242100 5.590830
vt -39.217098 5.590830
vt -39.242100 5.645590
vt -39.217098 5.645590
vt -40.787201 3.197930
vt -40.762199 3.197930
vt -40.787201 3.252700
vt -40.762199 3.252700
vt -40.198101 3.197930
vt -40.173100 3.197930
vt -40.198101 3.252700
vt -40.173100 3.252700
vt -39.534599 5.590830
vt -39.509602 5.590830
vt -39.534599 5.645590
vt -39.509602 5.645590
vt -38.945499 5.590830
vt -38.920502 5.590830
vt -38.945499 5.645590
vt -38.920502 5.645590
vt -38.224899 4.102470
vt -38.170101 4.102470
vt -38.224899 4.716220
vt -38.170101 4.716220
vt -38.224899 4.716670
vt -38.224899 4.691670
vt -38.170101 4.716670
vt -38.170101 4.691670
vt -38.224899 4.127610
vt -38.224899 4.102620
vt -38.170101 4.127610
vt -38.170101 4.102620
vt -38.601501 3.200610
vt -38.601501 3.254840
vt -39.221699 3.200610
vt -39.221699 3.254840
vt -40.311600 5.591000
vt -40.311600 5.645230
vt -40.931999 5.591000
vt -40.931999 5.645230
vt -38.634399 3.200610
vt -38.602200 3.200610
vt -38.634399 3.254840
vt -38.602200 3.254840
vt -39.221901 3.200610
vt -39.189800 3.200610
vt -39.221901 3.254840
vt -39.189800 3.254840
vt -40.932098 5.591000
vt -40.899899 5.591000
vt -40.932098 5.645230
vt -40.899899 5.645230
vt -40.344601 5.591000
vt -40.312401 5.591000
vt -40.344601 5.645230
vt -40.312401 5.645230
vt -38.618198 3.254720
vt -38.618198 3.200500
vt -38.163601 3.254720
vt -38.163601 3.200500
vt -40.174999 3.254720
vt -40.174999 3.200500
vt -39.216000 3.254720
vt -39.216000 3.200500
vt -41.578499 5.643800
vt -41.578499 5.589580
vt -40.919498 5.643800
vt -40.919498 5.589580
vt -41.546398 3.254720
vt -41.546398 3.200500
vt -40.782902 3.254720
vt -40.782902 3.200500
vt -41.577999 4.714830
vt -41.523800 4.714830
vt -41.577999 5.644330
vt -41.523800 5.644330
vt -41.577999 3.254080
vt -41.523800 3.254080
vt -41.577999 4.123570
vt -41.523800 4.123570
vt -38.218800 4.711380
vt -38.164501 4.711380
vt -38.218800 5.644330
vt -38.164501 5.644330
vt -38.933601 5.643800
vt -38.933601 5.589580
vt -38.167400 5.643800
vt -38.167400 5.589580
vt -40.324001 5.643800
vt -40.324001 5.589580
vt -39.526100 5.643800
vt -39.526100 5.589580
vt -38.218800 3.254110
vt -38.164501 3.254110
vt -38.218800 4.124100
vt -38.164501 4.124100
vt -41.578602 5.643790
vt -41.578602 5.589580
vt -40.913601 5.643790
vt -40.913601 5.589580
vt -41.578602 3.254710
vt -41.578602 3.200490
vt -40.779900 3.254710
vt -40.779900 3.200490
vt -41.577999 4.716640
vt -41.523800 4.716640
vt -41.577999 5.579780
vt -41.523800 5.579780
vt -41.577999 4.117220
vt -41.523800 4.117220
vt -40.331600 5.643790
vt -40.331600 5.589580
vt -39.525002 5.643790
vt -39.525002 5.589580
vt -38.218800 4.708920
vt -38.164501 4.708920
vt -38.218800 3.239640
vt -38.164501 3.239640
vt -38.218800 4.109220
vt -38.164501 4.109220
vt -40.187401 3.254710
vt -40.187401 3.200490
vt -39.208500 3.254710
vt -39.208500 3.200490
vt -38.935200 5.643790
vt -38.935200 5.589580
vt -38.163601 5.589580
vt -38.613899 3.254710
vt -38.613899 3.200490
vt -38.163601 3.254710
vt -38.163601 3.200490
vt -41.577099 4.108270
vt -41.522400 4.108270
vt -41.577099 4.722030
vt -41.522400 4.722030
vt -40.173000 3.197920
vt -40.173000 3.252690
vt -40.786800 3.197920
vt -40.786800 3.252690
vt -38.920399 5.590820
vt -39.534100 5.590820
vt -38.218201 4.102460
vt -38.163502 4.102460
vt -38.218201 4.716220
vt -38.163502 4.716220
vt -41.345200 6.468900
vt -41.420200 6.468900
vt -41.345200 6.397750
vt -41.420200 6.397750
vt -39.798401 6.468900
vt -39.873402 6.468900
vt -39.798401 6.397750
vt -39.873402 6.397750
vt -41.419998 5.627790
vt -41.348400 5.627790
vt -41.419998 6.447090
vt -41.348400 6.447090
vt -39.869999 5.627800
vt -39.798401 5.627800
vt -39.869999 6.447090
vt -39.798401 6.447090
vt -41.420101 6.468850
vt -41.420101 6.398650
vt -39.806599 6.468850
vt -39.806599 6.398650
vt -39.851398 6.312590
vt -39.819099 6.312590
vt -39.851398 6.354640
vt -39.819099 6.354640
vt -41.018700 6.462230
vt -41.018700 6.430000
vt -40.976700 6.462230
vt -40.976700 6.430000
vt -41.093800 6.462230
vt -41.093800 6.430000
vt -41.051800 6.462230
vt -41.051800 6.430000
vt -41.168701 6.462230
vt -41.168701 6.430000
vt -41.126701 6.462230
vt -41.126701 6.430000
vt -41.243801 6.462230
vt -41.243801 6.430000
vt -41.201801 6.462230
vt -41.201801 6.430000
vt -41.318699 6.462230
vt -41.318699 6.430000
vt -41.276699 6.462230
vt -41.276699 6.430000
vt -41.401402 6.012590
vt -41.369099 6.012590
vt -41.401402 6.054640
vt -41.369099 6.054640
vt -41.401402 5.787580
vt -41.369099 5.787580
vt -41.401402 5.829630
vt -41.369099 5.829630
vt -41.401402 5.862590
vt -41.369099 5.862590
vt -41.401402 5.904630
vt -41.369099 5.904630
vt -41.401402 5.937590
vt -41.369099 5.937590
vt -41.401402 5.979630
vt -41.369099 5.979630
vt -41.401402 6.087590
vt -41.369099 6.087590
vt -41.401402 6.129640
vt -41.369099 6.129640
vt -41.401402 6.162590
vt -41.369099 6.162590
vt -41.401402 6.204640
vt -41.369099 6.204640
vt -41.401402 6.237590
vt -41.369099 6.237590
vt -41.401402 6.279640
vt -41.369099 6.279640
vt -41.401402 6.312590
vt -41.369099 6.312590
vt -41.401402 6.354640
vt -41.369099 6.354640
vt -41.401402 5.712580
vt -41.369099 5.712580
vt -41.401402 5.754630
vt -41.369099 5.754630
vt -39.851398 6.162590
vt -39.819099 6.162590
vt -39.851398 6.204640
vt -39.819099 6.204640
vt -39.851398 6.237590
vt -39.819099 6.237590
vt -39.851398 6.279640
vt -39.819099 6.279640
vt -39.968800 6.462230
vt -39.968800 6.430000
vt -39.926601 6.462230
vt -39.926601 6.430000
vt -40.043701 6.462230
vt -40.043701 6.429990
vt -40.001598 6.462230
vt -40.001598 6.429990
vt -40.118801 6.462230
vt -40.118801 6.429990
vt -40.076599 6.462230
vt -40.076599 6.429990
vt -40.193699 6.462230
vt -40.193699 6.429990
vt -40.151699 6.462230
vt -40.151699 6.429990
vt -39.851398 6.012590
vt -39.819099 6.012590
vt -39.851398 6.054640
vt -39.819099 6.054640
vt -39.851398 5.712580
vt -39.819099 5.712580
vt -39.851398 5.754630
vt -39.819099 5.754630
vt -39.851398 5.787580
vt -39.819099 5.787580
vt -39.851398 5.829630
vt -39.819099 5.829630
vt -39.851398 5.862590
vt -39.819099 5.862590
vt -39.851398 5.904630
vt -39.819099 5.904630
vt -39.851398 5.937590
vt -39.819099 5.937590
vt -39.851398 5.979630
vt -39.819099 5.979630
vt -39.851398 6.087590
vt -39.819099 6.087590
vt -39.851398 6.129640
vt -39.819099 6.129640
vt -40.268700 6.462230
vt -40.268700 6.429990
vt -40.226700 6.462230
vt -40.226700 6.429990
vt -40.343800 6.462230
vt -40.343800 6.429990
vt -40.301800 6.462230
vt -40.301800 6.429990
vt -40.418701 6.462230
vt -40.418701 6.429990
vt -40.376701 6.462230
vt -40.376701 6.429990
vt -40.493801 6.462230
vt -40.493801 6.429990
vt -40.451801 6.462230
vt -40.451801 6.429990
vt -40.568699 6.462230
vt -40.568699 6.429990
vt -40.526699 6.462230
vt -40.526699 6.429990
vt -40.643700 6.462230
vt -40.643700 6.429990
vt -40.601700 6.462230
vt -40.601700 6.429990
vt -40.718800 6.462230
vt -40.718800 6.429990
vt -40.676800 6.462230
vt -40.676800 6.429990
vt -40.793701 6.462230
vt -40.793701 6.429990
vt -40.751701 6.462230
vt -40.751701 6.429990
vt -40.868801 6.462230
vt -40.868801 6.429990
vt -40.826801 6.462230
vt -40.826801 6.429990
vt -40.943699 6.462230
vt -40.943699 6.430000
vt -40.901699 6.462230
vt -40.901699 6.430000
vt -41.543499 3.254710
vt -41.543499 3.200490
vt -39.205200 3.254710
vt -39.205200 3.200490
vt -41.578602 5.589570
vt -40.913601 5.589570
vt -38.164600 3.254070
vt -38.164600 5.644330
vt -40.326801 5.643790
vt -40.326801 5.589570
vt -38.609200 3.254710
vt -38.609200 3.200490
vt -38.601501 3.254830
vt -39.221699 3.254830
vt -41.577999 3.266950
vt -41.523800 3.266950
vt -41.577999 5.657230
vt -41.523800 5.657230
vt -41.578602 5.656690
vt -41.578602 5.602470
vt -38.163601 5.656690
vt -38.163601 5.602470
vt -38.218800 3.266950
vt -38.164501 3.266950
vt -38.218800 5.657230
vt -38.164501 5.657230
vt -41.578602 3.267600
vt -41.578602 3.213380
vt -38.163601 3.267600
vt -38.163601 3.213380
vt -41.411400 6.481790
vt -41.411400 6.440770
vt -39.799099 6.481790
vt -39.799099 6.440770
vt -41.370499 5.920530
vt -41.370499 5.866300
vt -39.809700 5.920530
vt -39.809700 5.866300
vt -41.370499 5.983020
vt -41.370499 5.928800
vt -39.809700 5.983020
vt -39.809700 5.928800
vt -41.370499 6.045530
vt -41.370499 5.991300
vt -39.809700 6.045530
vt -39.809700 5.991300
vt -41.370499 6.108030
vt -41.370499 6.053800
vt -39.809700 6.108030
vt -39.809700 6.053800
vt -41.370499 6.170530
vt -41.370499 6.116300
vt -39.809700 6.170530
vt -39.809700 6.116300
vt -41.370499 6.233030
vt -41.370499 6.178800
vt -39.809700 6.233030
vt -39.809700 6.178800
vt -41.370499 6.358030
vt -41.370499 6.303800
vt -39.809700 6.358030
vt -39.809700 6.303800
vt -41.370499 6.420530
vt -41.370499 6.366300
vt -39.809700 6.420530
vt -39.809700 6.366300
vt -41.370499 6.295530
vt -41.370499 6.241300
vt -39.809700 6.295530
vt -39.809700 6.241300
vt -41.370499 5.733020
vt -41.370499 5.678790
vt -39.809700 5.733020
vt -39.809700 5.678790
vt -41.370499 5.795520
vt -41.370499 5.741290
vt -39.809700 5.795520
vt -39.809700 5.741290
vt -41.370499 5.858020
vt -41.370499 5.803800
vt -39.809700 5.858020
vt -39.809700 5.803800
vt -41.370499 5.670520
vt -41.370499 5.616290
vt -39.809700 5.670520
vt -39.809700 5.616290
vt -38.213001 3.587000
vt -38.213001 3.641220
vt -41.529598 3.587000
vt -41.529598 3.641220
vt -38.213001 3.524500
vt -38.213001 3.578720
vt -41.529598 3.524500
vt -41.529598 3.578720
vt -38.213001 3.337000
vt -38.213001 3.391220
vt -41.529598 3.337000
vt -41.529598 3.391220
vt -38.213001 3.274500
vt -38.213001 3.328720
vt -41.529598 3.274500
vt -41.529598 3.328720
vt -38.213001 3.399500
vt -38.213001 3.453720
vt -41.529598 3.399500
vt -41.529598 3.453720
vt -38.213001 3.837000
vt -38.213001 3.891220
vt -41.529598 3.837000
vt -41.529598 3.891220
vt -38.213001 5.462000
vt -38.213001 5.516230
vt -41.529598 5.462000
vt -41.529598 5.516230
vt -38.213001 5.087000
vt -38.213001 5.141230
vt -41.529598 5.087000
vt -41.529598 5.141230
vt -38.213001 4.087000
vt -38.213001 4.141230
vt -41.529598 4.087000
vt -41.529598 4.141230
vt -38.213001 4.837000
vt -38.213001 4.891230
vt -41.529598 4.837000
vt -41.529598 4.891230
vt -38.213001 4.024500
vt -38.213001 4.078720
vt -41.529598 4.024500
vt -41.529598 4.078720
vt -38.213001 4.774500
vt -38.213001 4.828730
vt -41.529598 4.774500
vt -41.529598 4.828730
vt -38.213001 4.587000
vt -38.213001 4.641230
vt -41.529598 4.587000
vt -41.529598 4.641230
vt -38.213001 5.274500
vt -38.213001 5.328730
vt -41.529598 5.274500
vt -41.529598 5.328730
vt -38.213001 3.649500
vt -38.213001 3.703720
vt -41.529598 3.649500
vt -41.529598 3.703720
vt -38.213001 4.462000
vt -38.213001 4.516230
vt -41.529598 4.462000
vt -41.529598 4.516230
vt -38.213001 4.399500
vt -38.213001 4.453730
vt -41.529598 4.399500
vt -41.529598 4.453730
vt -38.213001 4.337000
vt -38.213001 4.391230
vt -41.529598 4.337000
vt -41.529598 4.391230
vt -38.213001 4.149500
vt -38.213001 4.203730
vt -41.529598 4.149500
vt -41.529598 4.203730
vt -38.213001 3.712000
vt -38.213001 3.766220
vt -41.529598 3.712000
vt -41.529598 3.766220
vt -38.213001 4.212000
vt -38.213001 4.266230
vt -41.529598 4.212000
vt -41.529598 4.266230
vt -38.213001 5.337000
vt -38.213001 5.391230
vt -41.529598 5.337000
vt -41.529598 5.391230
vt -38.213001 3.899500
vt -38.213001 3.953720
vt -41.529598 3.899500
vt -41.529598 3.953720
vt -38.213001 4.524500
vt -38.213001 4.578730
vt -41.529598 4.524500
vt -41.529598 4.578730
vt -38.213001 3.774500
vt -38.213001 3.828720
vt -41.529598 3.774500
vt -41.529598 3.828720
vt -38.213001 5.524500
vt -38.213001 5.578730
vt -41.529598 5.524500
vt -41.529598 5.578730
vt -38.213001 4.962000
vt -38.213001 5.016230
vt -41.529598 4.962000
vt -41.529598 5.016230
vt -38.213001 4.649500
vt -38.213001 4.703730
vt -41.529598 4.649500
vt -41.529598 4.703730
vt -38.213001 5.399500
vt -38.213001 5.453730
vt -41.529598 5.399500
vt -41.529598 5.453730
vt -38.213001 3.962000
vt -38.213001 4.016220
vt -41.529598 3.962000
vt -41.529598 4.016220
vt -38.213001 5.024500
vt -38.213001 5.078730
vt -41.529598 5.024500
vt -41.529598 5.078730
vt -38.213001 5.149500
vt -38.213001 5.203730
vt -41.529598 5.149500
vt -41.529598 5.203730
vt -38.213001 4.899500
vt -38.213001 4.953730
vt -41.529598 4.899500
vt -41.529598 4.953730
vt -38.213001 4.274500
vt -38.213001 4.328730
vt -41.529598 4.274500
vt -41.529598 4.328730
vt -38.213001 5.212000
vt -38.213001 5.266230
vt -41.529598 5.212000
vt -41.529598 5.266230
vt -38.213001 4.712000
vt -38.213001 4.766230
vt -41.529598 4.712000
vt -41.529598 4.766230
vt -38.213001 5.587020
vt -38.213001 5.641230
vt -41.529598 5.587020
vt -41.529598 5.641230
vt -38.213001 3.462000
vt -38.213001 3.516220
vt -41.529598 3.462000
vt -41.529598 3.516220
vt -40.594898 3.266950
vt -40.538502 3.266950
vt -40.594898 6.444730
vt -40.538502 6.444730
vt -41.198200 3.266950
vt -41.135101 3.266950
vt -41.198200 6.444730
vt -41.135101 6.444730
vt -40.406200 3.266950
vt -40.352100 3.266950
vt -40.406200 6.444730
vt -40.352100 6.444730
vt -40.781200 3.266950
vt -40.727100 3.266950
vt -40.781200 6.444730
vt -40.727100 6.444730
vt -40.181301 3.266950
vt -40.127102 3.266950
vt -40.181301 6.469730
vt -40.127102 6.469730
vt -38.981201 3.266950
vt -38.926998 3.266950
vt -38.981201 5.657230
vt -38.926998 5.657230
vt -41.406200 3.266950
vt -41.327099 3.266950
vt -41.406200 6.419730
vt -41.327099 6.419730
vt -39.393700 3.266950
vt -39.339500 3.266950
vt -39.393700 5.657230
vt -39.339500 5.657230
vt -40.968800 3.266950
vt -40.914600 3.266950
vt -40.968800 6.444730
vt -40.914600 6.444730
vt -39.206200 3.266950
vt -39.152000 3.266950
vt -39.206200 5.657230
vt -39.152000 5.657230
vt -39.618801 3.266950
vt -39.564499 3.266950
vt -39.618801 5.657230
vt -39.564499 5.657230
vt -39.806301 3.266950
vt -39.752102 3.266950
vt -39.806301 5.657230
vt -39.752102 5.657230
vt -38.793701 3.266950
vt -38.739498 3.266950
vt -38.793701 5.657230
vt -38.739498 5.657230
vt -39.993801 3.266950
vt -39.939602 3.266950
vt -39.993801 6.444730
vt -39.939602 6.444730
vt -38.381199 3.266950
vt -38.327000 3.266950
vt -38.381199 5.657230
vt -38.327000 5.657230
vt -38.568699 3.266950
vt -38.514500 3.266950
vt -38.568699 5.657230
vt -38.514500 5.657230
vt -38.665100 3.182940
vt -39.158501 3.182940
vt -38.665100 3.087710
vt -39.158501 3.087710
vt -38.667301 3.087610
vt -39.160599 3.087610
vt -38.667301 2.992380
vt -39.160599 2.992380
vt -38.665100 2.992490
vt -39.158501 2.992490
vt -38.665100 2.897260
vt -39.158501 2.897270
vt -38.665100 2.897270
vt -39.171001 2.897270
vt -38.665100 2.802040
vt -39.171001 2.802040
vt -38.677700 3.235670
vt -38.630100 3.235670
vt -39.195499 3.235670
vt -39.147900 3.235670
vt -38.364700 3.651010
vt -38.364700 3.683260
vt -39.977001 3.651010
vt -39.977001 3.683260
vt -39.648998 3.671010
vt -39.648998 3.658380
vt -39.594898 3.671010
vt -39.594898 3.658380
vt -39.902699 4.052010
vt -39.977699 4.052010
vt -39.902699 3.275760
vt -39.977699 3.275760
vt -38.355900 4.063260
vt -38.430901 4.063260
vt -38.355900 3.275760
vt -38.430901 3.275760
vt -38.355999 4.003510
vt -38.355999 4.035630
vt -39.969501 4.003510
vt -39.969501 4.035630
vt -38.799400 3.662760
vt -38.757401 3.662760
vt -38.799400 4.008880
vt -38.757401 4.008880
vt -38.724400 3.662760
vt -38.682400 3.662760
vt -38.724400 4.008880
vt -38.682400 4.008880
vt -38.649399 3.662760
vt -38.607399 3.662760
vt -38.649399 4.008880
vt -38.607399 4.008880
vt -38.574402 3.662760
vt -38.532398 3.662760
vt -38.574402 4.008880
vt -38.532398 4.008880
vt -38.499401 3.662760
vt -38.457401 3.662760
vt -38.499401 4.008880
vt -38.457401 4.008880
vt -39.849499 3.662760
vt -39.807400 3.662760
vt -39.849499 4.008880
vt -39.807400 4.008880
vt -39.774502 3.662760
vt -39.732399 3.662760
vt -39.774502 4.008880
vt -39.732399 4.008880
vt -39.699501 3.662760
vt -39.657398 3.662760
vt -39.699501 4.008880
vt -39.657398 4.008880
vt -39.624401 3.662760
vt -39.582401 3.662760
vt -39.624401 4.008880
vt -39.582401 4.008880
vt -39.549400 3.662760
vt -39.507401 3.662760
vt -39.549400 4.008880
vt -39.507401 4.008880
vt -39.474400 3.662760
vt -39.432400 3.662760
vt -39.474400 4.008880
vt -39.432400 4.008880
vt -39.399399 3.662760
vt -39.357399 3.662760
vt -39.399399 4.008880
vt -39.357399 4.008880
vt -39.324402 3.662760
vt -39.282398 3.662760
vt -39.324402 4.008880
vt -39.282398 4.008880
vt -39.249401 3.662760
vt -39.207401 3.662760
vt -39.249401 4.008880
vt -39.207401 4.008880
vt -39.174400 3.662760
vt -39.132401 3.662760
vt -39.174400 4.008880
vt -39.132401 4.008880
vt -39.099400 3.662760
vt -39.057400 3.662760
vt -39.099400 4.008880
vt -39.057400 4.008880
vt -39.024399 3.662760
vt -38.982399 3.662760
vt -39.024399 4.008880
vt -38.982399 4.008880
vt -38.949402 3.662760
vt -38.907398 3.662760
vt -38.949402 4.008880
vt -38.907398 4.008880
vt -38.874401 3.662760
vt -38.832401 3.662760
vt -38.874401 4.008880
vt -38.832401 4.008880
vt -38.427700 4.035630
vt -38.427700 4.003510
vt -38.356098 4.035630
vt -38.356098 4.003510
vt -39.977699 4.035630
vt -39.977699 4.003510
vt -39.906101 4.035630
vt -39.906101 4.003510
vt -39.424000 3.671010
vt -39.424000 3.658380
vt -39.369900 3.671010
vt -39.369900 3.658380
vt -39.237598 3.671260
vt -39.237598 3.658130
vt -39.181301 3.671260
vt -39.181301 3.658130
vt -39.049000 3.671010
vt -39.049000 3.658380
vt -38.994900 3.671010
vt -38.994900 3.658380
vt -38.640999 3.672130
vt -38.640999 3.657260
vt -38.577900 3.672130
vt -38.577900 3.657260
vt -38.861500 3.671010
vt -38.861500 3.658380
vt -38.807400 3.671010
vt -38.807400 3.658380
vt -39.836498 3.671010
vt -39.836498 3.658380
vt -39.782398 3.671010
vt -39.782398 3.658380
vt -38.405602 3.663510
vt -38.405602 3.681130
vt -39.966400 3.663510
vt -39.966400 3.681130
vt -38.449001 3.671010
vt -38.449001 3.658380
vt -38.369900 3.671010
vt -38.369900 3.658380
vt -39.957001 3.662760
vt -39.924801 3.662760
vt -39.957001 4.008880
vt -39.924801 4.008880
vt -38.407001 3.662760
vt -38.374699 3.662760
vt -38.407001 4.008880
vt -38.374699 4.008880
vt -39.902699 4.952010
vt -39.977699 4.952010
vt -39.902699 3.677760
vt -39.977699 3.677760
vt -38.355900 4.963260
vt -38.430901 4.963260
vt -38.355900 3.666630
vt -38.430901 3.666630
vt -39.976002 4.795760
vt -39.976002 4.763510
vt -39.909000 4.795760
vt -39.909000 4.763510
vt -38.427700 4.795760
vt -38.427700 4.763510
vt -38.356098 4.795760
vt -38.356098 4.763510
vt -40.849098 3.671010
vt -40.849098 3.658380
vt -40.794899 3.671010
vt -40.794899 3.658380
vt -40.436600 3.671010
vt -40.436600 3.658380
vt -40.382401 3.671010
vt -40.382401 3.658380
vt -38.252399 3.690510
vt -38.252399 3.658380
vt -38.198101 3.690510
vt -38.198101 3.658380
vt -40.624100 3.671010
vt -40.624100 3.658380
vt -40.569901 3.671010
vt -40.569901 3.658380
vt -40.211601 3.671010
vt -40.211601 3.658380
vt -40.157398 3.671010
vt -40.157398 3.658380
vt -38.197498 3.658380
vt -38.197498 3.690630
vt -41.612499 3.658380
vt -41.612499 3.690630
vt -41.611599 3.690630
vt -41.611599 3.658380
vt -41.557400 3.690630
vt -41.557400 3.658380
vt -40.023998 3.671010
vt -40.023998 3.658380
vt -39.969898 3.671010
vt -39.969898 3.658380
vt -41.036598 3.671010
vt -41.036598 3.658380
vt -40.982399 3.671010
vt -40.982399 3.658380
vt -41.449100 3.671010
vt -41.449100 3.658380
vt -41.394901 3.671010
vt -41.394901 3.658380
vt -41.261600 3.671010
vt -41.261600 3.658380
vt -41.207401 3.671010
vt -41.207401 3.658380
vt -38.181301 5.230380
vt -38.256199 5.230380
vt -38.181301 3.275760
vt -38.256199 3.275760
vt -41.552399 5.230380
vt -41.627300 5.230380
vt -41.552200 3.275760
vt -41.627300 3.275760
vt -40.534000 4.686380
vt -40.558998 4.686380
vt -40.534000 4.189510
vt -40.558998 4.189510
vt -40.855801 4.210010
vt -40.855801 4.185010
vt -40.242001 4.210010
vt -40.242001 4.185010
vt -40.241501 4.686380
vt -40.266499 4.686380
vt -40.241501 4.189510
vt -40.266499 4.189510
vt -40.855801 4.690630
vt -40.855801 4.665630
vt -40.242001 4.690630
vt -40.242001 4.665630
vt -40.830601 4.686380
vt -40.855598 4.686380
vt -40.830601 4.189510
vt -40.855598 4.189510
vt -40.840900 4.228380
vt -40.840900 4.260630
vt -41.612499 4.228380
vt -41.612499 4.260630
vt -39.464500 3.699380
vt -39.464500 3.667130
vt -38.844101 3.699380
vt -38.844101 3.667130
vt -38.197498 4.228510
vt -38.197498 4.260760
vt -38.862499 4.228510
vt -38.862499 4.260760
vt -38.197601 4.566510
vt -38.197601 4.598760
vt -38.856602 4.566510
vt -38.856602 4.598760
vt -38.197498 3.945880
vt -38.197498 3.978130
vt -38.862499 3.945880
vt -38.862499 3.978130
vt -38.252399 3.978130
vt -38.252399 3.945880
vt -38.198101 3.978130
vt -38.198101 3.945880
vt -38.252399 4.598760
vt -38.252399 4.566510
vt -38.198101 4.598760
vt -38.198101 4.566510
vt -38.252399 5.122130
vt -38.252399 5.089880
vt -38.198101 5.122130
vt -38.198101 5.089880
vt -38.252399 4.866630
vt -38.252399 4.834380
vt -38.198101 4.866630
vt -38.198101 4.834380
vt -41.611599 4.598630
vt -41.611599 4.566510
vt -41.557400 4.598630
vt -41.557400 4.566510
vt -41.611500 3.978130
vt -41.611500 3.945880
vt -41.557400 3.978130
vt -41.557400 3.945880
vt -38.197601 5.089880
vt -38.197601 5.122130
vt -41.612499 5.089880
vt -41.612499 5.122130
vt -39.444500 4.228510
vt -39.444500 4.260630
vt -40.251099 4.228510
vt -40.251099 4.260630
vt -38.197601 4.834510
vt -38.197601 4.866630
vt -41.612499 4.834380
vt -41.612499 4.866630
vt -39.449402 3.945880
vt -39.449402 3.978130
vt -41.612499 3.945880
vt -41.612499 3.978130
vt -40.842499 4.566510
vt -40.842499 4.598630
vt -41.608700 4.566380
vt -41.608700 4.598630
vt -41.611599 4.260630
vt -41.611599 4.228380
vt -41.557400 4.260630
vt -41.557400 4.228380
vt -39.452099 4.566510
vt -39.452099 4.598760
vt -40.250000 4.566510
vt -40.250000 4.598630
vt -41.611599 5.122130
vt -41.611599 5.089880
vt -41.557400 5.122130
vt -41.557400 5.089880
vt -41.611599 4.866630
vt -41.611599 4.834380
vt -41.557400 4.866630
vt -41.557400 4.834380
vt -38.844002 4.629380
vt -38.876301 4.629380
vt -38.844002 3.666880
vt -38.876301 3.666880
vt -39.431499 4.629380
vt -39.463699 4.629380
vt -39.431499 3.666880
vt -39.463699 3.666880
vt -39.464500 4.639260
vt -39.464500 4.607010
vt -38.844101 4.639260
vt -38.844101 4.607010
vt -41.563099 3.675380
vt -41.563099 3.662630
vt -38.246498 3.675380
vt -38.246498 3.662760
vt -38.093102 4.888630
vt -41.675598 4.888630
vt -38.093102 4.811880
vt -41.675598 4.811880
vt -41.514301 4.889760
vt -41.685200 4.889760
vt -41.514301 4.813010
vt -41.685200 4.813010
vt -38.089500 4.890880
vt -38.260601 4.890880
vt -38.089500 4.814130
vt -38.260601 4.814130
vt -38.252399 4.260630
vt -38.252399 4.228510
vt -38.198101 4.260630
vt -38.198101 4.228510
vt -38.089199 5.936510
vt -38.262100 5.936510
vt -38.089199 5.861510
vt -38.262100 5.861510
vt -41.514000 5.936510
vt -41.686901 5.936510
vt -41.514000 5.861510
vt -41.686901 5.861510
vt -41.563099 3.662760
vt -38.247101 4.686880
vt -38.247501 4.661880
vt -38.192402 4.686130
vt -38.192699 4.661130
vt -38.192402 4.681880
vt -38.247200 4.682630
vt -38.199200 4.184880
vt -38.254002 4.185630
vt -38.253700 4.206260
vt -38.254101 4.181260
vt -38.199001 4.205510
vt -38.199200 4.180510
vt -41.605999 4.686130
vt -41.606400 4.661130
vt -41.551201 4.685380
vt -41.551601 4.660380
vt -41.612598 4.205510
vt -41.612900 4.180510
vt -41.557899 4.204760
vt -41.558102 4.179760
vt -41.551201 4.681130
vt -41.605999 4.681880
vt -41.558102 4.184130
vt -41.612900 4.184880
vt -41.574200 5.139880
vt -41.574200 5.072380
vt -38.237099 5.139880
vt -38.237099 5.072380
vt -41.611599 4.598760
vt -41.557400 4.598760
vt -38.252399 4.260760
vt -38.198101 4.260760
vt -41.611599 4.260760
vt -41.611599 4.228510
vt -41.557400 4.260760
vt -41.557400 4.228510
vt -38.108002 5.000760
vt -41.672001 5.000760
vt -38.108002 4.925760
vt -41.672001 4.925760
vt -41.612499 3.690510
vt -38.232601 3.945880
vt -38.232601 3.978130
vt -40.570900 3.945880
vt -40.570900 3.978130
vt -41.157902 4.566510
vt -41.157902 4.598760
vt -41.612499 4.566510
vt -41.612499 4.598760
vt -41.174599 4.639260
vt -41.174599 4.607010
vt -40.554401 4.639260
vt -40.554401 4.607010
vt -39.601101 4.566510
vt -39.601101 4.598760
vt -40.560101 4.566510
vt -40.560101 4.598760
vt -38.229801 4.566510
vt -38.229801 4.598760
vt -38.993198 4.566510
vt -38.993198 4.598760
vt -38.996201 4.228510
vt -38.996201 4.260760
vt -38.197601 4.834380
vt -38.197601 5.091130
vt -38.197601 5.123380
vt -41.612499 5.091130
vt -41.612499 5.123380
vt -41.162201 4.228510
vt -41.162201 4.260760
vt -41.612499 4.228510
vt -41.141701 4.629380
vt -41.173901 4.629380
vt -41.141602 3.666880
vt -41.173901 3.666880
vt -41.166901 3.945880
vt -41.166901 3.978130
vt -40.554199 4.629380
vt -40.586399 4.629380
vt -40.554100 3.666880
vt -40.586399 3.666880
vt -41.174599 3.699380
vt -41.174599 3.667130
vt -40.554401 3.699380
vt -40.554401 3.667130
vt -39.588699 4.228510
vt -39.588699 4.260760
vt -40.567600 4.228510
vt -40.567600 4.260760
vt -39.603100 4.211380
vt -39.603100 4.186380
vt -38.989399 4.211380
vt -38.989399 4.186380
vt -38.988899 4.687760
vt -39.013901 4.687760
vt -38.988899 4.190880
vt -39.013901 4.190880
vt -39.577999 4.687760
vt -39.603001 4.687760
vt -39.577999 4.190880
vt -39.603001 4.190880
vt -39.603100 4.692130
vt -39.603100 4.667130
vt -38.989399 4.692130
vt -38.989399 4.667130
vt -40.617599 3.665880
vt -41.111000 3.665880
vt -40.617599 3.642130
vt -41.111000 3.642130
vt -40.615501 3.570630
vt -41.108898 3.570630
vt -40.615501 3.546880
vt -41.108898 3.546880
vt -40.617599 3.475380
vt -41.111000 3.475380
vt -40.617599 3.451630
vt -41.111000 3.451630
vt -40.605099 3.380260
vt -41.111000 3.380260
vt -40.605099 3.356380
vt -41.111000 3.356380
vt -40.098301 5.936510
vt -41.724800 4.963010
vt -40.053398 5.861510
vt -41.679901 4.887880
vt -38.295898 4.889760
vt -40.093102 5.936010
vt -38.340599 4.813010
vt -40.137798 5.859380
vt -38.293999 4.888630
vt -38.358002 4.925880
vt -38.338600 4.811880
vt -38.402599 4.849130
vt -41.661701 5.000760
vt -41.724201 4.963380
vt -41.616699 4.925760
vt -41.679199 4.888260
vt -38.842300 5.230380
vt -38.925999 5.230380
vt -38.842300 3.275760
vt -38.925999 3.275760
vt -41.210201 5.230380
vt -41.293800 5.230380
vt -41.210201 3.275760
vt -41.293800 3.275760
vt -40.391701 4.686130
vt -40.391701 4.661130
vt -39.778000 4.686130
vt -39.778000 4.661130
vt -40.391701 4.205510
vt -40.391701 4.180510
vt -39.778000 4.205510
vt -39.778000 4.180510
vt -39.777500 4.681880
vt -39.802502 4.681880
vt -39.777500 4.184880
vt -39.802502 4.184880
vt -40.366600 4.681880
vt -40.391602 4.681880
vt -40.366600 4.184880
vt -40.391602 4.184880
vt -38.904598 4.260630
vt -38.904598 4.228380
vt -38.850399 4.260630
vt -38.850399 4.228380
vt -41.293701 4.598760
vt -41.293701 4.566510
vt -41.239498 4.598760
vt -41.239498 4.566510
vt -41.293701 4.866630
vt -41.293701 4.834380
vt -41.239498 4.866630
vt -41.239498 4.834380
vt -41.293701 5.123380
vt -41.293701 5.091130
vt -41.239498 5.123380
vt -41.239498 5.091130
vt -39.782799 4.598760
vt -39.782799 4.566510
vt -38.849899 4.598630
vt -38.849899 4.566510
vt -41.240101 3.978130
vt -41.240101 3.945880
vt -38.849899 3.978130
vt -38.849899 3.945880
vt -38.904598 5.122130
vt -38.904598 5.089880
vt -38.850399 5.122130
vt -38.850399 5.089880
vt -38.904598 4.866630
vt -38.904598 4.834380
vt -38.850399 4.866630
vt -38.850399 4.834380
vt -38.904598 3.978130
vt -38.904598 3.945880
vt -38.850399 3.978130
vt -38.850399 3.945880
vt -38.891701 3.690630
vt -38.891701 3.658380
vt -38.837502 3.690630
vt -38.837502 3.658380
vt -39.785301 4.260760
vt -39.785301 4.228510
vt -38.849899 4.260630
vt -38.849899 4.228380
vt -41.227200 3.690630
vt -41.227200 3.658380
vt -38.837002 3.690630
vt -38.837002 3.658380
vt -41.293701 4.260760
vt -41.293701 4.228510
vt -41.239498 4.260630
vt -41.239498 4.228510
vt -41.254601 4.260760
vt -41.254601 4.228510
vt -40.384998 4.260760
vt -40.384998 4.228510
vt -41.240101 4.598760
vt -41.240101 4.566510
vt -40.370098 4.598760
vt -40.370098 4.566510
vt -41.293701 3.978130
vt -41.293701 3.945880
vt -41.239498 3.978130
vt -41.239498 3.945880
vt -41.240101 5.122130
vt -41.240101 5.089880
vt -38.849899 5.122130
vt -38.849899 5.089880
vt -41.240101 4.866760
vt -41.240101 4.834510
vt -38.849899 4.866630
vt -38.849899 4.834380
vt -41.280800 3.690510
vt -41.280800 3.658380
vt -41.226601 3.690510
vt -41.226601 3.658380
vt -38.904598 4.598630
vt -38.904598 4.566380
vt -38.850399 4.598630
vt -38.850399 4.566380
vt -40.085800 5.139880
vt -40.085800 5.072380
vt -40.008999 5.139880
vt -40.008999 5.072380
vt -40.907200 3.675380
vt -40.907200 3.662760
vt -40.853001 3.675380
vt -40.853001 3.662760
vt -40.969700 3.675380
vt -40.969700 3.662760
vt -40.915501 3.675380
vt -40.915501 3.662760
vt -41.157200 3.675380
vt -41.157200 3.662760
vt -41.103001 3.675380
vt -41.103001 3.662760
vt -41.219700 3.675380
vt -41.219700 3.662760
vt -41.165501 3.675380
vt -41.165501 3.662760
vt -41.094700 3.675380
vt -41.094700 3.662760
vt -41.040501 3.675380
vt -41.040501 3.662760
vt -40.657200 3.675380
vt -40.657200 3.662760
vt -40.603001 3.675380
vt -40.603001 3.662760
vt -39.032200 3.675380
vt -39.032200 3.662630
vt -38.978001 3.675380
vt -38.978001 3.662630
vt -39.407200 3.675380
vt -39.407200 3.662760
vt -39.353001 3.675380
vt -39.353001 3.662760
vt -40.407200 3.675380
vt -40.407200 3.662760
vt -40.353001 3.675380
vt -40.353001 3.662760
vt -39.657200 3.675380
vt -39.657200 3.662760
vt -39.603001 3.675380
vt -39.603001 3.662760
vt -40.469700 3.675380
vt -40.469700 3.662760
vt -40.415501 3.675380
vt -40.415501 3.662760
vt -39.719700 3.675380
vt -39.719700 3.662760
vt -39.665501 3.675380
vt -39.665501 3.662760
vt -39.907200 3.675380
vt -39.907200 3.662760
vt -39.853001 3.675380
vt -39.853001 3.662760
vt -39.219700 3.675380
vt -39.219700 3.662630
vt -39.165501 3.675380
vt -39.165501 3.662630
vt -40.844700 3.675380
vt -40.844700 3.662760
vt -40.790501 3.675380
vt -40.790501 3.662760
vt -40.032200 3.675380
vt -40.032200 3.662760
vt -39.978001 3.675380
vt -39.978001 3.662760
vt -40.094700 3.675380
vt -40.094700 3.662760
vt -40.040501 3.675380
vt -40.040501 3.662760
vt -40.157200 3.675380
vt -40.157200 3.662760
vt -40.103001 3.675380
vt -40.103001 3.662760
vt -40.344700 3.675380
vt -40.344700 3.662760
vt -40.290501 3.675380
vt -40.290501 3.662760
vt -40.782200 3.675380
vt -40.782200 3.662760
vt -40.728001 3.675380
vt -40.728001 3.662760
vt -40.282200 3.675380
vt -40.282200 3.662760
vt -40.228001 3.675380
vt -40.228001 3.662760
vt -39.157200 3.675380
vt -39.157200 3.662630
vt -39.103001 3.675380
vt -39.103001 3.662630
vt -40.594700 3.675380
vt -40.594700 3.662760
vt -40.540501 3.675380
vt -40.540501 3.662760
vt -39.969700 3.675380
vt -39.969700 3.662760
vt -39.915501 3.675380
vt -39.915501 3.662760
vt -40.719700 3.675380
vt -40.719700 3.662760
vt -40.665501 3.675380
vt -40.665501 3.662760
vt -38.969700 3.675380
vt -38.969700 3.662630
vt -38.915501 3.675380
vt -38.915501 3.662630
vt -39.532200 3.675380
vt -39.532200 3.662760
vt -39.478001 3.675380
vt -39.478001 3.662760
vt -39.844700 3.675380
vt -39.844700 3.662760
vt -39.790501 3.675380
vt -39.790501 3.662760
vt -39.094700 3.675380
vt -39.094700 3.662630
vt -39.040501 3.675380
vt -39.040501 3.662630
vt -40.532200 3.675380
vt -40.532200 3.662760
vt -40.478001 3.675380
vt -40.478001 3.662760
vt -39.469700 3.675380
vt -39.469700 3.662760
vt -39.415501 3.675380
vt -39.415501 3.662760
vt -39.344700 3.675380
vt -39.344700 3.662760
vt -39.290501 3.675380
vt -39.290501 3.662760
vt -39.594700 3.675380
vt -39.594700 3.662760
vt -39.540501 3.675380
vt -39.540501 3.662760
vt -40.219700 3.675380
vt -40.219700 3.662760
vt -40.165501 3.675380
vt -40.165501 3.662760
vt -39.282200 3.675380
vt -39.282200 3.662630
vt -39.228001 3.675380
vt -39.228001 3.662630
vt -39.782200 3.675380
vt -39.782200 3.662760
vt -39.728001 3.675380
vt -39.728001 3.662760
vt -38.907200 3.675380
vt -38.907200 3.662630
vt -38.853001 3.675380
vt -38.853001 3.662630
vt -41.032200 3.675380
vt -41.032200 3.662760
vt -40.978001 3.675380
vt -40.978001 3.662760
vt -41.227200 3.671130
vt -38.837002 3.671010
vt -41.293598 4.639260
vt -41.293598 4.607010
vt -41.239399 4.639260
vt -41.239399 4.607010
vt -41.239399 4.629380
vt -41.293598 4.629380
vt -41.239399 3.666880
vt -41.293598 3.666880
vt -41.293598 3.699380
vt -41.293598 3.667130
vt -41.239399 3.699380
vt -41.239399 3.667130
vt -41.719299 3.275880
vt -41.258499 3.736630
vt -41.763699 3.320260
vt -41.302898 3.781010
vt -41.311298 3.665880
vt -41.406502 3.665880
vt -41.311298 3.642130
vt -41.406502 3.642130
vt -41.501701 3.475380
vt -41.596901 3.475380
vt -41.501701 3.451630
vt -41.596901 3.451630
vt -41.596901 3.380260
vt -41.692200 3.380260
vt -41.596901 3.356380
vt -41.692200 3.356380
vt -41.406601 3.570630
vt -41.501801 3.570630
vt -41.406601 3.546880
vt -41.501801 3.546880
vt -38.903400 4.210010
vt -38.903400 4.185010
vt -38.848598 4.210010
vt -38.848598 4.185010
vt -38.903400 4.690630
vt -38.903400 4.665630
vt -38.848598 4.690630
vt -38.848598 4.665630
vt -38.848598 4.686380
vt -38.903400 4.686380
vt -38.848598 4.189510
vt -38.903400 4.189510
vt -41.239498 4.260760
vt -38.904598 4.228510
vt -38.850399 4.228510
vt -38.904598 4.566510
vt -38.850399 4.566510
vt -38.025299 4.052010
vt -38.096401 4.052010
vt -38.025299 3.275760
vt -38.096401 3.275760
vt -38.420502 4.952010
vt -38.491699 4.952010
vt -38.420502 3.677760
vt -38.491699 3.677760
vt -38.866402 4.035630
vt -38.866402 4.003510
vt -38.047100 4.035630
vt -38.047100 4.003510
vt -38.866402 4.795760
vt -38.866402 4.763510
vt -38.459599 4.795760
vt -38.459599 4.763510
vt -38.053398 3.683260
vt -38.053398 3.651010
vt -38.012402 3.683260
vt -38.012402 3.651010
vt -38.095501 4.035630
vt -38.095501 4.003510
vt -38.025299 4.035630
vt -38.025299 4.003510
vt -38.627899 3.681130
vt -38.627899 3.663510
vt -38.573700 3.681130
vt -38.573700 3.663510
vt -38.565399 3.681130
vt -38.565399 3.663510
vt -38.511200 3.681130
vt -38.511200 3.663510
vt -38.502899 3.681130
vt -38.502899 3.663510
vt -38.448700 3.681130
vt -38.448700 3.663510
vt -38.440399 3.681130
vt -38.440399 3.663510
vt -38.386200 3.681130
vt -38.386200 3.663510
vt -38.377899 3.681130
vt -38.377899 3.663510
vt -38.323700 3.681130
vt -38.323700 3.663510
vt -38.315399 3.681130
vt -38.315399 3.663510
vt -38.261200 3.681130
vt -38.261200 3.663510
vt -38.190399 3.681130
vt -38.190399 3.663510
vt -38.136200 3.681130
vt -38.136200 3.663510
vt -38.127899 3.681130
vt -38.127899 3.663510
vt -38.073700 3.681130
vt -38.073700 3.663510
vt -38.252899 3.681130
vt -38.252899 3.663510
vt -38.198700 3.681130
vt -38.198700 3.663510
vt -38.815399 3.681130
vt -38.815399 3.663510
vt -38.761200 3.681130
vt -38.761200 3.663510
vt -38.752899 3.681130
vt -38.752899 3.663510
vt -38.698700 3.681130
vt -38.698700 3.663510
vt -38.690399 3.681130
vt -38.690399 3.663510
vt -38.636200 3.681130
vt -38.636200 3.663510
vt -38.877899 3.681130
vt -38.877899 3.663510
vt -38.823700 3.681130
vt -38.823700 3.663510
vt -38.181599 3.662760
vt -38.139599 3.662760
vt -38.181599 4.008880
vt -38.139599 4.008880
vt -38.331600 3.662760
vt -38.289600 3.662760
vt -38.331600 4.008880
vt -38.289600 4.008880
vt -38.256599 3.662760
vt -38.214600 3.662760
vt -38.256599 4.008880
vt -38.214600 4.008880
vt -38.481602 3.662760
vt -38.439602 3.662760
vt -38.481602 4.008880
vt -38.439602 4.008880
vt -38.781601 3.662760
vt -38.739601 3.662760
vt -38.781601 4.008880
vt -38.739601 4.008880
vt -38.706600 3.662760
vt -38.664600 3.662760
vt -38.706600 4.008880
vt -38.664600 4.008880
vt -38.631599 3.662760
vt -38.589600 3.662760
vt -38.631599 4.008880
vt -38.589600 4.008880
vt -38.556599 3.662760
vt -38.514599 3.662760
vt -38.556599 4.008880
vt -38.514599 4.008880
vt -38.406601 3.662760
vt -38.364601 3.662760
vt -38.406601 4.008880
vt -38.364601 4.008880
vt -38.064201 3.662760
vt -38.032001 3.662760
vt -38.064201 4.008880
vt -38.032001 4.008880
vt -38.049500 3.671010
vt -38.049500 3.658380
vt -38.024502 3.671010
vt -38.024502 3.658380
vt -41.296299 4.211380
vt -41.296299 4.186380
vt -41.241501 4.211380
vt -41.241501 4.186380
vt -41.241501 4.687760
vt -41.296299 4.687760
vt -41.241501 4.190880
vt -41.296299 4.190880
vt -41.296299 4.692130
vt -41.296299 4.667130
vt -41.241501 4.692130
vt -41.241501 4.667130
vt -38.903198 3.699380
vt -38.903198 3.667130
vt -38.848999 3.699380
vt -38.848999 3.667130
vt -38.848999 4.629380
vt -38.903198 4.629380
vt -38.848999 3.666880
vt -38.903198 3.666880
vt -38.903198 4.639260
vt -38.903198 4.607010
vt -38.848999 4.639260
vt -38.848999 4.607010
vt -41.227200 3.671380
vt -41.227200 3.658130
vt -38.049500 3.671260
vt -38.049500 3.658130
vt -38.904598 4.260760
vt -38.850399 4.260760
vt -38.904598 4.598760
vt -38.850399 4.598760
vt -41.227200 3.672130
vt -41.227200 3.657380
vt -38.049500 3.672130
vt -38.049500 3.657260
vt -38.074501 3.671010
vt -38.074501 3.658380
vt -38.025299 4.063260
vt -38.096401 4.063260
vt -38.420502 4.963260
vt -38.491699 4.963260
vt -38.420502 3.666630
vt -38.491699 3.666630
vt -38.297901 4.890880
vt -38.342499 4.814130
vt -40.385899 4.686880
vt -40.385899 4.661880
vt -39.772202 4.686880
vt -39.772202 4.661880
vt -39.771702 4.682630
vt -39.796700 4.682630
vt -39.771702 4.185630
vt -39.796700 4.185630
vt -40.385899 4.206260
vt -40.385899 4.181260
vt -39.772202 4.206260
vt -39.772202 4.181260
vt -40.360802 4.682630
vt -40.385799 4.682630
vt -40.360802 4.185630
vt -40.385799 4.185630
vt -38.925900 5.230380
vt -38.837002 3.690510
vt -39.779400 4.598760
vt -39.779400 4.566510
vt -38.849899 4.598760
vt -39.777599 4.260760
vt -39.777599 4.228510
vt -38.914398 4.260630
vt -38.914398 4.228510
vt -41.240101 4.866630
vt -41.240101 4.834380
vt -41.240101 4.260760
vt -41.240101 4.228510
vt -40.376999 4.260760
vt -40.376999 4.228510
vt -40.370602 4.598760
vt -40.370602 4.566510
vt -41.098400 2.730470
vt -41.098400 2.774850
vt -41.146000 2.730470
vt -41.146000 2.774850
vt -40.580601 2.730480
vt -40.580601 2.774850
vt -40.628300 2.730480
vt -40.628300 2.774850
vt -39.977699 6.397750
vt -39.902699 6.397750
vt -39.977699 6.468900
vt -39.902699 6.468900
vt -38.430901 6.397750
vt -38.355900 6.397750
vt -38.430901 6.468900
vt -38.355900 6.468900
vt -38.181301 3.284040
vt -38.256199 3.284040
vt -38.181301 3.200390
vt -38.256199 3.200390
vt -38.181301 5.651890
vt -38.256199 5.651890
vt -38.181301 5.568240
vt -38.256199 5.568240
vt -41.552200 5.651890
vt -41.627300 5.651890
vt -41.552200 5.568240
vt -41.627300 5.568240
vt -41.552200 3.284030
vt -41.627300 3.284030
vt -41.552200 3.200390
vt -41.627300 3.200390
vt -41.111000 2.802040
vt -40.605099 2.802040
vt -41.111000 2.897270
vt -40.605099 2.897270
vt -41.111000 2.897260
vt -40.617599 2.897270
vt -41.111000 2.992490
vt -40.617599 2.992490
vt -41.108898 2.992380
vt -40.615501 2.992380
vt -41.108898 3.087610
vt -40.615501 3.087610
vt -41.111000 3.087710
vt -40.617599 3.087710
vt -41.111000 3.182940
vt -40.617599 3.182940
vt -38.364700 6.440770
vt -38.364700 6.481790
vt -39.977001 6.440770
vt -39.977001 6.481790
vt -39.424000 3.266950
vt -39.369900 3.266950
vt -39.424000 6.444730
vt -39.369900 6.444730
vt -39.237598 3.266950
vt -39.181301 3.266950
vt -39.237598 6.444730
vt -39.181301 6.444730
vt -39.049000 3.266950
vt -38.994900 3.266950
vt -39.049000 6.444730
vt -38.994900 6.444730
vt -39.648998 3.266950
vt -39.594898 3.266950
vt -39.648998 6.469730
vt -39.594898 6.469730
vt -40.849098 3.266950
vt -40.794899 3.266950
vt -40.849098 5.657230
vt -40.794899 5.657230
vt -38.449001 3.266950
vt -38.369900 3.266950
vt -38.449001 6.419730
vt -38.369900 6.419730
vt -40.436600 3.266950
vt -40.382401 3.266950
vt -40.436600 5.657230
vt -40.382401 5.657230
vt -38.640999 3.266950
vt -38.577900 3.266950
vt -38.640999 6.444730
vt -38.577900 6.444730
vt -38.861500 3.266950
vt -38.807400 3.266950
vt -38.861500 6.444730
vt -38.807400 6.444730
vt -38.252399 3.266950
vt -38.198101 3.266950
vt -38.252399 5.657230
vt -38.198101 5.657230
vt -40.624100 3.266950
vt -40.569901 3.266950
vt -40.624100 5.657230
vt -40.569901 5.657230
vt -40.211601 3.266950
vt -40.157398 3.266950
vt -40.211601 5.657230
vt -40.157398 5.657230
vt -38.197498 5.602470
vt -38.197498 5.656690
vt -41.612499 5.602470
vt -41.612499 5.656690
vt -41.611599 3.266950
vt -41.557400 3.266950
vt -41.611599 5.657230
vt -41.557400 5.657230
vt -40.023998 3.266950
vt -39.969898 3.266950
vt -40.023998 5.657230
vt -39.969898 5.657230
vt -41.036598 3.266950
vt -40.982399 3.266950
vt -41.036598 5.657230
vt -40.982399 5.657230
vt -39.836498 3.266950
vt -39.782398 3.266950
vt -39.836498 6.444730
vt -39.782398 6.444730
vt -41.449100 3.266950
vt -41.394901 3.266950
vt -41.449100 5.657230
vt -41.394901 5.657230
vt -41.261600 3.266950
vt -41.207401 3.266950
vt -41.261600 5.657230
vt -41.207401 5.657230
vt -38.197498 3.213380
vt -38.197498 3.267600
vt -41.612499 3.213380
vt -41.612499 3.267600
vt -39.924801 6.354640
vt -39.957001 6.354640
vt -39.924801 6.312590
vt -39.957001 6.312590
vt -41.563099 3.641220
vt -41.563099 3.587000
vt -38.246498 3.641220
vt -38.246498 3.587000
vt -41.563099 3.578720
vt -41.563099 3.524500
vt -38.246498 3.578720
vt -38.246498 3.524500
vt -41.563099 3.391220
vt -41.563099 3.337000
vt -38.246498 3.391220
vt -38.246498 3.337000
vt -41.563099 3.328720
vt -41.563099 3.274500
vt -38.246498 3.328720
vt -38.246498 3.274500
vt -41.563099 3.453720
vt -41.563099 3.399500
vt -38.246498 3.453720
vt -38.246498 3.399500
vt -38.405602 5.866300
vt -38.405602 5.920530
vt -39.966400 5.866300
vt -39.966400 5.920530
vt -38.405602 5.928800
vt -38.405602 5.983020
vt -39.966400 5.928800
vt -39.966400 5.983020
vt -38.405602 5.991300
vt -38.405602 6.045530
vt -39.966400 5.991300
vt -39.966400 6.045530
vt -38.405602 6.053800
vt -38.405602 6.108030
vt -39.966400 6.053800
vt -39.966400 6.108030
vt -38.405602 6.116300
vt -38.405602 6.170530
vt -39.966400 6.116300
vt -39.966400 6.170530
vt -38.405602 6.178800
vt -38.405602 6.233030
vt -39.966400 6.178800
vt -39.966400 6.233030
vt -38.405602 6.303800
vt -38.405602 6.358030
vt -39.966400 6.303800
vt -39.966400 6.358030
vt -38.405602 6.366300
vt -38.405602 6.420530
vt -39.966400 6.366300
vt -39.966400 6.420530
vt -38.405602 6.241300
vt -38.405602 6.295530
vt -39.966400 6.241300
vt -39.966400 6.295530
vt -38.405602 5.678790
vt -38.405602 5.733020
vt -39.966400 5.678790
vt -39.966400 5.733020
vt -38.405602 5.741290
vt -38.405602 5.795520
vt -39.966400 5.741290
vt -39.966400 5.795520
vt -38.405602 5.803800
vt -38.405602 5.858020
vt -39.966400 5.803800
vt -39.966400 5.858020
vt -38.405602 5.616290
vt -38.405602 5.670520
vt -39.966400 5.616290
vt -39.966400 5.670520
vt -38.799400 6.462240
vt -38.799400 6.430000
vt -38.757401 6.462240
vt -38.757401 6.430000
vt -38.724400 6.462240
vt -38.724400 6.430000
vt -38.682400 6.462240
vt -38.682400 6.430000
vt -38.649399 6.462240
vt -38.649399 6.430000
vt -38.607399 6.462240
vt -38.607399 6.430000
vt -38.574402 6.462240
vt -38.574402 6.430000
vt -38.532398 6.462240
vt -38.532398 6.430000
vt -38.499401 6.462240
vt -38.499401 6.430000
vt -38.457401 6.462240
vt -38.457401 6.430000
vt -38.374699 6.054630
vt -38.407001 6.054630
vt -38.374699 6.012590
vt -38.407001 6.012590
vt -38.374699 5.829630
vt -38.407001 5.829630
vt -38.374699 5.787580
vt -38.407001 5.787580
vt -38.374699 5.904630
vt -38.407001 5.904630
vt -38.374699 5.862580
vt -38.407001 5.862580
vt -38.374699 5.979630
vt -38.407001 5.979630
vt -38.374699 5.937590
vt -38.407001 5.937590
vt -38.374699 6.129640
vt -38.407001 6.129640
vt -38.374699 6.087590
vt -38.407001 6.087590
vt -38.374699 6.204640
vt -38.407001 6.204640
vt -38.374699 6.162590
vt -38.407001 6.162590
vt -38.374699 6.279640
vt -38.407001 6.279640
vt -38.374699 6.237590
vt -38.407001 6.237590
vt -38.374699 6.354640
vt -38.407001 6.354640
vt -38.374699 6.312590
vt -38.407001 6.312590
vt -38.374699 5.754630
vt -38.407001 5.754630
vt -38.374699 5.712580
vt -38.407001 5.712580
vt -39.924801 6.204640
vt -39.957001 6.204640
vt -39.924801 6.162590
vt -39.957001 6.162590
vt -39.924801 6.279640
vt -39.957001 6.279640
vt -39.924801 6.237590
vt -39.957001 6.237590
vt -39.849499 6.462240
vt -39.849499 6.430000
vt -39.807400 6.462240
vt -39.807400 6.430000
vt -39.774502 6.462230
vt -39.774502 6.430000
vt -39.732399 6.462230
vt -39.732399 6.430000
vt -39.699501 6.462230
vt -39.699501 6.430000
vt -39.657398 6.462230
vt -39.657398 6.430000
vt -39.624401 6.462230
vt -39.624401 6.430000
vt -39.582401 6.462230
vt -39.582401 6.430000
vt -41.563099 3.891220
vt -41.563099 3.837000
vt -38.246498 3.891220
vt -38.246498 3.837000
vt -41.563099 5.516230
vt -41.563099 5.462000
vt -38.246498 5.516230
vt -38.246498 5.462000
vt -41.563099 5.141230
vt -41.563099 5.087000
vt -38.246498 5.141230
vt -38.246498 5.087000
vt -41.563099 4.141230
vt -41.563099 4.087000
vt -38.246498 4.141230
vt -38.246498 4.087000
vt -41.563099 4.891230
vt -41.563099 4.837000
vt -38.246498 4.891230
vt -38.246498 4.837000
vt -41.563099 4.078720
vt -41.563099 4.024500
vt -38.246498 4.078720
vt -38.246498 4.024500
vt -41.563099 4.828730
vt -41.563099 4.774500
vt -38.246498 4.828730
vt -38.246498 4.774500
vt -41.563099 4.641230
vt -41.563099 4.587000
vt -38.246498 4.641230
vt -38.246498 4.587000
vt -41.563099 5.328730
vt -41.563099 5.274500
vt -38.246498 5.328730
vt -38.246498 5.274500
vt -41.563099 3.703720
vt -41.563099 3.649500
vt -38.246498 3.703720
vt -38.246498 3.649500
vt -41.563099 4.516230
vt -41.563099 4.462000
vt -38.246498 4.516230
vt -38.246498 4.462000
vt -41.563099 4.453730
vt -41.563099 4.399500
vt -38.246498 4.453730
vt -38.246498 4.399500
vt -41.563099 4.391230
vt -41.563099 4.337000
vt -38.246498 4.391230
vt -38.246498 4.337000
vt -41.563099 4.203730
vt -41.563099 4.149500
vt -38.246498 4.203730
vt -38.246498 4.149500
vt -41.563099 3.766220
vt -41.563099 3.712000
vt -38.246498 3.766220
vt -38.246498 3.712000
vt -41.563099 4.266230
vt -41.563099 4.212000
vt -38.246498 4.266230
vt -38.246498 4.212000
vt -41.563099 5.391230
vt -41.563099 5.337000
vt -38.246498 5.391230
vt -38.246498 5.337000
vt -41.563099 3.953720
vt -41.563099 3.899500
vt -38.246498 3.953720
vt -38.246498 3.899500
vt -41.563099 4.578730
vt -41.563099 4.524500
vt -38.246498 4.578730
vt -38.246498 4.524500
vt -41.563099 3.828720
vt -41.563099 3.774500
vt -38.246498 3.828720
vt -38.246498 3.774500
vt -41.563099 5.578730
vt -41.563099 5.524500
vt -38.246498 5.578730
vt -38.246498 5.524500
vt -41.563099 5.016230
vt -41.563099 4.962000
vt -38.246498 5.016230
vt -38.246498 4.962000
vt -41.563099 4.703730
vt -41.563099 4.649500
vt -38.246498 4.703730
vt -38.246498 4.649500
vt -41.563099 5.453730
vt -41.563099 5.399500
vt -38.246498 5.453730
vt -38.246498 5.399500
vt -41.563099 4.016220
vt -41.563099 3.962000
vt -38.246498 4.016220
vt -38.246498 3.962000
vt -41.563099 5.078730
vt -41.563099 5.024500
vt -38.246498 5.078730
vt -38.246498 5.024500
vt -41.563099 5.203730
vt -41.563099 5.149500
vt -38.246498 5.203730
vt -38.246498 5.149500
vt -41.563099 4.953730
vt -41.563099 4.899500
vt -38.246498 4.953730
vt -38.246498 4.899500
vt -41.563099 4.328730
vt -41.563099 4.274500
vt -38.246498 4.328730
vt -38.246498 4.274500
vt -41.563099 5.266230
vt -41.563099 5.212000
vt -38.246498 5.266230
vt -38.246498 5.212000
vt -41.563099 4.766230
vt -41.563099 4.712000
vt -38.246498 4.766230
vt -38.246498 4.712000
vt -39.924801 6.054640
vt -39.957001 6.054640
vt -39.924801 6.012590
vt -39.957001 6.012590
vt -39.924801 5.754630
vt -39.957001 5.754630
vt -39.924801 5.712580
vt -39.957001 5.712580
vt -39.924801 5.829630
vt -39.957001 5.829630
vt -39.924801 5.787580
vt -39.957001 5.787580
vt -39.924801 5.904630
vt -39.957001 5.904630
vt -39.924801 5.862590
vt -39.957001 5.862590
vt -39.924801 5.979630
vt -39.957001 5.979630
vt -39.924801 5.937590
vt -39.957001 5.937590
vt -39.924801 6.129640
vt -39.957001 6.129640
vt -39.924801 6.087590
vt -39.957001 6.087590
vt -41.563099 5.641230
vt -41.563099 5.587000
vt -38.246498 5.641230
vt -38.246498 5.587020
vt -39.549400 6.462230
vt -39.549400 6.430000
vt -39.507401 6.462230
vt -39.507401 6.430000
vt -39.474400 6.462230
vt -39.474400 6.430000
vt -39.432400 6.462230
vt -39.432400 6.430000
vt -39.399399 6.462230
vt -39.399399 6.429990
vt -39.357399 6.462230
vt -39.357399 6.429990
vt -39.324402 6.462230
vt -39.324402 6.429990
vt -39.282398 6.462230
vt -39.282398 6.429990
vt -39.249401 6.462230
vt -39.249401 6.429990
vt -39.207401 6.462230
vt -39.207401 6.429990
vt -39.174400 6.462230
vt -39.174400 6.429990
vt -39.132401 6.462230
vt -39.132401 6.429990
vt -39.099400 6.462230
vt -39.099400 6.429990
vt -39.057400 6.462230
vt -39.057400 6.429990
vt -39.024399 6.462230
vt -39.024399 6.429990
vt -38.982399 6.462230
vt -38.982399 6.429990
vt -38.949402 6.462230
vt -38.949402 6.429990
vt -38.907398 6.462230
vt -38.907398 6.429990
vt -38.874401 6.462240
vt -38.874401 6.430000
vt -38.832401 6.462240
vt -38.832401 6.430000
vt -41.563099 3.516220
vt -41.563099 3.462000
vt -38.246498 3.516220
vt -38.246498 3.462000
vt -38.430901 6.002520
vt -38.355900 6.002520
vt -38.430901 6.073670
vt -38.355900 6.073670
vt -39.464500 5.645230
vt -39.464500 5.591000
vt -38.844101 5.645230
vt -38.844101 5.591000
vt -41.141602 3.254830
vt -41.173901 3.254830
vt -41.141602 3.200610
vt -41.173901 3.200610
vt -40.554100 3.254830
vt -40.586399 3.254830
vt -40.554100 3.200610
vt -40.586399 3.200610
vt -41.174599 3.254830
vt -41.174599 3.200610
vt -40.554401 3.254830
vt -40.554401 3.200610
vt -38.844002 5.645230
vt -38.876301 5.645230
vt -38.844002 5.591000
vt -38.876301 5.591000
vt -39.431499 5.645230
vt -39.463699 5.645230
vt -39.431499 5.591000
vt -39.463699 5.591000
vt -39.977699 6.002520
vt -39.902699 6.002520
vt -39.977699 6.073670
vt -39.902699 6.073670
vt -38.232601 3.200490
vt -38.232601 3.254710
vt -40.570900 3.200490
vt -40.570900 3.254710
vt -38.197498 5.589570
vt -38.197498 5.643790
vt -38.862499 5.589570
vt -38.862499 5.643790
vt -38.252399 3.254070
vt -38.198101 3.254070
vt -38.252399 5.644330
vt -38.198101 5.644330
vt -41.611500 3.254070
vt -41.557400 3.254070
vt -41.611500 5.644330
vt -41.557400 5.644330
vt -39.449402 5.589570
vt -39.449402 5.643790
vt -41.612499 5.589570
vt -41.612499 5.643790
vt -41.166901 3.200490
vt -41.166901 3.254710
vt -41.612499 3.200490
vt -41.612499 3.254710
vt -38.427700 5.627790
vt -38.356098 5.627790
vt -38.427700 6.447090
vt -38.356098 6.447090
vt -39.977699 5.627800
vt -39.906101 5.627800
vt -39.977699 6.447090
vt -39.906101 6.447090
vt -38.355999 6.398650
vt -38.355999 6.468850
vt -39.969501 6.398650
vt -39.969501 6.468850
vt -41.612900 4.102460
vt -41.558102 4.102460
vt -41.612900 4.716220
vt -41.558102 4.716220
vt -41.612900 4.716670
vt -41.612900 4.691670
vt -41.558102 4.716670
vt -41.558102 4.691670
vt -41.612900 4.127610
vt -41.612900 4.102620
vt -41.558102 4.127610
vt -41.558102 4.102620
vt -39.603100 3.252690
vt -39.603100 3.197920
vt -38.989399 3.252690
vt -38.989399 3.197920
vt -40.855801 5.645590
vt -40.855801 5.590820
vt -40.242001 5.645590
vt -40.242001 5.590820
vt -40.534000 5.645590
vt -40.558998 5.645590
vt -40.534000 5.590820
vt -40.558998 5.590820
vt -38.988899 3.252690
vt -39.013901 3.252690
vt -38.988899 3.197920
vt -39.013901 3.197920
vt -39.577999 3.252690
vt -39.603001 3.252690
vt -39.577999 3.197920
vt -39.603001 3.197920
vt -40.241501 5.645590
vt -40.266499 5.645590
vt -40.241501 5.590820
vt -40.266499 5.590820
vt -40.830601 5.645590
vt -40.855598 5.645590
vt -40.830601 5.590820
vt -40.855598 5.590820
vt -38.254101 4.108270
vt -38.199200 4.108270
vt -38.254101 4.722030
vt -38.199200 4.722030
vt -38.254002 4.722480
vt -38.254002 4.697480
vt -38.199200 4.722480
vt -38.199200 4.697480
vt -38.254002 4.133430
vt -38.254002 4.108430
vt -38.199200 4.133430
vt -38.199200 4.108430
vt -40.840900 5.589580
vt -40.840900 5.643790
vt -41.612499 5.589580
vt -38.197498 5.589580
vt -38.862499 5.589580
vt -38.197498 3.200490
vt -38.197498 3.254710
vt -38.996201 3.200490
vt -38.996201 3.254710
vt -38.252399 4.716640
vt -38.198101 4.716640
vt -38.252399 5.579780
vt -38.198101 5.579780
vt -38.252399 3.254080
vt -38.198101 3.254080
vt -38.252399 4.117220
vt -38.198101 4.117220
vt -39.444500 5.589580
vt -39.444500 5.643790
vt -40.251099 5.589580
vt -40.251099 5.643790
vt -41.611599 4.708920
vt -41.557400 4.708920
vt -41.611599 5.644330
vt -41.162201 3.200490
vt -41.162201 3.254710
vt -41.611599 3.239630
vt -41.557400 3.239630
vt -41.611599 4.109220
vt -41.557400 4.109220
vt -39.588699 3.200490
vt -39.588699 3.254710
vt -40.567600 3.200490
vt -40.567600 3.254710
vt -41.157902 3.200500
vt -41.157902 3.254720
vt -41.612499 3.200500
vt -41.612499 3.254720
vt -39.601101 3.200500
vt -39.601101 3.254720
vt -40.560101 3.200500
vt -40.560101 3.254720
vt -38.197601 5.589580
vt -38.197601 5.643800
vt -38.856602 5.589580
vt -38.856602 5.643800
vt -38.229801 3.200500
vt -38.229801 3.254720
vt -38.993198 3.200500
vt -38.993198 3.254720
vt -38.252399 4.714830
vt -38.198101 4.714830
vt -38.252399 4.123570
vt -38.198101 4.123570
vt -41.611599 4.711370
vt -41.557400 4.711370
vt -40.842499 5.589580
vt -40.842499 5.643800
vt -41.608700 5.589580
vt -41.608700 5.643800
vt -39.452099 5.589580
vt -39.452099 5.643800
vt -40.250000 5.589580
vt -40.250000 5.643800
vt -41.611599 3.254110
vt -41.557400 3.254110
vt -41.611599 4.124100
vt -41.557400 4.124100
vt -41.174599 3.254840
vt -40.554401 3.254840
vt -41.606400 4.102470
vt -41.551601 4.102470
vt -41.606400 4.716220
vt -41.551601 4.716220
vt -40.855801 5.590830
vt -40.242001 5.590830
vt -39.603100 3.252700
vt -39.603100 3.197930
vt -38.989399 3.252700
vt -38.989399 3.197930
vt -38.247501 4.108280
vt -38.192699 4.108280
vt -38.247501 4.722030
vt -38.192699 4.722030
vt -39.976002 5.627800
vt -39.909000 5.627800
vt -39.976002 6.034590
vt -39.909000 6.034590
vt -38.427700 5.627800
vt -38.356098 5.627800
vt -38.427700 6.034590
vt -38.356098 6.034590
vt -38.197601 3.200480
vt -38.197601 3.254700
vt -41.612499 3.200480
vt -41.612499 3.254700
vt -38.252399 5.644320
vt -38.198101 5.644320
vt -38.197601 5.589570
vt -38.197601 5.643790
vt -41.611599 3.254070
vt -41.611599 5.644320
vt -41.557400 5.644320
vt -41.098400 3.235670
vt -41.146000 3.235670
vt -40.580601 3.235670
vt -40.628300 3.235670
vt -41.574200 4.485170
vt -41.574200 4.408350
vt -38.237099 4.485170
vt -38.237099 4.408350
vt -41.685200 6.153610
vt -41.685200 4.356440
vt -41.514301 6.153610
vt -41.514301 4.356440
vt -38.260601 6.151650
vt -38.260601 4.356440
vt -38.089500 6.151650
vt -38.089500 4.356440
vt -41.675598 6.091570
vt -38.093102 6.091570
vt -41.675598 6.155570
vt -38.093102 6.155570
vt -38.262100 4.440830
vt -38.262100 2.814290
vt -38.089199 4.440830
vt -38.089199 2.814290
vt -41.686901 4.440830
vt -41.686901 2.814290
vt -41.514000 4.440830
vt -41.514000 2.814290
vt -38.108002 2.877460
vt -41.672001 2.877460
vt -38.108002 2.814940
vt -41.672001 2.814940
vt -38.665100 3.380260
vt -39.171001 3.380260
vt -38.665100 3.356380
vt -39.171001 3.356380
vt -38.665100 3.475380
vt -39.158501 3.475380
vt -38.665100 3.451630
vt -39.158501 3.451630
vt -38.667301 3.570630
vt -39.160599 3.570630
vt -38.667301 3.546880
vt -39.160599 3.546880
vt -38.665100 3.665880
vt -39.158501 3.665880
vt -38.665100 3.642130
vt -39.158501 3.642130
vt -40.173000 4.186380
vt -40.173000 4.211380
vt -40.786800 4.186380
vt -40.786800 4.211380
vt -40.762199 4.687760
vt -40.787201 4.687760
vt -40.762199 4.190880
vt -40.787201 4.190880
vt -40.173100 4.687760
vt -40.198101 4.687760
vt -40.173100 4.190880
vt -40.198101 4.190880
vt -40.173000 4.667130
vt -40.173000 4.692130
vt -40.786800 4.667130
vt -40.786800 4.692130
vt -41.543499 3.978130
vt -41.543499 3.945880
vt -39.205200 3.978130
vt -39.205200 3.945880
vt -38.618198 4.598760
vt -38.618198 4.566510
vt -38.163601 4.598760
vt -38.163601 4.566510
vt -38.601501 4.607010
vt -38.601501 4.639260
vt -39.221699 4.607010
vt -39.221699 4.639260
vt -40.174999 4.598760
vt -40.174999 4.566510
vt -39.216000 4.598760
vt -39.216000 4.566510
vt -41.546398 4.598760
vt -41.546398 4.566510
vt -40.782902 4.598760
vt -40.782902 4.566510
vt -41.578602 4.260760
vt -41.578602 4.228510
vt -40.779900 4.260760
vt -40.779900 4.228510
vt -41.519901 5.230380
vt -41.594898 5.230380
vt -41.519901 3.275760
vt -41.594898 3.275760
vt -41.578499 4.866630
vt -41.578499 4.834380
vt -38.163601 4.866630
vt -38.163601 4.834380
vt -41.578499 5.123380
vt -41.578499 5.091130
vt -38.163601 5.123380
vt -38.163601 5.091130
vt -38.613899 4.260760
vt -38.613899 4.228510
vt -38.163601 4.260760
vt -38.163601 4.228510
vt -38.602200 4.629380
vt -38.634399 4.629380
vt -38.602200 3.666880
vt -38.634499 3.666880
vt -38.609200 3.978130
vt -38.609200 3.945880
vt -38.163601 3.978130
vt -38.163601 3.945880
vt -38.148899 5.230380
vt -38.223701 5.230380
vt -38.148899 3.275760
vt -38.223900 3.275760
vt -39.189800 4.629380
vt -39.221901 4.629380
vt -39.189800 3.666880
vt -39.222000 3.666880
vt -38.601501 3.667130
vt -38.601501 3.699380
vt -39.221699 3.667130
vt -39.221699 3.699380
vt -40.187401 4.260760
vt -40.187401 4.228510
vt -39.208500 4.260760
vt -39.208500 4.228510
vt -41.578602 3.690630
vt -41.578602 3.658380
vt -38.163601 3.690510
vt -38.163601 3.658380
vt -38.218800 4.260760
vt -38.218800 4.228510
vt -38.164501 4.260760
vt -38.164501 4.228510
vt -41.577999 3.978130
vt -41.577999 3.945880
vt -41.523800 3.978130
vt -41.523800 3.945880
vt -41.577999 5.122130
vt -41.577999 5.089880
vt -41.523800 5.122130
vt -41.523800 5.089880
vt -41.577999 4.866630
vt -41.577999 4.834380
vt -41.523800 4.866630
vt -41.523800 4.834380
vt -41.577999 4.260760
vt -41.577999 4.228510
vt -41.523800 4.260760
vt -41.523800 4.228510
vt -41.577999 4.598760
vt -41.577999 4.566510
vt -41.523800 4.598760
vt -41.523800 4.566510
vt -38.218800 3.978130
vt -38.218800 3.945880
vt -38.164600 3.978130
vt -38.164600 3.945880
vt -38.218800 4.598760
vt -38.218800 4.566510
vt -38.164501 4.598760
vt -38.164501 4.566510
vt -38.218800 5.122130
vt -38.218800 5.089880
vt -38.164501 5.122130
vt -38.164501 5.089880
vt -38.218800 4.866760
vt -38.218800 4.834510
vt -38.164501 4.866760
vt -38.164501 4.834510
vt -40.406200 3.671130
vt -40.406200 3.658380
vt -40.352100 3.671130
vt -40.352100 3.658380
vt -40.594898 3.671380
vt -40.594898 3.658130
vt -40.538502 3.671380
vt -40.538502 3.658130
vt -40.781200 3.671130
vt -40.781200 3.658380
vt -40.727100 3.671130
vt -40.727100 3.658380
vt -40.181301 3.671130
vt -40.181301 3.658380
vt -40.127102 3.671130
vt -40.127102 3.658380
vt -38.981201 3.671130
vt -38.981201 3.658380
vt -38.926998 3.671130
vt -38.926998 3.658380
vt -41.406200 3.671130
vt -41.406200 3.658380
vt -41.327099 3.671130
vt -41.327099 3.658380
vt -39.393700 3.671130
vt -39.393700 3.658380
vt -39.339500 3.671130
vt -39.339500 3.658380
vt -41.198200 3.672130
vt -41.198200 3.657380
vt -41.135101 3.672130
vt -41.135101 3.657380
vt -40.968800 3.671130
vt -40.968800 3.658380
vt -40.914600 3.671130
vt -40.914600 3.658380
vt -41.577999 3.690630
vt -41.577999 3.658380
vt -41.523800 3.690630
vt -41.523800 3.658380
vt -39.206200 3.671130
vt -39.206200 3.658380
vt -39.152000 3.671130
vt -39.152000 3.658380
vt -39.618801 3.671130
vt -39.618801 3.658380
vt -39.564499 3.671130
vt -39.564499 3.658380
vt -38.218800 3.690630
vt -38.218800 3.658380
vt -38.164501 3.690630
vt -38.164501 3.658380
vt -39.806301 3.671130
vt -39.806301 3.658380
vt -39.752102 3.671130
vt -39.752102 3.658380
vt -38.793701 3.671130
vt -38.793701 3.658380
vt -38.739498 3.671130
vt -38.739498 3.658380
vt -39.993801 3.671130
vt -39.993801 3.658380
vt -39.939602 3.671130
vt -39.939602 3.658380
vt -38.381199 3.671130
vt -38.381199 3.658380
vt -38.327000 3.671130
vt -38.327000 3.658380
vt -38.568699 3.671130
vt -38.568699 3.658380
vt -38.514500 3.671130
vt -38.514500 3.658380
vt -38.213001 3.662760
vt -38.213001 3.675380
vt -41.529598 3.662760
vt -41.529598 3.675380
vt -38.090900 5.936010
vt -38.261902 5.936010
vt -38.090900 5.859380
vt -38.261902 5.859380
vt -41.515499 5.936010
vt -41.686600 5.936010
vt -41.515499 5.859380
vt -41.686600 5.859380
vt -41.514000 4.963010
vt -41.686901 4.963010
vt -41.514000 4.887880
vt -41.686901 4.887880
vt -38.089199 4.963010
vt -38.262100 4.963010
vt -38.089199 4.887880
vt -38.262100 4.887880
vt -38.104099 4.963380
vt -41.668098 4.963380
vt -38.104099 4.888260
vt -41.668098 4.888260
vt -38.224899 4.685380
vt -38.224499 4.660380
vt -38.170101 4.686130
vt -38.169701 4.661130
vt -38.218201 4.204760
vt -38.217999 4.179760
vt -38.163502 4.205510
vt -38.163200 4.180510
vt -38.170101 4.681880
vt -38.224899 4.681130
vt -38.163200 4.184880
vt -38.217999 4.184130
vt -41.583698 4.686130
vt -41.583401 4.661130
vt -41.528999 4.686880
vt -41.528599 4.661880
vt -41.577099 4.205510
vt -41.576900 4.180510
vt -41.522400 4.206260
vt -41.521999 4.181260
vt -41.528900 4.682630
vt -41.583698 4.681880
vt -41.522099 4.185630
vt -41.576900 4.184880
vt -38.201900 5.072380
vt -38.201900 5.139880
vt -41.539001 5.072380
vt -41.539001 5.139880
vt -38.213001 3.662630
vt -38.100498 4.925880
vt -41.682999 4.925880
vt -38.100498 4.849130
vt -41.682999 4.849130
vt -39.217098 4.686380
vt -39.242100 4.686380
vt -39.217098 4.189510
vt -39.242100 4.189510
vt -38.920399 4.185010
vt -38.920399 4.210010
vt -39.534100 4.185010
vt -39.534100 4.210010
vt -39.509602 4.686380
vt -39.534599 4.686380
vt -39.509602 4.189510
vt -39.534599 4.189510
vt -38.920399 4.665630
vt -38.920399 4.690630
vt -39.534100 4.665630
vt -39.534100 4.690630
vt -38.920502 4.686380
vt -38.945499 4.686380
vt -38.920502 4.189510
vt -38.945499 4.189510
vt -38.935200 4.260630
vt -38.935200 4.228380
vt -38.163601 4.260630
vt -38.163601 4.228380
vt -40.913601 4.260760
vt -40.913601 4.228510
vt -41.578499 4.598760
vt -41.578499 4.566510
vt -40.919498 4.598760
vt -40.919498 4.566510
vt -41.578602 3.978130
vt -41.578602 3.945880
vt -40.913601 3.978130
vt -40.913601 3.945880
vt -41.578499 5.122130
vt -41.578499 5.089880
vt -38.163601 5.122130
vt -38.163601 5.089880
vt -40.331600 4.260760
vt -40.331600 4.228510
vt -39.525002 4.260630
vt -39.525002 4.228510
vt -41.578499 4.834510
vt -40.326801 3.978130
vt -40.326801 3.945880
vt -38.933601 4.598630
vt -38.933601 4.566510
vt -38.167400 4.598630
vt -38.167400 4.566380
vt -40.324001 4.598760
vt -40.324001 4.566510
vt -39.526100 4.598630
vt -39.526100 4.566510
vt -40.311600 3.667130
vt -40.311600 3.699380
vt -40.931999 3.667130
vt -40.931999 3.699380
vt -40.899899 4.629380
vt -40.932098 4.629380
vt -40.899899 3.666880
vt -40.932098 3.666880
vt -40.312401 4.629380
vt -40.344601 4.629380
vt -40.312401 3.666880
vt -40.344601 3.666880
vt -40.311600 4.607010
vt -40.311600 4.639260
vt -40.931999 4.607010
vt -40.931999 4.639260
vt -38.163601 3.690630
vt -41.370499 3.681130
vt -41.370499 3.663510
vt -39.809700 3.681130
vt -39.809700 3.663510
vt -39.867100 4.795760
vt -39.867100 4.763510
vt -39.800098 4.795760
vt -39.800098 4.763510
vt -41.419998 4.795760
vt -41.419998 4.763510
vt -41.348400 4.795760
vt -41.348400 4.763510
vt -41.419998 4.035630
vt -41.419998 4.003510
vt -41.348400 4.035630
vt -41.348400 4.003510
vt -39.869999 4.035630
vt -39.869999 4.003510
vt -39.798401 4.035630
vt -39.798401 4.003510
vt -41.401402 3.662760
vt -41.369099 3.662760
vt -41.401402 4.008880
vt -41.369099 4.008880
vt -39.851398 3.662760
vt -39.819099 3.662760
vt -39.851398 4.008880
vt -39.819099 4.008880
vt -39.798401 4.952010
vt -39.873402 4.952010
vt -39.798401 3.677760
vt -39.873402 3.677760
vt -41.345200 4.963260
vt -41.420200 4.963260
vt -41.345200 3.666630
vt -41.420200 3.666630
vt -39.798401 4.052010
vt -39.873402 4.052010
vt -39.798401 3.275760
vt -39.873402 3.275760
vt -41.345200 4.063260
vt -41.420200 4.063260
vt -41.345200 3.275760
vt -41.420200 3.275760
vt -41.420101 4.035630
vt -41.420101 4.003510
vt -39.806599 4.035630
vt -39.806599 4.003510
vt -41.018700 3.662760
vt -40.976700 3.662760
vt -41.018700 4.008880
vt -40.976700 4.008880
vt -41.093800 3.662760
vt -41.051800 3.662760
vt -41.093800 4.008880
vt -41.051800 4.008880
vt -41.168701 3.662760
vt -41.126701 3.662760
vt -41.168701 4.008880
vt -41.126701 4.008880
vt -41.243801 3.662760
vt -41.201801 3.662760
vt -41.243801 4.008880
vt -41.201801 4.008880
vt -41.318699 3.662760
vt -41.276699 3.662760
vt -41.318699 4.008880
vt -41.276699 4.008880
vt -39.968800 3.662760
vt -39.926601 3.662760
vt -39.968800 4.008880
vt -39.926601 4.008880
vt -40.043701 3.662760
vt -40.001598 3.662760
vt -40.043701 4.008880
vt -40.001598 4.008880
vt -40.118801 3.662760
vt -40.076599 3.662760
vt -40.118801 4.008880
vt -40.076599 4.008880
vt -40.193699 3.662760
vt -40.151699 3.662760
vt -40.193699 4.008880
vt -40.151699 4.008880
vt -40.268700 3.662760
vt -40.226700 3.662760
vt -40.268700 4.008880
vt -40.226700 4.008880
vt -40.343800 3.662760
vt -40.301800 3.662760
vt -40.343800 4.008880
vt -40.301800 4.008880
vt -40.418701 3.662760
vt -40.376701 3.662760
vt -40.418701 4.008880
vt -40.376701 4.008880
vt -40.493801 3.662760
vt -40.451801 3.662760
vt -40.493801 4.008880
vt -40.451801 4.008880
vt -40.568699 3.662760
vt -40.526699 3.662760
vt -40.568699 4.008880
vt -40.526699 4.008880
vt -40.643700 3.662760
vt -40.601700 3.662760
vt -40.643700 4.008880
vt -40.601700 4.008880
vt -40.718800 3.662760
vt -40.676800 3.662760
vt -40.718800 4.008880
vt -40.676800 4.008880
vt -40.793701 3.662760
vt -40.751701 3.662760
vt -40.793701 4.008880
vt -40.751701 4.008880
vt -40.868801 3.662760
vt -40.826801 3.662760
vt -40.868801 4.008880
vt -40.826801 4.008880
vt -40.943699 3.662760
vt -40.901699 3.662760
vt -40.943699 4.008880
vt -40.901699 4.008880
vt -41.411400 3.683260
vt -41.411400 3.651010
vt -39.799099 3.683260
vt -39.799099 3.651010
vt -35.377499 -24.754400
vt -37.013401 -23.775200
vt -35.422401 -24.829399
vt -37.058300 -23.850201
vt -37.016399 -23.776501
vt -38.824200 -24.829000
vt -36.971802 -23.853300
vt -38.779598 -24.905701
vt -38.247299 -24.563999
vt -38.247299 -26.070200
vt -37.331402 -25.086800
vt -37.139900 -23.919399
vt -37.331402 -25.551901
vt -35.827400 -26.070200
vt -36.733398 -25.551901
vt -36.733398 -25.086800
vt -36.903999 -23.910000
vt -37.169899 -23.867800
vt -36.878700 -23.867800
vt -35.846401 -24.543200
vt -35.827400 -24.511400
vt -38.250702 -24.545401
vt -38.250702 -26.070200
vt -38.210999 -24.545401
vt -38.210999 -26.070200
vt -35.865799 -24.546900
vt -35.865799 -26.070200
vt -35.826099 -24.546900
vt -35.826099 -26.070200
vt -38.250702 -25.121500
vt -38.210999 -25.121500
vt -35.865799 -25.086399
vt -35.865799 -25.552000
vt -35.826099 -25.086399
vt -35.826099 -25.552000
vt -38.250702 -25.086300
vt -38.250702 -25.552000
vt -38.210999 -25.552000
vt -38.210999 -25.086300
vt -35.865799 -25.118500
vt -35.826099 -25.118500
vt -36.905899 -23.860201
vt -37.148701 -23.860201
vt -37.129002 -23.893999
vt -36.933201 -23.905701
vt -37.330502 -25.086399
vt -38.229900 -24.535000
vt -36.731701 -25.086399
vt -38.250198 -26.070999
vt -38.250198 -24.500299
vt -37.330502 -25.552000
vt -35.850800 -24.553699
vt -35.824902 -26.070999
vt -35.824902 -24.510401
vt -36.731800 -25.552000
vt -35.390900 -24.875299
vt -35.430901 -24.875299
vt -35.430901 -25.118000
vt -35.390900 -25.118000
vt -38.785198 -24.854000
vt -38.785198 -25.145300
vt -38.745300 -25.047701
vt -38.745300 -25.145300
vt -38.745300 -24.854000
vt -35.317001 -23.199699
vt -38.882000 -23.199699
vt -35.317001 -25.007500
vt -38.882000 -25.007500
vt -38.884701 -26.646500
vt -35.320801 -26.646500
vt -38.884701 -25.010599
vt -35.320801 -25.010599
vt -35.430901 -23.794001
vt -35.430901 -24.895000
vt -35.390900 -24.895000
vt -35.390900 -23.794001
vt -38.745300 -24.884001
vt -38.745300 -23.776699
vt -38.785198 -23.776699
vt -38.785198 -24.884001
vt -38.745300 -26.177601
vt -38.745300 -25.120001
vt -38.785198 -26.177601
vt -38.785198 -25.120001
vt -35.390999 -26.173201
vt -35.390900 -25.090799
vt -35.430901 -26.173201
vt -35.430901 -25.090799
vt -38.783901 -23.813000
vt -35.418301 -23.813000
vt -35.418301 -23.773199
vt -38.783901 -23.773199
vt -38.748798 -26.197901
vt -35.418301 -26.197901
vt -38.748798 -26.158100
vt -35.418301 -26.158100
vt -38.745300 -25.290600
vt -38.745300 -24.692499
vt -38.785198 -25.290600
vt -38.785198 -24.692499
vt -37.392700 -26.158100
vt -37.991402 -26.158100
vt -37.392700 -26.197901
vt -37.991402 -26.197901
vt -36.148800 -23.773199
vt -36.747501 -23.773199
vt -36.747501 -23.813000
vt -36.148800 -23.813000
vt -35.390999 -25.292200
vt -35.390999 -24.693399
vt -35.430901 -25.292200
vt -35.430901 -24.693399
vt -35.319698 -24.829000
vt -38.884701 -24.829000
vt -35.319698 -24.905701
vt -38.884701 -24.905800
vt -35.417801 -26.070200
vt -35.417801 -24.545401
vt -36.056301 -25.130199
vt -36.069801 -26.070200
vt -36.662300 -25.121500
vt -37.454201 -25.086300
vt -38.783401 -24.545401
vt -37.454201 -25.552000
vt -38.052898 -25.086300
vt -36.675800 -26.070200
vt -38.783401 -26.070200
vt -38.052898 -25.552000
vt -38.770802 -24.500299
vt -38.810799 -24.500299
vt -38.770802 -26.070999
vt -38.810699 -26.070999
vt -35.416500 -26.070200
vt -35.416500 -24.563999
vt -35.456402 -24.563999
vt -35.456402 -26.070200
vt -35.317001 -23.775200
vt -38.880901 -23.775200
vt -35.317001 -23.850201
vt -38.880901 -23.850300
vt -35.456402 -25.086800
vt -35.456402 -25.551901
vt -35.416500 -25.086800
vt -35.416500 -25.551901
vt -38.810699 -25.086399
vt -38.810699 -25.552000
vt -38.770802 -25.552000
vt -38.770802 -25.086399
vt -35.456402 -23.867800
vt -35.456402 -23.919399
vt -35.416500 -23.867800
vt -35.416500 -23.919399
vt -38.770802 -23.860201
vt -38.810799 -23.860201
vt -38.770802 -23.893999
vt -38.810799 -23.893999
vt -35.456402 -24.511400
vt -35.456402 -24.543200
vt -35.416500 -24.511400
vt -35.416500 -24.543200
vt -38.810799 -24.510401
vt -38.810699 -24.553699
vt -38.770802 -24.510401
vt -38.770802 -24.553699
vt -35.452900 -26.070200
vt -35.452900 -24.546900
vt -36.210300 -25.086399
vt -36.210300 -25.552000
vt -36.808998 -25.086399
vt -36.808998 -25.552000
vt -37.775299 -26.070200
vt -37.761799 -25.127199
vt -38.783401 -24.546900
vt -38.367699 -25.118500
vt -38.381302 -26.070200
vt -35.377499 -24.829000
vt -37.185299 -23.776501
vt -35.422100 -24.905800
vt -37.229900 -23.853300
vt -37.188301 -23.775200
vt -38.824200 -24.754400
vt -37.143398 -23.850300
vt -38.779301 -24.829399
vt -35.951500 -26.070999
vt -35.951500 -24.500299
vt -35.971699 -24.535000
vt -36.871201 -25.086399
vt -37.072701 -23.893999
vt -36.871201 -25.552000
vt -38.376801 -26.070999
vt -37.469898 -25.552000
vt -37.470001 -25.086399
vt -37.268501 -23.905701
vt -37.295799 -23.860201
vt -37.053001 -23.860201
vt -38.350899 -24.553699
vt -38.376801 -24.510401
vt -38.335899 -26.070200
vt -38.335899 -24.546900
vt -38.375599 -24.546900
vt -38.375599 -26.070200
vt -35.951000 -26.070200
vt -35.951000 -24.545401
vt -35.990700 -26.070200
vt -35.990700 -24.545401
vt -38.375599 -25.127199
vt -38.335899 -25.127199
vt -35.951000 -25.552000
vt -35.951000 -25.086300
vt -35.990700 -25.086300
vt -35.990700 -25.552000
vt -38.335899 -25.552000
vt -38.335899 -25.086399
vt -38.375599 -25.552000
vt -38.375599 -25.086399
vt -35.951000 -25.130199
vt -35.990700 -25.130199
vt -37.225399 -23.867800
vt -37.323002 -23.867800
vt -37.297699 -23.910000
vt -37.061798 -23.919399
vt -37.031799 -23.867800
vt -37.468300 -25.086800
vt -38.355301 -24.543200
vt -36.870300 -25.086800
vt -35.954399 -24.563999
vt -35.954399 -26.070200
vt -36.870300 -25.551901
vt -38.374298 -26.070200
vt -38.374298 -24.511400
vt -37.468300 -25.551901
vt -38.810699 -23.773800
vt -38.810699 -26.198999
vt -38.770802 -23.773800
vt -38.770802 -26.198999
vt -35.456402 -23.776699
vt -35.456402 -26.196600
vt -35.416500 -23.776699
vt -35.416500 -26.196600
vt -38.381302 -26.158100
vt -38.783401 -26.158100
vt -38.381302 -26.197901
vt -38.783401 -26.197901
vt -35.452900 -26.158100
vt -37.775299 -26.158100
vt -37.775299 -26.197901
vt -35.452900 -26.197901
vt -36.675800 -23.773199
vt -38.783401 -23.773199
vt -38.783401 -23.813000
vt -36.675800 -23.813000
vt -35.417801 -23.773199
vt -36.069801 -23.773199
vt -35.417801 -23.813000
vt -36.069801 -23.813000
vt -37.761799 -26.158100
vt -38.367699 -26.158100
vt -37.761799 -26.197901
vt -38.367699 -26.197901
vt -36.056301 -23.773199
vt -36.662300 -23.773199
vt -36.662300 -23.813000
vt -36.056301 -23.813000
vt -35.456402 -24.692499
vt -35.456402 -25.290600
vt -35.416500 -25.290600
vt -35.416500 -24.692499
vt -36.210300 -26.158100
vt -36.808998 -26.158100
vt -36.210300 -26.197901
vt -36.808998 -26.197901
vt -37.454201 -23.773199
vt -38.052898 -23.773199
vt -38.052898 -23.813000
vt -37.454201 -23.813000
vt -38.810799 -24.693399
vt -38.810699 -25.292200
vt -38.770802 -24.693399
vt -38.770802 -25.292200
vt -35.317001 -24.965599
vt -38.880901 -24.965700
vt -35.317001 -26.601500
vt -38.880901 -26.601500
vt -38.884701 -25.052200
vt -35.319698 -25.052200
vt -38.884701 -23.244400
vt -35.319698 -23.244400
vt -35.320801 -24.754400
vt -38.884701 -24.754400
vt -35.320801 -24.829399
vt -38.884701 -24.829399
vt -35.390999 -26.070999
vt -35.390900 -24.510401
vt -35.430901 -26.070999
vt -35.430901 -24.510401
vt -35.418301 -24.546900
vt -38.748798 -24.546900
vt -37.392700 -25.086399
vt -37.991402 -25.086399
vt -38.748798 -26.070200
vt -37.991402 -25.552000
vt -37.392700 -25.552000
vt -36.426399 -26.070200
vt -36.439899 -25.127199
vt -35.834000 -25.118500
vt -35.418301 -26.070200
vt -35.820400 -26.070200
vt -38.745300 -26.070200
vt -38.745300 -24.511400
vt -38.785198 -24.511400
vt -38.785198 -26.070200
vt -35.317001 -23.776501
vt -38.882000 -23.776501
vt -35.317001 -23.853300
vt -38.882000 -23.853300
vt -38.745300 -25.551901
vt -38.745300 -25.086800
vt -38.785198 -25.551901
vt -38.785198 -25.086800
vt -35.390999 -25.552000
vt -35.390900 -25.086399
vt -35.430901 -25.552000
vt -35.430901 -25.086399
vt -38.745300 -23.867800
vt -38.785198 -23.867800
vt -38.745300 -23.910000
vt -38.785198 -23.910000
vt -35.390900 -23.860201
vt -35.430901 -23.860201
vt -35.430901 -23.905701
vt -35.390900 -23.905701
vt -35.390900 -24.500299
vt -35.430901 -24.500299
vt -35.390900 -24.535000
vt -35.430901 -24.535000
vt -35.418301 -24.545401
vt -38.783901 -24.545401
vt -36.747501 -25.086300
vt -36.148800 -25.086300
vt -36.148800 -25.552000
vt -36.747501 -25.552000
vt -37.525902 -26.070200
vt -37.539398 -25.121500
vt -38.145401 -25.130199
vt -38.783901 -26.070200
vt -38.131901 -26.070200
s 1
usemtl Frame1Mtl
f 1/1/1 2/2/1 3/3/1
f 3/3/1 2/2/1 4/4/1
f 5/5/1 6/6/1 7/7/1
f 7/7/1 6/6/1 8/8/1
f 9/9/1 10/10/1 11/11/1
f 11/11/1 10/10/1 12/12/1
f 13/13/1 14/14/1 15/15/1
f 15/15/1 14/14/1 16/16/1
f 17/17/1 18/18/1 19/19/1
f 19/19/1 18/18/1 20/20/1
f 21/21/1 22/22/1 23/23/1
f 23/23/1 22/22/1 24/24/1
f 25/25/1 26/26/1 27/27/1
f 27/27/1 26/26/1 28/28/1
f 29/29/1 30/30/1 31/31/1
f 31/31/1 30/30/1 32/32/1
f 33/33/1 34/34/1 35/35/1
f 35/35/1 34/34/1 36/36/1
f 37/37/1 38/38/1 39/39/1
f 39/39/1 38/38/1 40/40/1
f 41/41/1 42/42/1 43/43/1
f 43/43/1 42/42/1 44/44/1
f 45/45/1 46/46/1 47/47/1
f 47/47/1 46/46/1 48/48/1
f 49/49/1 50/50/1 51/51/1
f 51/51/1 50/50/1 52/52/1
f 53/53/1 54/54/1 55/55/1
f 55/55/1 54/54/1 56/56/1
f 57/57/1 58/58/1 59/59/1
f 59/59/1 58/58/1 60/60/1
f 61/61/1 62/62/1 63/63/1
f 63/63/1 62/62/1 64/64/1
f 65/65/1 66/66/1 67/67/1
f 67/67/1 66/66/1 68/68/1
f 69/69/1 70/70/1 71/71/1
f 71/71/1 70/70/1 72/72/1
f 73/73/1 74/74/1 75/75/1
f 75/75/1 74/74/1 76/76/1
f 77/77/1 78/78/1 79/79/1
f 79/79/1 78/78/1 80/80/1
f 81/81/1 82/82/1 83/83/1
f 83/83/1 82/82/1 84/84/1
f 85/85/1 86/86/1 87/87/1
f 87/87/1 86/86/1 88/88/1
f 89/89/1 90/90/1 91/91/1
f 91/91/1 90/90/1 92/92/1
f 93/93/1 94/94/1 95/95/1
f 95/95/1 94/94/1 96/96/1
f 97/97/2 98/98/3 99/99/3
f 99/99/3 98/98/3 100/100/3
f 101/101/3 102/102/3 103/103/2
f 103/103/2 102/102/3 104/104/3
f 105/105/2 106/106/3 107/107/3
f 107/107/3 106/106/3 108/108/2
f 109/109/3 110/110/2 111/111/2
f 111/111/2 110/110/2 112/112/2
f 113/113/1 114/114/1 115/115/1
f 115/115/1 114/114/1 116/116/1
f 117/117/1 118/118/1 119/119/1
f 119/119/1 118/118/1 120/120/1
f 121/121/1 122/122/1 123/123/1
f 123/123/1 122/122/1 124/124/1
f 125/125/1 126/126/1 127/127/1
f 127/127/1 126/126/1 128/128/1
f 129/129/1 130/130/1 131/131/1
f 131/131/1 130/130/1 132/132/1
f 133/133/1 134/134/1 135/135/1
f 135/135/1 134/134/1 136/136/1
f 137/137/1 138/138/1 139/139/1
f 139/139/1 138/138/1 140/140/1
f 141/141/1 142/142/1 143/143/1
f 143/143/1 142/142/1 144/144/1
f 145/145/1 146/146/1 147/147/1
f 147/147/1 146/146/1 148/148/1
f 149/149/1 150/150/1 151/151/1
f 151/151/1 150/150/1 152/152/1
f 153/153/1 154/154/1 155/155/1
f 155/155/1 154/154/1 156/156/1
f 157/157/1 158/158/1 159/159/1
f 159/159/1 158/158/1 160/160/1
f 161/161/1 162/162/1 163/163/1
f 163/163/1 162/162/1 164/164/1
f 165/165/1 166/166/1 167/167/1
f 167/167/1 166/166/1 168/168/1
f 169/169/1 170/170/1 171/171/1
f 171/171/1 170/170/1 172/172/1
f 173/173/1 174/174/1 175/175/1
f 175/175/1 174/174/1 176/176/1
f 177/177/1 178/178/1 179/179/1
f 179/179/1 178/178/1 180/180/1
f 181/181/1 182/182/1 183/183/1
f 183/183/1 182/182/1 184/184/1
f 185/185/1 186/186/1 187/187/1
f 187/187/1 186/186/1 188/188/1
f 189/189/1 190/190/1 191/191/1
f 191/191/1 190/190/1 192/192/1
f 193/193/1 194/194/1 195/195/1
f 195/195/1 194/194/1 196/196/1
f 197/197/1 198/198/1 199/199/1
f 199/199/1 198/198/1 200/200/1
f 201/201/1 202/202/1 203/203/1
f 203/203/1 202/202/1 204/204/1
f 205/205/1 206/206/1 207/207/1
f 207/207/1 206/206/1 208/208/1
f 209/209/1 210/210/1 211/211/1
f 211/211/1 210/210/1 212/212/1
f 213/213/1 214/214/1 215/215/1
f 215/215/1 214/214/1 216/216/1
f 217/217/1 218/218/1 219/219/1
f 219/219/1 218/218/1 220/220/1
f 221/221/1 222/222/1 223/223/1
f 223/223/1 222/222/1 224/224/1
f 225/225/1 226/226/1 227/227/1
f 227/227/1 226/226/1 228/228/1
f 229/229/1 230/230/1 231/231/1
f 231/231/1 230/230/1 232/232/1
f 233/233/1 234/234/1 235/235/1
f 235/235/1 234/234/1 236/236/1
f 237/237/1 238/238/1 239/239/1
f 239/239/1 238/238/1 240/240/1
f 241/241/1 242/242/1 243/243/1
f 243/243/1 242/242/1 244/244/1
f 245/245/1 246/246/1 247/247/1
f 247/247/1 246/246/1 248/248/1
f 249/249/1 250/250/1 251/251/1
f 251/251/1 250/250/1 252/252/1
f 253/253/1 254/254/1 255/255/1
f 255/255/1 254/254/1 256/256/1
f 257/257/1 258/258/1 259/259/1
f 259/259/1 258/258/1 260/260/1
f 261/261/1 262/262/1 263/263/1
f 263/263/1 262/262/1 264/264/1
f 265/265/1 266/266/1 267/267/1
f 267/267/1 266/266/1 268/268/1
f 269/269/1 270/270/1 271/271/1
f 271/271/1 270/270/1 272/272/1
f 273/273/1 274/274/1 275/275/1
f 275/275/1 274/274/1 276/276/1
f 277/277/1 278/278/1 279/279/1
f 279/279/1 278/278/1 280/280/1
f 281/281/1 282/282/1 283/283/1
f 283/283/1 282/282/1 284/284/1
f 285/285/1 286/286/1 287/287/1
f 287/287/1 286/286/1 288/288/1
f 289/289/1 290/290/1 291/291/1
f 291/291/1 290/290/1 292/292/1
f 293/293/1 294/294/1 295/295/1
f 295/295/1 294/294/1 296/296/1
f 297/297/1 298/298/1 299/299/1
f 299/299/1 298/298/1 300/300/1
f 301/65/1 302/301/1 303/302/1
f 303/302/1 302/301/1 304/303/1
f 305/304/1 306/305/1 307/306/1
f 307/306/1 306/305/1 308/307/1
f 309/308/1 310/309/1 311/310/1
f 311/310/1 310/309/1 312/311/1
f 313/312/1 314/313/1 315/314/1
f 315/314/1 314/313/1 316/315/1
f 317/316/1 318/317/1 319/318/1
f 319/318/1 318/317/1 320/319/1
f 321/320/1 322/321/1 323/322/1
f 323/322/1 322/321/1 324/323/1
f 325/324/1 326/325/1 327/326/1
f 327/326/1 326/325/1 328/327/1
f 329/328/1 330/329/1 331/330/1
f 331/330/1 330/329/1 332/331/1
f 333/332/1 334/333/1 335/334/1
f 335/334/1 334/333/1 336/335/1
f 337/336/1 338/337/1 339/338/1
f 339/338/1 338/337/1 340/339/1
f 341/340/1 342/341/1 343/342/1
f 343/342/1 342/341/1 344/343/1
f 345/344/1 346/345/1 347/346/1
f 347/346/1 346/345/1 348/347/1
f 349/348/1 350/349/1 351/350/1
f 351/350/1 350/349/1 352/351/1
f 353/352/1 354/353/1 355/354/1
f 355/354/1 354/353/1 356/355/1
f 357/356/1 358/357/1 359/358/1
f 359/358/1 358/357/1 360/359/1
f 361/360/1 362/361/1 363/362/1
f 363/362/1 362/361/1 364/363/1
f 365/364/1 366/365/1 367/366/1
f 367/366/1 366/365/1 368/367/1
f 369/368/1 370/369/1 371/370/1
f 371/370/1 370/369/1 372/371/1
f 373/372/1 374/373/1 375/374/1
f 375/374/1 374/373/1 376/375/1
f 377/376/1 378/377/1 379/378/1
f 379/378/1 378/377/1 380/379/1
f 381/380/1 382/381/1 383/382/1
f 383/382/1 382/381/1 384/383/1
f 385/384/1 386/385/1 387/386/1
f 387/386/1 386/385/1 388/387/1
f 389/388/1 390/389/1 391/390/1
f 391/390/1 390/389/1 392/391/1
f 393/392/1 394/393/1 395/394/1
f 395/394/1 394/393/1 396/395/1
f 397/392/1 398/393/1 399/394/1
f 399/394/1 398/393/1 400/395/1
f 401/396/1 402/397/1 403/398/1
f 403/398/1 402/397/1 404/399/1
f 405/392/1 406/393/1 407/394/1
f 407/394/1 406/393/1 408/395/1
f 409/392/1 410/393/1 411/394/1
f 411/394/1 410/393/1 412/395/1
f 413/392/1 414/393/1 415/394/1
f 415/394/1 414/393/1 416/395/1
f 417/65/1 418/301/1 419/400/1
f 419/400/1 418/301/1 420/401/1
f 421/392/1 422/393/1 423/394/1
f 423/394/1 422/393/1 424/395/1
f 425/402/1 426/403/1 427/404/1
f 427/404/1 426/403/1 428/405/1
f 429/406/1 430/407/1 431/408/1
f 431/408/1 430/407/1 432/409/1
f 433/410/1 434/411/1 435/412/1
f 435/412/1 434/411/1 436/413/1
f 437/392/1 438/393/1 439/394/1
f 439/394/1 438/393/1 440/395/1
f 441/392/1 442/393/1 443/394/1
f 443/394/1 442/393/1 444/395/1
f 445/414/1 446/415/1 447/416/1
f 447/416/1 446/415/1 448/417/1
f 449/418/1 450/419/1 451/420/1
f 451/420/1 450/419/1 452/421/1
f 453/422/1 454/423/1 455/424/1
f 455/424/1 454/423/1 456/425/1
f 457/65/1 458/301/1 459/400/1
f 459/400/1 458/301/1 460/401/1
f 461/392/1 462/393/1 463/394/1
f 463/394/1 462/393/1 464/395/1
f 465/392/1 466/393/1 467/394/1
f 467/394/1 466/393/1 468/395/1
f 469/426/1 470/427/1 471/428/1
f 471/428/1 470/427/1 472/429/1
f 473/392/1 474/393/1 475/394/1
f 475/394/1 474/393/1 476/395/1
f 477/392/1 478/393/1 479/394/1
f 479/394/1 478/393/1 480/395/1
f 481/392/1 482/393/1 483/394/1
f 483/394/1 482/393/1 484/395/1
f 485/65/1 486/301/1 487/400/1
f 487/400/1 486/301/1 488/401/1
f 489/406/1 490/407/1 491/408/1
f 491/408/1 490/407/1 492/409/1
f 493/392/1 494/393/1 495/394/1
f 495/394/1 494/393/1 496/395/1
f 497/430/1 498/26/1 499/27/1
f 499/27/1 498/26/1 500/28/1
f 501/33/1 502/34/1 503/35/1
f 503/35/1 502/34/1 504/36/1
f 505/29/1 506/30/1 507/31/1
f 507/31/1 506/30/1 508/32/1
f 509/392/1 510/393/1 511/394/1
f 511/394/1 510/393/1 512/395/1
f 513/418/1 514/419/1 515/420/1
f 515/420/1 514/419/1 516/421/1
f 517/392/1 518/393/1 519/394/1
f 519/394/1 518/393/1 520/395/1
f 521/37/1 522/38/1 523/39/1
f 523/39/1 522/38/1 524/40/1
f 525/65/1 526/301/1 527/431/1
f 527/431/1 526/301/1 528/432/1
f 529/113/1 530/114/1 531/115/1
f 531/115/1 530/114/1 532/116/1
f 533/392/1 534/393/1 535/394/1
f 535/394/1 534/393/1 536/395/1
f 537/392/1 538/393/1 539/394/1
f 539/394/1 538/393/1 540/395/1
f 541/65/1 542/301/1 543/400/1
f 543/400/1 542/301/1 544/401/1
f 545/392/1 546/393/1 547/394/1
f 547/394/1 546/393/1 548/395/1
f 549/433/1 550/434/1 551/287/1
f 551/287/1 550/434/1 552/288/1
f 553/435/1 554/436/1 555/437/1
f 555/437/1 554/436/1 556/438/1
f 557/281/1 558/282/1 559/283/1
f 559/283/1 558/282/1 560/284/1
f 561/277/1 562/278/1 563/279/1
f 563/279/1 562/278/1 564/280/1
f 565/332/1 566/333/1 567/334/1
f 567/334/1 566/333/1 568/335/1
f 569/324/1 570/325/1 571/326/1
f 571/326/1 570/325/1 572/327/1
f 573/328/1 574/329/1 575/330/1
f 575/330/1 574/329/1 576/331/1
f 577/304/1 578/305/1 579/306/1
f 579/306/1 578/305/1 580/307/1
f 581/336/1 582/337/1 583/338/1
f 583/338/1 582/337/1 584/339/1
f 585/308/1 586/309/1 587/310/1
f 587/310/1 586/309/1 588/311/1
f 589/312/1 590/313/1 591/314/1
f 591/314/1 590/313/1 592/315/1
f 593/316/1 594/317/1 595/318/1
f 595/318/1 594/317/1 596/319/1
f 597/320/1 598/321/1 599/322/1
f 599/322/1 598/321/1 600/323/1
f 601/65/1 602/301/1 603/67/1
f 603/67/1 602/301/1 604/439/1
f 605/65/1 606/301/1 607/67/1
f 607/67/1 606/301/1 608/439/1
f 609/440/1 610/441/1 611/442/1
f 611/442/1 610/441/1 612/443/1
f 613/444/1 614/445/1 615/446/1
f 615/446/1 614/445/1 616/447/1
f 617/448/1 618/449/1 619/450/1
f 619/450/1 618/449/1 620/451/1
f 621/65/1 622/301/1 623/67/1
f 623/67/1 622/301/1 624/439/1
f 625/444/1 626/445/1 627/446/1
f 627/446/1 626/445/1 628/447/1
f 629/452/1 630/453/1 631/454/1
f 631/454/1 630/453/1 632/455/1
f 633/456/4 634/457/4 635/458/4
f 635/458/4 634/457/4 636/459/4
f 637/460/1 638/461/1 639/462/1
f 639/462/1 638/461/1 640/463/1
f 641/65/1 642/301/1 643/67/1
f 643/67/1 642/301/1 644/439/1
f 645/464/1 646/465/1 647/466/1
f 647/466/1 646/465/1 648/467/1
f 649/468/1 650/469/1 651/470/1
f 651/470/1 650/469/1 652/471/1
f 653/472/1 654/473/1 655/474/1
f 655/474/1 654/473/1 656/475/1
f 657/476/1 658/477/1 659/478/1
f 659/478/1 658/477/1 660/479/1
f 661/480/1 662/481/1 663/482/1
f 663/482/1 662/481/1 664/483/1
f 665/65/1 666/301/1 667/67/1
f 667/67/1 666/301/1 668/439/1
f 669/444/1 670/445/1 671/446/1
f 671/446/1 670/445/1 672/447/1
f 673/430/1 674/484/1 675/485/1
f 675/485/1 674/484/1 676/486/1
f 677/487/1 678/30/1 679/488/1
f 679/488/1 678/30/1 680/32/1
f 681/65/1 682/301/1 683/67/1
f 683/67/1 682/301/1 684/439/1
f 685/464/1 686/465/1 687/466/1
f 687/466/1 686/465/1 688/467/1
f 689/456/4 690/457/4 691/458/4
f 691/458/4 690/457/4 692/459/4
f 693/113/1 694/114/1 695/115/1
f 695/115/1 694/114/1 696/116/1
f 697/37/1 698/38/1 699/39/1
f 699/39/1 698/38/1 700/40/1
f 701/117/1 702/118/1 703/119/1
f 703/119/1 702/118/1 704/120/1
f 705/65/1 706/301/1 707/67/1
f 707/67/1 706/301/1 708/439/1
f 709/65/1 710/301/1 711/67/1
f 711/67/1 710/301/1 712/439/1
f 713/1/1 714/2/1 715/3/1
f 715/3/1 714/2/1 716/4/1
f 717/5/1 718/489/1 719/7/1
f 719/7/1 718/489/1 720/490/1
f 721/21/4 722/22/4 723/23/4
f 723/23/4 722/22/4 724/24/4
f 725/17/4 726/18/4 727/19/4
f 727/19/4 726/18/4 728/20/4
f 729/491/1 730/492/1 731/75/1
f 731/75/1 730/492/1 732/493/1
f 733/69/1 734/70/1 735/71/1
f 735/71/1 734/70/1 736/72/1
f 737/494/1 738/495/1 739/496/1
f 739/496/1 738/495/1 740/497/1
f 741/65/1 742/66/1 743/67/1
f 743/67/1 742/66/1 744/498/1
f 745/499/1 746/500/1 747/501/1
f 747/501/1 746/500/1 748/502/1
f 749/93/1 750/94/1 751/503/1
f 751/503/1 750/94/1 752/504/1
f 753/81/1 754/82/1 755/83/1
f 755/83/1 754/82/1 756/84/1
f 757/505/1 758/506/1 759/87/1
f 759/87/1 758/506/1 760/88/1
f 761/507/3 762/508/3 763/509/3
f 763/509/3 762/508/3 764/510/2
f 765/511/3 766/512/3 767/513/2
f 767/513/2 766/512/3 768/514/3
f 769/515/2 770/516/3 771/517/2
f 771/517/2 770/516/3 772/518/2
f 773/519/2 774/520/2 775/521/2
f 775/521/2 774/520/2 776/522/2
f 777/523/5 778/524/5 779/525/5
f 779/525/5 778/524/5 780/526/6
f 781/527/5 782/528/5 783/529/5
f 783/529/5 782/528/5 784/530/6
f 785/531/7 786/532/8 787/533/5
f 787/533/5 786/532/8 788/534/8
f 789/535/9 790/536/9 791/537/9
f 791/537/9 790/536/9 792/538/9
f 793/539/9 794/540/9 795/541/9
f 795/541/9 794/540/9 796/542/9
f 797/543/10 798/544/10 799/545/10
f 799/545/10 798/544/10 800/546/10
f 801/547/11 802/548/11 803/549/11
f 803/549/11 802/548/11 804/550/11
f 805/551/11 806/552/11 807/553/11
f 807/553/11 806/552/11 808/554/11
f 809/555/11 810/556/11 811/557/11
f 811/557/11 810/556/11 812/558/11
f 813/559/11 814/560/11 815/561/11
f 815/561/11 814/560/11 816/562/11
f 817/563/11 818/564/11 819/565/11
f 819/565/11 818/564/11 820/566/11
f 821/567/11 822/568/11 823/569/11
f 823/569/11 822/568/11 824/570/11
f 825/571/11 826/572/11 827/573/11
f 827/573/11 826/572/11 828/574/11
f 829/575/11 830/576/11 831/577/11
f 831/577/11 830/576/11 832/578/11
f 833/579/11 834/580/11 835/581/11
f 835/581/11 834/580/11 836/582/11
f 837/583/12 838/584/13 839/585/13
f 839/585/13 838/584/13 840/586/13
f 841/587/13 842/588/13 843/589/13
f 843/589/13 842/588/13 844/590/13
f 845/591/11 846/592/11 847/593/11
f 847/593/11 846/592/11 848/594/11
f 849/595/11 850/596/11 851/597/11
f 851/597/11 850/596/11 852/598/11
f 853/567/11 854/568/11 855/569/11
f 855/569/11 854/568/11 856/570/11
f 857/571/11 858/572/11 859/573/11
f 859/573/11 858/572/11 860/574/11
f 861/575/11 862/576/11 863/577/11
f 863/577/11 862/576/11 864/578/11
f 865/579/14 866/580/14 867/581/14
f 867/581/14 866/580/14 868/582/14
f 869/599/11 870/600/11 871/601/11
f 871/601/11 870/600/11 872/602/11
f 873/603/11 874/604/11 875/605/11
f 875/605/11 874/604/11 876/606/11
f 877/607/15 878/608/15 879/609/15
f 879/609/15 878/608/15 880/610/15
f 881/611/15 882/612/15 883/613/15
f 883/613/15 882/612/15 884/614/15
f 885/615/15 886/616/15 887/617/15
f 887/617/15 886/616/15 888/618/15
f 889/619/11 890/620/11 891/621/11
f 891/621/11 890/620/11 892/622/11
f 893/623/11 894/624/11 895/625/11
f 895/625/11 894/624/11 896/626/11
f 897/627/11 898/628/11 899/629/11
f 899/629/11 898/628/11 900/630/11
f 901/631/11 902/632/11 903/633/11
f 903/633/11 902/632/11 904/634/11
f 905/635/11 906/636/11 907/637/11
f 907/637/11 906/636/11 908/638/11
f 909/639/11 910/640/11 911/641/11
f 911/641/11 910/640/11 912/642/11
f 913/643/11 914/644/11 915/645/11
f 915/645/11 914/644/11 916/646/11
f 917/647/15 918/648/16 919/649/16
f 919/649/16 918/648/16 920/650/15
f 921/651/16 922/652/16 923/653/16
f 923/653/16 922/652/16 924/654/16
f 925/655/16 926/656/16 927/657/16
f 927/657/16 926/656/16 928/658/16
f 929/659/11 930/660/11 931/661/11
f 931/661/11 930/660/11 932/662/11
f 933/663/11 934/664/11 935/665/11
f 935/665/11 934/664/11 936/666/11
f 937/667/11 938/668/11 939/669/11
f 939/669/11 938/668/11 940/670/11
f 941/671/11 942/672/11 943/673/11
f 943/673/11 942/672/11 944/674/11
f 945/675/11 946/676/11 947/677/11
f 947/677/11 946/676/11 948/678/11
f 949/679/11 950/680/11 951/681/11
f 951/681/11 950/680/11 952/682/11
f 953/683/11 954/684/11 955/685/11
f 955/685/11 954/684/11 956/686/11
f 957/687/11 958/688/11 959/689/11
f 959/689/11 958/688/11 960/690/11
f 961/691/11 962/692/11 963/693/11
f 963/693/11 962/692/11 964/694/11
f 965/695/11 966/696/11 967/697/11
f 967/697/11 966/696/11 968/698/11
f 969/699/11 970/700/11 971/701/11
f 971/701/11 970/700/11 972/702/11
f 973/703/11 974/704/11 975/705/11
f 975/705/11 974/704/11 976/706/11
f 977/707/14 978/708/14 979/709/14
f 979/709/14 978/708/14 980/710/14
f 981/711/11 982/712/11 983/713/11
f 983/713/11 982/712/11 984/714/11
f 985/715/17 986/716/17 987/717/17
f 987/717/17 986/716/17 988/718/17
f 989/719/11 990/720/11 991/721/11
f 991/721/11 990/720/11 992/722/11
f 993/723/11 994/724/11 995/725/11
f 995/725/11 994/724/11 996/726/11
f 997/727/11 998/728/11 999/729/11
f 999/729/11 998/728/11 1000/730/11
f 1001/731/14 1002/732/14 1003/733/14
f 1003/733/14 1002/732/14 1004/734/14
f 1005/703/11 1006/704/11 1007/735/11
f 1007/735/11 1006/704/11 1008/736/11
f 1009/737/11 1010/738/11 1011/739/18
f 1011/739/18 1010/738/11 1012/740/17
f 1013/741/14 1014/742/14 1015/709/14
f 1015/709/14 1014/742/14 1016/710/14
f 1017/743/11 1018/744/11 1019/745/11
f 1019/745/11 1018/744/11 1020/746/11
f 1021/747/11 1022/748/11 1023/749/11
f 1023/749/11 1022/748/11 1024/750/11
f 1025/751/11 1026/752/11 1027/577/11
f 1027/577/11 1026/752/11 1028/753/11
f 1029/754/19 1030/755/11 1031/756/11
f 1031/756/11 1030/755/11 1032/757/11
f 1033/758/16 1034/759/16 1035/760/16
f 1035/760/16 1034/759/16 1036/761/16
f 1037/762/11 1038/763/11 1039/764/11
f 1039/764/11 1038/763/11 1040/765/11
f 1041/766/11 1042/624/11 1043/767/11
f 1043/767/11 1042/624/11 1044/626/11
f 1045/768/15 1046/769/15 1047/770/16
f 1047/770/16 1046/769/15 1048/771/15
f 1049/772/11 1050/773/11 1051/774/11
f 1051/774/11 1050/773/11 1052/775/11
f 1053/776/11 1054/777/11 1055/778/11
f 1055/778/11 1054/777/11 1056/779/11
f 1057/780/11 1058/781/11 1059/782/11
f 1059/782/11 1058/781/11 1060/783/11
f 1061/784/11 1062/785/11 1063/786/11
f 1063/786/11 1062/785/11 1064/787/11
f 1065/788/11 1066/789/11 1067/790/11
f 1067/790/11 1066/789/11 1068/791/11
f 1069/792/11 1070/793/11 1071/794/11
f 1071/794/11 1070/793/11 1072/795/11
f 1073/796/11 1074/797/11 1075/798/11
f 1075/798/11 1074/797/11 1076/799/11
f 1077/800/11 1078/801/11 1079/802/11
f 1079/802/11 1078/801/11 1080/803/11
f 1081/804/11 1082/805/11 1083/806/11
f 1083/806/11 1082/805/11 1084/807/11
f 1085/808/11 1086/809/11 1087/810/11
f 1087/810/11 1086/809/11 1088/811/11
f 1089/812/11 1090/813/11 1091/814/11
f 1091/814/11 1090/813/11 1092/815/11
f 1093/816/11 1094/817/11 1095/818/11
f 1095/818/11 1094/817/11 1096/819/11
f 1097/820/11 1098/821/11 1099/822/11
f 1099/822/11 1098/821/11 1100/823/11
f 1101/824/11 1102/825/11 1103/826/11
f 1103/826/11 1102/825/11 1104/827/11
f 1105/828/11 1106/829/11 1107/830/11
f 1107/830/11 1106/829/11 1108/831/11
f 1109/832/11 1110/833/11 1111/834/11
f 1111/834/11 1110/833/11 1112/835/11
f 1113/836/11 1114/837/11 1115/838/11
f 1115/838/11 1114/837/11 1116/839/11
f 1117/840/11 1118/841/11 1119/842/11
f 1119/842/11 1118/841/11 1120/843/11
f 1121/844/11 1122/845/11 1123/846/11
f 1123/846/11 1122/845/11 1124/847/11
f 1125/848/11 1126/849/11 1127/850/11
f 1127/850/11 1126/849/11 1128/851/11
f 1129/852/11 1130/853/11 1131/854/11
f 1131/854/11 1130/853/11 1132/855/11
f 1133/856/11 1134/857/11 1135/858/11
f 1135/858/11 1134/857/11 1136/859/11
f 1137/860/11 1138/861/11 1139/862/11
f 1139/862/11 1138/861/11 1140/863/11
f 1141/864/11 1142/865/11 1143/866/11
f 1143/866/11 1142/865/11 1144/867/11
f 1145/868/11 1146/869/11 1147/870/11
f 1147/870/11 1146/869/11 1148/871/11
f 1149/872/11 1150/873/11 1151/874/11
f 1151/874/11 1150/873/11 1152/875/11
f 1153/876/11 1154/877/11 1155/878/11
f 1155/878/11 1154/877/11 1156/879/11
f 1157/880/11 1158/881/11 1159/882/11
f 1159/882/11 1158/881/11 1160/883/11
f 1161/884/11 1162/885/11 1163/886/11
f 1163/886/11 1162/885/11 1164/887/11
f 1165/888/11 1166/889/11 1167/890/11
f 1167/890/11 1166/889/11 1168/891/11
f 1169/892/11 1170/893/11 1171/894/11
f 1171/894/11 1170/893/11 1172/895/11
f 1173/896/11 1174/897/11 1175/898/11
f 1175/898/11 1174/897/11 1176/899/11
f 1177/900/11 1178/901/11 1179/902/11
f 1179/902/11 1178/901/11 1180/903/11
f 1181/904/11 1182/905/11 1183/906/11
f 1183/906/11 1182/905/11 1184/907/11
f 1185/908/11 1186/909/11 1187/910/11
f 1187/910/11 1186/909/11 1188/911/11
f 1189/912/11 1190/913/11 1191/914/11
f 1191/914/11 1190/913/11 1192/915/11
f 1193/916/11 1194/917/11 1195/918/11
f 1195/918/11 1194/917/11 1196/919/11
f 1197/920/11 1198/921/11 1199/922/11
f 1199/922/11 1198/921/11 1200/923/11
f 1201/924/11 1202/925/11 1203/926/11
f 1203/926/11 1202/925/11 1204/927/11
f 1205/928/11 1206/929/11 1207/930/11
f 1207/930/11 1206/929/11 1208/931/11
f 1209/932/11 1210/933/11 1211/934/11
f 1211/934/11 1210/933/11 1212/935/11
f 1213/936/11 1214/937/11 1215/938/11
f 1215/938/11 1214/937/11 1216/939/11
f 1217/940/11 1218/941/11 1219/942/11
f 1219/942/11 1218/941/11 1220/943/11
f 1221/723/11 1222/944/11 1223/725/11
f 1223/725/11 1222/944/11 1224/945/11
f 1225/571/11 1226/572/11 1227/701/11
f 1227/701/11 1226/572/11 1228/702/11
f 1229/579/11 1230/946/11 1231/709/11
f 1231/709/11 1230/946/11 1232/947/11
f 1233/948/11 1234/949/11 1235/577/11
f 1235/577/11 1234/949/11 1236/578/11
f 1237/950/11 1238/951/11 1239/756/11
f 1239/756/11 1238/951/11 1240/757/11
f 1241/663/11 1242/664/11 1243/665/11
f 1243/665/11 1242/664/11 1244/666/11
f 1245/659/11 1246/952/11 1247/661/11
f 1247/661/11 1246/952/11 1248/953/11
f 1249/954/14 1250/955/14 1251/956/14
f 1251/956/14 1250/955/14 1252/957/14
f 1253/958/11 1254/959/11 1255/960/11
f 1255/960/11 1254/959/11 1256/961/11
f 1257/962/11 1258/963/11 1259/964/11
f 1259/964/11 1258/963/11 1260/965/11
f 1261/966/11 1262/967/11 1263/968/11
f 1263/968/11 1262/967/11 1264/969/11
f 1265/970/11 1266/971/11 1267/972/11
f 1267/972/11 1266/971/11 1268/973/11
f 1269/974/11 1270/975/11 1271/976/11
f 1271/976/11 1270/975/11 1272/977/11
f 1273/978/11 1274/979/11 1275/980/11
f 1275/980/11 1274/979/11 1276/981/11
f 1277/982/11 1278/983/11 1279/984/11
f 1279/984/11 1278/983/11 1280/985/11
f 1281/986/11 1282/987/11 1283/988/11
f 1283/988/11 1282/987/11 1284/989/11
f 1285/990/11 1286/991/11 1287/992/11
f 1287/992/11 1286/991/11 1288/993/11
f 1289/994/11 1290/995/11 1291/996/11
f 1291/996/11 1290/995/11 1292/997/11
f 1293/998/11 1294/999/11 1295/1000/11
f 1295/1000/11 1294/999/11 1296/1001/11
f 1297/1002/11 1298/1003/11 1299/1004/11
f 1299/1004/11 1298/1003/11 1300/1005/11
f 1301/1006/11 1302/1007/11 1303/1008/11
f 1303/1008/11 1302/1007/11 1304/1009/11
f 1305/1010/11 1306/1011/11 1307/1012/11
f 1307/1012/11 1306/1011/11 1308/1013/11
f 1309/1014/11 1310/1015/11 1311/1016/11
f 1311/1016/11 1310/1015/11 1312/1017/11
f 1313/1018/11 1314/1019/11 1315/1020/11
f 1315/1020/11 1314/1019/11 1316/1021/11
f 1317/1022/11 1318/1023/11 1319/1024/11
f 1319/1024/11 1318/1023/11 1320/1025/11
f 1321/1026/11 1322/1027/11 1323/1028/11
f 1323/1028/11 1322/1027/11 1324/1029/11
f 1325/1030/11 1326/1031/11 1327/1032/11
f 1327/1032/11 1326/1031/11 1328/1033/11
f 1329/1034/11 1330/1035/11 1331/1036/11
f 1331/1036/11 1330/1035/11 1332/1037/11
f 1333/1038/11 1334/1039/11 1335/1040/11
f 1335/1040/11 1334/1039/11 1336/1041/11
f 1337/1042/11 1338/1043/11 1339/1044/11
f 1339/1044/11 1338/1043/11 1340/1045/11
f 1341/1046/11 1342/1047/11 1343/1048/11
f 1343/1048/11 1342/1047/11 1344/1049/11
f 1345/1050/11 1346/1051/11 1347/1052/11
f 1347/1052/11 1346/1051/11 1348/1053/11
f 1349/1054/11 1350/1055/11 1351/1056/11
f 1351/1056/11 1350/1055/11 1352/1057/11
f 1353/1058/11 1354/1059/11 1355/1060/11
f 1355/1060/11 1354/1059/11 1356/1061/11
f 1357/1062/11 1358/1063/11 1359/1064/11
f 1359/1064/11 1358/1063/11 1360/1065/11
f 1361/1066/11 1362/1067/11 1363/1068/11
f 1363/1068/11 1362/1067/11 1364/1069/11
f 1365/1070/11 1366/1071/11 1367/1072/11
f 1367/1072/11 1366/1071/11 1368/1073/11
f 1369/1074/11 1370/1075/11 1371/1076/11
f 1371/1076/11 1370/1075/11 1372/1077/11
f 1373/1078/11 1374/1079/11 1375/1080/11
f 1375/1080/11 1374/1079/11 1376/1081/11
f 1377/1082/11 1378/1083/11 1379/1084/11
f 1379/1084/11 1378/1083/11 1380/1085/11
f 1381/1086/11 1382/1087/11 1383/1088/11
f 1383/1088/11 1382/1087/11 1384/1089/11
f 1385/1090/11 1386/1091/11 1387/1092/11
f 1387/1092/11 1386/1091/11 1388/1093/11
f 1389/1094/11 1390/1095/11 1391/1096/11
f 1391/1096/11 1390/1095/11 1392/1097/11
f 1393/1098/11 1394/1099/11 1395/1100/11
f 1395/1100/11 1394/1099/11 1396/1101/11
f 1397/1102/11 1398/1103/11 1399/1104/11
f 1399/1104/11 1398/1103/11 1400/1105/11
f 1401/1106/11 1402/1107/11 1403/1108/11
f 1403/1108/11 1402/1107/11 1404/1109/11
f 1405/1110/11 1406/1111/11 1407/1112/11
f 1407/1112/11 1406/1111/11 1408/1113/11
f 1409/1114/11 1410/1115/11 1411/1116/11
f 1411/1116/11 1410/1115/11 1412/1117/11
f 1413/1118/11 1414/1119/11 1415/1120/11
f 1415/1120/11 1414/1119/11 1416/1121/11
f 1417/1122/11 1418/1123/11 1419/1124/11
f 1419/1124/11 1418/1123/11 1420/1125/11
f 1421/1126/11 1422/1127/11 1423/1128/11
f 1423/1128/11 1422/1127/11 1424/1129/11
f 1425/1130/11 1426/1131/11 1427/1132/11
f 1427/1132/11 1426/1131/11 1428/1133/11
f 1429/1134/11 1430/1135/11 1431/1136/11
f 1431/1136/11 1430/1135/11 1432/1137/11
f 1433/1138/11 1434/1139/11 1435/1140/11
f 1435/1140/11 1434/1139/11 1436/1141/11
f 1437/1142/11 1438/1143/11 1439/1144/11
f 1439/1144/11 1438/1143/11 1440/1145/11
f 1441/1146/11 1442/1147/11 1443/1148/11
f 1443/1148/11 1442/1147/11 1444/1149/11
f 1445/1150/11 1446/1151/11 1447/1152/11
f 1447/1152/11 1446/1151/11 1448/1153/11
f 1449/1154/11 1450/1155/11 1451/1156/11
f 1451/1156/11 1450/1155/11 1452/1157/11
f 1453/1158/11 1454/1159/11 1455/1160/11
f 1455/1160/11 1454/1159/11 1456/1161/11
f 1457/1162/11 1458/1163/11 1459/1164/11
f 1459/1164/11 1458/1163/11 1460/1165/11
f 1461/1166/11 1462/1167/11 1463/1168/11
f 1463/1168/11 1462/1167/11 1464/1169/11
f 1465/1170/11 1466/1171/11 1467/1172/11
f 1467/1172/11 1466/1171/11 1468/1173/11
f 1469/1174/11 1470/1175/11 1471/1176/11
f 1471/1176/11 1470/1175/11 1472/1177/11
f 1473/1178/11 1474/1179/11 1475/1180/11
f 1475/1180/11 1474/1179/11 1476/1181/11
f 1477/1182/11 1478/1183/11 1479/1184/11
f 1479/1184/11 1478/1183/11 1480/1185/11
f 1481/1186/11 1482/1187/11 1483/1188/11
f 1483/1188/11 1482/1187/11 1484/1189/11
f 1485/1190/11 1486/1191/11 1487/1192/11
f 1487/1192/11 1486/1191/11 1488/1193/11
f 1489/1194/11 1490/1195/11 1491/1196/11
f 1491/1196/11 1490/1195/11 1492/1197/11
f 1493/1198/14 1494/1199/14 1495/1200/14
f 1495/1200/14 1494/1199/14 1496/1201/14
f 1497/1202/11 1498/1203/11 1499/1204/11
f 1499/1204/11 1498/1203/11 1500/1205/11
f 1501/1206/14 1502/1207/14 1503/1208/14
f 1503/1208/14 1502/1207/14 1504/1209/14
f 1505/1210/11 1506/1211/11 1507/1212/11
f 1507/1212/11 1506/1211/11 1508/1213/11
f 1509/1214/14 1510/1215/14 1511/1216/14
f 1511/1216/14 1510/1215/14 1512/1217/14
f 1513/1218/14 1514/1219/14 1515/1220/14
f 1515/1220/14 1514/1219/14 1516/1221/14
f 1517/1222/14 1518/1223/14 1519/1224/14
f 1519/1224/14 1518/1223/14 1520/1225/14
f 1521/1226/14 1522/1227/14 1523/1228/14
f 1523/1228/14 1522/1227/14 1524/1229/14
f 1525/1230/11 1526/1231/11 1527/1232/11
f 1527/1232/11 1526/1231/11 1528/1233/11
f 1529/1234/14 1530/1235/14 1531/1236/14
f 1531/1236/14 1530/1235/14 1532/1237/14
f 1533/1238/14 1534/1239/14 1535/1240/14
f 1535/1240/14 1534/1239/14 1536/1241/14
f 1537/1242/11 1538/1243/11 1539/1244/11
f 1539/1244/11 1538/1243/11 1540/1245/11
f 1541/1246/11 1542/1247/11 1543/1248/11
f 1543/1248/11 1542/1247/11 1544/1249/11
f 1545/1250/11 1546/1251/11 1547/1252/11
f 1547/1252/11 1546/1251/11 1548/1253/11
f 1549/1254/11 1550/1255/11 1551/1256/11
f 1551/1256/11 1550/1255/11 1552/1257/11
f 1553/1258/20 1554/583/20 1555/1259/20
f 1555/1259/20 1554/583/20 1556/585/20
f 1557/1260/20 1558/587/20 1559/1261/20
f 1559/1261/20 1558/587/20 1560/589/20
f 1561/1262/21 1562/1263/21 1563/1264/21
f 1563/1264/21 1562/1263/21 1564/1265/21
f 1565/1266/21 1566/1267/21 1567/1268/21
f 1567/1268/21 1566/1267/21 1568/1269/21
f 1569/1270/21 1570/1271/21 1571/1272/21
f 1571/1272/21 1570/1271/21 1572/1273/21
f 1573/1274/21 1574/1275/21 1575/1276/21
f 1575/1276/21 1574/1275/21 1576/1277/21
f 1577/1278/21 1578/1279/21 1579/1280/21
f 1579/1280/21 1578/1279/21 1580/1281/21
f 1581/1282/21 1582/1283/21 1583/1284/21
f 1583/1284/21 1582/1283/21 1584/1285/21
f 1585/1286/21 1586/1287/21 1587/1288/21
f 1587/1288/21 1586/1287/21 1588/1289/21
f 1589/1290/21 1590/1291/21 1591/1292/21
f 1591/1292/21 1590/1291/21 1592/1293/21
f 1593/1294/21 1594/1295/21 1595/1296/21
f 1595/1296/21 1594/1295/21 1596/1297/21
f 1597/1298/21 1598/1299/21 1599/1300/21
f 1599/1300/21 1598/1299/21 1600/1301/21
f 1601/1302/21 1602/1303/21 1603/1304/21
f 1603/1304/21 1602/1303/21 1604/1305/21
f 1605/1306/21 1606/1307/21 1607/1308/21
f 1607/1308/21 1606/1307/21 1608/1309/21
f 1609/1310/21 1610/1311/21 1611/1312/21
f 1611/1312/21 1610/1311/21 1612/1313/21
f 1613/1314/21 1614/1315/21 1615/1316/21
f 1615/1316/21 1614/1315/21 1616/1317/21
f 1617/1318/21 1618/1319/21 1619/1320/21
f 1619/1320/21 1618/1319/21 1620/1321/21
f 1621/1322/21 1622/1323/21 1623/1324/21
f 1623/1324/21 1622/1323/21 1624/1325/21
f 1625/1326/21 1626/1327/21 1627/1328/21
f 1627/1328/21 1626/1327/21 1628/1329/21
f 1629/1330/21 1630/1331/21 1631/1332/21
f 1631/1332/21 1630/1331/21 1632/1333/21
f 1633/1334/21 1634/1335/21 1635/1336/21
f 1635/1336/21 1634/1335/21 1636/1337/21
f 1637/1338/21 1638/1339/21 1639/1340/21
f 1639/1340/21 1638/1339/21 1640/1341/21
f 1641/1342/21 1642/1343/21 1643/1344/21
f 1643/1344/21 1642/1343/21 1644/1345/21
f 1645/1346/21 1646/1347/21 1647/1348/21
f 1647/1348/21 1646/1347/21 1648/1349/21
f 1649/1350/21 1650/1351/21 1651/1352/21
f 1651/1352/21 1650/1351/21 1652/1353/21
f 1653/1354/21 1654/1355/21 1655/1356/21
f 1655/1356/21 1654/1355/21 1656/1357/21
f 1657/1358/21 1658/1359/21 1659/1360/21
f 1659/1360/21 1658/1359/21 1660/1361/21
f 1661/1362/21 1662/1363/21 1663/1364/21
f 1663/1364/21 1662/1363/21 1664/1365/21
f 1665/1366/21 1666/1367/21 1667/1368/21
f 1667/1368/21 1666/1367/21 1668/1369/21
f 1669/1370/21 1670/1371/21 1671/1372/21
f 1671/1372/21 1670/1371/21 1672/1373/21
f 1673/1374/21 1674/1375/21 1675/1376/21
f 1675/1376/21 1674/1375/21 1676/1377/21
f 1677/1378/21 1678/1379/21 1679/1380/21
f 1679/1380/21 1678/1379/21 1680/1381/21
f 1681/1382/21 1682/1383/21 1683/1384/21
f 1683/1384/21 1682/1383/21 1684/1385/21
f 1685/1386/21 1686/1387/21 1687/1388/21
f 1687/1388/21 1686/1387/21 1688/1389/21
f 1689/1390/21 1690/1391/21 1691/1392/21
f 1691/1392/21 1690/1391/21 1692/1393/21
f 1693/1394/21 1694/1395/21 1695/1396/21
f 1695/1396/21 1694/1395/21 1696/1397/21
f 1697/1390/21 1698/1391/21 1699/1392/21
f 1699/1392/21 1698/1391/21 1700/1393/21
f 1701/1398/21 1702/1399/21 1703/1400/21
f 1703/1400/21 1702/1399/21 1704/1401/21
f 1705/1402/21 1706/1403/21 1707/1404/21
f 1707/1404/21 1706/1403/21 1708/1405/21
f 1709/1390/21 1710/1391/21 1711/1392/21
f 1711/1392/21 1710/1391/21 1712/1393/21
f 1713/1402/21 1714/1403/21 1715/1404/21
f 1715/1404/21 1714/1403/21 1716/1405/21
f 1717/1398/21 1718/1399/21 1719/1400/21
f 1719/1400/21 1718/1399/21 1720/1401/21
f 1721/1390/21 1722/1391/21 1723/1392/21
f 1723/1392/21 1722/1391/21 1724/1393/21
f 1725/1402/21 1726/1403/21 1727/1404/21
f 1727/1404/21 1726/1403/21 1728/1405/21
f 1729/1398/21 1730/1399/21 1731/1400/21
f 1731/1400/21 1730/1399/21 1732/1401/21
f 1733/1390/21 1734/1391/21 1735/1392/21
f 1735/1392/21 1734/1391/21 1736/1393/21
f 1737/1402/21 1738/1403/21 1739/1404/21
f 1739/1404/21 1738/1403/21 1740/1405/21
f 1741/1398/21 1742/1399/21 1743/1400/21
f 1743/1400/21 1742/1399/21 1744/1401/21
f 1745/1390/21 1746/1391/21 1747/1392/21
f 1747/1392/21 1746/1391/21 1748/1393/21
f 1749/1406/21 1750/1407/21 1751/1408/21
f 1751/1408/21 1750/1407/21 1752/1409/21
f 1753/1410/21 1754/1411/21 1755/1412/21
f 1755/1412/21 1754/1411/21 1756/1413/21
f 1757/1402/21 1758/1403/21 1759/1404/21
f 1759/1404/21 1758/1403/21 1760/1405/21
f 1761/1398/21 1762/1399/21 1763/1400/21
f 1763/1400/21 1762/1399/21 1764/1401/21
f 1765/1390/21 1766/1391/21 1767/1392/21
f 1767/1392/21 1766/1391/21 1768/1393/21
f 1769/1414/21 1770/1415/21 1771/1416/21
f 1771/1416/21 1770/1415/21 1772/1417/21
f 1773/1418/21 1774/1419/21 1775/1420/21
f 1775/1420/21 1774/1419/21 1776/1421/21
f 1777/1390/21 1778/1391/21 1779/1392/21
f 1779/1392/21 1778/1391/21 1780/1393/21
f 1781/1402/21 1782/1403/21 1783/1404/21
f 1783/1404/21 1782/1403/21 1784/1405/21
f 1785/1398/21 1786/1399/21 1787/1400/21
f 1787/1400/21 1786/1399/21 1788/1401/21
f 1789/1390/21 1790/1391/21 1791/1392/21
f 1791/1392/21 1790/1391/21 1792/1393/21
f 1793/1402/21 1794/1403/21 1795/1404/21
f 1795/1404/21 1794/1403/21 1796/1405/21
f 1797/1398/21 1798/1399/21 1799/1400/21
f 1799/1400/21 1798/1399/21 1800/1401/21
f 1801/1390/21 1802/1391/21 1803/1392/21
f 1803/1392/21 1802/1391/21 1804/1393/21
f 1805/1402/21 1806/1403/21 1807/1404/21
f 1807/1404/21 1806/1403/21 1808/1405/21
f 1809/1398/21 1810/1399/21 1811/1400/21
f 1811/1400/21 1810/1399/21 1812/1401/21
f 1813/1390/21 1814/1391/21 1815/1392/21
f 1815/1392/21 1814/1391/21 1816/1393/21
f 1817/1402/21 1818/1403/21 1819/1404/21
f 1819/1404/21 1818/1403/21 1820/1405/21
f 1821/1398/21 1822/1399/21 1823/1400/21
f 1823/1400/21 1822/1399/21 1824/1401/21
f 1825/1390/21 1826/1391/21 1827/1392/21
f 1827/1392/21 1826/1391/21 1828/1393/21
f 1829/1390/21 1830/1391/21 1831/1392/21
f 1831/1392/21 1830/1391/21 1832/1393/21
f 1833/1422/21 1834/1423/21 1835/1424/21
f 1835/1424/21 1834/1423/21 1836/1425/21
f 1837/1426/21 1838/1427/21 1839/1428/21
f 1839/1428/21 1838/1427/21 1840/1429/21
f 1841/1430/21 1842/1431/21 1843/1432/21
f 1843/1432/21 1842/1431/21 1844/1433/21
f 1845/1434/21 1846/1435/21 1847/1436/21
f 1847/1436/21 1846/1435/21 1848/1437/21
f 1849/1438/21 1850/1439/21 1851/1440/21
f 1851/1440/21 1850/1439/21 1852/1441/21
f 1853/1442/21 1854/1443/21 1855/1444/21
f 1855/1444/21 1854/1443/21 1856/1445/21
f 1857/1446/21 1858/1447/21 1859/1448/21
f 1859/1448/21 1858/1447/21 1860/1449/21
f 1861/1450/21 1862/1451/21 1863/1452/21
f 1863/1452/21 1862/1451/21 1864/1453/21
f 1865/1454/21 1866/1455/21 1867/1456/21
f 1867/1456/21 1866/1455/21 1868/1457/21
f 1869/1458/21 1870/1459/21 1871/1460/21
f 1871/1460/21 1870/1459/21 1872/1461/21
f 1873/1462/21 1874/1463/21 1875/1464/21
f 1875/1464/21 1874/1463/21 1876/1465/21
f 1877/1466/21 1878/1467/21 1879/1468/21
f 1879/1468/21 1878/1467/21 1880/1469/21
f 1881/1470/21 1882/1471/21 1883/1472/21
f 1883/1472/21 1882/1471/21 1884/1473/21
f 1885/1474/21 1886/1475/21 1887/1476/21
f 1887/1476/21 1886/1475/21 1888/1477/21
f 1889/1478/21 1890/1479/21 1891/1480/21
f 1891/1480/21 1890/1479/21 1892/1481/21
f 1893/1482/21 1894/1483/21 1895/1484/21
f 1895/1484/21 1894/1483/21 1896/1485/21
f 1897/1486/21 1898/1487/21 1899/1488/21
f 1899/1488/21 1898/1487/21 1900/1489/21
f 1901/1490/21 1902/1491/21 1903/1492/21
f 1903/1492/21 1902/1491/21 1904/1493/21
f 1905/1494/21 1906/1495/21 1907/1496/21
f 1907/1496/21 1906/1495/21 1908/1497/21
f 1909/1498/21 1910/1499/21 1911/1500/21
f 1911/1500/21 1910/1499/21 1912/1501/21
f 1913/1502/21 1914/1503/21 1915/1504/21
f 1915/1504/21 1914/1503/21 1916/1505/21
f 1917/1506/21 1918/1507/21 1919/1508/21
f 1919/1508/21 1918/1507/21 1920/1509/21
f 1921/1510/21 1922/1511/21 1923/1512/21
f 1923/1512/21 1922/1511/21 1924/1513/21
f 1925/1514/21 1926/1515/21 1927/1516/21
f 1927/1516/21 1926/1515/21 1928/1517/21
f 1929/1518/21 1930/1519/21 1931/1520/21
f 1931/1520/21 1930/1519/21 1932/1521/21
f 1933/1522/21 1934/1523/21 1935/1524/21
f 1935/1524/21 1934/1523/21 1936/1525/21
f 1937/1526/21 1938/1527/21 1939/1528/21
f 1939/1528/21 1938/1527/21 1940/1529/21
f 1941/1530/21 1942/1531/21 1943/1532/21
f 1943/1532/21 1942/1531/21 1944/1533/21
f 1945/1534/21 1946/1535/21 1947/1536/21
f 1947/1536/21 1946/1535/21 1948/1537/21
f 1949/1538/21 1950/1539/21 1951/1540/21
f 1951/1540/21 1950/1539/21 1952/1541/21
f 1953/1542/21 1954/1543/21 1955/1544/21
f 1955/1544/21 1954/1543/21 1956/1545/21
f 1957/1546/21 1958/1547/21 1959/1548/21
f 1959/1548/21 1958/1547/21 1960/1549/21
f 1961/1550/21 1962/1551/21 1963/1552/21
f 1963/1552/21 1962/1551/21 1964/1553/21
f 1965/1554/21 1966/1555/21 1967/1556/21
f 1967/1556/21 1966/1555/21 1968/1557/21
f 1969/1558/21 1970/1559/21 1971/1560/21
f 1971/1560/21 1970/1559/21 1972/1561/21
f 1973/1562/21 1974/1563/21 1975/1564/21
f 1975/1564/21 1974/1563/21 1976/1565/21
f 1977/1566/21 1978/1567/21 1979/1568/21
f 1979/1568/21 1978/1567/21 1980/1569/21
f 1981/1570/21 1982/1571/21 1983/1572/21
f 1983/1572/21 1982/1571/21 1984/1573/21
f 1985/1574/21 1986/1575/21 1987/1576/21
f 1987/1576/21 1986/1575/21 1988/1577/21
f 1989/1578/21 1990/1579/21 1991/1580/21
f 1991/1580/21 1990/1579/21 1992/1581/21
f 1993/1582/21 1994/1583/21 1995/1584/21
f 1995/1584/21 1994/1583/21 1996/1585/21
f 1997/1586/21 1998/1587/21 1999/1588/21
f 1999/1588/21 1998/1587/21 2000/1589/21
f 2001/1590/22 2002/1591/22 2003/1592/22
f 2003/1592/22 2002/1591/22 2004/1593/22
f 2005/1594/23 2006/1595/23 2007/1596/23
f 2007/1596/23 2006/1595/23 2008/1597/23
f 2009/1598/24 2010/1599/24 2011/1600/24
f 2011/1600/24 2010/1599/24 2012/1601/24
f 2013/1602/21 2014/1603/21 2015/1604/21
f 2015/1604/21 2014/1603/21 2016/1605/21
f 2017/1586/21 2018/1587/21 2019/1588/21
f 2019/1588/21 2018/1587/21 2020/1589/21
f 2021/1586/21 2022/1587/21 2023/1588/21
f 2023/1588/21 2022/1587/21 2024/1589/21
f 2025/1606/25 2026/1607/26 2027/1608/25
f 2027/1608/25 2026/1607/26 2028/1609/25
f 2029/1610/25 2030/1611/26 2031/1612/25
f 2031/1612/25 2030/1611/26 2032/1613/25
f 2033/1586/21 2034/1587/21 2035/1588/21
f 2035/1588/21 2034/1587/21 2036/1589/21
f 2037/1586/21 2038/1587/21 2039/1588/21
f 2039/1588/21 2038/1587/21 2040/1589/21
f 2041/1586/21 2042/1587/21 2043/1588/21
f 2043/1588/21 2042/1587/21 2044/1589/21
f 2045/1586/21 2046/1587/21 2047/1588/21
f 2047/1588/21 2046/1587/21 2048/1589/21
f 2049/1586/21 2050/1614/21 2051/1588/21
f 2051/1588/21 2050/1614/21 2052/1589/21
f 2053/1586/21 2054/1614/21 2055/1588/21
f 2055/1588/21 2054/1614/21 2056/1589/21
f 2057/1586/21 2058/1614/21 2059/1588/21
f 2059/1588/21 2058/1614/21 2060/1589/21
f 2061/1586/21 2062/1614/21 2063/1588/21
f 2063/1588/21 2062/1614/21 2064/1589/21
f 2065/1586/21 2066/1614/21 2067/1588/21
f 2067/1588/21 2066/1614/21 2068/1589/21
f 2069/1586/21 2070/1614/21 2071/1588/21
f 2071/1588/21 2070/1614/21 2072/1589/21
f 2073/1586/21 2074/1614/21 2075/1588/21
f 2075/1588/21 2074/1614/21 2076/1589/21
f 2077/1586/21 2078/1614/21 2079/1588/21
f 2079/1588/21 2078/1614/21 2080/1589/21
f 2081/1615/21 2082/1616/21 2083/1617/21
f 2083/1617/21 2082/1616/21 2084/1618/21
f 2085/1619/21 2086/1620/21 2087/1621/21
f 2087/1621/21 2086/1620/21 2088/1622/21
f 2089/1623/21 2090/1624/21 2091/1625/21
f 2092/1625/21 2093/1624/21 2094/1626/21
f 2095/1627/21 2096/1628/21 2097/1629/21
f 2097/1629/21 2096/1628/21 2098/1630/21
f 2099/1631/21 2100/1632/21 2101/1633/21
f 2101/1633/21 2100/1632/21 2102/1634/21
f 2103/1635/21 2104/1636/21 2105/1637/21
f 2105/1637/21 2104/1636/21 2106/1638/21
f 2107/1586/21 2108/1614/21 2109/1588/21
f 2109/1588/21 2108/1614/21 2110/1589/21
f 2111/1586/21 2112/1614/21 2113/1588/21
f 2113/1588/21 2112/1614/21 2114/1589/21
f 2115/1586/21 2116/1614/21 2117/1588/21
f 2117/1588/21 2116/1614/21 2118/1589/21
f 2119/1586/21 2120/1614/21 2121/1588/21
f 2121/1588/21 2120/1614/21 2122/1589/21
f 2123/1639/21 2124/1640/21 2125/1641/27
f 2125/1641/27 2124/1640/21 2126/1642/27
f 2127/1586/21 2128/1614/21 2129/1588/21
f 2129/1588/21 2128/1614/21 2130/1589/21
f 2131/1586/21 2132/1614/21 2133/1588/21
f 2133/1588/21 2132/1614/21 2134/1589/21
f 2135/1586/21 2136/1614/21 2137/1588/21
f 2137/1588/21 2136/1614/21 2138/1589/21
f 2139/1586/21 2140/1614/21 2141/1588/21
f 2141/1588/21 2140/1614/21 2142/1589/21
f 2143/1586/21 2144/1614/21 2145/1588/21
f 2145/1588/21 2144/1614/21 2146/1589/21
f 2147/1586/21 2148/1614/21 2149/1588/21
f 2149/1588/21 2148/1614/21 2150/1589/21
f 2151/1619/21 2152/1620/21 2153/1621/21
f 2153/1621/21 2152/1620/21 2154/1622/21
f 2155/1635/21 2156/1636/21 2157/1637/21
f 2157/1637/21 2156/1636/21 2158/1638/21
f 2159/1518/21 2160/1519/21 2161/1520/21
f 2161/1520/21 2160/1519/21 2162/1521/21
f 2163/1643/21 2164/1531/21 2165/1644/21
f 2165/1644/21 2164/1531/21 2166/1533/21
f 2167/1645/21 2168/1603/21 2169/1646/21
f 2169/1646/21 2168/1603/21 2170/1605/21
f 2171/1647/21 2172/1648/21 2173/1649/21
f 2173/1649/21 2172/1648/21 2174/1650/21
f 2175/1586/21 2176/1614/21 2177/1588/21
f 2177/1588/21 2176/1614/21 2178/1589/21
f 2179/1586/21 2180/1614/21 2181/1588/21
f 2181/1588/21 2180/1614/21 2182/1589/21
f 2183/1586/21 2184/1614/21 2185/1588/21
f 2185/1588/21 2184/1614/21 2186/1589/21
f 2187/1586/21 2188/1614/21 2189/1588/21
f 2189/1588/21 2188/1614/21 2190/1589/21
f 2191/1586/21 2192/1614/21 2193/1588/21
f 2193/1588/21 2192/1614/21 2194/1589/21
f 2195/1586/21 2196/1614/21 2197/1588/21
f 2197/1588/21 2196/1614/21 2198/1589/21
f 2199/1586/21 2200/1614/21 2201/1588/21
f 2201/1588/21 2200/1614/21 2202/1589/21
f 2203/1651/25 2204/1652/25 2205/1653/25
f 2205/1653/25 2204/1652/25 2206/1654/25
f 2207/1586/21 2208/1614/21 2209/1588/21
f 2209/1588/21 2208/1614/21 2210/1589/21
f 2211/1586/21 2212/1614/21 2213/1588/21
f 2213/1588/21 2212/1614/21 2214/1589/21
f 2215/1586/21 2216/1614/21 2217/1588/21
f 2217/1588/21 2216/1614/21 2218/1589/21
f 2219/1586/21 2220/1614/21 2221/1588/21
f 2221/1588/21 2220/1614/21 2222/1589/21
f 2223/1586/21 2224/1614/21 2225/1588/21
f 2225/1588/21 2224/1614/21 2226/1589/21
f 2227/1586/21 2228/1614/21 2229/1588/21
f 2229/1588/21 2228/1614/21 2230/1589/21
f 2231/1466/21 2232/1467/21 2233/1468/21
f 2233/1468/21 2232/1467/21 2234/1469/21
f 2235/1470/21 2236/1471/21 2237/1472/21
f 2237/1472/21 2236/1471/21 2238/1473/21
f 2239/1442/21 2240/1443/21 2241/1444/21
f 2241/1444/21 2240/1443/21 2242/1655/21
f 2243/1656/21 2244/1657/21 2245/1658/21
f 2245/1658/21 2244/1657/21 2246/1659/21
f 2247/1660/21 2248/1661/21 2249/1662/21
f 2249/1662/21 2248/1661/21 2250/1663/21
f 2251/1664/21 2252/1665/21 2253/1666/21
f 2253/1666/21 2252/1665/21 2254/1667/21
f 2255/1668/21 2256/1669/21 2257/1670/21
f 2257/1670/21 2256/1669/21 2258/1671/21
f 2259/1672/21 2260/1673/21 2261/1674/21
f 2261/1674/21 2260/1673/21 2262/1675/21
f 2263/1502/21 2264/1503/21 2265/1676/21
f 2265/1676/21 2264/1503/21 2266/1677/21
f 2267/1678/21 2268/1547/21 2269/1548/21
f 2269/1548/21 2268/1547/21 2270/1549/21
f 2271/1679/21 2272/1680/21 2273/1681/21
f 2273/1681/21 2272/1680/21 2274/1682/21
f 2275/1683/21 2276/1684/21 2277/1685/21
f 2277/1685/21 2276/1684/21 2278/1497/21
f 2279/1686/21 2280/1687/21 2281/1688/21
f 2281/1688/21 2280/1687/21 2282/1689/21
f 2283/1690/21 2284/1691/21 2285/1552/21
f 2285/1552/21 2284/1691/21 2286/1553/21
f 2287/1692/21 2288/1693/21 2289/1694/21
f 2289/1694/21 2288/1693/21 2290/1695/21
f 2291/1696/21 2292/1697/21 2293/1698/21
f 2293/1698/21 2292/1697/21 2294/1699/21
f 2295/1700/21 2296/1701/21 2297/1702/21
f 2297/1702/21 2296/1701/21 2298/1703/21
f 2299/1704/21 2300/1705/21 2301/1706/21
f 2301/1706/21 2300/1705/21 2302/1707/21
f 2303/1708/21 2304/1709/21 2305/1710/21
f 2305/1710/21 2304/1709/21 2306/1711/21
f 2307/1712/21 2308/1713/21 2309/1714/21
f 2309/1714/21 2308/1713/21 2310/1715/21
f 2311/1716/21 2312/1717/21 2313/1718/21
f 2313/1718/21 2312/1717/21 2314/1719/21
f 2315/1720/21 2316/1721/21 2317/1722/21
f 2317/1722/21 2316/1721/21 2318/1723/21
f 2319/1724/21 2320/1725/21 2321/1726/21
f 2321/1726/21 2320/1725/21 2322/1727/21
f 2323/1728/21 2324/1729/21 2325/1730/21
f 2325/1730/21 2324/1729/21 2326/1731/21
f 2327/1732/21 2328/1733/21 2329/1734/21
f 2329/1734/21 2328/1733/21 2330/1735/21
f 2331/1736/28 2332/1737/28 2333/1738/28
f 2333/1738/28 2332/1737/28 2334/1739/28
f 2335/1740/28 2336/1741/28 2337/1742/28
f 2337/1742/28 2336/1741/28 2338/1743/28
f 2339/1744/28 2340/1745/28 2341/1746/28
f 2341/1746/28 2340/1745/28 2342/1747/28
f 2343/1748/28 2344/1749/28 2345/1750/28
f 2345/1750/28 2344/1749/28 2346/1751/28
f 2347/1752/28 2348/1753/28 2349/1754/28
f 2349/1754/28 2348/1753/28 2350/1755/28
f 2351/1756/28 2352/1757/28 2353/1758/28
f 2353/1758/28 2352/1757/28 2354/1759/28
f 2355/1760/29 2356/1761/30 2357/1762/30
f 2357/1762/30 2356/1761/30 2358/1763/30
f 2359/1764/31 2360/1765/31 2361/1766/31
f 2361/1766/31 2360/1765/31 2362/1767/31
f 2363/1768/31 2364/1769/30 2365/1770/30
f 2365/1770/30 2364/1769/30 2366/1771/31
f 2367/1772/30 2368/1773/31 2369/1774/31
f 2369/1774/31 2368/1773/31 2370/1775/30
f 2371/1776/28 2372/1777/28 2373/1778/28
f 2373/1778/28 2372/1777/28 2374/1779/28
f 2375/1780/28 2376/1781/28 2377/1782/28
f 2377/1782/28 2376/1781/28 2378/1783/28
f 2379/1784/28 2380/1785/28 2381/1786/28
f 2381/1786/28 2380/1785/28 2382/1787/28
f 2383/1788/28 2384/1789/28 2385/1790/28
f 2385/1790/28 2384/1789/28 2386/1791/28
f 2387/1792/28 2388/1793/28 2389/1794/28
f 2389/1794/28 2388/1793/28 2390/1795/28
f 2391/1796/28 2392/1797/28 2393/1798/28
f 2393/1798/28 2392/1797/28 2394/1799/28
f 2395/1800/28 2396/1801/28 2397/1802/28
f 2397/1802/28 2396/1801/28 2398/1803/28
f 2399/1804/28 2400/1805/28 2401/1806/28
f 2401/1806/28 2400/1805/28 2402/1807/28
f 2403/1808/28 2404/1809/28 2405/1810/28
f 2405/1810/28 2404/1809/28 2406/1811/28
f 2407/1812/28 2408/1813/28 2409/1814/28
f 2409/1814/28 2408/1813/28 2410/1815/28
f 2411/1816/28 2412/1817/28 2413/1818/28
f 2413/1818/28 2412/1817/28 2414/1819/28
f 2415/1820/28 2416/1821/28 2417/1822/28
f 2417/1822/28 2416/1821/28 2418/1823/28
f 2419/1824/28 2420/1825/28 2421/1826/28
f 2421/1826/28 2420/1825/28 2422/1827/28
f 2423/1828/28 2424/1829/28 2425/1830/28
f 2425/1830/28 2424/1829/28 2426/1831/28
f 2427/1832/28 2428/1833/28 2429/1834/28
f 2429/1834/28 2428/1833/28 2430/1835/28
f 2431/1836/28 2432/1837/28 2433/1838/28
f 2433/1838/28 2432/1837/28 2434/1839/28
f 2435/1840/28 2436/1841/28 2437/1842/28
f 2437/1842/28 2436/1841/28 2438/1843/28
f 2439/1844/28 2440/1845/28 2441/1846/28
f 2441/1846/28 2440/1845/28 2442/1847/28
f 2443/1848/28 2444/1849/28 2445/1850/28
f 2445/1850/28 2444/1849/28 2446/1851/28
f 2447/1852/28 2448/1853/28 2449/1854/28
f 2449/1854/28 2448/1853/28 2450/1855/28
f 2451/1856/28 2452/1857/28 2453/1858/28
f 2453/1858/28 2452/1857/28 2454/1859/28
f 2455/1860/28 2456/1861/28 2457/1862/28
f 2457/1862/28 2456/1861/28 2458/1863/28
f 2459/1864/28 2460/1865/28 2461/1866/28
f 2461/1866/28 2460/1865/28 2462/1867/28
f 2463/1868/28 2464/1869/28 2465/1870/28
f 2465/1870/28 2464/1869/28 2466/1871/28
f 2467/1872/28 2468/1873/28 2469/1874/28
f 2469/1874/28 2468/1873/28 2470/1875/28
f 2471/1876/28 2472/1877/28 2473/1878/28
f 2473/1878/28 2472/1877/28 2474/1879/28
f 2475/1880/28 2476/1881/28 2477/1882/28
f 2477/1882/28 2476/1881/28 2478/1883/28
f 2479/1884/28 2480/1885/28 2481/1886/28
f 2481/1886/28 2480/1885/28 2482/1887/28
f 2483/1888/28 2484/1889/28 2485/1890/28
f 2485/1890/28 2484/1889/28 2486/1891/28
f 2487/1892/28 2488/1893/28 2489/1894/28
f 2489/1894/28 2488/1893/28 2490/1895/28
f 2491/1896/28 2492/1897/28 2493/1898/28
f 2493/1898/28 2492/1897/28 2494/1899/28
f 2495/1900/28 2496/1901/28 2497/1902/28
f 2497/1902/28 2496/1901/28 2498/1903/28
f 2499/1904/28 2500/1905/28 2501/1906/28
f 2501/1906/28 2500/1905/28 2502/1907/28
f 2503/1908/28 2504/1909/28 2505/1910/28
f 2505/1910/28 2504/1909/28 2506/1911/28
f 2507/1912/28 2508/1913/28 2509/1914/28
f 2509/1914/28 2508/1913/28 2510/1915/28
f 2511/1916/28 2512/1917/28 2513/1918/28
f 2513/1918/28 2512/1917/28 2514/1919/28
f 2515/1920/28 2516/1921/28 2517/1922/28
f 2517/1922/28 2516/1921/28 2518/1923/28
f 2519/1924/28 2520/1925/28 2521/1926/28
f 2521/1926/28 2520/1925/28 2522/1927/28
f 2523/1928/28 2524/1929/28 2525/1930/28
f 2525/1930/28 2524/1929/28 2526/1931/28
f 2527/1932/28 2528/1933/28 2529/1934/28
f 2529/1934/28 2528/1933/28 2530/1935/28
f 2531/1936/28 2532/1937/28 2533/1938/28
f 2533/1938/28 2532/1937/28 2534/1939/28
f 2535/1940/28 2536/1941/28 2537/1942/28
f 2537/1942/28 2536/1941/28 2538/1943/28
f 2539/1944/28 2540/1945/28 2541/1946/28
f 2541/1946/28 2540/1945/28 2542/1947/28
f 2543/1948/28 2544/1949/28 2545/1950/28
f 2545/1950/28 2544/1949/28 2546/1951/28
f 2547/1952/28 2548/1953/28 2549/1954/28
f 2549/1954/28 2548/1953/28 2550/1955/28
f 2551/1956/28 2552/1957/28 2553/1958/28
f 2553/1958/28 2552/1957/28 2554/1959/28
f 2555/1960/28 2556/1961/28 2557/1962/28
f 2557/1962/28 2556/1961/28 2558/1963/28
f 2559/1964/28 2560/1965/28 2561/1966/28
f 2561/1966/28 2560/1965/28 2562/1967/28
f 2563/1968/28 2564/1969/28 2565/1970/28
f 2565/1970/28 2564/1969/28 2566/1971/28
f 2567/1972/28 2568/1973/28 2569/1974/28
f 2569/1974/28 2568/1973/28 2570/1975/28
f 2571/1976/28 2572/1977/28 2573/1978/28
f 2573/1978/28 2572/1977/28 2574/1979/28
f 2575/1980/28 2576/1981/28 2577/1982/28
f 2577/1982/28 2576/1981/28 2578/1983/28
f 2579/1984/28 2580/1985/28 2581/1986/28
f 2581/1986/28 2580/1985/28 2582/1987/28
f 2583/1988/28 2584/1989/28 2585/1990/28
f 2585/1990/28 2584/1989/28 2586/1991/28
f 2587/1992/28 2588/1993/28 2589/1994/28
f 2589/1994/28 2588/1993/28 2590/1995/28
f 2591/1996/28 2592/1997/28 2593/1998/28
f 2593/1998/28 2592/1997/28 2594/1999/28
f 2595/2000/28 2596/2001/28 2597/2002/28
f 2597/2002/28 2596/2001/28 2598/2003/28
f 2599/2004/28 2600/2005/28 2601/2006/28
f 2601/2006/28 2600/2005/28 2602/2007/28
f 2603/2008/28 2604/2009/28 2605/2010/28
f 2605/2010/28 2604/2009/28 2606/2011/28
f 2607/2012/28 2608/1821/28 2609/2013/28
f 2609/2013/28 2608/1821/28 2610/1823/28
f 2611/2012/28 2612/1821/28 2613/2013/28
f 2613/2013/28 2612/1821/28 2614/1823/28
f 2615/2014/28 2616/2015/28 2617/2016/28
f 2617/2016/28 2616/2015/28 2618/2017/28
f 2619/2018/28 2620/2019/28 2621/2020/28
f 2621/2020/28 2620/2019/28 2622/2021/28
f 2623/2022/28 2624/2023/28 2625/2024/28
f 2625/2024/28 2624/2023/28 2626/2025/28
f 2627/2026/28 2628/2027/28 2629/2028/28
f 2629/2028/28 2628/2027/28 2630/2029/28
f 2631/2030/28 2632/2031/28 2633/2032/28
f 2633/2032/28 2632/2031/28 2634/2033/28
f 2635/2034/28 2636/2035/28 2637/2036/28
f 2637/2036/28 2636/2035/28 2638/2037/28
f 2639/2038/28 2640/2039/28 2641/2040/28
f 2641/2040/28 2640/2039/28 2642/2041/28
f 2643/2042/28 2644/2043/28 2645/2044/28
f 2645/2044/28 2644/2043/28 2646/2045/28
f 2647/2012/28 2648/1821/28 2649/2013/28
f 2649/2013/28 2648/1821/28 2650/1823/28
f 2651/2046/28 2652/2047/28 2653/2048/28
f 2653/2048/28 2652/2047/28 2654/2049/28
f 2655/2050/28 2656/2051/28 2657/2052/28
f 2657/2052/28 2656/2051/28 2658/2053/28
f 2659/2054/28 2660/2055/28 2661/2056/28
f 2661/2056/28 2660/2055/28 2662/2057/28
f 2663/2012/28 2664/1821/28 2665/2013/28
f 2665/2013/28 2664/1821/28 2666/1823/28
f 2667/2026/28 2668/2027/28 2669/2028/28
f 2669/2028/28 2668/2027/28 2670/2029/28
f 2671/2012/28 2672/1821/28 2673/2013/28
f 2673/2013/28 2672/1821/28 2674/1823/28
f 2675/2018/28 2676/2019/28 2677/2020/28
f 2677/2020/28 2676/2019/28 2678/2021/28
f 2679/1836/28 2680/1837/28 2681/1838/28
f 2681/1838/28 2680/1837/28 2682/1839/28
f 2683/1824/28 2684/1825/28 2685/2058/28
f 2685/2058/28 2684/1825/28 2686/1827/28
f 2687/2054/28 2688/2055/28 2689/2056/28
f 2689/2056/28 2688/2055/28 2690/2057/28
f 2691/1780/28 2692/1781/28 2693/1782/28
f 2693/1782/28 2692/1781/28 2694/1783/28
f 2695/2012/28 2696/1821/28 2697/2013/28
f 2697/2013/28 2696/1821/28 2698/1823/28
f 2699/2054/28 2700/2055/28 2701/2056/28
f 2701/2056/28 2700/2055/28 2702/2057/28
f 2703/1776/28 2704/2059/28 2705/1778/28
f 2705/1778/28 2704/2059/28 2706/2060/28
f 2707/1852/28 2708/2061/28 2709/1854/28
f 2709/1854/28 2708/2061/28 2710/2062/28
f 2711/2012/28 2712/1821/28 2713/2013/28
f 2713/2013/28 2712/1821/28 2714/1823/28
f 2715/2012/28 2716/1821/28 2717/2013/28
f 2717/2013/28 2716/1821/28 2718/1823/28
f 2719/2063/28 2720/2064/28 2721/2065/28
f 2721/2065/28 2720/2064/28 2722/2066/28
f 2723/2067/28 2724/2068/28 2725/2069/28
f 2725/2069/28 2724/2068/28 2726/2070/28
f 2727/2071/28 2728/2072/28 2729/2073/28
f 2729/2073/28 2728/2072/28 2730/2074/28
f 2731/2075/28 2732/2076/28 2733/2077/28
f 2733/2077/28 2732/2076/28 2734/2078/28
f 2735/2079/28 2736/2080/28 2737/2081/28
f 2737/2081/28 2736/2080/28 2738/2082/28
f 2739/2083/28 2740/2084/28 2741/2085/28
f 2741/2085/28 2740/2084/28 2742/2086/28
f 2743/2087/28 2744/2088/28 2745/2089/28
f 2745/2089/28 2744/2088/28 2746/2090/28
f 2747/2091/28 2748/2092/28 2749/2093/28
f 2749/2093/28 2748/2092/28 2750/2094/28
f 2751/2095/28 2752/2096/28 2753/2097/28
f 2753/2097/28 2752/2096/28 2754/2098/28
f 2755/2099/28 2756/2100/28 2757/2101/28
f 2757/2101/28 2756/2100/28 2758/2102/28
f 2759/2103/28 2760/2104/28 2761/2105/28
f 2761/2105/28 2760/2104/28 2762/2106/28
f 2763/2107/28 2764/2108/28 2765/2109/28
f 2765/2109/28 2764/2108/28 2766/2110/28
f 2767/2111/28 2768/2112/28 2769/2113/28
f 2769/2113/28 2768/2112/28 2770/2114/28
f 2771/2115/28 2772/2116/28 2773/2117/28
f 2773/2117/28 2772/2116/28 2774/2118/28
f 2775/2119/28 2776/2120/28 2777/2121/28
f 2777/2121/28 2776/2120/28 2778/2122/28
f 2779/2123/28 2780/2124/28 2781/2125/28
f 2781/2125/28 2780/2124/28 2782/2126/28
f 2783/2127/28 2784/2128/28 2785/2129/28
f 2785/2129/28 2784/2128/28 2786/2130/28
f 2787/2131/28 2788/2132/28 2789/2133/28
f 2789/2133/28 2788/2132/28 2790/2134/28
f 2791/2135/28 2792/2136/28 2793/2137/28
f 2793/2137/28 2792/2136/28 2794/2138/28
f 2795/2139/28 2796/2140/28 2797/2141/28
f 2797/2141/28 2796/2140/28 2798/2142/28
f 2799/2143/28 2800/2144/28 2801/2145/28
f 2801/2145/28 2800/2144/28 2802/2146/28
f 2803/2147/28 2804/2148/28 2805/2149/28
f 2805/2149/28 2804/2148/28 2806/2150/28
f 2807/2151/28 2808/2152/28 2809/2153/28
f 2809/2153/28 2808/2152/28 2810/2154/28
f 2811/2155/28 2812/2156/28 2813/2157/28
f 2813/2157/28 2812/2156/28 2814/2158/28
f 2815/2159/28 2816/2160/28 2817/2161/28
f 2817/2161/28 2816/2160/28 2818/2162/28
f 2819/2163/28 2820/2164/28 2821/2165/28
f 2821/2165/28 2820/2164/28 2822/2166/28
f 2823/2167/28 2824/2168/28 2825/2169/28
f 2825/2169/28 2824/2168/28 2826/2170/28
f 2827/2171/28 2828/2172/28 2829/2173/28
f 2829/2173/28 2828/2172/28 2830/2174/28
f 2831/2175/28 2832/2176/28 2833/2177/28
f 2833/2177/28 2832/2176/28 2834/2178/28
f 2835/2012/28 2836/1821/28 2837/2179/28
f 2837/2179/28 2836/1821/28 2838/2180/28
f 2839/2175/28 2840/2176/28 2841/2177/28
f 2841/2177/28 2840/2176/28 2842/2178/28
f 2843/2175/28 2844/2176/28 2845/2177/28
f 2845/2177/28 2844/2176/28 2846/2178/28
f 2847/2012/28 2848/1821/28 2849/2181/28
f 2849/2181/28 2848/1821/28 2850/2182/28
f 2851/2175/28 2852/2176/28 2853/2177/28
f 2853/2177/28 2852/2176/28 2854/2178/28
f 2855/2183/28 2856/2184/28 2857/2185/28
f 2857/2185/28 2856/2184/28 2858/2186/28
f 2859/2187/28 2860/2188/28 2861/2189/28
f 2861/2189/28 2860/2188/28 2862/2190/28
f 2863/2191/28 2864/2192/28 2865/2193/28
f 2865/2193/28 2864/2192/28 2866/2194/28
f 2867/2175/28 2868/2176/28 2869/2177/28
f 2869/2177/28 2868/2176/28 2870/2178/28
f 2871/2175/28 2872/2176/28 2873/2177/28
f 2873/2177/28 2872/2176/28 2874/2178/28
f 2875/2195/28 2876/2196/28 2877/2197/28
f 2877/2197/28 2876/2196/28 2878/2198/28
f 2879/2199/28 2880/2200/28 2881/2201/28
f 2881/2201/28 2880/2200/28 2882/2202/28
f 2883/2203/28 2884/2204/28 2885/2205/28
f 2885/2205/28 2884/2204/28 2886/2206/28
f 2887/2012/28 2888/1821/28 2889/2179/28
f 2889/2179/28 2888/1821/28 2890/2180/28
f 2891/2175/28 2892/2176/28 2893/2177/28
f 2893/2177/28 2892/2176/28 2894/2178/28
f 2895/2175/28 2896/2176/28 2897/2177/28
f 2897/2177/28 2896/2176/28 2898/2178/28
f 2899/2175/28 2900/2176/28 2901/2177/28
f 2901/2177/28 2900/2176/28 2902/2178/28
f 2903/2207/28 2904/2208/28 2905/2209/28
f 2905/2209/28 2904/2208/28 2906/2210/28
f 2907/2175/28 2908/2176/28 2909/2177/28
f 2909/2177/28 2908/2176/28 2910/2178/28
f 2911/2175/28 2912/2176/28 2913/2177/28
f 2913/2177/28 2912/2176/28 2914/2178/28
f 2915/2012/28 2916/1821/28 2917/2179/28
f 2917/2179/28 2916/1821/28 2918/2180/28
f 2919/2175/28 2920/2176/28 2921/2177/28
f 2921/2177/28 2920/2176/28 2922/2178/28
f 2923/2187/28 2924/2188/28 2925/2189/28
f 2925/2189/28 2924/2188/28 2926/2190/28
f 2927/1824/28 2928/1825/28 2929/2058/28
f 2929/2058/28 2928/1825/28 2930/1827/28
f 2931/1780/28 2932/1781/28 2933/1782/28
f 2933/1782/28 2932/1781/28 2934/1783/28
f 2935/2175/28 2936/2176/28 2937/2177/28
f 2937/2177/28 2936/2176/28 2938/2178/28
f 2939/2199/28 2940/2200/28 2941/2201/28
f 2941/2201/28 2940/2200/28 2942/2202/28
f 2943/2175/28 2944/2176/28 2945/2177/28
f 2945/2177/28 2944/2176/28 2946/2178/28
f 2947/2211/28 2948/2059/28 2949/2212/28
f 2949/2212/28 2948/2059/28 2950/2060/28
f 2951/1808/28 2952/1809/28 2953/1810/28
f 2953/1810/28 2952/1809/28 2954/1811/28
f 2955/2012/28 2956/1821/28 2957/2179/28
f 2957/2179/28 2956/1821/28 2958/2180/28
f 2959/2213/28 2960/2061/28 2961/2214/28
f 2961/2214/28 2960/2061/28 2962/2062/28
f 2963/2175/28 2964/2176/28 2965/2177/28
f 2965/2177/28 2964/2176/28 2966/2178/28
f 2967/2175/28 2968/2176/28 2969/2177/28
f 2969/2177/28 2968/2176/28 2970/2178/28
f 2971/2175/28 2972/2176/28 2973/2177/28
f 2973/2177/28 2972/2176/28 2974/2178/28
f 2975/2215/28 2976/2216/28 2977/2217/28
f 2977/2217/28 2976/2216/28 2978/2218/28
f 2979/2175/28 2980/2176/28 2981/2177/28
f 2981/2177/28 2980/2176/28 2982/2178/28
f 2983/2175/28 2984/2176/28 2985/2177/28
f 2985/2177/28 2984/2176/28 2986/2178/28
f 2987/2012/28 2988/1821/28 2989/2219/28
f 2989/2219/28 2988/1821/28 2990/2220/28
f 2991/2221/28 2992/2222/28 2993/2065/28
f 2993/2065/28 2992/2222/28 2994/2066/28
f 2995/2223/28 2996/2224/28 2997/2225/28
f 2997/2225/28 2996/2224/28 2998/2226/28
f 2999/2075/28 3000/2076/28 3001/2077/28
f 3001/2077/28 3000/2076/28 3002/2078/28
f 3003/2071/28 3004/2072/28 3005/2073/28
f 3005/2073/28 3004/2072/28 3006/2074/28
f 3007/2151/28 3008/2152/28 3009/2153/28
f 3009/2153/28 3008/2152/28 3010/2154/28
f 3011/2159/28 3012/2160/28 3013/2161/28
f 3013/2161/28 3012/2160/28 3014/2162/28
f 3015/2163/28 3016/2164/28 3017/2165/28
f 3017/2165/28 3016/2164/28 3018/2166/28
f 3019/2167/28 3020/2168/28 3021/2169/28
f 3021/2169/28 3020/2168/28 3022/2170/28
f 3023/2171/28 3024/2172/28 3025/2173/28
f 3025/2173/28 3024/2172/28 3026/2174/28
f 3027/2143/28 3028/2144/28 3029/2145/28
f 3029/2145/28 3028/2144/28 3030/2146/28
f 3031/2147/28 3032/2148/28 3033/2149/28
f 3033/2149/28 3032/2148/28 3034/2150/28
f 3035/2139/28 3036/2140/28 3037/2141/28
f 3037/2141/28 3036/2140/28 3038/2142/28
f 3039/2155/28 3040/2156/28 3041/2157/28
f 3041/2157/28 3040/2156/28 3042/2158/28
f 3043/1736/28 3044/1737/28 3045/1738/28
f 3045/1738/28 3044/1737/28 3046/1739/28
f 3047/2227/28 3048/1741/28 3049/2228/28
f 3049/2228/28 3048/1741/28 3050/1743/28
f 3051/2229/31 3052/2230/31 3053/2231/31
f 3053/2231/31 3052/2230/31 3054/2232/31
f 3055/2233/30 3056/2234/30 3057/2235/31
f 3057/2235/31 3056/2234/30 3058/2236/30
f 3059/2237/31 3060/2238/31 3061/2239/30
f 3061/2239/30 3060/2238/31 3062/2240/31
f 3063/2241/31 3064/2242/30 3065/2243/31
f 3065/2243/31 3064/2242/30 3066/2244/30
f 3067/1756/28 3068/1757/28 3069/1758/28
f 3069/1758/28 3068/1757/28 3070/1759/28
f 3071/1752/28 3072/2245/28 3073/1754/28
f 3073/1754/28 3072/2245/28 3074/1755/28
f 3075/1820/28 3076/1821/28 3077/2246/28
f 3077/2246/28 3076/1821/28 3078/1823/28
f 3079/1796/28 3080/1797/28 3081/1798/28
f 3081/1798/28 3080/1797/28 3082/1799/28
f 3083/2247/28 3084/2248/28 3085/2249/28
f 3085/2249/28 3084/2248/28 3086/1795/28
f 3087/2250/28 3088/2251/28 3089/2252/28
f 3089/2252/28 3088/2251/28 3090/2253/28
f 3091/1840/28 3092/1841/28 3093/1842/28
f 3093/1842/28 3092/1841/28 3094/1843/28
f 3095/2254/28 3096/2255/28 3097/1846/28
f 3097/1846/28 3096/2255/28 3098/1847/28
f 3099/2256/28 3100/2257/28 3101/2258/28
f 3101/2258/28 3100/2257/28 3102/2259/28
f 3103/1832/28 3104/1833/28 3105/2260/28
f 3105/2260/28 3104/1833/28 3106/2261/28
f 3107/2262/32 3108/2263/32 3109/2264/32
f 3109/2264/32 3108/2263/32 3110/2265/32
f 3111/2266/32 3112/2267/32 3113/2268/32
f 3113/2268/32 3112/2267/32 3114/2269/32
f 3115/2270/33 3116/2271/33 3117/2272/33
f 3117/2272/33 3116/2271/33 3118/2273/33
f 3119/2274/33 3120/2275/33 3121/2276/33
f 3121/2276/33 3120/2275/33 3122/2277/33
f 3123/2278/33 3124/2279/33 3125/2280/33
f 3125/2280/33 3124/2279/33 3126/2281/33
f 3127/2282/33 3128/2283/33 3129/2284/33
f 3129/2284/33 3128/2283/33 3130/2285/33
f 3131/2286/33 3132/2287/33 3133/2288/33
f 3133/2288/33 3132/2287/33 3134/2289/33
f 3135/2290/33 3136/2291/33 3137/2292/33
f 3137/2292/33 3136/2291/33 3138/2293/33
f 3139/2294/33 3140/2295/33 3141/2296/33
f 3141/2296/33 3140/2295/33 3142/2297/33
f 3143/2298/33 3144/2299/33 3145/2300/33
f 3145/2300/33 3144/2299/33 3146/2301/33
f 3147/2302/33 3148/2303/33 3149/2304/33
f 3149/2304/33 3148/2303/33 3150/2305/33
f 3151/2306/33 3152/2307/33 3153/2308/33
f 3153/2308/33 3152/2307/33 3154/2309/33
f 3155/2310/33 3156/2311/33 3157/2312/33
f 3157/2312/33 3156/2311/33 3158/2313/33
f 3159/2314/33 3160/2315/33 3161/2316/33
f 3161/2316/33 3160/2315/33 3162/2317/33
f 3163/2318/33 3164/2319/33 3165/2320/33
f 3165/2320/33 3164/2319/33 3166/2321/33
f 3167/2322/33 3168/2323/33 3169/2324/33
f 3169/2324/33 3168/2323/33 3170/2325/33
f 3171/2326/33 3172/2327/33 3173/2328/33
f 3173/2328/33 3172/2327/33 3174/2329/33
f 3175/2330/33 3176/2331/33 3177/2332/33
f 3177/2332/33 3176/2331/33 3178/2333/33
f 3179/2334/33 3180/2335/33 3181/2336/33
f 3181/2336/33 3180/2335/33 3182/2337/33
f 3183/2338/33 3184/2339/33 3185/2340/33
f 3185/2340/33 3184/2339/33 3186/2341/33
f 3187/2342/33 3188/2343/33 3189/2344/33
f 3189/2344/33 3188/2343/33 3190/2345/33
f 3191/2346/33 3192/2347/33 3193/2348/33
f 3193/2348/33 3192/2347/33 3194/2349/33
f 3195/2350/33 3196/2351/33 3197/2352/33
f 3197/2352/33 3196/2351/33 3198/2353/33
f 3199/2354/33 3200/2355/33 3201/2356/33
f 3201/2356/33 3200/2355/33 3202/2357/33
f 3203/2358/33 3204/2359/33 3205/2360/33
f 3205/2360/33 3204/2359/33 3206/2361/33
f 3207/2362/33 3208/2363/33 3209/2364/33
f 3209/2364/33 3208/2363/33 3210/2365/33
f 3211/2366/33 3212/2367/33 3213/2368/33
f 3213/2368/33 3212/2367/33 3214/2369/33
f 3215/2370/33 3216/2371/33 3217/2372/33
f 3217/2372/33 3216/2371/33 3218/2373/33
f 3219/2374/33 3220/2375/33 3221/2376/33
f 3221/2376/33 3220/2375/33 3222/2377/33
f 3223/2378/33 3224/2379/33 3225/2380/33
f 3225/2380/33 3224/2379/33 3226/2381/33
f 3227/2382/33 3228/2383/33 3229/2384/33
f 3229/2384/33 3228/2383/33 3230/2385/33
f 3231/2386/33 3232/2387/33 3233/2388/33
f 3233/2388/33 3232/2387/33 3234/2389/33
f 3235/2390/33 3236/2391/33 3237/2392/33
f 3237/2392/33 3236/2391/33 3238/2393/33
f 3239/2394/33 3240/2395/33 3241/2396/33
f 3241/2396/33 3240/2395/33 3242/2397/33
f 3243/2398/33 3244/2399/33 3245/2400/33
f 3245/2400/33 3244/2399/33 3246/2401/33
f 3247/2402/33 3248/2403/33 3249/2404/33
f 3249/2404/33 3248/2403/33 3250/2405/33
f 3251/2406/33 3252/2407/33 3253/2408/33
f 3253/2408/33 3252/2407/33 3254/2409/33
f 3255/2410/33 3256/2411/33 3257/2412/33
f 3257/2412/33 3256/2411/33 3258/2413/33
f 3259/2414/33 3260/2415/33 3261/2416/33
f 3261/2416/33 3260/2415/33 3262/2417/33
f 3263/2418/33 3264/2419/33 3265/2420/33
f 3265/2420/33 3264/2419/33 3266/2421/33
f 3267/2422/33 3268/2423/33 3269/2424/33
f 3269/2424/33 3268/2423/33 3270/2425/33
f 3271/2426/33 3272/2427/33 3273/2428/33
f 3273/2428/33 3272/2427/33 3274/2429/33
f 3275/2430/33 3276/2431/33 3277/2432/33
f 3277/2432/33 3276/2431/33 3278/2433/33
f 3279/2434/33 3280/2435/33 3281/2436/33
f 3281/2436/33 3280/2435/33 3282/2437/33
f 3283/2438/33 3284/2439/33 3285/2440/33
f 3285/2440/33 3284/2439/33 3286/2441/33
f 3287/2442/33 3288/2443/33 3289/2444/33
f 3289/2444/33 3288/2443/33 3290/2445/33
f 3291/2446/33 3292/2447/33 3293/2448/33
f 3293/2448/33 3292/2447/33 3294/2449/33
f 3295/2450/33 3296/2451/33 3297/2452/33
f 3297/2452/33 3296/2451/33 3298/2453/33
f 3299/2454/33 3300/2455/33 3301/2456/33
f 3301/2456/33 3300/2455/33 3302/2457/33
f 3303/2458/33 3304/2459/33 3305/2460/33
f 3305/2460/33 3304/2459/33 3306/2461/33
f 3307/2462/33 3308/2463/33 3309/2464/33
f 3309/2464/33 3308/2463/33 3310/2465/33
f 3311/2466/33 3312/2467/33 3313/2468/33
f 3313/2468/33 3312/2467/33 3314/2469/33
f 3315/2470/33 3316/2471/33 3317/2472/33
f 3317/2472/33 3316/2471/33 3318/2473/33
f 3319/2474/33 3320/2475/33 3321/2476/33
f 3321/2476/33 3320/2475/33 3322/2477/33
f 3323/2478/33 3324/2479/33 3325/2480/33
f 3325/2480/33 3324/2479/33 3326/2481/33
f 3327/2482/33 3328/2483/33 3329/2484/33
f 3329/2484/33 3328/2483/33 3330/2485/33
f 3331/2486/33 3332/2487/33 3333/2488/33
f 3333/2488/33 3332/2487/33 3334/2489/33
f 3335/2490/33 3336/2491/33 3337/2492/33
f 3337/2492/33 3336/2491/33 3338/2493/33
f 3339/2494/33 3340/2495/33 3341/2496/33
f 3341/2496/33 3340/2495/33 3342/2497/33
f 3343/2498/33 3344/2499/33 3345/2500/33
f 3345/2500/33 3344/2499/33 3346/2501/33
f 3347/2502/33 3348/2503/33 3349/2504/33
f 3349/2504/33 3348/2503/33 3350/2505/33
f 3351/2506/33 3352/2507/33 3353/2508/33
f 3353/2508/33 3352/2507/33 3354/2509/33
f 3355/2510/33 3356/2511/33 3357/2512/33
f 3357/2512/33 3356/2511/33 3358/2513/33
f 3359/2514/33 3360/2515/33 3361/2516/33
f 3361/2516/33 3360/2515/33 3362/2517/33
f 3363/2518/33 3364/2519/33 3365/2520/33
f 3365/2520/33 3364/2519/33 3366/2521/33
f 3367/2522/33 3368/2523/33 3369/2524/33
f 3369/2524/33 3368/2523/33 3370/2525/33
f 3371/2526/33 3372/2527/33 3373/2528/33
f 3373/2528/33 3372/2527/33 3374/2529/33
f 3375/2530/33 3376/2531/33 3377/2532/33
f 3377/2532/33 3376/2531/33 3378/2533/33
f 3379/2534/33 3380/2535/33 3381/2536/33
f 3381/2536/33 3380/2535/33 3382/2537/33
f 3383/2538/33 3384/2539/33 3385/2540/33
f 3385/2540/33 3384/2539/33 3386/2541/33
f 3387/2542/33 3388/2543/33 3389/2544/33
f 3389/2544/33 3388/2543/33 3390/2545/33
f 3391/2546/33 3392/2547/33 3393/2548/33
f 3393/2548/33 3392/2547/33 3394/2549/33
f 3395/2550/33 3396/2551/33 3397/2552/33
f 3397/2552/33 3396/2551/33 3398/2553/33
f 3399/2554/33 3400/2555/33 3401/2556/33
f 3401/2556/33 3400/2555/33 3402/2557/33
f 3403/2558/33 3404/2559/33 3405/2560/33
f 3405/2560/33 3404/2559/33 3406/2561/33
f 3407/2562/33 3408/2563/33 3409/2564/33
f 3409/2564/33 3408/2563/33 3410/2565/33
f 3411/2566/33 3412/2567/33 3413/2568/33
f 3413/2568/33 3412/2567/33 3414/2569/33
f 3415/2570/33 3416/2571/33 3417/2572/33
f 3417/2572/33 3416/2571/33 3418/2573/33
f 3419/2574/33 3420/2575/33 3421/2576/33
f 3421/2576/33 3420/2575/33 3422/2577/33
f 3423/2578/33 3424/2579/33 3425/2580/33
f 3425/2580/33 3424/2579/33 3426/2581/33
f 3427/2582/33 3428/2583/33 3429/2584/33
f 3429/2584/33 3428/2583/33 3430/2585/33
f 3431/2586/33 3432/2587/33 3433/2588/33
f 3433/2588/33 3432/2587/33 3434/2589/33
f 3435/2590/33 3436/2591/33 3437/2592/33
f 3437/2592/33 3436/2591/33 3438/2593/33
f 3439/2594/33 3440/2595/33 3441/2596/33
f 3441/2596/33 3440/2595/33 3442/2597/33
f 3443/2598/33 3444/2599/33 3445/2600/33
f 3445/2600/33 3444/2599/33 3446/2601/33
f 3447/2602/33 3448/2603/33 3449/2604/33
f 3449/2604/33 3448/2603/33 3450/2605/33
f 3451/2606/33 3452/2607/33 3453/2608/33
f 3453/2608/33 3452/2607/33 3454/2609/33
f 3455/2610/33 3456/2611/33 3457/2612/33
f 3457/2612/33 3456/2611/33 3458/2613/33
f 3459/2614/33 3460/2615/33 3461/2616/33
f 3461/2616/33 3460/2615/33 3462/2617/33
f 3463/2618/33 3464/2619/33 3465/2620/33
f 3465/2620/33 3464/2619/33 3466/2621/33
f 3467/2622/33 3468/2623/33 3469/2624/33
f 3469/2624/33 3468/2623/33 3470/2625/33
f 3471/2626/33 3472/2627/33 3473/2628/33
f 3473/2628/33 3472/2627/33 3474/2629/33
f 3475/2630/33 3476/2631/33 3477/2632/33
f 3477/2632/33 3476/2631/33 3478/2633/33
f 3479/2634/33 3480/2635/33 3481/2636/33
f 3481/2636/33 3480/2635/33 3482/2637/33
f 3483/2638/33 3484/2639/33 3485/2640/33
f 3485/2640/33 3484/2639/33 3486/2641/33
f 3487/2642/33 3488/2643/33 3489/2644/33
f 3489/2644/33 3488/2643/33 3490/2645/33
f 3491/2646/33 3492/2647/33 3493/2648/33
f 3493/2648/33 3492/2647/33 3494/2649/33
f 3495/2650/33 3496/2651/33 3497/2652/33
f 3497/2652/33 3496/2651/33 3498/2653/33
f 3499/2654/33 3500/2655/33 3501/2656/33
f 3501/2656/33 3500/2655/33 3502/2657/33
f 3503/2658/33 3504/2659/33 3505/2660/33
f 3505/2660/33 3504/2659/33 3506/2661/33
f 3507/2662/33 3508/2663/33 3509/2664/33
f 3509/2664/33 3508/2663/33 3510/2665/33
f 3511/2666/33 3512/2667/33 3513/2668/33
f 3513/2668/33 3512/2667/33 3514/2669/33
f 3515/2670/33 3516/2671/33 3517/2672/33
f 3517/2672/33 3516/2671/33 3518/2673/33
f 3519/2674/33 3520/2675/33 3521/2676/33
f 3521/2676/33 3520/2675/33 3522/2677/33
f 3523/2678/33 3524/2679/33 3525/2680/33
f 3525/2680/33 3524/2679/33 3526/2681/33
f 3527/2682/33 3528/2683/33 3529/2684/33
f 3529/2684/33 3528/2683/33 3530/2685/33
f 3531/2686/33 3532/2687/33 3533/2688/33
f 3533/2688/33 3532/2687/33 3534/2689/33
f 3535/2690/33 3536/2691/33 3537/2692/33
f 3537/2692/33 3536/2691/33 3538/2693/33
f 3539/2694/33 3540/2695/33 3541/2696/33
f 3541/2696/33 3540/2695/33 3542/2697/33
f 3543/2698/33 3544/2699/33 3545/2700/33
f 3545/2700/33 3544/2699/33 3546/2701/33
f 3547/2702/33 3548/2703/33 3549/2704/33
f 3549/2704/33 3548/2703/33 3550/2705/33
f 3551/2706/33 3552/2707/33 3553/2708/33
f 3553/2708/33 3552/2707/33 3554/2709/33
f 3555/2710/33 3556/2711/33 3557/2712/33
f 3557/2712/33 3556/2711/33 3558/2713/33
f 3559/2714/33 3560/2715/33 3561/2716/33
f 3561/2716/33 3560/2715/33 3562/2717/33
f 3563/2718/33 3564/2719/33 3565/2720/33
f 3565/2720/33 3564/2719/33 3566/2721/33
f 3567/2722/33 3568/2723/33 3569/2724/33
f 3569/2724/33 3568/2723/33 3570/2725/33
f 3571/2726/33 3572/2727/33 3573/2728/33
f 3573/2728/33 3572/2727/33 3574/2729/33
f 3575/2730/33 3576/2731/33 3577/2732/33
f 3577/2732/33 3576/2731/33 3578/2733/33
f 3579/2734/33 3580/2735/33 3581/2736/33
f 3581/2736/33 3580/2735/33 3582/2737/33
f 3583/2738/33 3584/2739/33 3585/2740/33
f 3585/2740/33 3584/2739/33 3586/2741/33
f 3587/2742/33 3588/2743/33 3589/2744/33
f 3589/2744/33 3588/2743/33 3590/2745/33
f 3591/2746/33 3592/2747/33 3593/2748/33
f 3593/2748/33 3592/2747/33 3594/2749/33
f 3595/2750/33 3596/2751/33 3597/2752/33
f 3597/2752/33 3596/2751/33 3598/2753/33
f 3599/2754/33 3600/2755/33 3601/2756/33
f 3601/2756/33 3600/2755/33 3602/2757/33
f 3603/2758/33 3604/2759/33 3605/2760/33
f 3605/2760/33 3604/2759/33 3606/2761/33
f 3607/2762/33 3608/2763/33 3609/2764/33
f 3609/2764/33 3608/2763/33 3610/2765/33
f 3611/2766/33 3612/2767/33 3613/2768/33
f 3613/2768/33 3612/2767/33 3614/2769/33
f 3615/2770/33 3616/2771/33 3617/2772/33
f 3617/2772/33 3616/2771/33 3618/2773/33
f 3619/2774/33 3620/2775/33 3621/2776/33
f 3621/2776/33 3620/2775/33 3622/2777/33
f 3623/2778/33 3624/2779/33 3625/2780/33
f 3625/2780/33 3624/2779/33 3626/2781/33
f 3627/2782/33 3628/2783/33 3629/2784/33
f 3629/2784/33 3628/2783/33 3630/2785/33
f 3631/2786/33 3632/2787/33 3633/2788/33
f 3633/2788/33 3632/2787/33 3634/2789/33
f 3635/2790/33 3636/2791/33 3637/2792/33
f 3637/2792/33 3636/2791/33 3638/2793/33
f 3639/2794/33 3640/2795/33 3641/2796/33
f 3641/2796/33 3640/2795/33 3642/2797/33
f 3643/2798/33 3644/2799/33 3645/2800/33
f 3645/2800/33 3644/2799/33 3646/2801/33
f 3647/2802/33 3648/2803/33 3649/2804/33
f 3649/2804/33 3648/2803/33 3650/2805/33
f 3651/2806/33 3652/2807/33 3653/2808/33
f 3653/2808/33 3652/2807/33 3654/2809/33
f 3655/2810/33 3656/2811/33 3657/2812/33
f 3657/2812/33 3656/2811/33 3658/2813/33
f 3659/2814/34 3660/2815/34 3661/2816/34
f 3661/2816/34 3660/2815/34 3662/2817/35
f 3663/2818/35 3664/2819/35 3665/2820/34
f 3665/2820/34 3664/2819/35 3666/2821/34
f 3667/2822/34 3668/2823/35 3669/2824/34
f 3669/2824/34 3668/2823/35 3670/2825/35
f 3671/2826/33 3672/2827/33 3673/2828/33
f 3673/2828/33 3672/2827/33 3674/2829/33
f 3675/2830/33 3676/2831/33 3677/2832/33
f 3677/2832/33 3676/2831/33 3678/2833/33
f 3679/2834/33 3680/2835/33 3681/2836/33
f 3681/2836/33 3680/2835/33 3682/2837/33
f 3683/2838/33 3684/2839/33 3685/2840/33
f 3685/2840/33 3684/2839/33 3686/2841/33
f 3687/2842/33 3688/2843/33 3689/2844/33
f 3689/2844/33 3688/2843/33 3690/2845/33
f 3691/2846/33 3692/2847/33 3693/2848/33
f 3693/2848/33 3692/2847/33 3694/2849/33
f 3695/2850/33 3696/2851/33 3697/2852/33
f 3697/2852/33 3696/2851/33 3698/2853/33
f 3699/2854/34 3700/2855/34 3701/2856/34
f 3701/2856/34 3700/2855/34 3702/2857/34
f 3703/2858/34 3704/2859/34 3705/2860/34
f 3705/2860/34 3704/2859/34 3706/2861/34
f 3707/2862/34 3708/2863/34 3709/2864/34
f 3709/2864/34 3708/2863/34 3710/2865/34
f 3711/2866/33 3712/2867/33 3713/2868/33
f 3713/2868/33 3712/2867/33 3714/2797/33
f 3715/2869/33 3716/2783/33 3717/2870/33
f 3717/2870/33 3716/2783/33 3718/2785/33
f 3719/2871/33 3720/2872/33 3721/2873/33
f 3721/2873/33 3720/2872/33 3722/2874/33
f 3723/2875/33 3724/2876/33 3725/2877/33
f 3725/2877/33 3724/2876/33 3726/2878/33
f 3727/2879/33 3728/2880/33 3729/2881/33
f 3729/2881/33 3728/2880/33 3730/2882/33
f 3731/2883/33 3732/2884/33 3733/2885/33
f 3733/2885/33 3732/2884/33 3734/2886/33
f 3735/2887/36 3736/2888/36 3737/2889/36
f 3737/2889/36 3736/2888/36 3738/2793/36
f 3739/2890/33 3740/2891/33 3741/2800/33
f 3741/2800/33 3740/2891/33 3742/2801/33
f 3743/2892/33 3744/2893/33 3745/2894/33
f 3745/2894/33 3744/2893/33 3746/2895/33
f 3747/2896/33 3748/2897/33 3749/2898/33
f 3749/2898/33 3748/2897/33 3750/2899/33
f 3751/2900/33 3752/2901/33 3753/2902/33
f 3753/2902/33 3752/2901/33 3754/2903/33
f 3755/2904/33 3756/2905/33 3757/2906/33
f 3757/2906/33 3756/2905/33 3758/2907/33
f 3759/2908/33 3760/2909/33 3761/2910/33
f 3761/2910/33 3760/2909/33 3762/2911/33
f 3763/2912/33 3764/2913/33 3765/2914/33
f 3765/2914/33 3764/2913/33 3766/2915/33
f 3767/2916/33 3768/2917/33 3769/2788/33
f 3769/2788/33 3768/2917/33 3770/2789/33
f 3771/2879/33 3772/2880/33 3773/2918/33
f 3773/2918/33 3772/2880/33 3774/2919/33
f 3775/2920/33 3776/2921/33 3777/2889/33
f 3777/2889/33 3776/2921/33 3778/2793/33
f 3779/2922/37 3780/2923/37 3781/2924/37
f 3781/2924/37 3780/2923/37 3782/2925/37
f 3783/2926/33 3784/2927/33 3785/2928/33
f 3785/2928/33 3784/2927/33 3786/2929/33
f 3787/2930/33 3788/2931/33 3789/2932/33
f 3789/2932/33 3788/2931/33 3790/2933/33
f 3791/2934/33 3792/2763/33 3793/2935/33
f 3793/2935/33 3792/2763/33 3794/2765/33
f 3795/2750/33 3796/2751/33 3797/2752/33
f 3797/2752/33 3796/2751/33 3798/2753/33
f 3799/2936/34 3800/2937/34 3801/2938/34
f 3801/2938/34 3800/2937/34 3802/2939/34
f 3803/2830/33 3804/2940/33 3805/2832/33
f 3805/2832/33 3804/2940/33 3806/2941/33
f 3807/2942/33 3808/2943/33 3809/2944/33
f 3809/2944/33 3808/2943/33 3810/2945/33
f 3811/2946/35 3812/2947/34 3813/2948/34
f 3813/2948/34 3812/2947/34 3814/2949/35
f 3815/2950/33 3816/2951/33 3817/2952/33
f 3817/2952/33 3816/2951/33 3818/2953/33
f 3819/2954/33 3820/2955/33 3821/2956/33
f 3821/2956/33 3820/2955/33 3822/2957/33
f 3823/2958/33 3824/2959/33 3825/2960/33
f 3825/2960/33 3824/2959/33 3826/2961/33
f 3827/2786/33 3828/2787/33 3829/2962/33
f 3829/2962/33 3828/2787/33 3830/2963/33
f 3831/2964/33 3832/2965/33 3833/2796/33
f 3833/2796/33 3832/2965/33 3834/2797/33
f 3835/2966/36 3836/2791/36 3837/2967/36
f 3837/2967/36 3836/2791/36 3838/2968/36
f 3839/2263/38 3840/2969/38 3841/2265/38
f 3841/2265/38 3840/2969/38 3842/2970/38
f 3843/2267/38 3844/2971/38 3845/2269/38
f 3845/2269/38 3844/2971/38 3846/2972/38
f 3847/2973/33 3848/2974/33 3849/2975/33
f 3849/2975/33 3848/2974/33 3850/2976/33
f 3851/2786/33 3852/2787/33 3853/2962/33
f 3853/2962/33 3852/2787/33 3854/2963/33
f 3855/2964/33 3856/2965/33 3857/2796/33
f 3857/2796/33 3856/2965/33 3858/2797/33
f 3859/2966/33 3860/2791/33 3861/2967/33
f 3861/2967/33 3860/2791/33 3862/2968/33
f 3863/2958/33 3864/2959/33 3865/2960/33
f 3865/2960/33 3864/2959/33 3866/2961/33
f 3867/2977/39 3868/2978/39 3869/2979/39
f 3869/2979/39 3868/2978/39 3870/2980/39
f 3871/2981/39 3872/2982/39 3873/2983/40
f 3873/2983/40 3872/2982/39 3874/2984/39
f 3875/2985/41 3876/2986/41 3877/2987/41
f 3877/2987/41 3876/2986/41 3878/2988/41
f 3879/2989/42 3880/2990/42 3881/2991/42
f 3881/2991/42 3880/2990/42 3882/2992/42
f 3883/2993/42 3884/2994/42 3885/2995/42
f 3885/2995/42 3884/2994/42 3886/2996/42
f 3887/2997/42 3888/2998/42 3889/2999/42
f 3889/2999/42 3888/2998/42 3890/3000/42
f 3891/3001/43 3892/3002/43 3893/3003/43
f 3893/3003/43 3892/3002/43 3894/3004/43
f 3895/3005/43 3896/3006/43 3897/3007/43
f 3897/3007/43 3896/3006/43 3898/3008/43
f 3899/3009/43 3900/3010/43 3901/3011/43
f 3901/3011/43 3900/3010/43 3902/3012/43
f 3903/3013/43 3904/3014/43 3905/3015/43
f 3905/3015/43 3904/3014/43 3906/3016/43
f 3907/3017/43 3908/3018/43 3909/3019/43
f 3909/3019/43 3908/3018/43 3910/3020/43
f 3911/3021/43 3912/3022/43 3913/3023/43
f 3913/3023/43 3912/3022/43 3914/3024/43
f 3915/3025/43 3916/3026/43 3917/3027/43
f 3917/3027/43 3916/3026/43 3918/3028/43
f 3919/3029/43 3920/3030/43 3921/3031/43
f 3921/3031/43 3920/3030/43 3922/3032/43
f 3923/3033/43 3924/3034/43 3925/3035/43
f 3925/3035/43 3924/3034/43 3926/3036/43
f 3927/3037/43 3928/3038/43 3929/3039/43
f 3929/3039/43 3928/3038/43 3930/3040/43
f 3931/3041/43 3932/3042/43 3933/3043/43
f 3933/3043/43 3932/3042/43 3934/3044/43
f 3935/3045/43 3936/3046/43 3937/3047/43
f 3937/3047/43 3936/3046/43 3938/3048/43
f 3939/3049/43 3940/3050/43 3941/3051/43
f 3941/3051/43 3940/3050/43 3942/3052/43
f 3943/3053/43 3944/3054/43 3945/3055/43
f 3945/3055/43 3944/3054/43 3946/3056/43
f 3947/3057/43 3948/3058/43 3949/3059/43
f 3949/3059/43 3948/3058/43 3950/3060/43
f 3951/3061/43 3952/3062/43 3953/3063/43
f 3953/3063/43 3952/3062/43 3954/3064/43
f 3955/3065/43 3956/3066/43 3957/3067/43
f 3957/3067/43 3956/3066/43 3958/3068/43
f 3959/3069/43 3960/3070/43 3961/3071/43
f 3961/3071/43 3960/3070/43 3962/3072/43
f 3963/3073/43 3964/3074/43 3965/3075/43
f 3965/3075/43 3964/3074/43 3966/3076/43
f 3967/3077/43 3968/3078/43 3969/3079/43
f 3969/3079/43 3968/3078/43 3970/3080/43
f 3971/3081/43 3972/3082/43 3973/3083/43
f 3973/3083/43 3972/3082/43 3974/3084/43
f 3975/3085/43 3976/3086/43 3977/3087/43
f 3977/3087/43 3976/3086/43 3978/3088/43
f 3979/3089/43 3980/3090/43 3981/3091/43
f 3981/3091/43 3980/3090/43 3982/3092/43
f 3983/3093/43 3984/3094/43 3985/3095/43
f 3985/3095/43 3984/3094/43 3986/3096/43
f 3987/3097/43 3988/3098/43 3989/3099/43
f 3989/3099/43 3988/3098/43 3990/3100/43
f 3991/3101/43 3992/3102/43 3993/3103/43
f 3993/3103/43 3992/3102/43 3994/3104/43
f 3995/3105/43 3996/3106/43 3997/3107/43
f 3997/3107/43 3996/3106/43 3998/3108/43
f 3999/3109/43 4000/3110/43 4001/3111/43
f 4001/3111/43 4000/3110/43 4002/3112/43
f 4003/3113/43 4004/3114/43 4005/3115/43
f 4005/3115/43 4004/3114/43 4006/3116/43
f 4007/3117/43 4008/3118/43 4009/3119/43
f 4009/3119/43 4008/3118/43 4010/3120/43
f 4011/3121/43 4012/3122/43 4013/3123/43
f 4013/3123/43 4012/3122/43 4014/3124/43
f 4015/3125/43 4016/3126/43 4017/3127/43
f 4017/3127/43 4016/3126/43 4018/3128/43
f 4019/3129/43 4020/3130/43 4021/3131/43
f 4021/3131/43 4020/3130/43 4022/3132/43
f 4023/3133/43 4024/3134/43 4025/3135/43
f 4025/3135/43 4024/3134/43 4026/3136/43
f 4027/3137/43 4028/3138/43 4029/3139/43
f 4029/3139/43 4028/3138/43 4030/3140/43
f 4031/3141/43 4032/3142/43 4033/3143/43
f 4033/3143/43 4032/3142/43 4034/3144/43
f 4035/3145/43 4036/3146/43 4037/3147/43
f 4037/3147/43 4036/3146/43 4038/3148/43
f 4039/3149/43 4040/3150/43 4041/3151/43
f 4041/3151/43 4040/3150/43 4042/3152/43
f 4043/3153/43 4044/3154/43 4045/3155/43
f 4045/3155/43 4044/3154/43 4046/3156/43
f 4047/3157/43 4048/3158/43 4049/3159/43
f 4049/3159/43 4048/3158/43 4050/3160/43
f 4051/3161/43 4052/3162/43 4053/3163/43
f 4053/3163/43 4052/3162/43 4054/3164/43
f 4055/3165/43 4056/3166/43 4057/3167/43
f 4057/3167/43 4056/3166/43 4058/3168/43
f 4059/3169/43 4060/3170/43 4061/3171/43
f 4061/3171/43 4060/3170/43 4062/3172/43
f 4063/3173/43 4064/3174/43 4065/3175/43
f 4065/3175/43 4064/3174/43 4066/3176/43
f 4067/3177/43 4068/3178/43 4069/3179/43
f 4069/3179/43 4068/3178/43 4070/3180/43
f 4071/3181/43 4072/3182/43 4073/3183/43
f 4073/3183/43 4072/3182/43 4074/3184/43
f 4075/3185/43 4076/3186/43 4077/3187/43
f 4077/3187/43 4076/3186/43 4078/3188/43
f 4079/3189/43 4080/3190/43 4081/3191/43
f 4081/3191/43 4080/3190/43 4082/3192/43
f 4083/3193/43 4084/3194/43 4085/3195/43
f 4085/3195/43 4084/3194/43 4086/3196/43
f 4087/3197/43 4088/3198/43 4089/3199/43
f 4089/3199/43 4088/3198/43 4090/3200/43
f 4091/3201/43 4092/3202/43 4093/3203/43
f 4093/3203/43 4092/3202/43 4094/3204/43
f 4095/3205/43 4096/3206/43 4097/3207/43
f 4097/3207/43 4096/3206/43 4098/3208/43
f 4099/3209/43 4100/3210/43 4101/3211/43
f 4101/3211/43 4100/3210/43 4102/3212/43
f 4103/3213/43 4104/3214/43 4105/3215/43
f 4105/3215/43 4104/3214/43 4106/3216/43
f 4107/3213/43 4108/3214/43 4109/3215/43
f 4109/3215/43 4108/3214/43 4110/3216/43
f 4111/3213/43 4112/3214/43 4113/3215/43
f 4113/3215/43 4112/3214/43 4114/3216/43
f 4115/3213/43 4116/3214/43 4117/3215/43
f 4117/3215/43 4116/3214/43 4118/3216/43
f 4119/3217/44 4120/3218/44 4121/3219/44
f 4121/3219/44 4120/3218/44 4122/3220/44
f 4123/3221/44 4124/3222/44 4125/3223/44
f 4125/3223/44 4124/3222/44 4126/3224/44
f 4127/3213/43 4128/3214/43 4129/3215/43
f 4129/3215/43 4128/3214/43 4130/3216/43
f 4131/3225/45 4132/3226/45 4133/3227/45
f 4133/3227/45 4132/3226/45 4134/3228/45
f 4135/3229/45 4136/3230/45 4137/3231/45
f 4137/3231/45 4136/3230/45 4138/3232/45
f 4139/3233/45 4140/3234/45 4141/3235/45
f 4141/3235/45 4140/3234/45 4142/3236/45
f 4143/3213/43 4144/3214/43 4145/3215/43
f 4145/3215/43 4144/3214/43 4146/3216/43
f 4147/3213/43 4148/3214/43 4149/3215/43
f 4149/3215/43 4148/3214/43 4150/3216/43
f 4151/3213/43 4152/3214/43 4153/3215/43
f 4153/3215/43 4152/3214/43 4154/3216/43
f 4155/3213/43 4156/3214/43 4157/3215/43
f 4157/3215/43 4156/3214/43 4158/3216/43
f 4159/3213/43 4160/3214/43 4161/3215/43
f 4161/3215/43 4160/3214/43 4162/3216/43
f 4163/3213/43 4164/3214/43 4165/3215/43
f 4165/3215/43 4164/3214/43 4166/3216/43
f 4167/3213/43 4168/3214/43 4169/3215/43
f 4169/3215/43 4168/3214/43 4170/3216/43
f 4171/3213/43 4172/3214/43 4173/3215/43
f 4173/3215/43 4172/3214/43 4174/3216/43
f 4175/3213/43 4176/3214/43 4177/3215/43
f 4177/3215/43 4176/3214/43 4178/3216/43
f 4179/3237/43 4180/3238/43 4181/3239/43
f 4181/3239/43 4180/3238/43 4182/3240/43
f 4183/3241/43 4184/3242/43 4185/3243/43
f 4185/3243/43 4184/3242/43 4186/3244/43
f 4187/3245/43 4188/3246/43 4189/3247/43
f 4189/3247/43 4188/3246/43 4190/3248/43
f 4191/3249/43 4192/3250/43 4193/3251/43
f 4193/3251/43 4192/3250/43 4194/3252/43
f 4195/3253/43 4196/3254/43 4197/3255/43
f 4198/3255/43 4199/3254/43 4200/3256/43
f 4201/3257/43 4202/3258/43 4203/3259/43
f 4203/3259/43 4202/3258/43 4204/3260/43
f 4205/3213/43 4206/3214/43 4207/3215/43
f 4207/3215/43 4206/3214/43 4208/3216/43
f 4209/3213/43 4210/3214/43 4211/3215/43
f 4211/3215/43 4210/3214/43 4212/3216/43
f 4213/3213/43 4214/3214/43 4215/3215/43
f 4215/3215/43 4214/3214/43 4216/3216/43
f 4217/3213/43 4218/3214/43 4219/3215/43
f 4219/3215/43 4218/3214/43 4220/3216/43
f 4221/3213/43 4222/3214/43 4223/3215/43
f 4223/3215/43 4222/3214/43 4224/3216/43
f 4225/3261/43 4226/3262/43 4227/3263/43
f 4227/3263/43 4226/3262/43 4228/3264/43
f 4229/3213/43 4230/3214/43 4231/3215/43
f 4231/3215/43 4230/3214/43 4232/3216/43
f 4233/3213/43 4234/3214/43 4235/3215/43
f 4235/3215/43 4234/3214/43 4236/3216/43
f 4237/3213/43 4238/3214/43 4239/3215/43
f 4239/3215/43 4238/3214/43 4240/3216/43
f 4241/3213/43 4242/3214/43 4243/3215/43
f 4243/3215/43 4242/3214/43 4244/3216/43
f 4245/3245/43 4246/3246/43 4247/3247/43
f 4247/3247/43 4246/3246/43 4248/3248/43
f 4249/3257/43 4250/3258/43 4251/3259/43
f 4251/3259/43 4250/3258/43 4252/3260/43
f 4253/3101/43 4254/3102/43 4255/3103/43
f 4255/3103/43 4254/3102/43 4256/3104/43
f 4257/3129/43 4258/3130/43 4259/3131/46
f 4259/3131/46 4258/3130/43 4260/3132/47
f 4261/3213/43 4262/3214/43 4263/3215/43
f 4263/3215/43 4262/3214/43 4264/3216/43
f 4265/3121/43 4266/3122/43 4267/3123/43
f 4267/3123/43 4266/3122/43 4268/3124/43
f 4269/3117/43 4270/3118/43 4271/3119/43
f 4271/3119/43 4270/3118/43 4272/3120/43
f 4273/3213/43 4274/3214/43 4275/3215/43
f 4275/3215/43 4274/3214/43 4276/3216/43
f 4277/3213/43 4278/3214/43 4279/3215/43
f 4279/3215/43 4278/3214/43 4280/3216/43
f 4281/3213/43 4282/3214/43 4283/3215/43
f 4283/3215/43 4282/3214/43 4284/3216/43
f 4285/3213/43 4286/3214/43 4287/3215/43
f 4287/3215/43 4286/3214/43 4288/3216/43
f 4289/3213/43 4290/3214/43 4291/3215/43
f 4291/3215/43 4290/3214/43 4292/3216/43
f 4293/3213/43 4294/3214/43 4295/3215/43
f 4295/3215/43 4294/3214/43 4296/3216/43
f 4297/3213/43 4298/3214/43 4299/3215/43
f 4299/3215/43 4298/3214/43 4300/3216/43
f 4301/3265/43 4302/3214/43 4303/3215/43
f 4303/3215/43 4302/3214/43 4304/3216/43
f 4305/3265/43 4306/3214/43 4307/3215/43
f 4307/3215/43 4306/3214/43 4308/3216/43
f 4309/3265/43 4310/3214/43 4311/3215/43
f 4311/3215/43 4310/3214/43 4312/3216/43
f 4313/3265/43 4314/3214/43 4315/3215/43
f 4315/3215/43 4314/3214/43 4316/3216/43
f 4317/3265/43 4318/3214/43 4319/3215/43
f 4319/3215/43 4318/3214/43 4320/3216/43
f 4321/3266/48 4322/3267/48 4323/3268/48
f 4323/3268/48 4322/3267/48 4324/3269/48
f 4325/3265/43 4326/3214/43 4327/3215/43
f 4327/3215/43 4326/3214/43 4328/3216/43
f 4329/3057/43 4330/3058/43 4331/3059/43
f 4331/3059/43 4330/3058/43 4332/3060/43
f 4333/3081/43 4334/3082/43 4335/3083/43
f 4335/3083/43 4334/3082/43 4336/3084/43
f 4337/3265/43 4338/3214/43 4339/3215/43
f 4339/3215/43 4338/3214/43 4340/3216/43
f 4341/3270/43 4342/3271/43 4343/3272/43
f 4343/3272/43 4342/3271/43 4344/3273/43
f 4345/3274/43 4346/3275/43 4347/3276/43
f 4347/3276/43 4346/3275/43 4348/3277/43
f 4349/3278/43 4350/3279/43 4351/3280/43
f 4351/3280/43 4350/3279/43 4352/3281/43
f 4353/3282/43 4354/3283/43 4355/3284/43
f 4355/3284/43 4354/3283/43 4356/3285/43
f 4357/3286/43 4358/3287/43 4359/3288/43
f 4359/3288/43 4358/3287/43 4360/3289/43
f 4361/3290/43 4362/3291/43 4363/3292/43
f 4363/3292/43 4362/3291/43 4364/3293/43
f 4365/3053/43 4366/3054/43 4367/3294/43
f 4367/3294/43 4366/3054/43 4368/3295/43
f 4369/3296/43 4370/3297/43 4371/3298/43
f 4371/3298/43 4370/3297/43 4372/3299/43
f 4373/3300/43 4374/3301/43 4375/3302/43
f 4375/3302/43 4374/3301/43 4376/3303/43
f 4377/3304/43 4378/3305/43 4379/3306/43
f 4379/3306/43 4378/3305/43 4380/3307/43
f 4381/3308/43 4382/3309/43 4383/3310/43
f 4383/3310/43 4382/3309/43 4384/3311/43
f 4385/3061/43 4386/3312/43 4387/3063/43
f 4387/3063/43 4386/3312/43 4388/3064/43
f 4389/3313/43 4390/3314/43 4391/3079/43
f 4391/3079/43 4390/3314/43 4392/3080/43
f 4393/3315/43 4394/3316/43 4395/3317/43
f 4395/3317/43 4394/3316/43 4396/3318/43
f 4397/3319/43 4398/3320/43 4399/3321/43
f 4399/3321/43 4398/3320/43 4400/3322/43
f 4401/3323/43 4402/3324/43 4403/3325/43
f 4403/3325/43 4402/3324/43 4404/3326/43
f 4405/3327/43 4406/3328/43 4407/3329/43
f 4407/3329/43 4406/3328/43 4408/3330/43
f 4409/3331/43 4410/3332/43 4411/3333/43
f 4411/3333/43 4410/3332/43 4412/3334/43
f 4413/3335/43 4414/3336/43 4415/3337/43
f 4415/3337/43 4414/3336/43 4416/3338/43
f 4417/3097/43 4418/3098/43 4419/3339/43
f 4419/3339/43 4418/3098/43 4420/3100/43
f 4421/3340/43 4422/3341/43 4423/3342/43
f 4423/3342/43 4422/3341/43 4424/3343/43
f 4425/3344/43 4426/3345/43 4427/3346/43
f 4427/3346/43 4426/3345/43 4428/3347/43
f 4429/3348/43 4430/3349/43 4431/3350/43
f 4431/3350/43 4430/3349/43 4432/3351/43
f 4433/3352/43 4434/3353/43 4435/3354/43
f 4435/3354/43 4434/3353/43 4436/3355/43
f 4437/3356/43 4438/3357/43 4439/3358/43
f 4439/3358/43 4438/3357/43 4440/3359/43
f 4441/3340/43 4442/3341/43 4443/3342/43
f 4443/3342/43 4442/3341/43 4444/3343/43
f 4445/3360/43 4446/3361/43 4447/3362/43
f 4447/3362/43 4446/3361/43 4448/3363/43
f 4449/3364/43 4450/3365/43 4451/3366/43
f 4451/3366/43 4450/3365/43 4452/3367/43
f 4453/3340/43 4454/3341/43 4455/3342/43
f 4455/3342/43 4454/3341/43 4456/3343/43
f 4457/3360/43 4458/3361/43 4459/3362/43
f 4459/3362/43 4458/3361/43 4460/3363/43
f 4461/3364/43 4462/3365/43 4463/3366/43
f 4463/3366/43 4462/3365/43 4464/3367/43
f 4465/3340/43 4466/3341/43 4467/3342/43
f 4467/3342/43 4466/3341/43 4468/3343/43
f 4469/3360/43 4470/3361/43 4471/3362/43
f 4471/3362/43 4470/3361/43 4472/3363/43
f 4473/3364/43 4474/3365/43 4475/3366/43
f 4475/3366/43 4474/3365/43 4476/3367/43
f 4477/3340/43 4478/3341/43 4479/3342/43
f 4479/3342/43 4478/3341/43 4480/3343/43
f 4481/3340/43 4482/3341/43 4483/3342/43
f 4483/3342/43 4482/3341/43 4484/3343/43
f 4485/3360/43 4486/3361/43 4487/3362/43
f 4487/3362/43 4486/3361/43 4488/3363/43
f 4489/3364/43 4490/3365/43 4491/3366/43
f 4491/3366/43 4490/3365/43 4492/3367/43
f 4493/3340/43 4494/3341/43 4495/3342/43
f 4495/3342/43 4494/3341/43 4496/3343/43
f 4497/3368/43 4498/3369/43 4499/3370/43
f 4499/3370/43 4498/3369/43 4500/3371/43
f 4501/3372/43 4502/3373/43 4503/3374/43
f 4503/3374/43 4502/3373/43 4504/3375/43
f 4505/3360/43 4506/3361/43 4507/3362/43
f 4507/3362/43 4506/3361/43 4508/3363/43
f 4509/3364/43 4510/3365/43 4511/3366/43
f 4511/3366/43 4510/3365/43 4512/3367/43
f 4513/3340/43 4514/3341/43 4515/3342/43
f 4515/3342/43 4514/3341/43 4516/3343/43
f 4517/3360/43 4518/3361/43 4519/3362/43
f 4519/3362/43 4518/3361/43 4520/3363/43
f 4521/3364/43 4522/3365/43 4523/3366/43
f 4523/3366/43 4522/3365/43 4524/3367/43
f 4525/3340/43 4526/3341/43 4527/3342/43
f 4527/3342/43 4526/3341/43 4528/3343/43
f 4529/3360/43 4530/3361/43 4531/3362/43
f 4531/3362/43 4530/3361/43 4532/3363/43
f 4533/3364/43 4534/3365/43 4535/3366/43
f 4535/3366/43 4534/3365/43 4536/3367/43
f 4537/3340/43 4538/3341/43 4539/3342/43
f 4539/3342/43 4538/3341/43 4540/3343/43
f 4541/3360/43 4542/3361/43 4543/3362/43
f 4543/3362/43 4542/3361/43 4544/3363/43
f 4545/3364/43 4546/3365/43 4547/3366/43
f 4547/3366/43 4546/3365/43 4548/3367/43
f 4549/3340/43 4550/3341/43 4551/3342/43
f 4551/3342/43 4550/3341/43 4552/3343/43
f 4553/3340/43 4554/3341/43 4555/3342/43
f 4555/3342/43 4554/3341/43 4556/3343/43
f 4557/3364/43 4558/3365/43 4559/3366/43
f 4559/3366/43 4558/3365/43 4560/3367/43
f 4561/3360/43 4562/3361/43 4563/3362/43
f 4563/3362/43 4562/3361/43 4564/3363/43
f 4565/3340/43 4566/3341/43 4567/3342/43
f 4567/3342/43 4566/3341/43 4568/3343/43
f 4569/3376/43 4570/3377/43 4571/3378/43
f 4571/3378/43 4570/3377/43 4572/3379/43
f 4573/3380/43 4574/3381/43 4575/3382/43
f 4575/3382/43 4574/3381/43 4576/3383/43
f 4577/3384/43 4578/3385/43 4579/3386/43
f 4579/3386/43 4578/3385/43 4580/3387/43
f 4581/3388/43 4582/3389/43 4583/3390/43
f 4583/3390/43 4582/3389/43 4584/3391/43
f 4585/3392/43 4586/3393/43 4587/3394/43
f 4587/3394/43 4586/3393/43 4588/3395/43
f 4589/3396/43 4590/3397/43 4591/3398/43
f 4591/3398/43 4590/3397/43 4592/3399/43
f 4593/3400/43 4594/3401/43 4595/3402/43
f 4595/3402/43 4594/3401/43 4596/3403/43
f 4597/3404/43 4598/3405/43 4599/3406/43
f 4599/3406/43 4598/3405/43 4600/3407/43
f 4601/3408/43 4602/3409/43 4603/3410/43
f 4603/3410/43 4602/3409/43 4604/3411/43
f 4605/3412/43 4606/3413/43 4607/3414/43
f 4607/3414/43 4606/3413/43 4608/3415/43
f 4609/3416/43 4610/3417/43 4611/3418/43
f 4611/3418/43 4610/3417/43 4612/3419/43
f 4613/3420/43 4614/3421/43 4615/3422/43
f 4615/3422/43 4614/3421/43 4616/3423/43
f 4617/3424/43 4618/3425/43 4619/3426/43
f 4619/3426/43 4618/3425/43 4620/3427/43
f 4621/3428/43 4622/3429/43 4623/3430/43
f 4623/3430/43 4622/3429/43 4624/3431/43
f 4625/3432/43 4626/3433/43 4627/3434/43
f 4627/3434/43 4626/3433/43 4628/3435/43
f 4629/3436/43 4630/3437/43 4631/3438/43
f 4631/3438/43 4630/3437/43 4632/3439/43
f 4633/3440/43 4634/3441/43 4635/3442/43
f 4635/3442/43 4634/3441/43 4636/3443/43
f 4637/3444/43 4638/3445/43 4639/3446/43
f 4639/3446/43 4638/3445/43 4640/3447/43
f 4641/3448/43 4642/3449/43 4643/3450/43
f 4643/3450/43 4642/3449/43 4644/3451/43
f 4645/3452/43 4646/3453/43 4647/3454/43
f 4647/3454/43 4646/3453/43 4648/3455/43
f 4649/3456/43 4650/3457/43 4651/3458/43
f 4651/3458/43 4650/3457/43 4652/3459/43
f 4653/3460/43 4654/3461/43 4655/3462/43
f 4655/3462/43 4654/3461/43 4656/3463/43
f 4657/3464/43 4658/3465/43 4659/3466/43
f 4659/3466/43 4658/3465/43 4660/3467/43
usemtl Wall1Mtl
f 4661/3468/1 4662/3469/1 4663/3470/1
f 4663/3470/1 4662/3469/1 4664/3471/1
f 4665/3472/1 4666/3473/1 4667/3474/1
f 4667/3474/1 4666/3473/1 4668/3475/1
f 4669/3476/1 4670/3477/1 4671/3478/1
f 4669/3476/1 4671/3478/1 4672/3479/1
f 4673/3480/1 4671/3478/1 4670/3477/1
f 4670/3477/1 4674/3481/1 4673/3480/1
f 4673/3480/1 4674/3481/1 4675/3482/1
f 4676/3483/1 4672/3479/1 4671/3478/1
f 4674/3481/1 4676/3483/1 4675/3482/1
f 4672/3479/1 4676/3483/1 4677/3484/1
f 4677/3484/1 4678/3485/1 4672/3479/1
f 4679/3486/1 4678/3485/1 4677/3484/1
f 4676/3483/1 4680/3487/1 4677/3484/1
f 4680/3487/1 4676/3483/1 4674/3481/1
f 4674/3481/1 4681/3488/1 4680/3487/1
f 4682/3489/1 4683/3490/1 4684/3491/1
f 4684/3491/1 4683/3490/1 4685/3492/1
f 4686/3493/1 4687/3494/1 4688/3495/1
f 4688/3495/1 4687/3494/1 4689/3496/1
f 4690/3497/3 4691/3490/2 4692/3492/3
f 4692/3492/3 4693/3498/2 4690/3497/3
f 4694/3499/1 4695/3500/1 4696/3501/1
f 4695/3500/1 4697/3502/1 4696/3501/1
f 4698/3503/1 4699/3504/1 4700/3505/1
f 4700/3505/1 4701/3506/1 4698/3503/1
f 4702/3507/2 4703/3494/3 4704/3496/3
f 4704/3496/3 4705/3508/2 4702/3507/2
f 4706/3509/1 4707/3510/1 4708/3511/1
f 4709/3512/1 4706/3509/1 4708/3511/1
f 4710/3513/1 4709/3512/1 4708/3511/1
f 4711/3514/1 4710/3513/1 4708/3511/1
f 4709/3512/1 4710/3513/1 4712/3515/1
f 4710/3513/1 4711/3514/1 4713/3516/1
f 4713/3516/1 4711/3514/1 4714/3517/1
f 4715/3518/1 4710/3513/1 4713/3516/1
f 4712/3515/1 4716/3519/1 4709/3512/1
f 4713/3516/1 4717/3520/1 4715/3518/1
f 4716/3519/1 4712/3515/1 4717/3520/1
f 4717/3520/1 4718/3521/1 4716/3519/1
f 4717/3520/1 4712/3515/1 4719/3522/1
f 4715/3518/1 4717/3520/1 4719/3522/1
f 4720/3523/11 4721/3524/11 4722/3525/11
f 4722/3525/11 4723/3526/11 4720/3523/11
f 4724/3527/11 4725/3528/11 4726/3529/11
f 4725/3528/11 4727/3530/11 4726/3529/11
f 4728/3531/11 4724/3527/11 4726/3529/11
f 4729/3532/49 4730/3533/9 4731/3534/9
f 4731/3534/9 4730/3533/9 4732/3535/9
f 4733/3536/5 4734/3537/5 4735/3538/5
f 4735/3538/5 4734/3537/5 4736/3539/5
f 4737/3540/9 4738/3541/50 4739/3542/50
f 4740/3543/9 4737/3540/9 4739/3542/50
f 4741/3544/51 4742/3545/9 4743/3546/51
f 4743/3546/51 4744/3547/9 4741/3544/51
f 4745/3548/5 4746/3549/5 4747/3550/5
f 4746/3549/5 4748/3551/5 4747/3550/5
f 4749/3552/5 4750/3553/5 4751/3554/6
f 4750/3553/5 4752/3555/5 4751/3554/6
f 4753/3556/11 4754/3557/11 4755/3558/11
f 4756/3559/11 4753/3556/11 4755/3558/11
f 4757/3560/11 4758/3561/11 4759/3562/11
f 4759/3562/11 4758/3561/11 4760/3563/11
f 4761/3564/11 4762/3565/11 4763/3566/11
f 4764/3567/11 4763/3566/11 4762/3565/11
f 4765/3568/11 4766/3569/11 4767/3570/11
f 4768/3571/11 4767/3570/11 4766/3569/11
f 4769/3572/11 4770/3573/11 4771/3574/11
f 4771/3574/11 4772/3575/11 4769/3572/11
f 4773/3576/11 4774/3577/11 4775/3578/11
f 4776/3579/11 4775/3578/11 4774/3577/11
f 4777/3580/52 4778/3581/23 4779/3582/23
f 4779/3582/23 4778/3581/23 4780/3583/23
f 4781/3584/21 4782/3585/21 4783/3586/21
f 4784/3587/21 4781/3584/21 4783/3586/21
f 4785/3588/21 4783/3586/21 4782/3585/21
f 4786/3589/21 4785/3588/21 4782/3585/21
f 4787/3590/21 4786/3589/21 4782/3585/21
f 4785/3588/21 4786/3589/21 4788/3591/21
f 4786/3589/21 4787/3590/21 4789/3592/21
f 4790/3593/21 4785/3588/21 4788/3591/21
f 4787/3590/21 4791/3594/21 4789/3592/21
f 4791/3594/21 4790/3593/21 4788/3591/21
f 4792/3595/21 4789/3592/21 4791/3594/21
f 4791/3594/21 4788/3591/21 4792/3595/21
f 4793/3596/21 4794/3597/21 4795/3598/21
f 4794/3597/21 4796/3599/21 4795/3598/21
f 4797/3600/21 4798/3601/21 4799/3602/21
f 4797/3600/21 4799/3602/21 4800/3603/21
f 4801/3604/25 4802/3605/25 4803/3606/25
f 4803/3606/25 4802/3605/25 4804/3607/25
f 4805/3608/21 4806/3609/21 4807/3610/21
f 4808/3611/21 4807/3610/21 4806/3609/21
f 4809/3612/21 4810/3613/21 4811/3614/21
f 4811/3614/21 4812/3615/21 4809/3612/21
f 4813/3616/53 4814/3617/53 4815/3618/22
f 4816/3619/53 4815/3618/22 4814/3617/53
f 4817/3620/54 4818/3621/24 4819/3622/24
f 4818/3621/24 4820/3623/54 4819/3622/24
f 4821/3624/26 4822/3625/25 4823/3626/25
f 4824/3627/26 4823/3626/25 4822/3625/25
f 4825/3628/26 4826/3629/25 4827/3630/25
f 4828/3631/25 4827/3630/25 4826/3629/25
f 4829/3632/21 4830/3633/21 4831/3634/21
f 4831/3634/21 4832/3635/21 4829/3632/21
f 4831/3634/21 4830/3633/21 4833/3636/21
f 4829/3632/21 4832/3635/21 4834/3637/21
f 4829/3632/21 4834/3637/21 4835/3638/21
f 4834/3637/21 4836/3639/21 4835/3638/21
f 4836/3639/21 4834/3637/21 4833/3636/21
f 4837/3640/21 4833/3636/21 4830/3633/21
f 4833/3636/21 4837/3640/21 4836/3639/21
f 4837/3640/21 4838/3641/21 4836/3639/21
f 4837/3640/21 4839/3594/21 4838/3641/21
f 4839/3594/21 4840/3642/21 4838/3641/21
f 4841/3643/28 4842/3644/28 4843/3645/28
f 4843/3645/28 4842/3644/28 4844/3646/28
f 4845/3647/28 4846/3648/28 4847/3649/28
f 4847/3649/28 4846/3648/28 4848/3650/28
f 4849/3651/55 4850/3652/56 4851/3653/56
f 4852/3654/57 4849/3651/55 4851/3653/56
f 4852/3654/57 4851/3653/56 4853/3655/28
f 4849/3651/55 4852/3654/57 4854/3656/57
f 4855/3657/58 4849/3651/55 4854/3656/57
f 4855/3657/58 4854/3656/57 4856/3658/28
f 4856/3658/28 4857/3659/59 4855/3657/58
f 4857/3659/59 4852/3654/57 4858/3660/28
f 4852/3654/57 4853/3655/28 4858/3660/28
f 4859/3661/28 4858/3660/28 4853/3655/28
f 4860/3662/60 4859/3661/28 4853/3655/28
f 4861/3663/28 4857/3659/59 4858/3660/28
f 4857/3659/59 4861/3663/28 4855/3657/58
f 4855/3657/58 4861/3663/28 4862/3664/28
f 4863/3665/28 4864/3666/28 4865/3667/28
f 4866/3668/28 4863/3665/28 4865/3667/28
f 4867/3669/28 4868/3670/28 4869/3671/28
f 4868/3670/28 4870/3672/28 4869/3671/28
f 4871/3668/30 4872/3665/30 4873/3673/30
f 4874/3674/31 4873/3673/30 4872/3665/30
f 4875/3675/28 4876/3676/28 4877/3677/28
f 4877/3677/28 4878/3678/28 4875/3675/28
f 4879/3679/28 4880/3680/28 4881/3681/28
f 4882/3682/28 4881/3681/28 4880/3680/28
f 4883/3669/31 4884/3683/30 4885/3671/30
f 4886/3684/31 4885/3671/30 4884/3683/30
f 4887/3685/28 4888/3686/28 4889/3687/28
f 4889/3687/28 4890/3688/28 4887/3685/28
f 4890/3688/28 4891/3689/28 4887/3685/28
f 4890/3688/28 4889/3687/28 4892/3690/28
f 4893/3691/28 4892/3690/28 4889/3687/28
f 4892/3690/28 4894/3692/28 4890/3688/28
f 4894/3692/28 4895/3693/28 4890/3688/28
f 4894/3692/28 4896/3694/28 4895/3693/28
f 4896/3694/28 4894/3692/28 4897/3695/28
f 4898/3696/28 4896/3694/28 4897/3695/28
f 4892/3690/28 4893/3691/28 4898/3696/28
f 4898/3696/28 4893/3691/28 4899/3697/28
f 4900/3698/28 4892/3690/28 4898/3696/28
f 4898/3696/28 4897/3695/28 4900/3698/28
f 4901/3699/33 4902/3700/33 4903/3701/33
f 4902/3700/33 4904/3702/33 4903/3701/33
f 4905/3703/33 4906/3704/33 4907/3705/33
f 4906/3704/33 4908/3706/33 4907/3705/33
f 4909/3707/33 4910/3708/33 4911/3709/33
f 4910/3708/33 4912/3710/33 4911/3709/33
f 4913/3711/33 4914/3712/33 4915/3713/33
f 4916/3714/33 4913/3711/33 4915/3713/33
f 4917/3715/33 4918/3716/33 4919/3717/33
f 4917/3715/33 4919/3717/33 4920/3718/33
f 4921/3719/33 4922/3720/33 4923/3721/33
f 4922/3720/33 4924/3722/33 4923/3721/33
f 4925/3723/34 4926/3724/34 4927/3725/34
f 4928/3726/34 4927/3725/34 4926/3724/34
f 4929/3727/35 4930/3728/34 4931/3729/35
f 4931/3729/35 4932/3730/34 4929/3727/35
f 4933/3731/33 4934/3732/33 4935/3733/33
f 4935/3733/33 4936/3734/33 4933/3731/33
f 4937/3735/33 4938/3736/33 4939/3737/33
f 4938/3736/33 4940/3738/33 4939/3737/33
f 4941/3739/33 4942/3740/33 4943/3741/33
f 4943/3741/33 4944/3742/33 4941/3739/33
f 4945/3743/33 4946/3744/33 4947/3745/33
f 4948/3746/33 4947/3745/33 4946/3744/33
f 4949/3747/42 4950/3748/42 4951/3749/61
f 4951/3749/61 4950/3748/42 4952/3750/62
f 4953/3751/41 4954/3752/41 4955/3753/63
f 4955/3753/63 4954/3752/41 4956/3754/41
f 4957/3755/45 4958/3756/45 4959/3757/45
f 4959/3757/45 4958/3756/45 4960/3758/45
f 4961/3759/64 4962/3760/64 4963/3761/64
f 4962/3760/64 4964/3762/64 4963/3761/64
f 4965/3763/43 4966/3764/43 4967/3765/43
f 4967/3765/43 4966/3764/43 4968/3766/43
f 4966/3764/43 4969/3767/43 4968/3766/43
f 4970/3768/43 4968/3766/43 4969/3767/43
f 4971/3769/43 4970/3768/43 4969/3767/43
f 4972/3770/43 4971/3769/43 4969/3767/43
f 4973/3771/43 4971/3769/43 4972/3770/43
f 4971/3769/43 4973/3771/43 4967/3765/43
f 4965/3763/43 4967/3765/43 4973/3771/43
f 4973/3771/43 4974/3772/43 4965/3763/43
f 4974/3772/43 4975/3773/43 4965/3763/43
f 4975/3773/43 4974/3772/43 4976/3774/43
f 4977/3775/43 4978/3776/43 4979/3777/43
f 4980/3778/43 4977/3775/43 4979/3777/43
f 4981/3779/65 4982/3780/65 4983/3781/65
f 4983/3781/65 4982/3780/65 4984/3782/65
f 4985/3783/43 4986/3784/43 4987/3785/43
f 4988/3786/43 4987/3785/43 4986/3784/43
f 4989/3787/43 4990/3788/43 4991/3789/43
f 4992/3790/43 4991/3789/43 4990/3788/43
f 4993/3791/45 4994/3792/45 4995/3793/45
f 4994/3792/45 4996/3794/45 4995/3793/45
f 4997/3795/45 4998/3796/45 4999/3797/45
f 5000/3798/66 4997/3795/45 4999/3797/45
f 5001/3799/44 5002/3800/44 5003/3801/44
f 5002/3800/44 5004/3802/44 5003/3801/44
f 5005/3803/43 5006/3804/43 5007/3805/43
f 5007/3805/43 5008/3806/43 5005/3803/43
f 5005/3803/43 5008/3806/43 5009/3773/43
f 5008/3806/43 5010/3807/43 5009/3773/43
f 5011/3808/43 5009/3773/43 5010/3807/43
f 5012/3809/43 5009/3773/43 5011/3808/43
f 5013/3810/43 5012/3809/43 5011/3808/43
f 5011/3808/43 5007/3805/43 5013/3810/43
f 5006/3804/43 5013/3810/43 5007/3805/43
f 5013/3810/43 5006/3804/43 5014/3811/43
f 5006/3804/43 5015/3812/43 5014/3811/43
f 5016/3813/43 5014/3811/43 5015/3812/43
