# This file is brought to you by Roblox Corporation
# Generated by Roblox Studio

mtllib 2.mtl

g Wall1

v -116.979 13.7585 -111.117 
v -116.979 21.5925 -98.03 
v -116.979 13.1585 -110.758 
v -116.979 20.9925 -97.6704 
v -117 21.5815 -98.0054 
v -117 13.1615 -83.5431 
v -117 20.9675 -98.3626 
v -117 12.5485 -83.9003 
v -117.775 15.2815 -88.1589 
v -117.775 3.23245 -88.1588 
v -117.775 11.0995 -95.4856 
v -117.775 20.4385 -97.0175 
v -117.775 7.37846 -95.4856 
v -117.775 3.23245 -107.518 
v -117.775 7.37846 -100.27 
v -117.775 11.0995 -100.27 
v -117.775 20.5135 -98.9052 
v -117.775 20.8515 -96.7774 
v -117.775 20.8515 -99.1076 
v -117.775 15.4485 -107.366 
v -117.775 15.7025 -107.518 
v -117.785 15.4305 -88.1312 
v -117.785 3.23245 -88.1312 
v -117.785 15.4305 -88.4492 
v -117.785 3.23245 -88.4492 
v -118.066 15.4185 -107.21 
v -118.066 3.23245 -107.21 
v -118.066 15.4185 -107.528 
v -118.066 3.23245 -107.528 
v -144.929 11.1025 -95.4926 
v -144.929 20.6415 -97.1052 
v -144.928 7.37745 -95.4926 
v -144.928 7.37745 -100.283 
v -144.928 11.1025 -100.283 
v -144.929 20.5485 -98.6714 
v -144.71 15.4185 -107.528 
v -144.71 3.23245 -107.528 
v -144.71 3.23245 -88.1312 
v -144.71 15.4305 -88.1312 
v -144.609 15.7915 -88.1355 
v -144.609 3.22546 -88.1354 
v -118.094 15.2815 -88.1589 
v -118.094 3.23245 -88.1588 
v -144.609 3.22546 -107.537 
v -118.094 20.8515 -98.3267 
v -144.609 15.5135 -88.2973 
v -118.094 15.4485 -107.366 
v -144.609 15.3645 -107.331 
v -127.741 10.8215 -88.1312 
v -127.849 3.23245 -88.1312 
v -127.849 3.23245 -88.4492 
v -127.741 10.8215 -88.4492 
v -128.915 11.1025 -107.21 
v -128.915 7.37745 -107.21 
v -128.915 11.1025 -107.528 
v -128.915 7.37745 -107.528 
v -144.609 7.37745 -95.4926 
v -138.866 11.1035 -88.1312 
v -138.866 7.37745 -88.1312 
v -138.866 7.37745 -88.4492 
v -138.866 11.1035 -88.4492 
v -141.384 10.8455 -107.21 
v -141.493 3.23245 -107.21 
v -141.493 3.23245 -107.528 
v -141.384 10.8455 -107.528 
v -144.609 20.9125 -98.8896 
v -144.609 20.9125 -96.9474 
v -144.609 20.6415 -97.1052 
v -144.609 20.5485 -98.6714 
v -144.609 11.1025 -95.4926 
v -144.609 15.5135 -88.2973 
v -144.609 11.1025 -100.283 
v -144.609 3.22546 -88.1354 
v -144.609 15.7915 -88.1355 
v -144.609 7.37745 -95.4926 
v -144.609 15.3645 -107.331 
v -144.609 3.22546 -107.537 
v -144.609 15.7105 -107.538 
v -144.609 7.37745 -100.283 
v -116.979 13.1585 -110.758 
v -117 21.5815 -98.0054 
v -117 13.1615 -83.5431 
v -145.52 13.1615 -83.5431 
v -145.49 13.7585 -111.117 
v -145.49 20.9915 -97.6705 
v -118.066 15.4185 -107.21 
v -118.066 15.4185 -107.528 
v -144.929 20.6415 -97.1052 
v -144.929 20.5485 -98.6714 
v -144.71 15.4185 -107.21 
v -144.71 15.4185 -107.528 
v -144.71 15.4305 -88.1312 
v -118.094 15.2815 -88.1589 
v -144.929 20.9125 -96.9474 
v -144.609 20.9125 -96.9474 
v -144.609 20.9125 -98.8896 
v -144.929 20.9125 -98.8896 
v -117.775 20.8515 -96.7774 
v -117.775 20.8515 -99.1076 
v -118.094 20.8515 -98.3267 
v -118.094 20.8515 -99.1076 
v -118.094 20.8515 -96.7774 
v -145.52 13.1615 -83.5431 
v -117 13.1615 -83.5431 
v -145.52 21.5815 -98.0054 
v -117 21.5815 -98.0054 
v -116.979 13.7585 -111.117 
v -145.49 13.7585 -111.117 
v -116.979 21.5925 -98.03 
v -145.49 21.5925 -98.03 
v -144.609 15.5135 -88.2973 
v -144.609 20.6415 -97.1052 
v -144.929 20.6415 -97.1052 
v -144.929 15.5135 -88.2973 
v -118.094 20.4385 -97.0175 
v -118.094 15.2815 -88.1589 
v -117.775 15.2815 -88.1589 
v -117.775 20.4385 -97.0175 
v -118.094 15.4485 -107.366 
v -118.094 20.5135 -98.9052 
v -117.775 15.4485 -107.366 
v -117.775 20.5135 -98.9052 
v -144.928 15.3645 -107.331 
v -144.929 20.5485 -98.6714 
v -144.609 15.3645 -107.331 
v -144.609 20.5485 -98.6714 
v -117.785 15.4305 -88.4492 
v -144.71 15.4305 -88.4492 
v -144.71 15.4305 -88.1312 
v -117.785 15.4305 -88.1312 
v -118.066 15.4185 -107.528 
v -144.71 15.4185 -107.528 
v -118.066 15.4185 -107.21 
v -144.71 15.4185 -107.21 
v -118.094 7.37846 -100.27 
v -118.094 7.37846 -95.4856 
v -117.775 7.37846 -100.27 
v -117.775 7.37846 -95.4856 
v -128.915 7.37745 -107.21 
v -124.125 7.37745 -107.21 
v -128.915 7.37745 -107.528 
v -124.125 7.37745 -107.528 
v -138.866 7.37745 -88.1312 
v -134.076 7.37745 -88.1312 
v -134.076 7.37745 -88.4492 
v -138.866 7.37745 -88.4492 
v -144.928 7.37745 -100.283 
v -144.928 7.37745 -95.4926 
v -144.609 7.37745 -100.283 
v -144.609 7.37745 -95.4926 
v -117 13.1615 -83.5431 
v -117 12.5485 -83.9003 
v -145.52 13.1615 -83.5431 
v -145.52 12.5475 -83.9003 
v -117.775 15.2815 -88.1589 
v -117.775 3.23245 -88.1588 
v -117.775 15.7025 -107.518 
v -118.066 15.4185 -107.528 
v -118.066 3.23245 -107.528 
v -144.929 15.7105 -107.538 
v -144.71 15.4185 -107.528 
v -144.71 3.23245 -107.528 
v -144.71 3.23245 -88.1312 
v -144.71 15.4305 -88.1312 
v -117 13.1615 -83.5431 
v -145.52 13.1615 -83.5431 
v -117 12.5485 -83.9003 
v -145.52 12.5475 -83.9003 
v -117.785 3.23245 -88.1312 
v -117.785 15.4305 -88.1312 
v -122.893 10.7525 -88.1312 
v -123.001 3.23245 -88.1312 
v -127.741 10.8215 -88.1312 
v -134.076 11.1035 -88.1312 
v -144.71 15.4305 -88.1312 
v -134.076 7.37745 -88.1312 
v -138.866 11.1035 -88.1312 
v -127.849 3.23245 -88.1312 
v -144.71 3.23245 -88.1312 
v -138.866 7.37745 -88.1312 
v -144.609 15.7915 -88.1355 
v -144.929 15.7915 -88.1355 
v -144.609 3.22546 -88.1354 
v -144.928 3.22546 -88.1354 
v -117.775 3.23245 -88.1588 
v -117.775 15.2815 -88.1589 
v -118.094 15.2815 -88.1589 
v -118.094 3.23245 -88.1588 
v -128.915 11.1025 -107.528 
v -124.125 11.1025 -107.528 
v -124.125 7.37745 -107.528 
v -128.915 7.37745 -107.528 
v -136.645 3.23245 -107.528 
v -141.384 10.8455 -107.528 
v -141.493 3.23245 -107.21 
v -123.001 3.23245 -88.4492 
v -144.609 15.5135 -88.2973 
v -118.094 15.4485 -107.366 
v -144.609 15.3645 -107.331 
v -116.979 21.5925 -98.03 
v -145.49 21.5925 -98.03 
v -116.979 20.9925 -97.6704 
v -145.49 20.9915 -97.6705 
v -136.537 10.7765 -107.21 
v -128.915 11.1025 -107.21 
v -134.076 11.1035 -88.4492 
v -118.094 11.0995 -100.27 
v -118.094 7.37846 -100.27 
v -117.775 11.0995 -100.27 
v -117.775 7.37846 -100.27 
v -144.928 11.1025 -100.283 
v -144.928 7.37745 -100.283 
v -144.609 7.37745 -100.283 
v -144.609 11.1025 -100.283 
v -118.094 20.8515 -96.7774 
v -118.094 20.4385 -97.0175 
v -117.775 20.8515 -96.7774 
v -117.775 20.4385 -97.0175 
v -144.609 20.9125 -96.9474 
v -144.929 20.9125 -96.9474 
v -144.609 20.6415 -97.1052 
v -144.929 20.6415 -97.1052 
v -138.866 7.37745 -88.4492 
v -118.094 15.7025 -107.518 
v -118.094 15.4485 -107.366 
v -117.775 15.7025 -107.518 
v -117.775 15.4485 -107.366 
v -144.929 15.7105 -107.538 
v -144.928 15.3645 -107.331 
v -144.609 15.7105 -107.538 
v -144.609 15.3645 -107.331 
v -118.066 3.23245 -107.21 
v -118.066 15.4185 -107.21 
v -124.125 11.1025 -107.21 
v -124.125 7.37745 -107.21 
v -128.915 11.1025 -107.21 
v -128.915 7.37745 -107.21 
v -136.645 3.23245 -107.21 
v -136.537 10.7765 -107.21 
v -144.71 15.4185 -107.21 
v -141.384 10.8455 -107.21 
v -144.71 3.23245 -107.21 
v -141.493 3.23245 -107.21 
v -145.52 13.1615 -83.5431 
v -145.52 21.5815 -98.0054 
v -145.52 12.5475 -83.9003 
v -145.52 20.9675 -98.3626 
v -145.49 21.5925 -98.03 
v -145.49 13.7585 -111.117 
v -145.49 20.9915 -97.6705 
v -145.49 13.1585 -110.758 
v -117.775 15.2815 -88.1589 
v -117.775 3.23245 -88.1588 
v -117.775 11.0995 -95.4856 
v -117.775 7.37846 -95.4856 
v -117.775 7.37846 -100.27 
v -117.775 11.0995 -100.27 
v -117.775 20.5135 -98.9052 
v -118.066 15.4185 -107.528 
v -118.066 3.23245 -107.528 
v -144.928 3.22546 -88.1354 
v -144.929 15.7915 -88.1355 
v -144.929 15.5135 -88.2973 
v -144.929 11.1025 -95.4926 
v -144.929 20.6415 -97.1052 
v -144.928 7.37745 -95.4926 
v -144.928 3.22546 -107.537 
v -144.928 7.37745 -100.283 
v -144.928 11.1025 -100.283 
v -144.929 20.5485 -98.6714 
v -144.929 20.9125 -98.8896 
v -144.929 20.9125 -96.9474 
v -144.928 15.3645 -107.331 
v -144.929 15.7105 -107.538 
v -144.71 3.23245 -107.21 
v -144.71 15.4185 -107.21 
v -144.71 15.4185 -107.528 
v -144.71 3.23245 -107.528 
v -144.71 3.23245 -88.1312 
v -144.71 15.4305 -88.1312 
v -144.71 3.23245 -88.4492 
v -144.71 15.4305 -88.4492 
v -144.609 15.7915 -88.1355 
v -144.609 3.22546 -88.1354 
v -118.094 15.2815 -88.1589 
v -118.094 3.23245 -88.1588 
v -144.609 3.22546 -107.537 
v -118.094 20.8515 -98.3267 
v -144.609 15.5135 -88.2973 
v -118.094 15.4485 -107.366 
v -144.609 15.3645 -107.331 
v -136.645 3.23245 -107.528 
v -136.645 3.23245 -107.21 
v -136.537 10.7765 -107.528 
v -136.537 10.7765 -107.21 
v -134.076 7.37745 -88.1312 
v -134.076 11.1035 -88.1312 
v -134.076 11.1035 -88.4492 
v -134.076 7.37745 -88.4492 
v -144.609 7.37745 -95.4926 
v -124.125 7.37745 -107.21 
v -124.125 11.1025 -107.21 
v -124.125 7.37745 -107.528 
v -124.125 11.1025 -107.528 
v -123.001 3.23245 -88.1312 
v -122.893 10.7525 -88.1312 
v -123.001 3.23245 -88.4492 
v -122.893 10.7525 -88.4492 
v -118.094 20.8515 -98.3267 
v -118.094 20.8515 -99.1076 
v -118.094 20.5135 -98.9052 
v -118.094 20.4385 -97.0175 
v -118.094 20.8515 -96.7774 
v -118.094 11.0995 -100.27 
v -118.094 15.4485 -107.366 
v -118.094 11.0995 -95.4856 
v -118.094 15.2815 -88.1589 
v -118.094 3.23245 -88.1588 
v -118.094 7.37846 -95.4856 
v -118.094 3.23245 -107.518 
v -118.094 15.7025 -107.518 
v -118.094 7.37846 -100.27 
v -116.979 13.1585 -110.758 
v -117 21.5815 -98.0054 
v -117 13.1615 -83.5431 
v -117 12.5485 -83.9003 
v -145.52 12.5475 -83.9003 
v -145.49 13.7585 -111.117 
v -145.49 20.9915 -97.6705 
v -118.066 15.4185 -107.21 
v -118.066 15.4185 -107.528 
v -144.929 20.6415 -97.1052 
v -144.929 20.5485 -98.6714 
v -144.71 15.4185 -107.21 
v -144.71 15.4185 -107.528 
v -144.71 15.4305 -88.1312 
v -118.094 15.2815 -88.1589 
v -118.094 20.8515 -98.3267 
v -144.928 3.22546 -88.1354 
v -144.928 3.22546 -107.537 
v -144.609 3.22546 -88.1354 
v -144.609 3.22546 -107.537 
v -118.094 3.23245 -88.1588 
v -118.094 3.23245 -107.518 
v -117.775 3.23245 -88.1588 
v -117.775 3.23245 -107.518 
v -141.493 3.23245 -107.21 
v -144.71 3.23245 -107.21 
v -141.493 3.23245 -107.528 
v -144.71 3.23245 -107.528 
v -118.066 3.23245 -107.21 
v -136.645 3.23245 -107.21 
v -136.645 3.23245 -107.528 
v -118.066 3.23245 -107.528 
v -127.849 3.23245 -88.1312 
v -144.71 3.23245 -88.1312 
v -144.71 3.23245 -88.4492 
v -127.849 3.23245 -88.4492 
v -117.785 3.23245 -88.1312 
v -123.001 3.23245 -88.1312 
v -117.785 3.23245 -88.4492 
v -123.001 3.23245 -88.4492 
v -136.537 10.7765 -107.21 
v -141.384 10.8455 -107.21 
v -136.537 10.7765 -107.528 
v -141.384 10.8455 -107.528 
v -122.893 10.7525 -88.1312 
v -127.741 10.8215 -88.1312 
v -127.741 10.8215 -88.4492 
v -122.893 10.7525 -88.4492 
v -118.094 11.0995 -95.4856 
v -118.094 11.0995 -100.27 
v -117.775 11.0995 -100.27 
v -117.775 11.0995 -95.4856 
v -124.125 11.1025 -107.21 
v -128.915 11.1025 -107.21 
v -124.125 11.1025 -107.528 
v -128.915 11.1025 -107.528 
v -134.076 11.1035 -88.1312 
v -138.866 11.1035 -88.1312 
v -138.866 11.1035 -88.4492 
v -134.076 11.1035 -88.4492 
v -144.929 11.1025 -95.4926 
v -144.928 11.1025 -100.283 
v -144.609 11.1025 -95.4926 
v -144.609 11.1025 -100.283 
v -116.979 20.9925 -97.6704 
v -145.49 20.9915 -97.6705 
v -116.979 13.1585 -110.758 
v -145.49 13.1585 -110.758 
v -145.52 20.9675 -98.3626 
v -117 20.9675 -98.3626 
v -145.52 12.5475 -83.9003 
v -117 12.5485 -83.9003 
v -117 21.5815 -98.0054 
v -117.775 15.2815 -88.1589 
v -117.775 3.23245 -88.1588 
v -117.775 15.7025 -107.518 
v -118.066 15.4185 -107.528 
v -118.066 3.23245 -107.528 
v -144.929 20.5485 -98.6714 
v -144.929 15.7105 -107.538 
v -144.71 15.4185 -107.528 
v -144.71 3.23245 -107.528 
v -144.71 3.23245 -88.1312 
v -144.71 15.4305 -88.1312 
v -145.49 13.7585 -111.117 
v -116.979 13.7585 -111.117 
v -145.49 13.1585 -110.758 
v -116.979 13.1585 -110.758 
v -122.893 10.7525 -88.1312 
v -127.741 10.8215 -88.1312 
v -134.076 7.37745 -88.1312 
v -138.866 11.1035 -88.1312 
v -127.849 3.23245 -88.1312 
v -118.094 15.2815 -88.1589 
v -144.928 3.22546 -107.537 
v -144.929 15.7105 -107.538 
v -144.609 3.22546 -107.537 
v -144.609 15.7105 -107.538 
v -144.71 15.4185 -107.528 
v -118.066 15.4185 -107.528 
v -128.915 11.1025 -107.528 
v -124.125 11.1025 -107.528 
v -118.066 3.23245 -107.528 
v -124.125 7.37745 -107.528 
v -128.915 7.37745 -107.528 
v -136.645 3.23245 -107.528 
v -136.537 10.7765 -107.528 
v -141.384 10.8455 -107.528 
v -144.71 3.23245 -107.528 
v -141.493 3.23245 -107.528 
v -118.094 3.23245 -107.518 
v -118.094 15.7025 -107.518 
v -117.775 15.7025 -107.518 
v -117.775 3.23245 -107.518 
v -118.094 20.8515 -98.3267 
v -141.493 3.23245 -107.21 
v -123.001 3.23245 -88.4492 
v -144.609 15.5135 -88.2973 
v -118.094 15.4485 -107.366 
v -144.609 15.3645 -107.331 
v -136.537 10.7765 -107.21 
v -145.52 21.5815 -98.0054 
v -117 21.5815 -98.0054 
v -145.52 20.9675 -98.3626 
v -117 20.9675 -98.3626 
v -128.915 11.1025 -107.21 
v -134.076 11.1035 -88.4492 
v -118.094 7.37846 -95.4856 
v -118.094 11.0995 -95.4856 
v -117.775 7.37846 -95.4856 
v -117.775 11.0995 -95.4856 
v -144.928 7.37745 -95.4926 
v -144.929 11.1025 -95.4926 
v -144.609 7.37745 -95.4926 
v -144.609 11.1025 -95.4926 
v -118.094 20.8515 -99.1076 
v -117.775 20.8515 -99.1076 
v -118.094 20.5135 -98.9052 
v -117.775 20.5135 -98.9052 
v -144.929 20.9125 -98.8896 
v -144.609 20.9125 -98.8896 
v -144.609 20.5485 -98.6714 
v -144.929 20.5485 -98.6714 
v -138.866 7.37745 -88.4492 
v -144.929 15.7915 -88.1355 
v -144.609 15.7915 -88.1355 
v -144.929 15.5135 -88.2973 
v -144.609 15.5135 -88.2973 
v -144.71 15.4305 -88.4492 
v -117.785 15.4305 -88.4492 
v -134.076 11.1035 -88.4492 
v -138.866 11.1035 -88.4492 
v -144.71 3.23245 -88.4492 
v -138.866 7.37745 -88.4492 
v -134.076 7.37745 -88.4492 
v -127.849 3.23245 -88.4492 
v -127.741 10.8215 -88.4492 
v -122.893 10.7525 -88.4492 
v -117.785 3.23245 -88.4492 
v -123.001 3.23245 -88.4492 

vn 1 0 0 
vn 1 0 0 
vn 1 0 0 
vn 1 0 0 
vn 1 0 0 
vn 1 0 0 
vn 1 0 0 
vn 1 0 0 
vn 1 0 0 
vn 1 0 0 
vn 1 0 0 
vn 1 0 0 
vn 1 0 0 
vn 1 0 0 
vn 1 0 0 
vn 1 0 0 
vn 1 0 0 
vn 1 0 0 
vn 1 0 0 
vn 1 0 0 
vn 1 0 0 
vn 1 0 0 
vn 1 0 0 
vn 1 0 0 
vn 1 0 0 
vn 1 0 0 
vn 1 0 0 
vn 1 0 0 
vn 1 0 0 
vn -1 0 0 
vn -1 0 0 
vn -1 0 0 
vn -1 0 0 
vn -1 0 0 
vn -1 0 0 
vn -1 0 0 
vn -1 0 0 
vn -1 0 0 
vn -1 0 0 
vn 0 0 1 
vn 0 0 1 
vn 0 0 1 
vn 0 0 1 
vn 0 0 -1 
vn 0 1 0 
vn 0 0.866142 0.503937 
vn 0 0.858268 -0.511811 
vn 0 0.858268 -0.511811 
vn 1 -0.015748 0 
vn 1 -0.015748 0 
vn 1 -0.015748 0 
vn 1 -0.015748 0 
vn 1 0 0 
vn 1 0 0 
vn 1 0 0 
vn 1 0 0 
vn 0 0 -1 
vn 1 0 0 
vn 1 0 0 
vn 1 0 0 
vn 1 0 0 
vn 1 -0.015748 0 
vn 1 -0.015748 0 
vn 1 -0.015748 0 
vn 1 -0.015748 0 
vn 1 0 0 
vn 1 0 0 
vn 1 0 0 
vn 1 0 0 
vn 1 0 0 
vn 1 0 0 
vn 1 0 0 
vn 1 0 0 
vn 1 0 0 
vn 1 0 0 
vn 1 0 0 
vn 1 0 0 
vn 1 0 0 
vn 1 0 0 
vn 1 0 0 
vn 1 0 0 
vn 1 0 0 
vn -1 0 0 
vn -1 0 0 
vn -1 0 0 
vn 1 0 0 
vn 1 0 0 
vn -1 0 0 
vn -1 0 0 
vn -1 0 0 
vn -1 0 0 
vn -1 0 0 
vn 0 0 1 
vn 0 1 0 
vn 0 1 0 
vn 0 1 0 
vn 0 1 0 
vn 0 1 0 
vn 0 1 0 
vn 0 1 0 
vn 0 1 0 
vn 0 1 0 
vn 0 0.866142 0.503937 
vn 0 0.866142 0.503937 
vn 0 0.866142 0.503937 
vn 0 0.866142 0.503937 
vn 0 0.858268 -0.511811 
vn 0 0.858268 -0.511811 
vn 0 0.858268 -0.511811 
vn 0 0.858268 -0.511811 
vn 0 0.866142 0.503937 
vn 0 0.866142 0.503937 
vn 0 0.866142 0.503937 
vn 0 0.866142 0.503937 
vn 0 0.866142 0.503937 
vn 0 0.866142 0.503937 
vn 0 0.866142 0.503937 
vn 0 0.866142 0.503937 
vn 0 0.858268 -0.511811 
vn 0 0.858268 -0.511811 
vn 0 0.858268 -0.511811 
vn 0 0.858268 -0.511811 
vn 0 0.858268 -0.511811 
vn 0 0.858268 -0.511811 
vn 0 0.858268 -0.511811 
vn 0 0.858268 -0.511811 
vn 0 1 0 
vn 0 1 0 
vn 0 1 0 
vn 0 1 0 
vn 0 1 0 
vn 0 1 0 
vn 0 1 0 
vn 0 1 0 
vn 0 1 0 
vn 0 1 0 
vn 0 1 0 
vn 0 1 0 
vn 0 1 0 
vn 0 1 0 
vn 0 1 0 
vn 0 1 0 
vn 0 1 0 
vn 0 1 0 
vn 0 1 0 
vn 0 1 0 
vn 0 1 0 
vn 0 1 0 
vn 0 1 0 
vn 0 1 0 
vn 1 0 0 
vn 1 0 0 
vn -1 0 0 
vn -1 0 0 
vn 1 0 0 
vn 1 0 0 
vn 1 0 0 
vn 1 0 0 
vn 1 0 0 
vn -1 0 0 
vn -1 0 0 
vn -1 0 0 
vn -1 0 0 
vn -1 0 0 
vn 0 -0.503937 0.866142 
vn 0 -0.503937 0.866142 
vn 0 -0.503937 0.866142 
vn 0 -0.503937 0.866142 
vn 0 0 1 
vn 0 0 1 
vn 0 0 1 
vn 0 0 1 
vn 0 0 1 
vn 0 0 1 
vn 0 0 1 
vn 0 0 1 
vn 0 0 1 
vn 0 0 1 
vn 0 0 1 
vn 0 0 1 
vn 0 0 1 
vn 0 0 1 
vn 0 0 1 
vn 0 0 1 
vn 0 0 1 
vn 0 0 1 
vn 0 0 1 
vn 0 0 1 
vn 0 0 -1 
vn 0 0 -1 
vn 0 0 -1 
vn 0 0 -1 
vn 0 0 -1 
vn 0 0 -1 
vn 0 -1 0 
vn 0 -1 0 
vn 0 0.866142 0.503937 
vn 0 0.858268 -0.511811 
vn 0 0.858268 -0.511811 
vn 0 0.511811 0.858268 
vn 0 0.511811 0.858268 
vn 0 0.511811 0.858268 
vn 0 0.511811 0.858268 
vn -1 0.015748 0 
vn 1 0 0 
vn -1 0 0 
vn 0 0 1 
vn 0 0 1 
vn 0 0 1 
vn 0 0 1 
vn 0 0 1 
vn 0 0 1 
vn 0 0 1 
vn 0 0 1 
vn 0 -0.503937 0.866142 
vn 0 -0.503937 0.866142 
vn 0 -0.503937 0.866142 
vn 0 -0.503937 0.866142 
vn 0 -0.503937 0.866142 
vn 0 -0.503937 0.866142 
vn 0 -0.503937 0.866142 
vn 0 -0.503937 0.866142 
vn 0 1 0 
vn 0 0.511811 0.858268 
vn 0 0.511811 0.858268 
vn 0 0.511811 0.858268 
vn 0 0.511811 0.858268 
vn 0 0.511811 0.858268 
vn 0 0.511811 0.858268 
vn 0 0.511811 0.858268 
vn 0 0.511811 0.858268 
vn 0 0 1 
vn 0 0 1 
vn 0 0 1 
vn 0 0 1 
vn 0 0 1 
vn 0 0 1 
vn 0 0 1 
vn 0 0 1 
vn 0 0 1 
vn 0 0 1 
vn 0 0 1 
vn 0 0 1 
vn -1 0 0 
vn -1 0 0 
vn -1 0 0 
vn -1 0 0 
vn -1 0 0 
vn -1 0 0 
vn -1 0 0 
vn -1 0 0 
vn 1 0 0 
vn 1 0 0 
vn 1 0 0 
vn 1 0 0 
vn 1 0 0 
vn 1 0 0 
vn 1 0 0 
vn 1 0 0 
vn 1 0 0 
vn -1 0 0 
vn -1 0 0 
vn -1 0 0 
vn -1 0 0 
vn -1 0 0 
vn -1 0 0 
vn -1 0 0 
vn -1 0 0 
vn -1 0 0 
vn -1 0 0 
vn -1 0 0 
vn -1 0 0 
vn -1 0 0 
vn -1 0 0 
vn -1 0 0 
vn -1 0 0 
vn -1 0 0 
vn -1 0 0 
vn -1 0 0 
vn -1 0 0 
vn -1 0 0 
vn -1 0 0 
vn 0 0 1 
vn 0 0 1 
vn 0 0 1 
vn 0 0 1 
vn 0 0 -1 
vn 0 1 0 
vn 0 0.866142 0.503937 
vn 0 0.858268 -0.511811 
vn 0 0.858268 -0.511811 
vn -1 0.015748 0 
vn -1 0.015748 0 
vn -1 0.015748 0 
vn -1 0.015748 0 
vn -1 0 0 
vn -1 0 0 
vn -1 0 0 
vn -1 0 0 
vn 0 0 -1 
vn -1 0 0 
vn -1 0 0 
vn -1 0 0 
vn -1 0 0 
vn -1 0.015748 0 
vn -1 0.015748 0 
vn -1 0.015748 0 
vn -1 0.015748 0 
vn -1 0 0 
vn -1 0 0 
vn -1 0 0 
vn -1 0 0 
vn -1 0 0 
vn -1 0 0 
vn -1 0 0 
vn -1 0 0 
vn -1 0 0 
vn -1 0 0 
vn -1 0 0 
vn -1 0 0 
vn -1 0 0 
vn -1 0 0 
vn 1 0 0 
vn 1 0 0 
vn 1 0 0 
vn 1 0 0 
vn -1 0 0 
vn -1 0 0 
vn -1 0 0 
vn 1 0 0 
vn 1 0 0 
vn -1 0 0 
vn -1 0 0 
vn -1 0 0 
vn -1 0 0 
vn -1 0 0 
vn 0 0 1 
vn 0 1 0 
vn 0 -1 0 
vn 0 -1 0 
vn 0 -1 0 
vn 0 -1 0 
vn 0 -1 0 
vn 0 -1 0 
vn 0 -1 0 
vn 0 -1 0 
vn 0 -1 0 
vn 0 -1 0 
vn 0 -1 0 
vn 0 -1 0 
vn 0 -1 0 
vn 0 -1 0 
vn 0 -1 0 
vn 0 -1 0 
vn 0 -1 0 
vn 0 -1 0 
vn 0 -1 0 
vn 0 -1 0 
vn 0 -1 0 
vn 0 -1 0 
vn 0 -1 0 
vn 0 -1 0 
vn -0.015748 -1 0 
vn -0.015748 -1 0 
vn -0.015748 -1 0 
vn -0.015748 -1 0 
vn -0.015748 -1 0 
vn -0.015748 -1 0 
vn -0.015748 -1 0 
vn -0.015748 -1 0 
vn 0 -1 0 
vn 0 -1 0 
vn 0 -1 0 
vn 0 -1 0 
vn 0 -1 0 
vn 0 -1 0 
vn 0 -1 0 
vn 0 -1 0 
vn 0 -1 0 
vn 0 -1 0 
vn 0 -1 0 
vn 0 -1 0 
vn 0 -1 0 
vn 0 -1 0 
vn 0 -1 0 
vn 0 -1 0 
vn 0 -0.858268 0.511811 
vn 0 -0.858268 0.511811 
vn 0 -0.858268 0.511811 
vn 0 -0.858268 0.511811 
vn 0 -0.866142 -0.503937 
vn 0 -0.866142 -0.503937 
vn 0 -0.866142 -0.503937 
vn 0 -0.866142 -0.503937 
vn 1 0 0 
vn 1 0 0 
vn 1 0 0 
vn 1 0 0 
vn 1 0 0 
vn 1 0 0 
vn -1 0 0 
vn -1 0 0 
vn -1 0 0 
vn -1 0 0 
vn -1 0 0 
vn -1 0 0 
vn 0 -0.511811 -0.858268 
vn 0 -0.511811 -0.858268 
vn 0 -0.511811 -0.858268 
vn 0 -0.511811 -0.858268 
vn 0 0 1 
vn 0 0 1 
vn 0 0 1 
vn 0 0 1 
vn 0 0 1 
vn 0 0 1 
vn 0 0 -1 
vn 0 0 -1 
vn 0 0 -1 
vn 0 0 -1 
vn 0 0 -1 
vn 0 0 -1 
vn 0 0 -1 
vn 0 0 -1 
vn 0 0 -1 
vn 0 0 -1 
vn 0 0 -1 
vn 0 0 -1 
vn 0 0 -1 
vn 0 0 -1 
vn 0 0 -1 
vn 0 0 -1 
vn 0 0 -1 
vn 0 0 -1 
vn 0 0 -1 
vn 0 0 -1 
vn 0 1 0 
vn 0 -1 0 
vn 0 -1 0 
vn 0 0.866142 0.503937 
vn 0 0.858268 -0.511811 
vn 0 0.858268 -0.511811 
vn -1 0.015748 0 
vn 0 0.503937 -0.866142 
vn 0 0.503937 -0.866142 
vn 0 0.503937 -0.866142 
vn 0 0.503937 -0.866142 
vn 1 0 0 
vn -1 0 0 
vn 0 0 -1 
vn 0 0 -1 
vn 0 0 -1 
vn 0 0 -1 
vn 0 0 -1 
vn 0 0 -1 
vn 0 0 -1 
vn 0 0 -1 
vn 0 -0.511811 -0.858268 
vn 0 -0.511811 -0.858268 
vn 0 -0.511811 -0.858268 
vn 0 -0.511811 -0.858268 
vn 0 -0.511811 -0.858268 
vn 0 -0.511811 -0.858268 
vn 0 -0.511811 -0.858268 
vn 0 -0.511811 -0.858268 
vn 0 1 0 
vn 0 0.503937 -0.866142 
vn 0 0.503937 -0.866142 
vn 0 0.503937 -0.866142 
vn 0 0.503937 -0.866142 
vn 0 0 -1 
vn 0 0 -1 
vn 0 0 -1 
vn 0 0 -1 
vn 0 0 -1 
vn 0 0 -1 
vn 0 0 -1 
vn 0 0 -1 
vn 0 0 -1 
vn 0 0 -1 
vn 0 0 -1 
vn 0 0 -1 

vt 0.596241 6.83469 
vt -1.03965 7.81394 
vt 0.551301 6.75969 
vt -1.0846 7.73894 
vt -1.04273 7.81256 
vt -2.85051 6.76006 
vt -0.998077 7.73581 
vt -2.80586 6.68344 
vt -2.27354 7.02506 
vt -2.27355 5.51894 
vt -1.3577 6.50231 
vt -1.16621 7.66969 
vt -1.3577 6.03719 
vt 0.146326 5.51894 
vt -0.759677 6.03719 
vt -0.759677 6.50231 
vt -0.930252 7.67906 
vt -1.19623 7.72131 
vt -0.904952 7.72131 
vt 0.12734 7.04594 
vt 0.146336 7.07769 
vt -2.277 7.04369 
vt -2.277 5.51894 
vt -2.23725 7.04369 
vt -2.23725 5.51894 
vt 0.107877 7.04219 
vt 0.107877 5.51894 
vt 0.147628 7.04219 
vt 0.147628 5.51894 
vt -1.35683 6.50269 
vt -1.15525 7.69506 
vt -1.35683 6.03706 
vt -0.758039 6.03706 
vt -0.758027 6.50269 
vt -0.959477 7.68344 
vt 0.147628 7.04219 
vt 0.147628 5.51894 
vt -2.277 5.51894 
vt -2.277 7.04369 
vt -2.27646 7.08881 
vt -2.27648 5.51806 
vt -2.27354 7.02506 
vt -2.27355 5.51894 
vt 0.148785 5.51806 
vt -1.00256 7.72131 
vt -2.25624 7.05406 
vt 0.12734 7.04594 
vt 0.12292 7.03544 
vt -2.277 6.46756 
vt -2.277 5.51894 
vt -2.23725 5.51894 
vt -2.23725 6.46756 
vt 0.107877 6.50269 
vt 0.107877 6.03706 
vt 0.147628 6.50269 
vt 0.147628 6.03706 
vt -1.35683 6.03706 
vt -2.277 6.50281 
vt -2.277 6.03706 
vt -2.23725 6.03706 
vt -2.23725 6.50281 
vt 0.107877 6.47056 
vt 0.107877 5.51894 
vt 0.147628 5.51894 
vt 0.147628 6.47056 
vt -0.932202 7.72894 
vt -1.17498 7.72894 
vt -1.15525 7.69506 
vt -0.959477 7.68344 
vt -1.35683 6.50269 
vt -2.25624 7.05406 
vt -0.758027 6.50269 
vt -2.27648 5.51806 
vt -2.27646 7.08881 
vt -1.35683 6.03706 
vt 0.12292 7.03544 
vt 0.148785 5.51806 
vt 0.148796 7.07869 
vt -0.758039 6.03706 
vt -2.91095 4.98756 
vt -2.90833 6.58159 
vt -2.90833 8.38938 
vt 0.656677 8.38938 
vt 0.652927 4.94262 
vt 0.652927 6.62345 
vt -2.77507 5.43099 
vt -2.77507 5.39123 
vt 0.582802 6.69411 
vt 0.582802 6.49834 
vt 0.555427 5.43099 
vt 0.555427 5.39123 
vt 0.555427 7.81586 
vt -2.77157 7.8124 
vt 0.582802 6.71384 
vt 0.542801 6.71384 
vt 0.542801 6.47106 
vt 0.582802 6.47106 
vt -2.81145 6.73509 
vt -2.81145 6.44381 
vt -2.77157 6.54143 
vt -2.77157 6.44381 
vt -2.77157 6.73509 
vt 0.656677 8.38938 
vt -2.90833 8.38938 
vt 0.656677 6.58159 
vt -2.90833 6.58159 
vt -2.91095 4.94262 
vt 0.652927 4.94262 
vt -2.91095 6.57851 
vt 0.652927 6.57851 
vt 0.542801 7.7951 
vt 0.542801 6.69411 
vt 0.582802 6.69411 
vt 0.582802 7.7951 
vt -2.77157 6.70508 
vt -2.77157 7.8124 
vt -2.81145 7.8124 
vt -2.81145 6.70508 
vt -2.77157 5.41152 
vt -2.77157 6.46911 
vt -2.81145 5.41152 
vt -2.81145 6.46911 
vt 0.582676 5.41594 
vt 0.582802 6.49834 
vt 0.542801 5.41594 
vt 0.542801 6.49834 
vt -2.8102 7.77611 
vt 0.555427 7.77611 
vt 0.555427 7.81586 
vt -2.8102 7.81586 
vt -2.77507 5.39123 
vt 0.555427 5.39123 
vt -2.77507 5.43099 
vt 0.555427 5.43099 
vt -2.77157 6.29854 
vt -2.77157 6.89656 
vt -2.81145 6.29854 
vt -2.81145 6.89656 
vt -1.41895 5.43099 
vt -2.0177 5.43099 
vt -1.41895 5.39123 
vt -2.0177 5.39123 
vt -0.175076 7.81586 
vt -0.773823 7.81586 
vt -0.773823 7.77611 
vt -0.175076 7.77611 
vt 0.582676 6.2969 
vt 0.582676 6.89569 
vt 0.542801 6.2969 
vt 0.542801 6.89569 
vt 0.654053 6.76006 
vt 0.654053 6.68344 
vt -2.91095 6.76006 
vt -2.91095 6.68331 
vt 0.557175 7.02506 
vt 0.557175 5.51894 
vt 0.557175 7.07769 
vt 0.520801 7.04219 
vt 0.520801 5.51894 
vt -2.83707 7.07869 
vt -2.8097 7.04219 
vt -2.8097 5.51894 
vt -2.8097 5.51894 
vt -2.8097 7.04369 
vt 0.654053 6.76006 
vt -2.91095 6.76006 
vt 0.654053 6.68344 
vt -2.91095 6.68331 
vt 0.555927 5.51894 
vt 0.555927 7.04369 
vt -0.0825731 6.45894 
vt -0.0960733 5.51894 
vt -0.688572 6.46756 
vt -1.48045 6.50281 
vt -2.8097 7.04369 
vt -1.48045 6.03706 
vt -2.0792 6.50281 
vt -0.702072 5.51894 
vt -2.8097 5.51894 
vt -2.0792 6.03706 
vt -2.79707 7.08881 
vt -2.83707 7.08881 
vt -2.79707 5.51806 
vt -2.83695 5.51806 
vt 0.557175 5.51894 
vt 0.557175 7.02506 
vt 0.5173 7.02506 
vt 0.5173 5.51894 
vt -0.835323 6.50269 
vt -0.236572 6.50269 
vt -0.236572 6.03706 
vt -0.835323 6.03706 
vt -1.80157 5.51894 
vt -2.39395 6.47056 
vt -2.40757 5.51894 
vt -0.0960733 5.51894 
vt -2.79707 7.05406 
vt 0.5173 7.04594 
vt -2.79707 7.03544 
vt 0.656677 7.81394 
vt -2.9072 7.81394 
vt 0.656677 7.73894 
vt -2.9072 7.73881 
vt -1.78807 6.46194 
vt -0.835323 6.50269 
vt -1.48045 6.50281 
vt 0.5173 6.50231 
vt 0.5173 6.03719 
vt 0.557175 6.50231 
vt 0.557175 6.03719 
vt -2.83695 6.50269 
vt -2.83695 6.03706 
vt -2.79707 6.03706 
vt -2.79707 6.50269 
vt 0.5173 7.72131 
vt 0.5173 7.66969 
vt 0.557175 7.72131 
vt 0.557175 7.66969 
vt -2.79707 7.72894 
vt -2.83707 7.72894 
vt -2.79707 7.69506 
vt -2.83707 7.69506 
vt -2.0792 6.03706 
vt 0.5173 7.07769 
vt 0.5173 7.04594 
vt 0.557175 7.07769 
vt 0.557175 7.04594 
vt -2.83707 7.07869 
vt -2.83695 7.03544 
vt -2.79707 7.07869 
vt -2.79707 7.03544 
vt 0.520801 5.51894 
vt 0.520801 7.04219 
vt -0.236572 6.50269 
vt -0.236572 6.03706 
vt -0.835323 6.50269 
vt -0.835323 6.03706 
vt -1.80157 5.51894 
vt -1.78807 6.46194 
vt -2.8097 7.04219 
vt -2.39395 6.47056 
vt -2.8097 5.51894 
vt -2.40757 5.51894 
vt 0.596241 6.76006 
vt -1.21155 7.81256 
vt 0.551591 6.68331 
vt -1.2562 7.73581 
vt -1.21462 7.81394 
vt -2.85051 6.83469 
vt -1.16968 7.73881 
vt -2.80557 6.75969 
vt 0.0192665 7.02506 
vt 0.0192789 5.51894 
vt -0.896571 6.50231 
vt -0.896571 6.03719 
vt -1.4946 6.03719 
vt -1.4946 6.50231 
vt -1.32402 7.67906 
vt -2.4019 7.04219 
vt -2.4019 5.51894 
vt 0.0222038 5.51806 
vt 0.0221914 7.08881 
vt 0.00196636 7.05406 
vt -0.897446 6.50269 
vt -1.09902 7.69506 
vt -0.897446 6.03706 
vt -2.40306 5.51806 
vt -1.49623 6.03706 
vt -1.49625 6.50269 
vt -1.2948 7.68344 
vt -1.32207 7.72894 
vt -1.0793 7.72894 
vt -2.37719 7.03544 
vt -2.40307 7.07869 
vt -2.36215 5.51894 
vt -2.36215 7.04219 
vt -2.4019 7.04219 
vt -2.4019 5.51894 
vt 0.0227288 5.51894 
vt 0.0227288 7.04369 
vt -0.0170211 5.51894 
vt -0.0170211 7.04369 
vt 0.0221914 7.08881 
vt 0.0222038 5.51806 
vt 0.0192665 7.02506 
vt 0.0192789 5.51894 
vt -2.40306 5.51806 
vt -1.25171 7.72131 
vt 0.00196636 7.05406 
vt -2.38161 7.04594 
vt -2.37719 7.03544 
vt -2.4019 5.51894 
vt -2.36215 5.51894 
vt -2.4019 6.46194 
vt -2.36215 6.46194 
vt 0.0227288 6.03706 
vt 0.0227288 6.50281 
vt -0.0170211 6.50281 
vt -0.0170211 6.03706 
vt -0.897446 6.03706 
vt -2.36215 6.03706 
vt -2.36215 6.50269 
vt -2.4019 6.03706 
vt -2.4019 6.50269 
vt 0.0227288 5.51894 
vt 0.0227288 6.45894 
vt -0.0170211 5.51894 
vt -0.0170211 6.45894 
vt -1.25171 7.72131 
vt -1.34932 7.72131 
vt -1.32402 7.67906 
vt -1.08806 7.66969 
vt -1.05805 7.72131 
vt -1.4946 6.50231 
vt -2.38161 7.04594 
vt -0.896571 6.50231 
vt 0.0192665 7.02506 
vt 0.0192789 5.51894 
vt -0.896571 6.03719 
vt -2.4006 5.51894 
vt -2.40061 7.07769 
vt -1.4946 6.03719 
vt 0.656677 4.98756 
vt 0.654053 6.58159 
vt 0.654053 8.38938 
vt 0.654053 8.34473 
vt -2.91095 8.34473 
vt -2.9072 4.94262 
vt -2.9072 6.62345 
vt 0.520801 5.43099 
vt 0.520801 5.39123 
vt -2.83707 6.69411 
vt -2.83707 6.49834 
vt -2.8097 5.43099 
vt -2.8097 5.39123 
vt -2.8097 7.81586 
vt 0.5173 7.8124 
vt 0.5173 6.54143 
vt -2.83695 7.81534 
vt -2.83695 5.39008 
vt -2.79707 7.81534 
vt -2.79707 5.39008 
vt 0.5173 7.81241 
vt 0.5173 5.39254 
vt 0.557175 7.81241 
vt 0.557175 5.39254 
vt -2.40757 5.43099 
vt -2.8097 5.43099 
vt -2.40757 5.39123 
vt -2.8097 5.39123 
vt 0.520801 5.43099 
vt -1.80157 5.43099 
vt -1.80157 5.39123 
vt 0.520801 5.39123 
vt -0.702072 7.81586 
vt -2.8097 7.81586 
vt -2.8097 7.77611 
vt -0.702072 7.77611 
vt 0.555927 7.81586 
vt -0.0960733 7.81586 
vt 0.555927 7.77611 
vt -0.0960733 7.77611 
vt -1.78807 5.43099 
vt -2.39395 5.43099 
vt -1.78807 5.39123 
vt -2.39395 5.39123 
vt -0.0825731 7.81586 
vt -0.688572 7.81586 
vt -0.688572 7.77611 
vt -0.0825731 7.77611 
vt 0.5173 6.89656 
vt 0.5173 6.29854 
vt 0.557175 6.29854 
vt 0.557175 6.89656 
vt -0.236572 5.43099 
vt -0.835323 5.43099 
vt -0.236572 5.39123 
vt -0.835323 5.39123 
vt -1.48045 7.81586 
vt -2.0792 7.81586 
vt -2.0792 7.77611 
vt -1.48045 7.77611 
vt -2.83707 6.89569 
vt -2.83695 6.29689 
vt -2.79707 6.89569 
vt -2.79707 6.29689 
vt 0.656677 6.62346 
vt -2.9072 6.62345 
vt 0.656677 4.98756 
vt -2.9072 4.98756 
vt -2.91095 6.53694 
vt 0.654053 6.53694 
vt -2.91095 8.34473 
vt 0.654053 8.34473 
vt -2.90833 7.81256 
vt -2.81145 7.02506 
vt -2.81145 5.51894 
vt -2.81145 7.07769 
vt -2.77507 7.04219 
vt -2.77507 5.51894 
vt 0.582802 7.68344 
vt 0.582802 7.07869 
vt 0.555427 7.04219 
vt 0.555427 5.51894 
vt 0.555427 5.51894 
vt 0.555427 7.04369 
vt 0.652927 6.83469 
vt -2.91095 6.83469 
vt 0.652927 6.75969 
vt -2.91095 6.75969 
vt -2.1717 6.45894 
vt -1.5657 6.46756 
vt -0.773823 6.03706 
vt -0.175076 6.50281 
vt -1.5522 5.51894 
vt -2.77157 7.02506 
vt 0.582676 5.51806 
vt 0.582802 7.07869 
vt 0.542801 5.51806 
vt 0.542801 7.07869 
vt 0.555427 7.04219 
vt -2.77507 7.04219 
vt -1.41895 6.50269 
vt -2.0177 6.50269 
vt -2.77507 5.51894 
vt -2.0177 6.03706 
vt -1.41895 6.03706 
vt -0.452698 5.51894 
vt -0.466198 6.46194 
vt 0.139675 6.47056 
vt 0.555427 5.51894 
vt 0.153301 5.51894 
vt -2.77157 5.51894 
vt -2.77157 7.07769 
vt -2.81145 7.07769 
vt -2.81145 5.51894 
vt -2.77157 7.72131 
vt 0.153301 5.51894 
vt -2.1582 5.51894 
vt 0.542801 7.05406 
vt -2.77157 7.04594 
vt 0.542801 7.03544 
vt -0.466198 6.46194 
vt 0.656677 7.81256 
vt -2.90833 7.81256 
vt 0.656677 7.73581 
vt -2.90833 7.73581 
vt -1.41895 6.50269 
vt -0.773823 6.50281 
vt -2.77157 6.03719 
vt -2.77157 6.50231 
vt -2.81145 6.03719 
vt -2.81145 6.50231 
vt 0.582676 6.03706 
vt 0.582802 6.50269 
vt 0.542801 6.03706 
vt 0.542801 6.50269 
vt -2.77157 7.72131 
vt -2.81145 7.72131 
vt -2.77157 7.67906 
vt -2.81145 7.67906 
vt 0.582802 7.72894 
vt 0.542801 7.72894 
vt 0.542801 7.68344 
vt 0.582802 7.68344 
vt -0.175076 6.03706 
vt 0.582802 7.08881 
vt 0.542801 7.08881 
vt 0.582802 7.05406 
vt 0.542801 7.05406 
vt 0.555427 7.04369 
vt -2.8102 7.04369 
vt -0.773823 6.50281 
vt -0.175076 6.50281 
vt 0.555427 5.51894 
vt -0.175076 6.03706 
vt -0.773823 6.03706 
vt -1.5522 5.51894 
vt -1.5657 6.46756 
vt -2.1717 6.45894 
vt -2.8102 5.51894 
vt -2.1582 5.51894 

usemtl Wall1Mtl

f 1/1/1 2/2/2 3/3/3 
f 3/3/3 2/2/2 4/4/4 
f 5/5/5 6/6/6 7/7/7 
f 7/7/7 6/6/6 8/8/8 
f 9/9/9 10/10/10 11/11/11 
f 9/9/9 11/11/11 12/12/12 
f 13/13/13 11/11/11 10/10/10 
f 10/10/10 14/14/14 13/13/13 
f 13/13/13 14/14/14 15/15/15 
f 16/16/16 12/12/12 11/11/11 
f 14/14/14 16/16/16 15/15/15 
f 12/12/12 16/16/16 17/17/17 
f 17/17/17 18/18/18 12/12/12 
f 19/19/19 18/18/18 17/17/17 
f 16/16/16 20/20/20 17/17/17 
f 20/20/20 16/16/16 14/14/14 
f 14/14/14 21/21/21 20/20/20 
f 22/22/22 23/23/23 24/24/24 
f 24/24/24 23/23/23 25/25/25 
f 26/26/26 27/27/27 28/28/28 
f 28/28/28 27/27/27 29/29/29 
f 49/49/49 50/50/50 51/51/51 
f 51/51/51 52/52/52 49/49/49 
f 53/53/53 54/54/54 55/55/55 
f 54/54/54 56/56/56 55/55/55 
f 58/58/58 59/59/59 60/60/60 
f 60/60/60 61/61/61 58/58/58 
f 62/62/62 63/63/63 64/64/64 
f 64/64/64 65/65/65 62/62/62 
f 66/66/66 67/67/67 68/68/68 
f 69/69/69 66/66/66 68/68/68 
f 70/70/70 69/69/69 68/68/68 
f 71/71/71 70/70/70 68/68/68 
f 69/69/69 70/70/70 72/72/72 
f 70/70/70 71/71/71 73/73/73 
f 73/73/73 71/71/71 74/74/74 
f 75/75/75 70/70/70 73/73/73 
f 72/72/72 76/76/76 69/69/69 
f 73/73/73 77/77/77 75/75/75 
f 76/76/76 72/72/72 77/77/77 
f 77/77/77 78/78/78 76/76/76 
f 77/77/77 72/72/72 79/79/79 
f 75/75/75 77/77/77 79/79/79 
f 94/94/94 95/95/95 96/96/96 
f 96/96/96 97/97/97 94/94/94 
f 98/98/98 99/99/99 100/100/100 
f 99/99/99 101/101/101 100/100/100 
f 102/102/102 98/98/98 100/100/100 
f 103/103/103 104/104/104 105/105/105 
f 105/105/105 104/104/104 106/106/106 
f 107/107/107 108/108/108 109/109/109 
f 109/109/109 108/108/108 110/110/110 
f 111/111/111 112/112/112 113/113/113 
f 114/114/114 111/111/111 113/113/113 
f 115/115/115 116/116/116 117/117/117 
f 117/117/117 118/118/118 115/115/115 
f 119/119/119 120/120/120 121/121/121 
f 120/120/120 122/122/122 121/121/121 
f 123/123/123 124/124/124 125/125/125 
f 124/124/124 126/126/126 125/125/125 
f 127/127/127 128/128/128 129/129/129 
f 130/130/130 127/127/127 129/129/129 
f 131/131/131 132/132/132 133/133/133 
f 133/133/133 132/132/132 134/134/134 
f 135/135/135 136/136/136 137/137/137 
f 138/138/138 137/137/137 136/136/136 
f 139/139/139 140/140/140 141/141/141 
f 142/142/142 141/141/141 140/140/140 
f 143/143/143 144/144/144 145/145/145 
f 145/145/145 146/146/146 143/143/143 
f 147/147/147 148/148/148 149/149/149 
f 150/150/150 149/149/149 148/148/148 
f 165/165/165 166/166/166 167/167/167 
f 167/167/167 166/166/166 168/168/168 
f 169/169/169 170/170/170 171/171/171 
f 172/172/172 169/169/169 171/171/171 
f 173/173/173 171/171/171 170/170/170 
f 174/174/174 173/173/173 170/170/170 
f 175/175/175 174/174/174 170/170/170 
f 173/173/173 174/174/174 176/176/176 
f 174/174/174 175/175/175 177/177/177 
f 178/178/178 173/173/173 176/176/176 
f 175/175/175 179/179/179 177/177/177 
f 179/179/179 178/178/178 176/176/176 
f 180/180/180 177/177/177 179/179/179 
f 179/179/179 176/176/176 180/180/180 
f 181/181/181 182/182/182 183/183/183 
f 182/182/182 184/184/184 183/183/183 
f 185/185/185 186/186/186 187/187/187 
f 185/185/185 187/187/187 188/188/188 
f 200/200/200 201/201/201 202/202/202 
f 202/202/202 201/201/201 203/203/203 
f 207/207/207 208/208/208 209/209/209 
f 210/210/210 209/209/209 208/208/208 
f 211/211/211 212/212/212 213/213/213 
f 213/213/213 214/214/214 211/211/211 
f 215/215/215 216/216/216 217/217/217 
f 218/218/218 217/217/217 216/216/216 
f 219/219/219 220/220/220 221/221/221 
f 220/220/220 222/222/222 221/221/221 
f 224/224/224 225/225/225 226/226/226 
f 227/227/227 226/226/226 225/225/225 
f 228/228/228 229/229/229 230/230/230 
f 231/231/231 230/230/230 229/229/229 
f 232/232/232 233/233/233 234/234/234 
f 234/234/234 235/235/235 232/232/232 
f 234/234/234 233/233/233 236/236/236 
f 232/232/232 235/235/235 237/237/237 
f 232/232/232 237/237/237 238/238/238 
f 237/237/237 239/239/239 238/238/238 
f 239/239/239 237/237/237 236/236/236 
f 240/240/240 236/236/236 233/233/233 
f 236/236/236 240/240/240 239/239/239 
f 240/240/240 241/241/241 239/239/239 
f 240/240/240 242/242/242 241/241/241 
f 242/242/242 243/243/243 241/241/241 
f 244/244/244 245/245/245 246/246/246 
f 246/246/246 245/245/245 247/247/247 
f 248/248/248 249/249/249 250/250/250 
f 250/250/250 249/249/249 251/251/251 
f 261/261/261 262/262/262 263/263/263 
f 264/264/264 261/261/261 263/263/263 
f 264/264/264 263/263/263 265/265/265 
f 261/261/261 264/264/264 266/266/266 
f 267/267/267 261/261/261 266/266/266 
f 267/267/267 266/266/266 268/268/268 
f 268/268/268 269/269/269 267/267/267 
f 269/269/269 264/264/264 270/270/270 
f 264/264/264 265/265/265 270/270/270 
f 271/271/271 270/270/270 265/265/265 
f 272/272/272 271/271/271 265/265/265 
f 273/273/273 269/269/269 270/270/270 
f 269/269/269 273/273/273 267/267/267 
f 267/267/267 273/273/273 274/274/274 
f 275/275/275 276/276/276 277/277/277 
f 278/278/278 275/275/275 277/277/277 
f 279/279/279 280/280/280 281/281/281 
f 280/280/280 282/282/282 281/281/281 
f 292/292/292 293/293/293 294/294/294 
f 295/295/295 294/294/294 293/293/293 
f 296/296/296 297/297/297 298/298/298 
f 298/298/298 299/299/299 296/296/296 
f 301/301/301 302/302/302 303/303/303 
f 304/304/304 303/303/303 302/302/302 
f 305/305/305 306/306/306 307/307/307 
f 308/308/308 307/307/307 306/306/306 
f 309/309/309 310/310/310 311/311/311 
f 311/311/311 312/312/312 309/309/309 
f 312/312/312 313/313/313 309/309/309 
f 312/312/312 311/311/311 314/314/314 
f 315/315/315 314/314/314 311/311/311 
f 314/314/314 316/316/316 312/312/312 
f 316/316/316 317/317/317 312/312/312 
f 316/316/316 318/318/318 317/317/317 
f 318/318/318 316/316/316 319/319/319 
f 320/320/320 318/318/318 319/319/319 
f 314/314/314 315/315/315 320/320/320 
f 320/320/320 315/315/315 321/321/321 
f 322/322/322 314/314/314 320/320/320 
f 320/320/320 319/319/319 322/322/322 
f 339/339/339 340/340/340 341/341/341 
f 340/340/340 342/342/342 341/341/341 
f 343/343/343 344/344/344 345/345/345 
f 344/344/344 346/346/346 345/345/345 
f 347/347/347 348/348/348 349/349/349 
f 348/348/348 350/350/350 349/349/349 
f 351/351/351 352/352/352 353/353/353 
f 354/354/354 351/351/351 353/353/353 
f 355/355/355 356/356/356 357/357/357 
f 355/355/355 357/357/357 358/358/358 
f 359/359/359 360/360/360 361/361/361 
f 360/360/360 362/362/362 361/361/361 
f 363/363/363 364/364/364 365/365/365 
f 366/366/366 365/365/365 364/364/364 
f 367/367/367 368/368/368 369/369/369 
f 369/369/369 370/370/370 367/367/367 
f 371/371/371 372/372/372 373/373/373 
f 373/373/373 374/374/374 371/371/371 
f 375/375/375 376/376/376 377/377/377 
f 376/376/376 378/378/378 377/377/377 
f 379/379/379 380/380/380 381/381/381 
f 381/381/381 382/382/382 379/379/379 
f 383/383/383 384/384/384 385/385/385 
f 386/386/386 385/385/385 384/384/384 
f 387/387/387 388/388/388 389/389/389 
f 389/389/389 388/388/388 390/390/390 
f 391/391/391 392/392/392 393/393/393 
f 393/393/393 392/392/392 394/394/394 
f 407/407/407 408/408/408 409/409/409 
f 409/409/409 408/408/408 410/410/410 
f 417/417/417 418/418/418 419/419/419 
f 418/418/418 420/420/420 419/419/419 
f 421/421/421 422/422/422 423/423/423 
f 423/423/423 422/422/422 424/424/424 
f 422/422/422 425/425/425 424/424/424 
f 426/426/426 424/424/424 425/425/425 
f 427/427/427 426/426/426 425/425/425 
f 428/428/428 427/427/427 425/425/425 
f 429/429/429 427/427/427 428/428/428 
f 427/427/427 429/429/429 423/423/423 
f 421/421/421 423/423/423 429/429/429 
f 429/429/429 430/430/430 421/421/421 
f 430/430/430 431/431/431 421/421/421 
f 431/431/431 430/430/430 432/432/432 
f 433/433/433 434/434/434 435/435/435 
f 436/436/436 433/433/433 435/435/435 
f 444/444/444 445/445/445 446/446/446 
f 446/446/446 445/445/445 447/447/447 
f 450/450/450 451/451/451 452/452/452 
f 453/453/453 452/452/452 451/451/451 
f 454/454/454 455/455/455 456/456/456 
f 457/457/457 456/456/456 455/455/455 
f 458/458/458 459/459/459 460/460/460 
f 459/459/459 461/461/461 460/460/460 
f 462/462/462 463/463/463 464/464/464 
f 465/465/465 462/462/462 464/464/464 
f 467/467/467 468/468/468 469/469/469 
f 468/468/468 470/470/470 469/469/469 
f 471/471/471 472/472/472 473/473/473 
f 473/473/473 474/474/474 471/471/471 
f 471/471/471 474/474/474 475/475/475 
f 474/474/474 476/476/476 475/475/475 
f 477/477/477 475/475/475 476/476/476 
f 478/478/478 475/475/475 477/477/477 
f 479/479/479 478/478/478 477/477/477 
f 477/477/477 473/473/473 479/479/479 
f 472/472/472 479/479/479 473/473/473 
f 479/479/479 472/472/472 480/480/480 
f 472/472/472 481/481/481 480/480/480 
f 482/482/482 480/480/480 481/481/481 

g Frame1

v -136.986 0.835758 -110.817 
v -136.986 0.644764 -110.817 
v -140.932 0.000751495 -111.035 
v -141.313 0.355762 -111.39 
v -136.79 0.355762 -111.39 
v -136.79 0.000751495 -111.035 
v -137.069 2.35875 -109.295 
v -137.069 2.16875 -109.295 
v -116.859 13.4978 -111.079 
v -144.257 13.4978 -111.079 
v -117.009 13.7998 -110.573 
v -145.163 15.6368 -88.6877 
v -145.163 -0.000240326 -88.0185 
v -145.163 15.6368 -107.631 
v -145.163 -0.000240326 -106.961 
v -144.996 11.0828 -100.414 
v -145.045 12.7267 -107.63 
v -145.038 10.3258 -95.5427 
v -145.038 10.3258 -107.201 
v -145.038 12.4698 -107.201 
v -145.038 12.4688 -88.0791 
v -137.086 2.93076 -108.532 
v -144.65 3.09575 -107.038 
v -144.65 3.09476 -88.1039 
v -136.58 10.9077 -107.629 
v -117.983 10.3258 -107.63 
v -117.725 7.62175 -107.63 
v -117.595 15.6368 -107.631 
v -117.595 -0.000240326 -107.631 
v -117.726 12.4688 -107.63 
v -117.726 14.5228 -107.63 
v -141.279 10.8288 -107.629 
v -141.536 3.12876 -107.629 
v -141.278 3.12876 -107.629 
v -144.564 15.6368 -107.631 
v -144.563 -0.000240326 -107.631 
v -136.836 3.12876 -107.629 
v -136.58 3.38875 -107.629 
v -117.725 3.31876 -107.527 
v -117.725 3.06075 -107.527 
v -144.604 7.87975 -107.317 
v -144.604 7.62175 -107.317 
v -117.73 14.7708 -107.201 
v -117.73 12.7267 -107.201 
v -117.73 12.4688 -107.201 
v -117.73 7.87975 -107.201 
v -144.604 14.7708 -107.201 
v -144.604 14.5128 -107.201 
v -144.604 12.7278 -107.201 
v -144.604 12.4698 -107.201 
v -144.604 3.31876 -107.098 
v -116.859 13.4978 -111.079 
v -116.859 21.2858 -98.0667 
v -116.859 12.8968 -110.719 
v -116.859 20.6857 -97.707 
v -116.861 21.2818 -98.0248 
v -116.861 12.9207 -83.6632 
v -116.861 20.6688 -98.3821 
v -116.861 12.3068 -84.0204 
v -116.89 13.2008 -84.144 
v -116.89 12.9028 -83.6319 
v -116.89 12.5868 -84.5011 
v -116.89 12.2888 -83.9892 
v -117.009 13.5008 -111.074 
v -117.009 13.7998 -110.573 
v -117.009 12.8998 -110.714 
v -117.009 13.1998 -110.214 
v -117.595 15.6368 -107.631 
v -117.595 15.6368 -106.961 
v -117.595 -0.000240326 -107.631 
v -117.595 -0.000240326 -106.961 
v -117.595 15.6368 -88.6876 
v -117.595 15.6368 -88.0185 
v -117.595 -0.000240326 -88.6877 
v -117.595 -0.000240326 -88.0185 
v -117.725 7.87975 -88.0834 
v -117.725 7.62175 -88.0834 
v -117.725 7.87975 -88.517 
v -117.725 7.62175 -88.517 
v -117.726 10.5838 -88.0832 
v -117.726 10.3258 -88.0832 
v -117.726 10.5838 -88.517 
v -117.726 10.3258 -88.517 
v -117.725 5.61876 -88.0834 
v -117.725 5.36075 -88.0834 
v -117.725 5.61876 -88.5172 
v -117.725 5.36075 -88.5172 
v -117.725 7.87975 -107.196 
v -117.725 7.62175 -107.196 
v -117.725 7.87975 -107.63 
v -117.725 7.62175 -107.63 
v -117.726 12.7267 -107.196 
v -117.726 12.4688 -107.196 
v -117.726 12.7267 -107.63 
v -117.726 12.4688 -107.63 
v -117.726 14.7808 -107.196 
v -117.726 14.5228 -107.196 
v -117.726 14.7808 -107.63 
v -117.726 14.5228 -107.63 
v -117.726 14.7708 -88.0834 
v -117.726 14.5128 -88.0834 
v -117.726 14.7708 -88.5172 
v -117.726 14.5128 -88.5172 
v -117.726 12.7267 -88.0834 
v -117.726 12.4698 -88.0834 
v -117.726 12.7267 -88.5172 
v -117.726 12.4698 -88.5172 
v -117.725 3.31876 -87.9801 
v -117.725 3.06075 -87.9801 
v -117.725 3.31876 -88.4139 
v -117.725 3.06075 -88.4139 
v -117.725 3.31876 -107.093 
v -117.725 3.06075 -107.093 
v -117.725 3.31876 -107.527 
v -117.725 3.06075 -107.527 
v -117.73 3.06075 -107.098 
v -117.73 3.31876 -107.098 
v -117.73 3.06075 -87.9758 
v -117.73 3.31775 -87.9758 
v -117.73 5.36075 -107.201 
v -117.73 5.61876 -107.201 
v -117.73 5.36075 -88.079 
v -117.73 5.61876 -88.079 
v -117.73 10.3258 -95.515 
v -117.73 10.5838 -95.515 
v -117.73 10.3258 -88.079 
v -117.73 10.5838 -88.079 
v -117.73 7.62175 -95.5005 
v -117.73 7.87975 -95.5005 
v -117.73 7.62175 -88.5955 
v -117.73 7.87876 -88.5955 
v -117.73 14.5128 -107.201 
v -117.73 14.7708 -107.201 
v -117.73 14.5128 -88.0791 
v -117.73 14.7708 -88.0791 
v -117.73 12.4688 -107.201 
v -117.73 12.7267 -107.201 
v -117.73 12.4688 -88.0791 
v -117.73 12.7267 -88.0791 
v -117.73 7.62175 -107.201 
v -117.73 7.87975 -107.201 
v -117.73 7.62175 -100.296 
v -117.73 7.87975 -100.296 
v -117.73 10.3258 -107.201 
v -117.73 10.5838 -107.201 
v -117.73 10.3258 -100.245 
v -117.73 10.5838 -100.245 
v -117.684 11.2488 -95.6538 
v -117.684 11.2488 -95.4538 
v -117.739 7.27275 -95.6538 
v -117.739 7.27275 -95.4538 
v -117.739 7.23775 -100.367 
v -117.737 7.43776 -100.367 
v -117.739 7.23775 -95.4575 
v -117.737 7.43776 -95.4575 
v -117.684 11.2488 -100.366 
v -117.684 11.2488 -100.166 
v -117.739 7.27275 -100.366 
v -117.739 7.27275 -100.166 
v -117.687 11.0828 -100.367 
v -117.684 11.2827 -100.367 
v -117.687 11.0828 -95.4575 
v -117.684 11.2827 -95.4575 
v -131.367 -0.000240326 -81.4824 
v -118.992 6.29976 -81.4824 
v -118.992 -0.000240326 -81.4824 
v -118.993 5.82175 -81.4828 
v -118.993 6.07875 -81.4828 
v -131.901 6.07875 -81.4828 
v -127.34 5.86475 -81.5359 
v -124.34 5.86475 -81.5359 
v -119.567 6.07875 -81.6569 
v -131.394 6.07875 -81.6569 
v -131.394 5.82175 -81.6569 
v -127.104 3.16176 -81.6758 
v -124.104 3.16176 -81.6758 
v -117.983 10.5838 -107.196 
v -117.983 10.3258 -107.196 
v -117.983 10.5838 -107.63 
v -117.983 10.3258 -107.63 
v -118.006 5.61876 -107.196 
v -118.006 5.36075 -107.196 
v -118.006 5.61876 -107.63 
v -118.006 5.36075 -107.63 
v -118.042 14.9128 -97.3522 
v -118.042 14.3728 -97.3523 
v -118.042 14.9128 -97.9669 
v -118.042 14.3728 -97.9669 
v -118.117 3.19675 -104.104 
v -118.117 3.09575 -104.104 
v -118.117 3.19675 -104.538 
v -118.117 3.09575 -104.538 
v -118.117 3.19675 -104.604 
v -118.117 3.09575 -104.604 
v -118.117 3.19675 -105.038 
v -118.117 3.09575 -105.038 
v -118.117 3.19675 -106.104 
v -118.117 3.09575 -106.104 
v -118.117 3.19675 -106.538 
v -118.117 3.09575 -106.538 
v -118.117 3.19675 -106.604 
v -118.117 3.09575 -106.604 
v -118.117 3.19675 -107.038 
v -118.117 3.09575 -107.038 
v -118.117 3.19675 -105.604 
v -118.117 3.09575 -105.604 
v -118.117 3.19675 -106.038 
v -118.117 3.09575 -106.038 
v -118.117 3.19675 -102.104 
v -118.117 3.09575 -102.104 
v -118.117 3.19675 -102.538 
v -118.117 3.09575 -102.538 
v -118.117 3.19675 -89.1039 
v -118.117 3.09575 -89.1039 
v -118.117 3.19675 -89.5377 
v -118.117 3.09575 -89.5377 
v -118.117 3.19675 -92.1039 
v -118.117 3.09575 -92.1039 
v -118.117 3.19675 -92.5377 
v -118.117 3.09575 -92.5377 
v -118.117 3.19675 -100.104 
v -118.117 3.09575 -100.104 
v -118.117 3.19675 -100.538 
v -118.117 3.09575 -100.538 
v -118.117 3.19675 -94.1039 
v -118.117 3.09575 -94.1039 
v -118.117 3.19675 -94.5376 
v -118.117 3.09575 -94.5376 
v -118.117 3.19675 -100.604 
v -118.117 3.09575 -100.604 
v -118.117 3.19675 -101.038 
v -118.117 3.09575 -101.038 
v -118.117 3.19675 -94.6039 
v -118.117 3.09575 -94.6039 
v -118.117 3.19675 -95.0376 
v -118.117 3.09575 -95.0376 
v -118.117 3.19675 -96.1039 
v -118.117 3.09575 -96.1039 
v -118.117 3.19675 -96.5376 
v -118.117 3.09575 -96.5376 
v -118.117 3.19675 -90.6039 
v -118.117 3.09575 -90.6039 
v -118.117 3.19675 -91.0377 
v -118.117 3.09575 -91.0377 
v -118.117 3.19675 -103.604 
v -118.117 3.09575 -103.604 
v -118.117 3.19675 -104.038 
v -118.117 3.09575 -104.038 
v -118.117 3.19675 -97.1039 
v -118.117 3.09575 -97.1039 
v -118.117 3.19675 -97.5376 
v -118.117 3.09575 -97.5376 
v -118.117 3.19675 -97.6039 
v -118.117 3.09575 -97.6039 
v -118.117 3.19675 -98.0376 
v -118.117 3.09575 -98.0376 
v -118.117 3.19675 -98.1039 
v -118.117 3.09575 -98.1039 
v -118.117 3.19675 -98.5376 
v -118.117 3.09575 -98.5376 
v -118.117 3.19675 -99.6039 
v -118.117 3.09575 -99.6039 
v -118.117 3.19675 -100.038 
v -118.117 3.09575 -100.038 
v -118.117 3.19675 -103.104 
v -118.117 3.09575 -103.104 
v -118.117 3.19675 -103.538 
v -118.117 3.09575 -103.538 
v -118.117 3.19675 -99.1039 
v -118.117 3.09575 -99.1039 
v -118.117 3.19675 -99.5376 
v -118.117 3.09575 -99.5376 
v -118.117 3.19675 -90.1039 
v -118.117 3.09575 -90.1039 
v -118.117 3.19675 -90.5377 
v -118.117 3.09575 -90.5377 
v -118.117 3.19675 -101.604 
v -118.117 3.09575 -101.604 
v -118.117 3.19675 -102.038 
v -118.117 3.09575 -102.038 
v -118.117 3.19675 -96.6039 
v -118.117 3.09575 -96.6039 
v -118.117 3.19675 -97.0376 
v -118.117 3.09575 -97.0376 
v -118.117 3.19675 -102.604 
v -118.117 3.09575 -102.604 
v -118.117 3.19675 -103.038 
v -118.117 3.09575 -103.038 
v -118.117 3.19675 -88.6039 
v -118.117 3.09575 -88.6039 
v -118.117 3.19675 -89.0377 
v -118.117 3.09575 -89.0377 
v -118.117 3.19675 -93.1039 
v -118.117 3.09575 -93.1039 
v -118.117 3.19675 -93.5377 
v -118.117 3.09575 -93.5377 
v -118.117 3.19675 -95.6039 
v -118.117 3.09575 -95.6039 
v -118.117 3.19675 -96.0376 
v -118.117 3.09575 -96.0376 
v -118.117 3.19675 -89.6039 
v -118.117 3.09575 -89.6039 
v -118.117 3.19675 -90.0377 
v -118.117 3.09575 -90.0377 
v -118.117 3.19675 -101.104 
v -118.117 3.09575 -101.104 
v -118.117 3.19675 -101.538 
v -118.117 3.09575 -101.538 
v -118.117 3.19675 -92.6039 
v -118.117 3.09575 -92.6039 
v -118.117 3.19675 -93.0377 
v -118.117 3.09575 -93.0377 
v -118.117 3.19675 -91.6039 
v -118.117 3.09575 -91.6039 
v -118.117 3.19675 -92.0377 
v -118.117 3.09575 -92.0377 
v -118.117 3.19675 -93.6039 
v -118.117 3.09575 -93.6039 
v -118.117 3.19675 -94.0377 
v -118.117 3.09575 -94.0377 
v -118.117 3.19675 -98.6039 
v -118.117 3.09575 -98.6039 
v -118.117 3.19675 -99.0376 
v -118.117 3.09575 -99.0376 
v -118.117 3.19675 -91.1039 
v -118.117 3.09575 -91.1039 
v -118.117 3.19675 -91.5377 
v -118.117 3.09575 -91.5377 
v -118.117 3.19675 -95.1039 
v -118.117 3.09575 -95.1039 
v -118.117 3.19675 -95.5376 
v -118.117 3.09575 -95.5376 
v -118.117 3.19675 -88.1039 
v -118.117 3.09575 -88.1039 
v -118.117 3.19675 -88.5375 
v -118.117 3.09575 -88.5375 
v -118.117 3.19675 -105.104 
v -118.117 3.09575 -105.104 
v -118.117 3.19675 -105.538 
v -118.117 3.09575 -105.538 
v -141.542 10.9077 -107.195 
v -144.259 21.2818 -98.0248 
v -144.259 20.6688 -98.3821 
v -141.313 3.68676 -107.348 
v -131.543 3.09575 -82.3965 
v -144.257 12.8968 -110.719 
v -144.259 12.9118 -83.6475 
v -118.994 11.9018 -88.2113 
v -118.994 12.1598 -88.2113 
v -118.994 11.9018 -84.9569 
v -118.994 12.1598 -84.9569 
v -118.994 5.82175 -88.2113 
v -118.994 6.07875 -88.2113 
v -118.994 5.82175 -81.6569 
v -118.994 6.07875 -81.6569 
v -118.992 6.29976 -82.0517 
v -118.992 6.29976 -81.4824 
v -118.992 -0.000240326 -82.0517 
v -118.992 -0.000240326 -81.4824 
v -118.992 13.4998 -85.2134 
v -118.992 13.4998 -84.6443 
v -118.992 3.12676 -85.2135 
v -118.992 3.12676 -84.6443 
v -118.993 6.07875 -81.4828 
v -118.993 5.82175 -81.4828 
v -118.993 6.07875 -82.0444 
v -118.993 5.82175 -82.0444 
v -119.063 3.25975 -81.3793 
v -119.063 3.00176 -81.3793 
v -119.063 3.25975 -81.7076 
v -119.063 3.00176 -81.7076 
v -119.104 3.06075 -107.098 
v -119.104 3.16275 -107.098 
v -119.104 3.06075 -81.8758 
v -119.104 3.16176 -81.8758 
v -119.143 3.09575 -84.7966 
v -119.143 3.09575 -85.1329 
v -119.143 5.86475 -84.7965 
v -119.143 5.86475 -85.1329 
v -119.143 3.09575 -86.5966 
v -119.143 3.09575 -86.933 
v -119.143 5.86475 -86.5966 
v -119.143 5.86475 -86.933 
v -119.143 3.09575 -85.9967 
v -119.143 3.09575 -86.333 
v -119.143 5.86475 -85.9967 
v -119.143 5.86475 -86.3329 
v -119.143 3.09575 -85.3966 
v -119.143 3.09575 -85.7329 
v -119.143 5.86475 -85.3966 
v -119.143 5.86475 -85.7329 
v -119.143 3.09575 -84.1965 
v -119.143 3.09575 -84.533 
v -119.143 5.86475 -84.1965 
v -119.143 5.86475 -84.533 
v -119.143 3.09575 -83.5965 
v -119.143 3.09575 -83.9329 
v -119.143 5.86475 -83.5965 
v -119.143 5.86475 -83.9329 
v -119.143 3.09575 -82.9965 
v -119.143 3.09575 -83.3329 
v -119.143 5.86475 -82.9965 
v -119.143 5.86475 -83.3329 
v -119.143 3.09575 -82.3965 
v -119.143 3.09575 -82.7329 
v -119.143 5.86475 -82.3965 
v -119.143 5.86475 -82.7329 
v -119.143 3.09575 -87.1966 
v -119.143 3.09575 -87.5331 
v -119.143 5.86475 -87.1966 
v -119.143 5.86475 -87.5331 
v -119.401 3.09575 -82.9965 
v -131.801 3.09575 -82.9965 
v -131.543 5.86475 -82.9965 
v -119.39 3.24276 -85.8694 
v -119.39 3.10175 -85.8694 
v -119.39 3.24276 -86.3032 
v -119.39 3.10175 -86.3032 
v -119.39 3.24276 -85.3695 
v -119.39 3.10175 -85.3695 
v -119.39 3.24276 -85.8032 
v -119.39 3.10175 -85.8032 
v -119.39 3.24276 -84.8694 
v -119.39 3.10175 -84.8694 
v -119.39 3.24276 -85.3032 
v -119.39 3.10175 -85.3032 
v -119.39 3.24276 -84.3694 
v -119.39 3.10175 -84.3694 
v -119.39 3.24276 -84.8032 
v -119.39 3.10175 -84.8032 
v -119.39 3.24276 -83.8694 
v -119.39 3.10175 -83.8694 
v -119.39 3.24276 -84.3032 
v -119.39 3.10175 -84.3032 
v -119.39 3.24276 -83.3694 
v -119.39 3.10175 -83.3694 
v -119.39 3.24276 -83.8032 
v -119.39 3.10175 -83.8032 
v -119.39 3.24276 -82.3694 
v -119.39 3.10175 -82.3694 
v -119.39 3.24276 -82.8032 
v -119.39 3.10175 -82.8032 
v -119.39 3.24276 -81.8694 
v -119.39 3.10175 -81.8694 
v -119.39 3.24276 -82.3032 
v -119.39 3.10175 -82.3032 
v -119.39 3.24276 -82.8694 
v -119.39 3.10175 -82.8694 
v -119.39 3.24276 -83.3032 
v -119.39 3.10175 -83.3032 
v -119.39 3.24276 -87.3695 
v -119.39 3.10175 -87.3695 
v -119.39 3.24276 -87.8033 
v -119.39 3.10175 -87.8033 
v -119.39 3.24276 -86.8695 
v -119.39 3.10175 -86.8695 
v -119.39 3.24276 -87.3033 
v -119.39 3.10175 -87.3033 
v -119.39 3.24276 -86.3695 
v -119.39 3.10175 -86.3695 
v -119.39 3.24276 -86.8032 
v -119.39 3.10175 -86.8032 
v -119.39 3.24276 -87.8695 
v -119.39 3.10175 -87.8695 
v -119.39 3.24276 -88.3033 
v -119.39 3.10175 -88.3033 
v -119.804 3.09575 -81.5358 
v -119.804 3.09575 -81.7936 
v -119.804 5.86475 -81.5359 
v -119.804 5.86475 -81.7936 
v -119.401 3.09575 -83.5965 
v -131.801 3.09575 -83.5965 
v -131.801 5.86475 -83.5965 
v -144.564 15.6368 -88.6877 
v -144.564 15.6368 -88.0185 
v -144.564 15.6368 -106.961 
v -120.404 3.09575 -81.5358 
v -120.404 3.09575 -81.7936 
v -120.404 5.86475 -81.5359 
v -120.404 5.86475 -81.7936 
v -119.401 3.09575 -84.1965 
v -119.401 5.86475 -84.1965 
v -131.801 5.86475 -84.1965 
v -120.768 3.05275 -107.098 
v -120.768 3.17075 -107.098 
v -120.768 3.05176 -81.6758 
v -120.768 3.17075 -81.6758 
v -138.991 7.47376 -88.0689 
v -138.99 11.2848 -88.507 
v -138.99 7.30976 -88.5071 
v -131.367 13.4098 -84.6442 
v -131.367 3.21576 -84.6443 
v -121.004 3.09575 -81.5358 
v -121.004 3.09575 -81.7936 
v -121.004 5.86475 -81.5359 
v -121.004 5.86475 -81.7936 
v -144.604 14.7708 -88.0791 
v -119.401 5.86475 -84.7965 
v -131.801 3.09575 -84.7965 
v -131.801 5.86475 -84.7965 
v -140.932 4.04175 -107.703 
v -136.79 4.04175 -107.703 
v -121.604 3.09575 -81.5358 
v -121.604 3.09575 -81.7936 
v -121.604 5.86475 -81.5359 
v -121.604 5.86475 -81.7936 
v -119.401 3.09575 -85.3966 
v -131.801 3.09575 -85.3966 
v -131.801 5.86475 -85.3966 
v -122.204 3.09575 -81.5358 
v -122.204 3.09575 -81.7936 
v -122.204 5.86475 -81.5359 
v -122.204 5.86475 -81.7936 
v -119.401 3.09575 -85.9967 
v -131.801 3.09575 -85.9967 
v -131.801 5.86475 -85.9967 
v -131.543 5.86475 -85.9967 
v -131.367 13.4098 -85.2134 
v -122.604 3.06075 -107.098 
v -122.604 3.16275 -107.098 
v -122.604 3.06075 -81.6758 
v -122.604 3.16176 -81.6758 
v -122.804 3.09575 -81.5358 
v -122.804 3.09575 -81.7936 
v -122.804 5.86475 -81.5359 
v -122.804 5.86475 -81.7936 
v -122.898 3.38875 -88.0718 
v -122.898 3.13076 -88.0718 
v -122.898 3.38875 -88.5056 
v -122.898 3.13076 -88.5056 
v -122.897 10.8288 -88.5056 
v -122.897 10.8288 -88.0718 
v -122.897 3.12876 -88.5056 
v -122.897 3.12876 -88.0718 
v -122.898 10.9077 -88.0718 
v -122.898 10.6498 -88.0718 
v -122.898 10.9077 -88.5056 
v -122.898 10.6498 -88.5056 
v -131.801 5.86475 -86.5966 
v -136.836 10.8288 -107.195 
v -144.555 11.2768 -100.414 
v -144.558 11.0768 -100.414 
v -144.608 7.43175 -100.414 
v -144.604 12.7267 -88.0791 
v -118.125 11.0887 -100.367 
v -136.617 11.2848 -88.507 
v -136.617 7.30976 -88.0689 
v -123.404 3.09575 -81.5359 
v -123.404 3.09575 -81.7937 
v -123.404 5.86475 -81.5359 
v -123.404 5.86475 -81.7937 
v -119.401 3.09575 -87.1966 
v -119.401 5.86475 -87.1966 
v -131.801 3.09575 -87.1966 
v -131.801 5.86475 -87.1966 
v -131.543 5.86475 -87.1966 
v -131.367 -0.000240326 -82.0517 
v -144.563 -0.000240326 -88.0185 
v -144.563 -0.000240326 -88.6877 
v -144.563 -0.000240326 -106.961 
v -124.004 3.09575 -81.5359 
v -124.004 3.09575 -81.7937 
v -124.004 5.86475 -81.5359 
v -124.004 5.86475 -81.7937 
v -124.06 7.48476 -107.212 
v -124.06 7.28476 -107.212 
v -124.06 7.48476 -107.65 
v -124.06 7.28476 -107.65 
v -124.056 11.2957 -107.65 
v -124.056 11.2957 -107.212 
v -124.056 7.32076 -107.65 
v -124.056 7.32076 -107.212 
v -124.06 11.3308 -107.212 
v -124.06 11.1308 -107.212 
v -124.06 11.3308 -107.65 
v -124.06 11.1308 -107.65 
v -124.104 3.06075 -107.098 
v -124.104 3.16275 -107.098 
v -124.104 3.06075 -81.6758 
v -124.104 3.16176 -81.6758 
v -144.604 3.31876 -87.9758 
v -136.417 11.2848 -88.0689 
v -136.417 7.30976 -88.0689 
v -134.081 7.47376 -88.0689 
v -134.081 11.3188 -88.0689 
v -134.081 11.1188 -88.0689 
v -138.79 11.2848 -88.0689 
v -138.872 7.62076 -88.0834 
v -138.872 7.87876 -88.0834 
v -122.998 10.5838 -88.0832 
v -144.604 10.3258 -88.079 
v -127.701 7.62175 -88.0834 
v -127.701 7.87876 -88.0834 
v -134.154 7.62175 -88.0834 
v -144.604 7.87876 -88.079 
v -144.604 7.62076 -88.079 
v -144.604 14.5128 -88.0791 
v -144.604 12.4688 -88.0791 
v -123.155 3.12876 -88.0718 
v -127.597 10.8288 -88.0718 
v -127.855 3.12876 -88.0718 
v -136.417 11.2848 -88.507 
v -134.277 11.2848 -88.507 
v -138.79 11.2848 -88.507 
v -124.604 3.09575 -81.5359 
v -124.604 3.09575 -81.7937 
v -124.604 5.86475 -81.5359 
v -124.604 5.86475 -81.7937 
v -136.986 0.644764 -110.056 
v -144.555 11.2428 -95.7003 
v -144.259 12.2978 -84.0047 
v -123.155 10.8288 -88.5056 
v -127.855 10.8288 -88.5056 
v -125.204 3.09575 -81.5359 
v -125.204 3.09575 -81.7937 
v -125.204 5.86475 -81.5359 
v -125.204 5.86475 -81.7937 
v -122.998 10.5838 -88.517 
v -125.595 3.05875 -107.098 
v -125.595 3.16475 -107.098 
v -125.595 3.05875 -81.6758 
v -125.595 3.16376 -81.6758 
v -134.154 7.62175 -88.517 
v -125.804 3.09575 -81.5359 
v -125.804 3.09575 -81.7937 
v -125.804 5.86475 -81.5359 
v -125.804 5.86475 -81.7937 
v -144.257 20.6857 -97.707 
v -137.069 2.16875 -108.533 
v -126.404 3.09575 -81.5359 
v -126.404 3.09575 -81.7937 
v -126.404 5.86475 -81.5359 
v -126.404 5.86475 -81.7937 
v -127.004 3.09575 -81.5359 
v -127.004 3.09575 -81.7937 
v -127.004 5.86475 -81.5359 
v -127.004 5.86475 -81.7937 
v -119.401 3.09575 -85.1329 
v -119.401 3.09575 -86.933 
v -119.401 3.09575 -84.533 
v -119.401 3.09575 -87.5331 
v -131.801 3.09575 -83.9329 
v -131.801 3.09575 -83.3329 
v -131.543 3.09575 -85.1329 
v -131.801 3.09575 -85.1329 
v -131.801 3.09575 -87.5331 
v -131.801 3.09575 -86.933 
v -131.801 3.09575 -86.3329 
v -131.801 3.09575 -84.533 
v -127.104 3.06075 -107.098 
v -127.104 3.16275 -107.098 
v -127.104 3.06075 -81.6758 
v -127.104 3.16176 -81.6758 
v -141.278 3.12876 -107.195 
v -136.58 3.13076 -107.195 
v -127.597 3.12876 -88.5056 
v -131.367 3.21576 -85.2135 
v -127.597 10.8288 -88.5056 
v -127.597 10.8288 -88.0718 
v -127.597 3.12876 -88.5056 
v -127.597 3.12876 -88.0718 
v -127.604 3.09575 -81.5359 
v -127.604 3.09575 -81.7936 
v -127.604 5.86475 -81.5359 
v -127.604 5.86475 -81.7937 
v -127.701 7.87876 -88.0834 
v -127.701 7.62175 -88.0834 
v -127.701 7.87975 -88.517 
v -127.701 7.62175 -88.517 
v -127.74 5.61876 -88.0834 
v -127.74 5.36075 -88.0834 
v -127.74 5.61876 -88.5172 
v -127.74 5.36075 -88.5172 
v -127.762 10.5838 -88.0832 
v -127.762 10.3258 -88.0832 
v -127.762 10.5838 -88.517 
v -127.762 10.3258 -88.517 
v -131.901 6.07875 -82.0444 
v -131.876 3.24276 -84.3032 
v -144.604 7.87975 -95.5623 
v -144.604 7.87975 -100.36 
v -138.872 7.87876 -88.517 
v -118.164 10.3258 -95.515 
v -131.801 5.86475 -85.1329 
v -131.801 5.86475 -87.5331 
v -128.204 3.09575 -81.5359 
v -128.204 3.09575 -81.7936 
v -128.204 5.86475 -81.5359 
v -128.204 5.86475 -81.7937 
v -134.081 7.47376 -88.5071 
v -144.608 7.43175 -95.5039 
v -128.769 11.2957 -107.65 
v -128.769 11.2957 -107.212 
v -128.769 7.32076 -107.65 
v -128.769 7.32076 -107.212 
v -128.804 3.09575 -81.5359 
v -128.804 3.09575 -81.7936 
v -128.804 5.86475 -81.5359 
v -128.804 5.86475 -81.7937 
v -128.855 7.87975 -107.196 
v -128.855 7.62175 -107.196 
v -128.855 7.87975 -107.63 
v -128.855 7.62175 -107.63 
v -128.904 3.06075 -107.098 
v -128.904 3.16275 -107.098 
v -128.904 3.06075 -81.4758 
v -128.904 3.16176 -81.4758 
v -128.954 10.5838 -107.196 
v -128.954 10.3258 -107.196 
v -128.954 10.5838 -107.63 
v -128.954 10.3258 -107.63 
v -129.404 3.09575 -81.5359 
v -129.404 3.09575 -81.7936 
v -129.404 5.86475 -81.5359 
v -129.404 5.86475 -81.7937 
v -131.367 6.20975 -82.0517 
v -119.401 5.86475 -85.1329 
v -119.401 5.86475 -87.5331 
v -131.543 5.86475 -83.3329 
v -131.543 5.86475 -85.1329 
v -130.004 3.09575 -81.5359 
v -130.004 3.09575 -81.7936 
v -130.004 5.86475 -81.5359 
v -130.004 5.86475 -81.7937 
v -130.404 3.06075 -107.098 
v -130.404 3.16275 -107.098 
v -130.404 3.06075 -81.6758 
v -130.404 3.16176 -81.6758 
v -130.604 3.09575 -81.5358 
v -130.604 3.09575 -81.7936 
v -130.604 5.86475 -81.5359 
v -130.604 5.86475 -81.7936 
v -136.417 7.30976 -88.5071 
v -131.367 6.20975 -82.0517 
v -131.367 6.20975 -81.4824 
v -131.367 -0.000240326 -82.0517 
v -131.367 -0.000240326 -81.4824 
v -131.367 13.4098 -85.2134 
v -131.367 13.4098 -84.6442 
v -131.367 3.21576 -85.2135 
v -131.367 3.21576 -84.6443 
v -131.394 5.82175 -88.2113 
v -131.394 6.07875 -88.2113 
v -131.394 5.82175 -81.6569 
v -131.394 6.07875 -81.6569 
v -131.417 11.9018 -88.2113 
v -131.417 12.1598 -88.2113 
v -131.417 11.9018 -84.9569 
v -131.417 12.1598 -84.9569 
v -131.543 3.09575 -82.3965 
v -131.543 3.09575 -82.7329 
v -131.543 5.86475 -82.3965 
v -131.543 5.86475 -82.7329 
v -131.543 3.09575 -83.5965 
v -131.543 3.09575 -83.9329 
v -131.543 5.86475 -83.5965 
v -131.543 5.86475 -83.9329 
v -131.543 3.09575 -82.9965 
v -131.543 3.09575 -83.3329 
v -131.543 5.86475 -82.9965 
v -131.543 5.86475 -83.3329 
v -131.543 3.09575 -84.7965 
v -131.543 3.09575 -85.1329 
v -131.543 5.86475 -84.7965 
v -131.543 5.86475 -85.1329 
v -131.543 3.09575 -87.1966 
v -131.543 3.09575 -87.5331 
v -131.543 5.86475 -87.1966 
v -131.543 5.86475 -87.5331 
v -131.543 3.09575 -86.5966 
v -131.543 3.09575 -86.933 
v -131.543 5.86475 -86.5966 
v -131.543 5.86475 -86.933 
v -131.543 3.09575 -85.9967 
v -131.543 3.09575 -86.3329 
v -131.543 5.86475 -85.9967 
v -131.543 5.86475 -86.3329 
v -131.543 3.09575 -85.3966 
v -131.543 3.09575 -85.7329 
v -131.543 5.86475 -85.3966 
v -131.543 5.86475 -85.7329 
v -131.543 3.09575 -84.1965 
v -131.543 3.09575 -84.533 
v -131.543 5.86475 -84.1965 
v -131.543 5.86475 -84.533 
v -138.872 7.62076 -88.517 
v -144.558 11.0768 -95.5039 
v -131.904 3.06075 -107.098 
v -131.904 3.16275 -107.098 
v -131.904 3.06075 -87.9758 
v -131.904 3.16176 -87.9758 
v -133.404 3.06075 -107.098 
v -133.404 3.16275 -107.098 
v -133.404 3.06075 -87.9758 
v -133.404 3.16176 -87.9758 
v -137.069 2.35875 -108.533 
v -134.081 7.47376 -88.0689 
v -134.081 7.27376 -88.0689 
v -134.081 7.47376 -88.5071 
v -134.081 7.27376 -88.5071 
v -134.077 11.2848 -88.507 
v -134.077 11.2848 -88.0689 
v -134.077 7.30976 -88.5071 
v -134.077 7.30976 -88.0689 
v -134.081 11.3188 -88.0689 
v -134.081 11.1188 -88.0689 
v -134.081 11.3188 -88.507 
v -134.081 11.1188 -88.507 
v -137.086 1.59676 -109.294 
v -144.604 10.3258 -100.241 
v -136.986 0.835758 -110.056 
v -135.204 3.06075 -107.098 
v -135.204 3.16275 -107.098 
v -135.204 3.06075 -87.9758 
v -135.204 3.16176 -87.9758 
v -136.417 11.2848 -88.507 
v -136.417 11.2848 -88.0689 
v -136.417 7.30976 -88.5071 
v -136.417 7.30976 -88.0689 
v -136.58 10.9077 -107.195 
v -136.58 10.6498 -107.195 
v -136.58 10.9077 -107.629 
v -136.58 10.6498 -107.629 
v -136.579 10.8288 -107.629 
v -136.579 10.8288 -107.195 
v -136.578 3.12876 -107.629 
v -136.578 3.12876 -107.195 
v -136.58 3.38875 -107.195 
v -136.58 3.13076 -107.195 
v -136.58 3.38875 -107.629 
v -136.58 3.13076 -107.629 
v -136.704 3.06075 -107.098 
v -136.704 3.16275 -107.098 
v -136.704 3.06075 -87.9758 
v -136.704 3.16176 -87.9758 
v -136.79 0.355762 -111.39 
v -136.79 4.04175 -107.703 
v -136.79 0.000751495 -111.035 
v -136.79 3.68676 -107.348 
v -136.986 0.835758 -110.817 
v -136.986 0.835758 -110.056 
v -136.986 0.644764 -110.817 
v -136.986 0.644764 -110.056 
v -137.069 2.35875 -109.295 
v -137.069 2.35875 -108.533 
v -137.069 2.16875 -109.295 
v -137.069 2.16875 -108.533 
v -137.086 3.12076 -108.532 
v -137.086 3.12076 -107.77 
v -137.086 2.93076 -108.532 
v -137.086 2.93076 -107.77 
v -137.086 1.59676 -110.056 
v -137.086 1.59676 -109.294 
v -137.086 1.40676 -110.056 
v -137.086 1.40676 -109.294 
v -138.504 3.06075 -107.098 
v -138.504 3.16275 -107.098 
v -138.504 3.06075 -87.9758 
v -138.504 3.16176 -87.9758 
v -138.79 11.2848 -88.507 
v -138.79 11.2848 -88.0689 
v -138.79 7.30976 -88.5071 
v -138.79 7.30976 -88.0689 
v -138.872 7.87876 -88.0834 
v -138.872 7.62076 -88.0834 
v -138.872 7.87876 -88.517 
v -138.872 7.62076 -88.517 
v -138.885 10.5828 -88.0832 
v -138.885 10.3258 -88.0832 
v -138.885 10.5828 -88.517 
v -138.885 10.3258 -88.517 
v -140.004 3.06075 -107.098 
v -140.004 3.16275 -107.098 
v -140.004 3.06075 -87.9758 
v -140.004 3.16176 -87.9758 
v -140.932 0.355762 -111.39 
v -140.932 4.04175 -107.703 
v -140.932 0.000751495 -111.035 
v -140.932 3.68676 -107.348 
v -141.279 10.8288 -107.629 
v -141.279 10.8288 -107.195 
v -141.278 3.12876 -107.629 
v -141.278 3.12876 -107.195 
v -141.408 10.5838 -107.196 
v -141.408 10.3258 -107.196 
v -141.408 10.5838 -107.63 
v -141.408 10.3258 -107.63 
v -141.443 7.87975 -107.196 
v -141.443 7.62175 -107.196 
v -141.443 7.87975 -107.63 
v -141.443 7.62175 -107.63 
v -141.48 5.61876 -107.196 
v -141.48 5.36075 -107.196 
v -141.48 5.61876 -107.63 
v -141.48 5.36075 -107.63 
v -141.804 3.06075 -107.098 
v -141.804 3.16275 -107.098 
v -141.804 3.06075 -87.9758 
v -141.804 3.16176 -87.9758 
v -143.304 3.06075 -107.098 
v -143.304 3.16275 -107.098 
v -143.304 3.06075 -87.9758 
v -143.304 3.16176 -87.9758 
v -144.257 13.4978 -111.079 
v -144.257 21.2858 -98.0667 
v -144.257 12.8968 -110.719 
v -144.257 20.6857 -97.707 
v -144.259 21.2818 -98.0248 
v -144.259 12.9118 -83.6475 
v -144.259 20.6688 -98.3821 
v -144.259 12.2978 -84.0047 
v -144.564 15.6368 -88.6877 
v -144.564 15.6368 -88.0185 
v -144.563 -0.000240326 -88.6877 
v -144.563 -0.000240326 -88.0185 
v -144.564 15.6368 -107.631 
v -144.564 15.6368 -106.961 
v -144.563 -0.000240326 -107.631 
v -144.563 -0.000240326 -106.961 
v -144.604 10.3258 -95.5427 
v -144.604 10.5838 -95.5426 
v -144.604 10.3258 -88.079 
v -144.604 10.5828 -88.079 
v -144.604 5.36075 -107.201 
v -144.604 5.61876 -107.201 
v -144.604 5.36075 -88.079 
v -144.604 5.61876 -88.079 
v -144.604 7.62175 -95.5623 
v -144.604 7.87975 -95.5623 
v -144.604 7.62076 -88.079 
v -144.604 7.87876 -88.079 
v -144.604 3.06075 -107.098 
v -144.604 3.31876 -107.098 
v -144.604 3.06075 -87.9758 
v -144.604 3.31876 -87.9758 
v -144.604 7.62175 -107.317 
v -144.604 7.87975 -107.317 
v -144.604 7.62175 -100.36 
v -144.604 7.87975 -100.36 
v -144.604 10.3258 -107.201 
v -144.604 10.5838 -107.201 
v -144.604 10.3258 -100.241 
v -144.604 10.5838 -100.241 
v -144.604 14.5128 -107.201 
v -144.604 14.7708 -107.201 
v -144.604 14.5128 -88.0791 
v -144.604 14.7708 -88.0791 
v -144.604 12.4698 -107.201 
v -144.604 12.7278 -107.201 
v -144.604 12.4688 -88.0791 
v -144.604 12.7267 -88.0791 
v -144.61 7.23175 -100.414 
v -144.608 7.43175 -100.414 
v -144.61 7.23175 -95.5039 
v -144.608 7.43175 -95.5039 
v -144.555 11.2428 -95.7003 
v -144.555 11.2428 -95.5004 
v -144.61 7.26676 -95.7003 
v -144.61 7.26676 -95.5004 
v -144.555 11.2428 -100.413 
v -144.555 11.2428 -100.213 
v -144.61 7.26676 -100.413 
v -144.61 7.26676 -100.213 
v -144.558 11.0768 -100.414 
v -144.555 11.2768 -100.414 
v -144.558 11.0768 -95.5039 
v -144.555 11.2768 -95.5039 
v -141.033 0.835758 -110.817 
v -136.986 0.835758 -110.817 
v -141.033 0.644764 -110.817 
v -136.986 0.644764 -110.817 
v -136.79 0.355762 -111.39 
v -137.171 0.355762 -111.39 
v -141.033 1.59676 -110.056 
v -137.086 1.40676 -110.056 
v -145.64 21.2858 -98.0667 
v -145.64 13.4978 -111.079 
v -145.627 12.9118 -83.6475 
v -145.627 20.6688 -98.3821 
v -141.016 2.35875 -109.295 
v -137.069 2.35875 -109.295 
v -141.016 2.16875 -109.295 
v -137.069 2.16875 -109.295 
v -145.55 13.2008 -84.144 
v -145.55 12.5868 -84.5011 
v -145.521 13.7998 -110.573 
v -145.521 13.1998 -110.214 
v -116.859 21.2858 -98.0667 
v -116.859 13.4978 -111.079 
v -118.242 21.2858 -98.0667 
v -118.242 13.4978 -111.079 
v -144.257 21.2858 -98.0667 
v -144.257 13.4978 -111.079 
v -145.64 21.2858 -98.0667 
v -145.64 13.4978 -111.079 
v -117.009 13.5008 -111.074 
v -145.521 13.5008 -111.074 
v -117.009 13.7998 -110.573 
v -145.521 13.7998 -110.573 
v -145.163 15.6368 -88.0185 
v -145.163 15.6368 -88.6877 
v -145.163 15.6368 -106.961 
v -145.163 15.6368 -107.631 
v -144.996 11.0828 -100.414 
v -144.993 11.2827 -95.5039 
v -144.996 11.0828 -95.5039 
v -145.046 7.43776 -100.414 
v -145.046 7.43776 -95.5039 
v -144.993 11.2488 -100.213 
v -145.045 7.87876 -88.517 
v -145.045 7.62076 -88.517 
v -145.045 12.7267 -107.63 
v -145.045 14.7808 -107.63 
v -145.038 10.5838 -95.5426 
v -145.038 10.3258 -88.079 
v -145.037 5.61876 -107.201 
v -145.037 5.61876 -88.079 
v -145.037 5.36075 -88.079 
v -145.045 14.7708 -88.5172 
v -145.045 14.5128 -88.5172 
v -145.045 14.7708 -88.0834 
v -145.045 12.7267 -88.5172 
v -145.045 12.7267 -88.0834 
v -145.045 5.36075 -88.5172 
v -145.045 3.31876 -88.4139 
v -145.038 7.87975 -95.5623 
v -145.038 7.87876 -88.079 
v -145.038 3.31876 -107.098 
v -145.038 3.31876 -87.9758 
v -145.038 7.87975 -107.317 
v -145.038 7.87975 -100.36 
v -145.038 10.5838 -107.201 
v -145.038 10.3258 -100.241 
v -145.038 14.5128 -107.201 
v -145.038 14.7708 -88.0791 
v -145.038 12.4698 -107.201 
v -145.038 12.7267 -88.0791 
v -145.045 3.31775 -107.527 
v -145.015 10.3248 -88.517 
v -145.015 10.5828 -88.0832 
v -141.033 3.12076 -108.532 
v -141.033 2.93076 -108.532 
v -137.086 2.93076 -108.532 
v -144.739 14.9128 -97.9669 
v -144.739 14.9128 -97.3523 
v -144.65 3.19675 -104.538 
v -144.65 3.09575 -104.538 
v -144.65 3.19675 -105.038 
v -144.65 3.19675 -104.604 
v -144.65 3.19675 -106.538 
v -144.65 3.19675 -106.104 
v -144.65 3.19675 -107.038 
v -144.65 3.09575 -107.038 
v -144.65 3.19675 -106.038 
v -144.65 3.19675 -105.604 
v -144.65 3.19675 -102.104 
v -144.65 3.19675 -89.5377 
v -144.65 3.19675 -89.1039 
v -144.65 3.19675 -92.5377 
v -144.65 3.09575 -92.5377 
v -144.65 3.19675 -100.538 
v -144.65 3.19675 -100.104 
v -144.65 3.19675 -94.5376 
v -144.65 3.19675 -94.1039 
v -144.65 3.19675 -101.038 
v -144.65 3.19675 -100.604 
v -144.65 3.19675 -95.0376 
v -144.65 3.19675 -94.6039 
v -144.65 3.09575 -94.6039 
v -144.65 3.19675 -96.5376 
v -144.65 3.19675 -96.1039 
v -144.65 3.19675 -91.0377 
v -144.65 3.19675 -90.6039 
v -144.65 3.19675 -104.038 
v -144.65 3.19675 -103.604 
v -144.65 3.19675 -97.5376 
v -144.65 3.09575 -97.5376 
v -144.65 3.19675 -97.1039 
v -144.65 3.19675 -98.0376 
v -144.65 3.19675 -98.5376 
v -144.65 3.19675 -98.1039 
v -144.65 3.19675 -99.6039 
v -144.65 3.19675 -103.104 
v -144.65 3.19675 -99.5376 
v -144.65 3.19675 -99.1039 
v -144.65 3.09476 -90.5377 
v -144.65 3.19675 -102.038 
v -144.65 3.19675 -101.604 
v -144.65 3.19675 -103.038 
v -144.65 3.19675 -102.604 
v -144.65 3.09476 -89.0377 
v -144.65 3.19675 -88.6039 
v -144.65 3.09476 -88.6039 
v -144.65 3.19675 -93.5377 
v -144.65 3.19675 -93.1039 
v -144.65 3.19675 -95.6039 
v -144.65 3.19675 -90.0377 
v -144.65 3.09575 -101.538 
v -144.65 3.09575 -101.104 
v -144.65 3.19675 -92.6039 
v -144.65 3.19675 -92.0377 
v -144.65 3.09575 -91.6039 
v -144.65 3.19675 -93.6039 
v -144.65 3.09476 -91.5377 
v -144.65 3.19675 -95.5376 
v -144.65 3.19675 -95.1039 
v -144.65 3.19675 -88.5375 
v -144.65 3.09476 -88.1039 
v -144.65 3.19675 -105.104 
v -128.97 7.48476 -107.65 
v -128.97 11.3308 -107.65 
v -124.06 11.1308 -107.65 
v -141.408 10.3258 -107.63 
v -136.58 10.6498 -107.629 
v -136.626 10.5838 -107.63 
v -117.725 7.62175 -107.63 
v -124.115 7.87975 -107.63 
v -118.195 15.6368 -107.631 
v -117.595 15.6368 -107.631 
v -117.726 12.4688 -107.63 
v -117.726 14.5228 -107.63 
v -141.443 7.62175 -107.63 
v -141.278 3.12876 -107.629 
v -144.564 15.6368 -107.631 
v -136.836 3.12876 -107.629 
v -136.578 3.12876 -107.629 
v -136.686 7.87975 -107.63 
v -117.725 3.31876 -107.527 
v -143.738 3.16275 -107.098 
v -143.738 3.06075 -87.9758 
v -144.604 7.87975 -107.317 
v -117.73 5.36075 -107.201 
v -118.164 5.61876 -107.201 
v -117.73 14.7708 -107.201 
v -118.164 14.7708 -107.201 
v -117.73 12.7267 -107.201 
v -118.164 12.7267 -107.201 
v -118.164 12.4688 -107.201 
v -117.73 7.87975 -107.201 
v -117.73 7.62175 -107.201 
v -118.164 7.87975 -107.201 
v -117.73 10.3258 -107.201 
v -118.164 10.5838 -107.201 
v -144.604 5.36075 -107.201 
v -144.604 10.3258 -107.201 
v -144.604 14.7708 -107.201 
v -144.604 12.7278 -107.201 
v -127.104 3.16275 -107.098 
v -127.104 3.06075 -107.098 
v -127.537 3.16275 -107.098 
v -125.595 3.05875 -107.098 
v -126.046 3.16475 -107.098 
v -124.104 3.06075 -107.098 
v -124.537 3.16275 -107.098 
v -124.537 3.06075 -107.098 
v -128.904 3.06075 -107.098 
v -129.337 3.16275 -107.098 
v -129.337 3.06075 -107.098 
v -138.504 3.06075 -107.098 
v -138.938 3.16275 -107.098 
v -119.104 3.06075 -107.098 
v -119.737 3.16275 -107.098 
v -119.737 3.06075 -107.098 
v -135.204 3.06075 -107.098 
v -135.638 3.16275 -107.098 
v -120.768 3.05275 -107.098 
v -121.273 3.17075 -107.098 
v -122.604 3.16275 -107.098 
v -122.604 3.06075 -107.098 
v -123.037 3.16275 -107.098 
v -118.164 3.31876 -107.098 
v -136.704 3.06075 -107.098 
v -137.138 3.16275 -107.098 
v -133.404 3.06075 -107.098 
v -133.838 3.16275 -107.098 
v -144.604 3.31876 -107.098 
v -131.904 3.16275 -107.098 
v -131.904 3.06075 -107.098 
v -132.337 3.16275 -107.098 
v -140.004 3.06075 -107.098 
v -140.438 3.16275 -107.098 
v -130.404 3.06075 -107.098 
v -130.837 3.16275 -107.098 
v -143.304 3.16275 -107.098 
v -143.304 3.06075 -107.098 
v -141.804 3.06075 -107.098 
v -142.238 3.16275 -107.098 
v -118.117 3.09575 -107.038 
v -118.117 3.19675 -107.038 
v -116.859 20.6857 -97.707 
v -116.861 21.2818 -98.0248 
v -116.861 12.9207 -83.6632 
v -116.861 12.3068 -84.0204 
v -116.89 13.2008 -84.144 
v -118.117 3.09575 -106.538 
v -117.009 13.1998 -110.214 
v -118.117 3.09575 -106.038 
v -142.238 3.06075 -87.9758 
v -117.595 15.6368 -106.961 
v -117.595 15.6368 -88.6876 
v -117.595 15.6368 -88.0185 
v -119.063 3.25975 -81.3793 
v -131.961 3.00176 -81.3793 
v -117.725 7.87975 -88.0834 
v -117.725 7.62175 -88.0834 
v -117.725 7.87975 -88.517 
v -117.726 10.5838 -88.517 
v -117.725 5.61876 -88.5172 
v -117.726 14.5228 -107.196 
v -117.726 14.7708 -88.0834 
v -117.726 14.5128 -88.0834 
v -117.726 14.7708 -88.5172 
v -117.726 12.7267 -88.0834 
v -117.726 12.7267 -88.5172 
v -117.725 3.31876 -87.9801 
v -117.725 3.31876 -88.4139 
v -117.725 3.06075 -88.4139 
v -117.725 3.31876 -107.093 
v -117.73 3.31775 -87.9758 
v -117.73 5.61876 -88.079 
v -117.73 10.3258 -95.515 
v -117.73 10.5838 -88.079 
v -117.73 7.62175 -95.5005 
v -117.73 7.87975 -95.5005 
v -117.73 12.4688 -88.0791 
v -117.73 7.62175 -100.296 
v -117.73 7.87975 -100.296 
v -117.73 10.5838 -100.245 
v -117.684 11.2488 -95.6538 
v -117.737 7.43776 -100.367 
v -117.737 7.43776 -95.4575 
v -117.684 11.2488 -100.366 
v -117.684 11.2488 -100.166 
v -117.684 11.2827 -100.367 
v -117.687 11.0828 -95.4575 
v -118.992 6.29976 -81.4824 
v -119.592 6.29976 -81.4824 
v -118.993 5.82175 -81.4828 
v -118.993 6.07875 -81.4828 
v -131.901 6.07875 -81.4828 
v -120.14 3.09575 -81.5358 
v -130.941 3.09575 -81.5358 
v -129.404 3.09575 -81.5359 
v -129.14 3.09575 -81.5359 
v -128.804 3.09575 -81.5359 
v -127.604 3.09575 -81.5359 
v -118.117 3.09575 -105.538 
v -119.567 5.82175 -81.6569 
v -118.994 5.82175 -81.6569 
v -131.394 6.07875 -81.6569 
v -131.394 5.82175 -81.6569 
v -127.104 3.16176 -81.6758 
v -125.595 3.16376 -81.6758 
v -124.104 3.16176 -81.6758 
v -121.273 3.05176 -81.6758 
v -120.768 3.17075 -81.6758 
v -123.037 3.06075 -81.6758 
v -122.604 3.16176 -81.6758 
v -130.837 3.06075 -81.6758 
v -118.042 14.9128 -97.3522 
v -118.042 14.9128 -97.9669 
v -118.117 3.19675 -104.538 
v -118.117 3.19675 -104.604 
v -118.117 3.09575 -104.604 
v -118.117 3.19675 -106.104 
v -118.117 3.09575 -106.604 
v -118.117 3.19675 -102.104 
v -118.117 3.19675 -89.1039 
v -118.117 3.09575 -89.5377 
v -118.117 3.19675 -92.5377 
v -118.117 3.09575 -92.5377 
v -118.117 3.19675 -100.104 
v -118.117 3.19675 -94.1039 
v -118.117 3.19675 -94.5376 
v -118.117 3.19675 -100.604 
v -118.117 3.19675 -101.038 
v -118.117 3.19675 -94.6039 
v -118.117 3.09575 -94.6039 
v -118.117 3.19675 -95.0376 
v -118.117 3.19675 -96.1039 
v -118.117 3.19675 -96.5376 
v -118.117 3.19675 -90.6039 
v -118.117 3.19675 -91.0377 
v -118.117 3.19675 -103.604 
v -118.117 3.19675 -104.038 
v -118.117 3.19675 -97.1039 
v -118.117 3.19675 -97.5376 
v -118.117 3.19675 -98.0376 
v -118.117 3.19675 -98.1039 
v -118.117 3.19675 -98.5376 
v -118.117 3.09575 -99.6039 
v -118.117 3.19675 -103.104 
v -118.117 3.19675 -99.1039 
v -118.117 3.19675 -99.5376 
v -118.117 3.19675 -90.1039 
v -118.117 3.09575 -90.1039 
v -118.117 3.19675 -101.604 
v -118.117 3.09575 -102.038 
v -118.117 3.19675 -102.604 
v -118.117 3.19675 -103.038 
v -118.117 3.19675 -88.6039 
v -118.117 3.19675 -93.1039 
v -118.117 3.19675 -93.5377 
v -118.117 3.19675 -95.6039 
v -118.117 3.19675 -89.6039 
v -118.117 3.19675 -101.104 
v -118.117 3.19675 -101.538 
v -118.117 3.19675 -92.6039 
v -118.117 3.19675 -91.6039 
v -118.117 3.19675 -92.0377 
v -118.117 3.19675 -93.6039 
v -118.117 3.19675 -91.5377 
v -118.117 3.19675 -95.1039 
v -118.117 3.09575 -95.5376 
v -118.117 3.19675 -88.1039 
v -118.117 3.09575 -88.1039 
v -118.117 3.19675 -88.5375 
v -118.117 3.19675 -105.104 
v -119.39 3.10175 -81.8694 
v -119.39 3.24276 -81.8694 
v -131.876 3.10175 -81.8694 
v -119.737 3.06075 -81.8758 
v -119.104 3.16176 -81.8758 
v -141.542 10.9077 -107.195 
v -141.542 10.6498 -107.195 
v -144.259 21.2818 -98.0248 
v -118.23 20.6688 -98.3821 
v -119.39 3.24276 -82.3694 
v -131.801 3.09575 -82.3965 
v -131.543 3.09575 -82.3965 
v -131.801 5.86475 -82.3965 
v -141.033 2.93076 -107.77 
v -141.033 1.59676 -109.294 
v -141.033 1.40676 -109.294 
v -141.033 0.835758 -110.056 
v -141.033 0.644764 -110.056 
v -141.016 2.35875 -108.533 
v -118.242 12.8968 -110.719 
v -144.259 12.9118 -83.6475 
v -144.259 21.2818 -98.0248 
v -145.627 12.9118 -83.6475 
v -145.627 21.2818 -98.0248 
v -116.861 12.9207 -83.6632 
v -116.861 21.2818 -98.0248 
v -118.23 12.9207 -83.6632 
v -118.23 21.2818 -98.0248 
v -145.55 12.9028 -83.6319 
v -116.89 12.9028 -83.6319 
v -145.55 13.2008 -84.144 
v -116.89 13.2008 -84.144 
v -118.994 11.9018 -88.2113 
v -118.994 12.1598 -88.2113 
v -118.994 12.1598 -84.9569 
v -118.994 5.82175 -88.2113 
v -118.994 6.07875 -88.2113 
v -118.992 6.29976 -82.0517 
v -118.992 13.4998 -85.2134 
v -118.992 13.4998 -84.6443 
v -118.993 6.07875 -82.0444 
v -118.993 5.82175 -82.0444 
v -119.063 3.00176 -81.7076 
v -119.143 3.09575 -85.1329 
v -119.143 5.86475 -87.1966 
v -119.39 3.24276 -82.8694 
v -131.801 3.09575 -82.9965 
v -140.438 3.16176 -87.9758 
v -140.438 3.06075 -87.9758 
v -119.39 3.24276 -85.8694 
v -119.39 3.10175 -85.8694 
v -119.39 3.24276 -85.3695 
v -119.39 3.24276 -84.8694 
v -119.39 3.24276 -84.3694 
v -119.39 3.10175 -84.8032 
v -119.39 3.24276 -83.8694 
v -119.39 3.10175 -84.3032 
v -119.39 3.24276 -83.3694 
v -119.39 3.10175 -83.3694 
v -119.39 3.10175 -82.3032 
v -119.39 3.10175 -83.3032 
v -119.39 3.24276 -87.3695 
v -119.39 3.10175 -87.3695 
v -119.39 3.24276 -86.8695 
v -119.39 3.24276 -86.3695 
v -119.39 3.24276 -87.8695 
v -119.39 3.24276 -88.3033 
v -119.804 5.86475 -81.7936 
v -119.401 3.09575 -83.5965 
v -131.801 3.09575 -83.5965 
v -117.595 15.6368 -107.631 
v -118.195 15.6368 -107.631 
v -117.595 15.6368 -106.961 
v -118.195 15.6368 -106.961 
v -117.595 15.6368 -88.6876 
v -118.195 15.6368 -88.6876 
v -117.595 15.6368 -88.0185 
v -118.195 15.6368 -88.0185 
v -144.564 15.6368 -88.6877 
v -145.163 15.6368 -88.6877 
v -144.564 15.6368 -88.0185 
v -145.163 15.6368 -88.0185 
v -144.564 15.6368 -107.631 
v -145.163 15.6368 -107.631 
v -144.564 15.6368 -106.961 
v -145.163 15.6368 -106.961 
v -120.404 3.09575 -81.7936 
v -119.401 3.09575 -84.1965 
v -138.991 7.47376 -88.0689 
v -138.991 11.3188 -88.507 
v -138.991 11.3188 -88.0689 
v -138.99 11.2848 -88.507 
v -138.99 7.30976 -88.5071 
v -138.938 3.06075 -87.9758 
v -144.739 14.9128 -97.9669 
v -144.739 14.9128 -97.3523 
v -118.042 14.9128 -97.9669 
v -118.042 14.9128 -97.3522 
v -131.367 13.4098 -84.6442 
v -131.967 13.4098 -84.6442 
v -119.592 13.4998 -84.6443 
v -117.726 14.7808 -107.196 
v -117.726 14.7808 -107.63 
v -145.045 14.7808 -107.196 
v -145.045 14.7808 -107.63 
v -117.73 14.7708 -107.201 
v -118.164 14.7708 -107.201 
v -117.73 14.7708 -88.0791 
v -118.164 14.7708 -88.0791 
v -117.726 14.7708 -88.0834 
v -117.726 14.7708 -88.5172 
v -145.045 14.7708 -88.0834 
v -145.045 14.7708 -88.5172 
v -144.604 14.7708 -107.201 
v -145.038 14.7708 -107.201 
v -144.604 14.7708 -88.0791 
v -145.038 14.7708 -88.0791 
v -131.801 3.09575 -84.7965 
v -131.876 3.24276 -84.8694 
v -140.932 4.04175 -107.703 
v -140.932 0.355762 -111.39 
v -141.313 4.04175 -107.703 
v -141.313 0.355762 -111.39 
v -136.79 4.04175 -107.703 
v -136.79 0.355762 -111.39 
v -137.171 4.04175 -107.703 
v -137.171 0.355762 -111.39 
v -131.953 11.9018 -84.9569 
v -131.417 12.1598 -84.9569 
v -119.567 11.9018 -84.9569 
v -119.401 3.09575 -85.3966 
v -131.801 3.09575 -85.3966 
v -122.204 3.09575 -81.7936 
v -119.592 13.4998 -84.6443 
v -118.992 13.4998 -84.6443 
v -119.592 13.4998 -85.2134 
v -118.992 13.4998 -85.2134 
v -119.401 3.09575 -85.9967 
v -131.801 3.09575 -85.9967 
v -131.967 13.4098 -84.6442 
v -131.367 13.4098 -84.6442 
v -131.967 13.4098 -85.2134 
v -131.367 13.4098 -85.2134 
v -137.171 3.68676 -107.348 
v -137.138 3.06075 -87.9758 
v -122.898 3.38875 -88.0718 
v -122.898 3.38875 -88.5056 
v -122.898 10.9077 -88.0718 
v -122.898 10.9077 -88.5056 
v -122.898 10.6498 -88.5056 
v -144.555 11.2768 -100.414 
v -144.558 11.0768 -100.414 
v -144.608 7.43175 -100.414 
v -117.726 12.7267 -107.196 
v -117.726 12.7267 -107.63 
v -145.045 12.7267 -107.196 
v -145.045 12.7267 -107.63 
v -117.73 12.7267 -107.201 
v -118.164 12.7267 -107.201 
v -117.73 12.7267 -88.0791 
v -118.164 12.7267 -88.0791 
v -117.726 12.7267 -88.0834 
v -117.726 12.7267 -88.5172 
v -145.045 12.7267 -88.0834 
v -145.045 12.7267 -88.5172 
v -144.604 12.7278 -107.201 
v -145.038 12.7278 -107.201 
v -144.604 12.7267 -88.0791 
v -145.038 12.7267 -88.0791 
v -118.122 11.2888 -100.367 
v -118.175 7.44376 -100.367 
v -136.686 7.62175 -107.196 
v -136.617 11.2848 -88.0689 
v -136.617 11.2848 -88.507 
v -136.626 10.3258 -107.196 
v -119.401 3.09575 -87.1966 
v -131.801 3.09575 -87.1966 
v -131.543 5.86475 -87.1966 
v -131.417 12.1598 -88.2113 
v -131.953 12.1598 -88.2113 
v -131.417 12.1598 -84.9569 
v -131.953 12.1598 -84.9569 
v -118.994 12.1598 -88.2113 
v -119.567 12.1598 -88.2113 
v -118.994 12.1598 -84.9569 
v -119.567 12.1598 -84.9569 
v -124.06 7.48476 -107.212 
v -124.06 11.3308 -107.212 
v -135.638 3.06075 -87.9758 
v -131.876 3.10175 -87.8695 
v -138.504 3.16176 -87.9758 
v -135.204 3.16176 -87.9758 
v -118.164 3.31775 -87.9758 
v -136.704 3.16176 -87.9758 
v -133.838 3.06075 -87.9758 
v -133.404 3.16176 -87.9758 
v -144.604 3.31876 -87.9758 
v -132.337 3.06075 -87.9758 
v -131.904 3.16176 -87.9758 
v -140.004 3.16176 -87.9758 
v -143.304 3.16176 -87.9758 
v -143.304 3.06075 -87.9758 
v -141.804 3.16176 -87.9758 
v -117.684 11.2827 -100.367 
v -118.122 11.2888 -100.367 
v -117.684 11.2827 -95.4575 
v -118.122 11.2888 -95.4575 
v -136.417 11.2848 -88.0689 
v -134.081 7.47376 -88.0689 
v -117.684 11.2488 -95.4538 
v -117.684 11.2488 -95.6538 
v -118.123 11.2547 -95.4538 
v -118.123 11.2547 -95.6538 
v -117.684 11.2488 -100.166 
v -117.684 11.2488 -100.366 
v -118.123 11.2547 -100.166 
v -118.123 11.2547 -100.366 
v -134.081 11.3188 -88.0689 
v -134.081 11.1188 -88.0689 
v -138.79 11.2848 -88.0689 
v -138.872 7.87876 -88.0834 
v -127.861 3.38875 -88.0718 
v -123.045 7.87975 -88.0834 
v -122.998 10.3258 -88.0832 
v -122.998 10.5838 -88.0832 
v -123.045 5.61876 -88.0834 
v -118.164 5.61876 -88.079 
v -118.164 5.36075 -88.079 
v -118.164 10.3258 -88.079 
v -118.164 14.5128 -88.0791 
v -144.604 10.5828 -88.079 
v -144.604 5.61876 -88.079 
v -127.701 7.62175 -88.0834 
v -127.701 7.87876 -88.0834 
v -134.154 7.62175 -88.0834 
v -134.154 7.87876 -88.0834 
v -127.74 5.36075 -88.0834 
v -138.885 10.3258 -88.0832 
v -144.604 7.87876 -88.079 
v -127.762 10.5838 -88.0832 
v -134.145 10.5828 -88.0832 
v -144.604 12.4688 -88.0791 
v -123.155 10.8288 -88.0718 
v -127.597 10.8288 -88.0718 
v -128.97 11.3308 -107.65 
v -128.97 11.3308 -107.212 
v -124.06 11.3308 -107.65 
v -124.06 11.3308 -107.212 
v -138.991 11.3188 -88.507 
v -138.991 11.3188 -88.0689 
v -134.081 11.3188 -88.507 
v -134.081 11.3188 -88.0689 
v -136.417 11.2848 -88.507 
v -136.617 11.2848 -88.507 
v -136.417 11.2848 -88.0689 
v -136.617 11.2848 -88.0689 
v -124.056 11.2957 -107.65 
v -124.256 11.2957 -107.65 
v -124.056 11.2957 -107.212 
v -124.256 11.2957 -107.212 
v -128.769 11.2957 -107.65 
v -128.969 11.2957 -107.65 
v -128.769 11.2957 -107.212 
v -128.969 11.2957 -107.212 
v -134.077 11.2848 -88.507 
v -134.277 11.2848 -88.507 
v -134.077 11.2848 -88.0689 
v -134.277 11.2848 -88.0689 
v -138.79 11.2848 -88.507 
v -138.99 11.2848 -88.507 
v -138.79 11.2848 -88.0689 
v -138.99 11.2848 -88.0689 
v -124.604 3.09575 -81.7937 
v -144.555 11.2768 -100.414 
v -144.993 11.2827 -100.414 
v -144.555 11.2768 -95.5039 
v -144.993 11.2827 -95.5039 
v -144.555 11.2428 -95.5004 
v -144.555 11.2428 -95.7003 
v -144.993 11.2488 -95.5004 
v -144.993 11.2488 -95.7003 
v -144.555 11.2428 -100.213 
v -144.555 11.2428 -100.413 
v -144.993 11.2488 -100.213 
v -144.993 11.2488 -100.413 
v -118.23 12.3068 -84.0204 
v -141.542 10.9077 -107.629 
v -141.542 10.9077 -107.195 
v -136.58 10.9077 -107.629 
v -136.58 10.9077 -107.195 
v -127.861 10.9077 -88.5056 
v -127.861 10.9077 -88.0718 
v -122.898 10.9077 -88.5056 
v -122.898 10.9077 -88.0718 
v -118.164 7.87876 -88.5955 
v -118.164 7.62175 -88.5955 
v -141.279 10.8288 -107.629 
v -141.536 10.8288 -107.629 
v -141.279 10.8288 -107.195 
v -141.536 10.8288 -107.195 
v -136.579 10.8288 -107.629 
v -136.836 10.8288 -107.629 
v -136.579 10.8288 -107.195 
v -136.836 10.8288 -107.195 
v -122.897 10.8288 -88.5056 
v -123.155 10.8288 -88.5056 
v -122.897 10.8288 -88.0718 
v -123.155 10.8288 -88.0718 
v -127.597 10.8288 -88.5056 
v -127.855 10.8288 -88.5056 
v -127.597 10.8288 -88.0718 
v -127.855 10.8288 -88.0718 
v -141.408 10.5838 -107.196 
v -141.408 10.5838 -107.63 
v -145.045 10.5838 -107.196 
v -145.045 10.5838 -107.63 
v -128.954 10.5838 -107.196 
v -128.954 10.5838 -107.63 
v -136.626 10.5838 -107.196 
v -136.626 10.5838 -107.63 
v -117.726 10.5838 -88.0832 
v -117.726 10.5838 -88.517 
v -122.998 10.5838 -88.0832 
v -122.998 10.5838 -88.517 
v -117.983 10.5838 -107.196 
v -117.983 10.5838 -107.63 
v -124.091 10.5838 -107.196 
v -124.091 10.5838 -107.63 
v -117.73 10.5838 -95.515 
v -118.164 10.5838 -95.515 
v -117.73 10.5838 -88.079 
v -118.164 10.5838 -88.079 
v -117.73 10.5838 -107.201 
v -118.164 10.5838 -107.201 
v -117.73 10.5838 -100.245 
v -118.164 10.5838 -100.245 
v -144.604 10.5838 -95.5426 
v -145.038 10.5838 -95.5426 
v -144.604 10.5828 -88.079 
v -145.038 10.5828 -88.079 
v -138.885 10.5828 -88.0832 
v -138.885 10.5828 -88.517 
v -145.015 10.5828 -88.0832 
v -145.015 10.5828 -88.517 
v -127.762 10.5838 -88.0832 
v -127.762 10.5838 -88.517 
v -134.145 10.5828 -88.0832 
v -134.145 10.5828 -88.517 
v -144.604 10.5838 -107.201 
v -145.038 10.5838 -107.201 
v -144.604 10.5838 -100.241 
v -145.038 10.5838 -100.241 
v -134.154 7.87876 -88.517 
v -134.154 7.62175 -88.517 
v -134.145 10.3258 -88.517 
v -144.257 20.6857 -97.707 
v -127.004 3.09575 -81.7937 
v -131.801 3.09575 -82.7329 
v -122.54 3.09575 -81.7936 
v -119.401 3.09575 -85.1329 
v -119.401 3.09575 -84.533 
v -119.401 3.09575 -82.7329 
v -131.801 3.09575 -83.9329 
v -131.801 3.09575 -83.3329 
v -130.341 3.09575 -81.7936 
v -128.804 3.09575 -81.7936 
v -131.543 3.09575 -85.1329 
v -131.801 3.09575 -87.5331 
v -131.801 3.09575 -84.533 
v -127.604 3.09575 -81.7936 
v -126.14 3.09575 -81.7937 
v -123.14 3.09575 -81.7936 
v -127.701 7.87975 -88.517 
v -127.74 5.61876 -88.5172 
v -127.762 10.3258 -88.517 
v -131.967 6.07875 -88.2113 
v -131.967 5.82175 -88.2113 
v -131.961 3.25975 -81.7076 
v -131.901 6.07875 -82.0444 
v -131.901 5.82175 -82.0444 
v -131.876 3.24276 -86.3032 
v -131.876 3.24276 -85.8032 
v -131.876 3.24276 -85.3032 
v -131.876 3.24276 -84.8032 
v -131.876 3.24276 -84.3032 
v -131.876 3.24276 -83.8032 
v -131.876 3.24276 -82.8032 
v -131.876 3.24276 -82.3032 
v -131.876 3.24276 -83.3032 
v -131.876 3.24276 -87.8033 
v -131.876 3.24276 -87.3033 
v -131.876 3.24276 -86.8032 
v -131.876 3.24276 -88.3033 
v -117.725 7.87975 -88.0834 
v -117.725 7.87975 -88.517 
v -123.045 7.87975 -88.0834 
v -123.045 7.87975 -88.517 
v -117.725 7.87975 -107.196 
v -117.725 7.87975 -107.63 
v -124.115 7.87975 -107.196 
v -124.115 7.87975 -107.63 
v -117.73 7.87975 -95.5005 
v -118.164 7.87975 -95.5005 
v -117.73 7.87876 -88.5955 
v -118.164 7.87876 -88.5955 
v -117.73 7.87975 -107.201 
v -118.164 7.87975 -107.201 
v -117.73 7.87975 -100.296 
v -118.164 7.87975 -100.296 
v -127.701 7.87876 -88.0834 
v -127.701 7.87975 -88.517 
v -134.154 7.87876 -88.0834 
v -134.154 7.87876 -88.517 
v -144.604 7.87975 -95.5623 
v -144.604 7.87975 -95.5623 
v -145.038 7.87975 -95.5623 
v -144.604 7.87876 -88.079 
v -145.038 7.87876 -88.079 
v -144.604 7.87975 -107.317 
v -145.038 7.87975 -107.317 
v -144.604 7.87975 -100.36 
v -145.038 7.87975 -100.36 
v -128.855 7.87975 -107.196 
v -128.855 7.87975 -107.63 
v -136.686 7.87975 -107.196 
v -136.686 7.87975 -107.63 
v -138.872 7.87876 -88.0834 
v -138.872 7.87876 -88.517 
v -145.045 7.87876 -88.0834 
v -145.045 7.87876 -88.517 
v -144.604 10.3258 -95.5427 
v -141.443 7.87975 -107.196 
v -141.443 7.87975 -107.63 
v -145.045 7.87876 -107.196 
v -145.045 7.87975 -107.63 
v -118.164 7.62175 -95.5005 
v -117.737 7.43776 -100.367 
v -118.175 7.44376 -100.367 
v -117.737 7.43776 -95.4575 
v -118.175 7.44376 -95.4575 
v -128.97 7.48476 -107.65 
v -128.97 7.48476 -107.212 
v -124.06 7.48476 -107.65 
v -124.06 7.48476 -107.212 
v -138.991 7.47376 -88.5071 
v -138.991 7.47376 -88.0689 
v -134.081 7.47376 -88.5071 
v -134.081 7.47376 -88.0689 
v -144.608 7.43175 -100.414 
v -145.046 7.43776 -100.414 
v -144.608 7.43175 -95.5039 
v -145.046 7.43776 -95.5039 
v -123.045 5.36075 -88.5172 
v -119.592 6.29976 -81.4824 
v -118.992 6.29976 -81.4824 
v -119.592 6.29976 -82.0517 
v -118.992 6.29976 -82.0517 
v -131.967 6.20975 -81.4824 
v -131.367 6.20975 -81.4824 
v -131.967 6.20975 -82.0517 
v -131.367 6.20975 -82.0517 
v -118.994 6.07875 -88.2113 
v -119.567 6.07875 -88.2113 
v -118.994 6.07875 -81.6569 
v -119.567 6.07875 -81.6569 
v -131.394 6.07875 -88.2113 
v -131.967 6.07875 -88.2113 
v -131.394 6.07875 -81.6569 
v -131.967 6.07875 -81.6569 
v -118.993 6.07875 -81.4828 
v -118.993 6.07875 -82.0444 
v -131.901 6.07875 -81.4828 
v -131.901 6.07875 -82.0444 
v -119.567 5.82175 -88.2113 
v -131.394 5.82175 -88.2113 
v -131.543 5.86475 -82.7329 
v -131.801 5.86475 -82.7329 
v -131.543 5.86475 -82.3965 
v -131.801 5.86475 -82.3965 
v -122.204 5.86475 -81.5359 
v -122.204 5.86475 -81.7936 
v -122.54 5.86475 -81.5359 
v -122.54 5.86475 -81.7936 
v -121.604 5.86475 -81.5359 
v -121.604 5.86475 -81.7936 
v -121.94 5.86475 -81.5359 
v -121.94 5.86475 -81.7936 
v -121.004 5.86475 -81.5359 
v -121.004 5.86475 -81.7936 
v -121.34 5.86475 -81.5359 
v -121.34 5.86475 -81.7936 
v -120.404 5.86475 -81.5359 
v -120.404 5.86475 -81.7936 
v -120.74 5.86475 -81.5359 
v -120.74 5.86475 -81.7936 
v -119.804 5.86475 -81.5359 
v -119.804 5.86475 -81.7936 
v -120.14 5.86475 -81.5359 
v -120.14 5.86475 -81.7936 
v -119.143 5.86475 -85.1329 
v -119.401 5.86475 -85.1329 
v -119.143 5.86475 -84.7965 
v -119.401 5.86475 -84.7965 
v -119.143 5.86475 -86.933 
v -119.401 5.86475 -86.933 
v -119.143 5.86475 -86.5966 
v -119.401 5.86475 -86.5966 
v -119.143 5.86475 -86.3329 
v -119.401 5.86475 -86.3329 
v -119.143 5.86475 -85.9967 
v -119.401 5.86475 -85.9967 
v -119.143 5.86475 -85.7329 
v -119.401 5.86475 -85.7329 
v -119.143 5.86475 -85.3966 
v -119.401 5.86475 -85.3966 
v -119.143 5.86475 -84.533 
v -119.401 5.86475 -84.533 
v -119.143 5.86475 -84.1965 
v -119.401 5.86475 -84.1965 
v -119.143 5.86475 -83.9329 
v -119.401 5.86475 -83.9329 
v -119.143 5.86475 -83.5965 
v -119.401 5.86475 -83.5965 
v -119.143 5.86475 -83.3329 
v -119.401 5.86475 -83.3329 
v -119.143 5.86475 -82.9965 
v -119.401 5.86475 -82.9965 
v -119.143 5.86475 -82.7329 
v -119.401 5.86475 -82.7329 
v -119.143 5.86475 -82.3965 
v -119.401 5.86475 -82.3965 
v -119.143 5.86475 -87.5331 
v -119.401 5.86475 -87.5331 
v -119.143 5.86475 -87.1966 
v -119.401 5.86475 -87.1966 
v -131.543 5.86475 -83.9329 
v -131.801 5.86475 -83.9329 
v -131.543 5.86475 -83.5965 
v -131.801 5.86475 -83.5965 
v -131.543 5.86475 -83.3329 
v -131.801 5.86475 -83.3329 
v -131.543 5.86475 -82.9965 
v -131.801 5.86475 -82.9965 
v -130.604 5.86475 -81.5359 
v -130.604 5.86475 -81.7936 
v -130.941 5.86475 -81.5359 
v -130.941 5.86475 -81.7936 
v -130.004 5.86475 -81.5359 
v -130.004 5.86475 -81.7937 
v -130.341 5.86475 -81.5359 
v -130.341 5.86475 -81.7937 
v -129.404 5.86475 -81.5359 
v -129.404 5.86475 -81.7937 
v -129.741 5.86475 -81.5359 
v -129.741 5.86475 -81.7937 
v -128.804 5.86475 -81.5359 
v -128.804 5.86475 -81.7937 
v -129.14 5.86475 -81.5359 
v -129.14 5.86475 -81.7937 
v -131.543 5.86475 -85.1329 
v -131.801 5.86475 -85.1329 
v -131.543 5.86475 -84.7965 
v -131.801 5.86475 -84.7965 
v -131.543 5.86475 -87.5331 
v -131.801 5.86475 -87.5331 
v -131.543 5.86475 -87.1966 
v -131.801 5.86475 -87.1966 
v -131.543 5.86475 -86.933 
v -131.801 5.86475 -86.933 
v -131.543 5.86475 -86.5966 
v -131.801 5.86475 -86.5966 
v -131.543 5.86475 -86.3329 
v -131.801 5.86475 -86.3329 
v -131.543 5.86475 -85.9967 
v -131.801 5.86475 -85.9967 
v -131.543 5.86475 -85.7329 
v -131.801 5.86475 -85.7329 
v -131.543 5.86475 -85.3966 
v -131.801 5.86475 -85.3966 
v -131.543 5.86475 -84.533 
v -131.801 5.86475 -84.533 
v -131.543 5.86475 -84.1965 
v -131.801 5.86475 -84.1965 
v -128.204 5.86475 -81.5359 
v -128.204 5.86475 -81.7937 
v -128.54 5.86475 -81.5359 
v -128.54 5.86475 -81.7937 
v -127.604 5.86475 -81.5359 
v -127.604 5.86475 -81.7937 
v -127.94 5.86475 -81.5359 
v -127.94 5.86475 -81.7937 
v -127.004 5.86475 -81.5359 
v -127.004 5.86475 -81.7937 
v -127.34 5.86475 -81.5359 
v -127.34 5.86475 -81.7937 
v -126.404 5.86475 -81.5359 
v -126.404 5.86475 -81.7937 
v -126.74 5.86475 -81.5359 
v -126.74 5.86475 -81.7937 
v -125.804 5.86475 -81.5359 
v -125.804 5.86475 -81.7937 
v -126.14 5.86475 -81.5359 
v -126.14 5.86475 -81.7937 
v -125.204 5.86475 -81.5359 
v -125.204 5.86475 -81.7937 
v -125.54 5.86475 -81.5359 
v -125.54 5.86475 -81.7937 
v -124.604 5.86475 -81.5359 
v -124.604 5.86475 -81.7937 
v -124.94 5.86475 -81.5359 
v -124.94 5.86475 -81.7937 
v -124.004 5.86475 -81.5359 
v -124.004 5.86475 -81.7937 
v -124.34 5.86475 -81.5359 
v -124.34 5.86475 -81.7937 
v -123.404 5.86475 -81.5359 
v -123.404 5.86475 -81.7937 
v -123.74 5.86475 -81.5359 
v -123.74 5.86475 -81.7937 
v -122.804 5.86475 -81.5359 
v -122.804 5.86475 -81.7936 
v -123.14 5.86475 -81.5359 
v -123.14 5.86475 -81.7936 
v -118.006 5.61876 -107.196 
v -118.006 5.61876 -107.63 
v -136.712 5.61876 -107.196 
v -136.712 5.61876 -107.63 
v -117.725 5.61876 -88.0834 
v -117.725 5.61876 -88.5172 
v -123.045 5.61876 -88.0834 
v -123.045 5.61876 -88.5172 
v -117.73 5.61876 -107.201 
v -118.164 5.61876 -107.201 
v -117.73 5.61876 -88.079 
v -118.164 5.61876 -88.079 
v -144.604 5.61876 -107.201 
v -145.037 5.61876 -107.201 
v -144.604 5.61876 -88.079 
v -145.037 5.61876 -88.079 
v -127.74 5.61876 -88.0834 
v -127.74 5.61876 -88.5172 
v -145.045 5.61876 -88.0834 
v -145.045 5.61876 -88.5172 
v -141.48 5.61876 -107.196 
v -141.48 5.61876 -107.63 
v -145.045 5.61876 -107.196 
v -145.045 5.61876 -107.63 
v -128.97 11.1308 -107.212 
v -131.417 11.9018 -88.2113 
v -138.872 7.62076 -88.517 
v -123.045 7.62175 -88.517 
v -118.164 7.62175 -100.296 
v -118.125 11.0887 -95.4575 
v -144.558 11.0768 -95.5039 
v -127.861 3.38875 -88.5056 
v -127.861 3.38875 -88.5056 
v -127.861 3.38875 -88.0718 
v -122.898 3.38875 -88.5056 
v -122.898 3.38875 -88.0718 
v -141.542 3.38875 -107.629 
v -141.542 3.38875 -107.195 
v -136.58 3.38875 -107.629 
v -136.58 3.38875 -107.195 
v -117.73 3.31876 -107.098 
v -118.164 3.31876 -107.098 
v -117.73 3.31775 -87.9758 
v -118.164 3.31775 -87.9758 
v -117.725 3.31876 -87.9801 
v -117.725 3.31876 -88.4139 
v -145.045 3.31876 -87.9801 
v -145.045 3.31876 -88.4139 
v -144.604 3.31876 -107.098 
v -145.038 3.31876 -107.098 
v -144.604 3.31876 -87.9758 
v -145.038 3.31876 -87.9758 
v -117.725 3.31876 -107.093 
v -117.725 3.31876 -107.527 
v -145.045 3.31775 -107.093 
v -145.045 3.31775 -107.527 
v -119.063 3.25975 -81.3793 
v -119.063 3.25975 -81.7076 
v -131.961 3.25975 -81.3793 
v -131.961 3.25975 -81.7076 
v -119.39 3.24276 -85.8694 
v -119.39 3.24276 -86.3032 
v -131.876 3.24276 -85.8694 
v -131.876 3.24276 -86.3032 
v -119.39 3.24276 -85.3695 
v -119.39 3.24276 -85.8032 
v -131.876 3.24276 -85.3695 
v -131.876 3.24276 -85.8032 
v -119.39 3.24276 -84.8694 
v -119.39 3.24276 -85.3032 
v -131.876 3.24276 -84.8694 
v -131.876 3.24276 -85.3032 
v -119.39 3.24276 -84.3694 
v -119.39 3.24276 -84.8032 
v -131.876 3.24276 -84.3694 
v -131.876 3.24276 -84.8032 
v -119.39 3.24276 -83.8694 
v -119.39 3.24276 -84.3032 
v -131.876 3.24276 -83.8694 
v -131.876 3.24276 -84.3032 
v -119.39 3.24276 -83.3694 
v -119.39 3.24276 -83.8032 
v -131.876 3.24276 -83.3694 
v -131.876 3.24276 -83.8032 
v -119.39 3.24276 -82.3694 
v -119.39 3.24276 -82.8032 
v -131.876 3.24276 -82.3694 
v -131.876 3.24276 -82.8032 
v -119.39 3.24276 -81.8694 
v -119.39 3.24276 -82.3032 
v -131.876 3.24276 -81.8694 
v -131.876 3.24276 -82.3032 
v -119.39 3.24276 -82.8694 
v -119.39 3.24276 -83.3032 
v -131.876 3.24276 -82.8694 
v -131.876 3.24276 -83.3032 
v -119.39 3.24276 -87.3695 
v -119.39 3.24276 -87.8033 
v -131.876 3.24276 -87.3695 
v -131.876 3.24276 -87.8033 
v -119.39 3.24276 -86.8695 
v -119.39 3.24276 -87.3033 
v -131.876 3.24276 -86.8695 
v -131.876 3.24276 -87.3033 
v -119.39 3.24276 -86.3695 
v -119.39 3.24276 -86.8032 
v -131.876 3.24276 -86.3695 
v -131.876 3.24276 -86.8032 
v -119.39 3.24276 -87.8695 
v -119.39 3.24276 -88.3033 
v -131.876 3.24276 -87.8695 
v -131.876 3.24276 -88.3033 
v -144.65 3.19675 -104.538 
v -144.65 3.19675 -104.104 
v -118.117 3.19675 -104.538 
v -118.117 3.19675 -104.104 
v -144.65 3.19675 -105.038 
v -144.65 3.19675 -104.604 
v -118.117 3.19675 -105.038 
v -118.117 3.19675 -104.604 
v -144.65 3.19675 -106.538 
v -144.65 3.19675 -106.104 
v -118.117 3.19675 -106.538 
v -118.117 3.19675 -106.104 
v -144.65 3.19675 -107.038 
v -144.65 3.19675 -106.604 
v -118.117 3.19675 -107.038 
v -118.117 3.19675 -106.604 
v -144.65 3.19675 -106.038 
v -144.65 3.19675 -105.604 
v -118.117 3.19675 -106.038 
v -118.117 3.19675 -105.604 
v -144.65 3.19675 -102.538 
v -144.65 3.19675 -102.104 
v -118.117 3.19675 -102.538 
v -118.117 3.19675 -102.104 
v -144.65 3.19675 -89.5377 
v -144.65 3.19675 -89.1039 
v -118.117 3.19675 -89.5377 
v -118.117 3.19675 -89.1039 
v -144.65 3.19675 -92.5377 
v -144.65 3.19675 -92.1039 
v -118.117 3.19675 -92.5377 
v -118.117 3.19675 -92.1039 
v -144.65 3.19675 -100.538 
v -144.65 3.19675 -100.104 
v -118.117 3.19675 -100.538 
v -118.117 3.19675 -100.104 
v -144.65 3.19675 -94.5376 
v -144.65 3.19675 -94.1039 
v -118.117 3.19675 -94.5376 
v -118.117 3.19675 -94.1039 
v -144.65 3.19675 -101.038 
v -144.65 3.19675 -100.604 
v -118.117 3.19675 -101.038 
v -118.117 3.19675 -100.604 
v -144.65 3.19675 -95.0376 
v -144.65 3.19675 -94.6039 
v -118.117 3.19675 -95.0376 
v -118.117 3.19675 -94.6039 
v -144.65 3.19675 -96.5376 
v -144.65 3.19675 -96.1039 
v -118.117 3.19675 -96.5376 
v -118.117 3.19675 -96.1039 
v -144.65 3.19675 -91.0377 
v -144.65 3.19675 -90.6039 
v -118.117 3.19675 -91.0377 
v -118.117 3.19675 -90.6039 
v -144.65 3.19675 -104.038 
v -144.65 3.19675 -103.604 
v -118.117 3.19675 -104.038 
v -118.117 3.19675 -103.604 
v -144.65 3.19675 -97.5376 
v -144.65 3.19675 -97.1039 
v -118.117 3.19675 -97.5376 
v -118.117 3.19675 -97.1039 
v -144.65 3.19675 -98.0376 
v -144.65 3.19675 -97.6039 
v -118.117 3.19675 -98.0376 
v -118.117 3.19675 -97.6039 
v -144.65 3.19675 -98.5376 
v -144.65 3.19675 -98.1039 
v -118.117 3.19675 -98.5376 
v -118.117 3.19675 -98.1039 
v -144.65 3.19675 -100.038 
v -144.65 3.19675 -99.6039 
v -118.117 3.19675 -100.038 
v -118.117 3.19675 -99.6039 
v -144.65 3.19675 -103.538 
v -144.65 3.19675 -103.104 
v -118.117 3.19675 -103.538 
v -118.117 3.19675 -103.104 
v -144.65 3.19675 -99.5376 
v -144.65 3.19675 -99.1039 
v -118.117 3.19675 -99.5376 
v -118.117 3.19675 -99.1039 
v -144.65 3.19675 -90.5377 
v -144.65 3.19675 -90.1039 
v -118.117 3.19675 -90.5377 
v -118.117 3.19675 -90.1039 
v -144.65 3.19675 -102.038 
v -144.65 3.19675 -101.604 
v -118.117 3.19675 -102.038 
v -118.117 3.19675 -101.604 
v -144.65 3.19675 -97.0376 
v -144.65 3.19675 -96.6039 
v -118.117 3.19675 -97.0376 
v -118.117 3.19675 -96.6039 
v -144.65 3.19675 -103.038 
v -144.65 3.19675 -102.604 
v -118.117 3.19675 -103.038 
v -118.117 3.19675 -102.604 
v -144.65 3.19675 -89.0377 
v -144.65 3.19675 -88.6039 
v -118.117 3.19675 -89.0377 
v -118.117 3.19675 -88.6039 
v -144.65 3.19675 -93.5377 
v -144.65 3.19675 -93.1039 
v -118.117 3.19675 -93.5377 
v -118.117 3.19675 -93.1039 
v -144.65 3.19675 -96.0376 
v -144.65 3.19675 -95.6039 
v -118.117 3.19675 -96.0376 
v -118.117 3.19675 -95.6039 
v -144.65 3.19675 -90.0377 
v -144.65 3.19675 -89.6039 
v -118.117 3.19675 -90.0377 
v -118.117 3.19675 -89.6039 
v -144.65 3.19675 -101.538 
v -144.65 3.19675 -101.104 
v -118.117 3.19675 -101.538 
v -118.117 3.19675 -101.104 
v -144.65 3.19675 -93.0377 
v -144.65 3.19675 -92.6039 
v -118.117 3.19675 -93.0377 
v -118.117 3.19675 -92.6039 
v -144.65 3.19675 -92.0377 
v -144.65 3.19675 -91.6039 
v -118.117 3.19675 -92.0377 
v -118.117 3.19675 -91.6039 
v -144.65 3.19675 -94.0377 
v -144.65 3.19675 -93.6039 
v -118.117 3.19675 -94.0377 
v -118.117 3.19675 -93.6039 
v -144.65 3.19675 -99.0376 
v -144.65 3.19675 -98.6039 
v -118.117 3.19675 -99.0376 
v -118.117 3.19675 -98.6039 
v -144.65 3.19675 -91.5377 
v -144.65 3.19675 -91.1039 
v -118.117 3.19675 -91.5377 
v -118.117 3.19675 -91.1039 
v -144.65 3.19675 -95.5376 
v -144.65 3.19675 -95.1039 
v -118.117 3.19675 -95.5376 
v -118.117 3.19675 -95.1039 
v -144.65 3.19675 -88.5375 
v -144.65 3.19675 -88.1039 
v -118.117 3.19675 -88.5375 
v -118.117 3.19675 -88.1039 
v -144.65 3.19675 -105.538 
v -144.65 3.19675 -105.104 
v -118.117 3.19675 -105.538 
v -118.117 3.19675 -105.104 
v -125.595 3.16475 -107.098 
v -126.046 3.16475 -107.098 
v -125.595 3.16376 -81.6758 
v -126.046 3.16376 -81.6758 
v -120.768 3.17075 -107.098 
v -121.273 3.17075 -107.098 
v -120.768 3.17075 -81.6758 
v -121.273 3.17075 -81.6758 
v -127.104 3.16275 -107.098 
v -127.537 3.16275 -107.098 
v -127.104 3.16176 -81.6758 
v -127.537 3.16176 -81.6758 
v -124.104 3.16275 -107.098 
v -124.537 3.16275 -107.098 
v -124.104 3.16176 -81.6758 
v -124.537 3.16176 -81.6758 
v -128.904 3.16275 -107.098 
v -129.337 3.16275 -107.098 
v -128.904 3.16176 -81.4758 
v -129.337 3.16176 -81.4758 
v -138.504 3.16275 -107.098 
v -138.938 3.16275 -107.098 
v -138.504 3.16176 -87.9758 
v -138.938 3.16176 -87.9758 
v -119.104 3.16275 -107.098 
v -119.737 3.16275 -107.098 
v -119.104 3.16176 -81.8758 
v -119.737 3.16176 -81.8758 
v -135.204 3.16275 -107.098 
v -135.638 3.16275 -107.098 
v -135.204 3.16176 -87.9758 
v -135.638 3.16176 -87.9758 
v -122.604 3.16275 -107.098 
v -123.037 3.16275 -107.098 
v -122.604 3.16176 -81.6758 
v -123.037 3.16176 -81.6758 
v -136.704 3.16275 -107.098 
v -137.138 3.16275 -107.098 
v -136.704 3.16176 -87.9758 
v -137.138 3.16176 -87.9758 
v -133.404 3.16275 -107.098 
v -133.838 3.16275 -107.098 
v -133.404 3.16176 -87.9758 
v -133.838 3.16176 -87.9758 
v -131.904 3.16275 -107.098 
v -132.337 3.16275 -107.098 
v -131.904 3.16176 -87.9758 
v -132.337 3.16176 -87.9758 
v -140.004 3.16275 -107.098 
v -140.438 3.16275 -107.098 
v -140.004 3.16176 -87.9758 
v -140.438 3.16176 -87.9758 
v -130.404 3.16275 -107.098 
v -130.837 3.16275 -107.098 
v -130.404 3.16176 -81.6758 
v -130.837 3.16176 -81.6758 
v -143.304 3.16275 -107.098 
v -143.738 3.16275 -107.098 
v -143.304 3.16176 -87.9758 
v -143.738 3.16176 -87.9758 
v -141.804 3.16275 -107.098 
v -142.238 3.16275 -107.098 
v -141.804 3.16176 -87.9758 
v -142.238 3.16176 -87.9758 
v -141.033 3.12076 -107.77 
v -137.086 3.12076 -107.77 
v -141.033 3.12076 -108.532 
v -137.086 3.12076 -108.532 
v -141.016 2.35875 -108.533 
v -137.069 2.35875 -108.533 
v -141.016 2.35875 -109.295 
v -137.069 2.35875 -109.295 
v -134.081 11.1188 -88.507 
v -141.033 1.59676 -109.294 
v -137.086 1.59676 -109.294 
v -141.033 1.59676 -110.056 
v -137.086 1.59676 -110.056 
v -118.164 10.3258 -100.245 
v -141.033 0.835758 -110.056 
v -136.986 0.835758 -110.056 
v -141.033 0.835758 -110.817 
v -136.986 0.835758 -110.817 
v -140.932 3.68676 -107.348 
v -140.932 4.04175 -107.703 
v -141.313 3.68676 -107.348 
v -141.313 4.04175 -107.703 
v -136.79 3.68676 -107.348 
v -136.79 4.04175 -107.703 
v -137.171 3.68676 -107.348 
v -137.171 4.04175 -107.703 
v -145.64 21.2858 -98.0667 
v -145.64 20.6857 -97.707 
v -145.627 12.9118 -83.6475 
v -145.627 12.2978 -84.0047 
v -145.521 13.7998 -110.573 
v -145.521 13.1998 -110.214 
v -145.521 12.8998 -110.714 
v -118.242 21.2858 -98.0667 
v -117.009 13.7998 -110.573 
v -145.163 15.6368 -88.0185 
v -145.163 -0.000240326 -88.0185 
v -145.163 15.6368 -106.961 
v -145.163 -0.000240326 -106.961 
v -144.993 11.2827 -95.5039 
v -144.996 11.0828 -95.5039 
v -145.046 7.43776 -100.414 
v -145.046 7.43776 -95.5039 
v -144.993 11.2488 -100.213 
v -145.045 7.62076 -88.0834 
v -145.045 14.7708 -88.0834 
v -145.045 12.7267 -88.0834 
v -145.045 3.06075 -87.9801 
v -145.038 7.87876 -88.079 
v -145.038 3.31876 -107.098 
v -145.038 3.06075 -107.098 
v -145.038 3.31876 -87.9758 
v -145.038 7.87975 -107.317 
v -145.038 7.62175 -107.317 
v -145.038 7.87975 -100.36 
v -145.038 10.3258 -107.201 
v -145.038 14.5128 -88.0791 
v -145.038 12.4698 -107.201 
v -145.038 12.7267 -88.0791 
v -145.038 12.4688 -88.0791 
v -145.045 3.31775 -107.527 
v -145.045 3.06075 -107.527 
v -141.033 2.93076 -108.532 
v -137.086 2.93076 -108.532 
v -144.739 14.9128 -97.3523 
v -144.739 14.3728 -97.3523 
v -144.65 3.09575 -107.038 
v -144.65 3.09476 -88.1039 
v -124.06 11.1308 -107.65 
v -136.58 10.9077 -107.629 
v -128.954 10.3258 -107.63 
v -136.626 10.5838 -107.63 
v -117.983 10.3258 -107.63 
v -141.536 3.12876 -107.629 
v -141.278 3.12876 -107.629 
v -141.542 3.38875 -107.629 
v -136.58 3.13076 -107.629 
v -136.58 3.38875 -107.629 
v -117.73 12.4688 -107.201 
v -144.604 3.31876 -107.098 
v -116.859 20.6857 -97.707 
v -116.861 21.2818 -98.0248 
v -116.861 12.9207 -83.6632 
v -116.861 12.3068 -84.0204 
v -116.89 13.2008 -84.144 
v -116.89 12.2888 -83.9892 
v -117.009 13.1998 -110.214 
v -117.595 15.6368 -106.961 
v -117.595 -0.000240326 -106.961 
v -117.595 15.6368 -88.0185 
v -117.595 -0.000240326 -88.0185 
v -119.063 3.00176 -81.3793 
v -119.063 3.25975 -81.3793 
v -131.961 3.00176 -81.3793 
v -131.961 3.25975 -81.3793 
v -117.725 7.87975 -88.0834 
v -117.725 7.62175 -88.0834 
v -117.725 7.87975 -88.517 
v -117.725 7.62175 -88.517 
v -117.726 10.3258 -88.517 
v -117.726 14.7708 -88.0834 
v -117.726 14.5128 -88.0834 
v -117.726 12.7267 -88.0834 
v -117.725 3.31876 -87.9801 
v -117.725 3.31876 -107.093 
v -117.725 3.06075 -107.093 
v -117.73 3.06075 -87.9758 
v -117.73 3.31775 -87.9758 
v -117.73 7.62175 -95.5005 
v -117.73 12.4688 -88.0791 
v -117.73 7.62175 -100.296 
v -117.73 7.87975 -100.296 
v -117.684 11.2488 -95.6538 
v -117.737 7.43776 -100.367 
v -117.737 7.43776 -95.4575 
v -117.684 11.2488 -100.366 
v -117.684 11.2488 -100.166 
v -117.739 7.27275 -100.166 
v -129.337 3.16176 -81.4758 
v -129.337 3.06075 -81.4758 
v -128.904 3.16176 -81.4758 
v -128.904 3.06075 -81.4758 
v -131.367 6.20975 -81.4824 
v -131.967 6.20975 -81.4824 
v -131.367 -0.000240326 -81.4824 
v -131.967 -0.000240326 -81.4824 
v -118.992 6.29976 -81.4824 
v -119.592 6.29976 -81.4824 
v -118.992 -0.000240326 -81.4824 
v -119.592 -0.000240326 -81.4824 
v -118.993 5.82175 -81.4828 
v -118.993 6.07875 -81.4828 
v -131.901 5.82175 -81.4828 
v -131.901 6.07875 -81.4828 
v -122.54 3.09575 -81.5358 
v -122.204 3.09575 -81.5358 
v -122.54 5.86475 -81.5359 
v -122.204 5.86475 -81.5359 
v -121.94 3.09575 -81.5358 
v -121.604 3.09575 -81.5358 
v -121.94 5.86475 -81.5359 
v -121.604 5.86475 -81.5359 
v -121.34 3.09575 -81.5358 
v -121.004 3.09575 -81.5358 
v -121.34 5.86475 -81.5359 
v -121.004 5.86475 -81.5359 
v -120.74 3.09575 -81.5358 
v -120.404 3.09575 -81.5358 
v -120.74 5.86475 -81.5359 
v -120.404 5.86475 -81.5359 
v -120.14 3.09575 -81.5358 
v -119.804 3.09575 -81.5358 
v -120.14 5.86475 -81.5359 
v -119.804 5.86475 -81.5359 
v -130.941 3.09575 -81.5358 
v -130.604 3.09575 -81.5358 
v -130.941 5.86475 -81.5359 
v -130.604 5.86475 -81.5359 
v -130.341 3.09575 -81.5359 
v -130.004 3.09575 -81.5359 
v -130.341 5.86475 -81.5359 
v -130.004 5.86475 -81.5359 
v -129.741 3.09575 -81.5359 
v -129.404 3.09575 -81.5359 
v -129.741 5.86475 -81.5359 
v -129.404 5.86475 -81.5359 
v -129.14 3.09575 -81.5359 
v -128.804 3.09575 -81.5359 
v -129.14 5.86475 -81.5359 
v -128.804 5.86475 -81.5359 
v -128.54 3.09575 -81.5359 
v -128.204 3.09575 -81.5359 
v -128.54 5.86475 -81.5359 
v -128.204 5.86475 -81.5359 
v -127.94 3.09575 -81.5359 
v -127.604 3.09575 -81.5359 
v -127.94 5.86475 -81.5359 
v -127.604 5.86475 -81.5359 
v -127.34 3.09575 -81.5359 
v -127.004 3.09575 -81.5359 
v -127.34 5.86475 -81.5359 
v -127.004 5.86475 -81.5359 
v -126.74 3.09575 -81.5359 
v -126.404 3.09575 -81.5359 
v -126.74 5.86475 -81.5359 
v -126.404 5.86475 -81.5359 
v -126.14 3.09575 -81.5359 
v -125.804 3.09575 -81.5359 
v -126.14 5.86475 -81.5359 
v -125.804 5.86475 -81.5359 
v -125.54 3.09575 -81.5359 
v -125.204 3.09575 -81.5359 
v -125.54 5.86475 -81.5359 
v -125.204 5.86475 -81.5359 
v -124.94 3.09575 -81.5359 
v -124.604 3.09575 -81.5359 
v -124.94 5.86475 -81.5359 
v -124.604 5.86475 -81.5359 
v -124.34 3.09575 -81.5359 
v -124.004 3.09575 -81.5359 
v -124.34 5.86475 -81.5359 
v -124.004 5.86475 -81.5359 
v -123.74 3.09575 -81.5359 
v -123.404 3.09575 -81.5359 
v -123.74 5.86475 -81.5359 
v -123.404 5.86475 -81.5359 
v -123.14 3.09575 -81.5358 
v -122.804 3.09575 -81.5358 
v -123.14 5.86475 -81.5359 
v -122.804 5.86475 -81.5359 
v -119.567 6.07875 -81.6569 
v -119.567 5.82175 -81.6569 
v -118.994 6.07875 -81.6569 
v -118.994 5.82175 -81.6569 
v -131.967 6.07875 -81.6569 
v -131.967 5.82175 -81.6569 
v -131.394 6.07875 -81.6569 
v -131.394 5.82175 -81.6569 
v -127.537 3.16176 -81.6758 
v -127.537 3.06075 -81.6758 
v -127.104 3.16176 -81.6758 
v -127.104 3.06075 -81.6758 
v -126.046 3.16376 -81.6758 
v -126.046 3.05875 -81.6758 
v -125.595 3.16376 -81.6758 
v -125.595 3.05875 -81.6758 
v -124.537 3.16176 -81.6758 
v -124.537 3.06075 -81.6758 
v -124.104 3.16176 -81.6758 
v -124.104 3.06075 -81.6758 
v -121.273 3.17075 -81.6758 
v -121.273 3.05176 -81.6758 
v -120.768 3.17075 -81.6758 
v -120.768 3.05176 -81.6758 
v -123.037 3.16176 -81.6758 
v -123.037 3.06075 -81.6758 
v -122.604 3.16176 -81.6758 
v -122.604 3.06075 -81.6758 
v -130.837 3.16176 -81.6758 
v -130.837 3.06075 -81.6758 
v -130.404 3.16176 -81.6758 
v -130.404 3.06075 -81.6758 
v -118.042 14.9128 -97.3522 
v -118.042 14.3728 -97.3523 
v -118.117 3.09575 -88.1039 
v -119.39 3.10175 -81.8694 
v -119.39 3.24276 -81.8694 
v -131.876 3.10175 -81.8694 
v -131.876 3.24276 -81.8694 
v -119.737 3.16176 -81.8758 
v -119.737 3.06075 -81.8758 
v -119.104 3.16176 -81.8758 
v -119.104 3.06075 -81.8758 
v -141.542 10.9077 -107.195 
v -141.542 10.6498 -107.195 
v -144.259 21.2818 -98.0248 
v -119.39 3.10175 -82.3694 
v -119.39 3.24276 -82.3694 
v -131.876 3.10175 -82.3694 
v -131.876 3.24276 -82.3694 
v -131.801 3.09575 -82.3965 
v -131.543 3.09575 -82.3965 
v -131.801 5.86475 -82.3965 
v -131.543 5.86475 -82.3965 
v -119.401 3.09575 -82.3965 
v -119.143 3.09575 -82.3965 
v -119.401 5.86475 -82.3965 
v -119.143 5.86475 -82.3965 
v -141.033 0.835758 -110.056 
v -141.033 0.644764 -110.056 
v -141.016 2.35875 -108.533 
v -141.016 2.16875 -108.533 
v -144.259 12.9118 -83.6475 
v -118.23 12.9207 -83.6632 
v -118.994 12.1598 -88.2113 
v -118.992 13.4998 -84.6443 
v -118.992 3.12676 -84.6443 
v -119.39 3.10175 -82.8694 
v -119.39 3.24276 -82.8694 
v -131.876 3.10175 -82.8694 
v -131.876 3.24276 -82.8694 
v -119.401 3.09575 -82.9965 
v -119.143 3.09575 -82.9965 
v -119.401 5.86475 -82.9965 
v -119.143 5.86475 -82.9965 
v -131.801 3.09575 -82.9965 
v -131.543 3.09575 -82.9965 
v -131.801 5.86475 -82.9965 
v -131.543 5.86475 -82.9965 
v -119.39 3.24276 -85.8694 
v -119.39 3.10175 -85.8694 
v -119.39 3.24276 -85.3695 
v -119.39 3.10175 -84.3032 
v -119.39 3.10175 -82.3032 
v -119.39 3.24276 -87.3695 
v -119.39 3.10175 -87.3695 
v -119.39 3.10175 -87.8033 
v -119.39 3.24276 -86.8695 
v -119.39 3.24276 -86.3695 
v -119.39 3.10175 -86.3695 
v -119.39 3.24276 -87.8695 
v -119.39 3.10175 -83.3694 
v -119.39 3.24276 -83.3694 
v -131.876 3.10175 -83.3694 
v -131.876 3.24276 -83.3694 
v -119.804 5.86475 -81.7936 
v -119.401 3.09575 -83.5965 
v -119.143 3.09575 -83.5965 
v -119.401 5.86475 -83.5965 
v -119.143 5.86475 -83.5965 
v -131.801 3.09575 -83.5965 
v -131.543 3.09575 -83.5965 
v -131.801 5.86475 -83.5965 
v -131.543 5.86475 -83.5965 
v -118.195 15.6368 -106.961 
v -118.195 15.6368 -88.0185 
v -144.564 15.6368 -88.0185 
v -144.564 15.6368 -106.961 
v -119.39 3.10175 -83.8694 
v -119.39 3.24276 -83.8694 
v -131.876 3.10175 -83.8694 
v -131.876 3.24276 -83.8694 
v -120.404 3.09575 -81.7936 
v -119.401 3.09575 -84.1965 
v -119.143 3.09575 -84.1965 
v -119.401 5.86475 -84.1965 
v -119.143 5.86475 -84.1965 
v -131.801 3.09575 -84.1965 
v -131.543 3.09575 -84.1965 
v -131.801 5.86475 -84.1965 
v -131.543 5.86475 -84.1965 
v -119.39 3.10175 -84.3694 
v -119.39 3.24276 -84.3694 
v -131.876 3.10175 -84.3694 
v -131.876 3.24276 -84.3694 
v -138.991 7.47376 -88.0689 
v -138.991 11.3188 -88.0689 
v -138.991 11.1188 -88.0689 
v -131.367 13.4098 -84.6442 
v -131.967 13.4098 -84.6442 
v -131.367 3.21576 -84.6443 
v -131.967 3.21576 -84.6443 
v -118.992 13.4998 -84.6443 
v -119.592 13.4998 -84.6443 
v -118.992 3.12676 -84.6443 
v -119.592 3.12676 -84.6443 
v -118.164 14.7708 -88.0791 
v -144.604 14.7708 -88.0791 
v -119.401 3.09575 -84.7966 
v -119.143 3.09575 -84.7966 
v -119.401 5.86475 -84.7965 
v -119.143 5.86475 -84.7965 
v -131.801 3.09575 -84.7965 
v -131.543 3.09575 -84.7965 
v -131.801 5.86475 -84.7965 
v -131.543 5.86475 -84.7965 
v -119.39 3.10175 -84.8694 
v -119.39 3.24276 -84.8694 
v -131.876 3.10175 -84.8694 
v -131.876 3.24276 -84.8694 
v -136.79 4.04175 -107.703 
v -131.953 12.1598 -84.9569 
v -131.953 11.9018 -84.9569 
v -131.417 12.1598 -84.9569 
v -131.417 11.9018 -84.9569 
v -119.567 12.1598 -84.9569 
v -119.567 11.9018 -84.9569 
v -118.994 12.1598 -84.9569 
v -118.994 11.9018 -84.9569 
v -119.39 3.10175 -85.3695 
v -119.39 3.24276 -85.3695 
v -131.876 3.10175 -85.3695 
v -131.876 3.24276 -85.3695 
v -119.401 3.09575 -85.3966 
v -119.143 3.09575 -85.3966 
v -119.401 5.86475 -85.3966 
v -119.143 5.86475 -85.3966 
v -131.801 3.09575 -85.3966 
v -131.543 3.09575 -85.3966 
v -131.801 5.86475 -85.3966 
v -131.543 5.86475 -85.3966 
v -119.39 3.10175 -85.8694 
v -119.39 3.24276 -85.8694 
v -131.876 3.10175 -85.8694 
v -131.876 3.24276 -85.8694 
v -122.204 3.09575 -81.7936 
v -122.204 5.86475 -81.7936 
v -119.401 3.09575 -85.9967 
v -119.143 3.09575 -85.9967 
v -119.401 5.86475 -85.9967 
v -119.143 5.86475 -85.9967 
v -131.801 3.09575 -85.9967 
v -131.543 3.09575 -85.9967 
v -131.801 5.86475 -85.9967 
v -131.543 5.86475 -85.9967 
v -131.967 13.4098 -85.2134 
v -137.171 3.68676 -107.348 
v -119.39 3.10175 -86.3695 
v -119.39 3.24276 -86.3695 
v -131.876 3.10175 -86.3695 
v -131.876 3.24276 -86.3695 
v -122.898 3.38875 -88.0718 
v -122.898 3.13076 -88.0718 
v -122.898 10.9077 -88.0718 
v -119.401 3.09575 -86.5966 
v -119.143 3.09575 -86.5966 
v -119.401 5.86475 -86.5966 
v -119.143 5.86475 -86.5966 
v -131.801 3.09575 -86.5966 
v -131.543 3.09575 -86.5966 
v -131.801 5.86475 -86.5966 
v -131.543 5.86475 -86.5966 
v -144.555 11.2768 -100.414 
v -144.608 7.43175 -100.414 
v -118.164 12.7267 -88.0791 
v -144.604 12.7267 -88.0791 
v -118.175 7.44376 -100.367 
v -136.617 11.2848 -88.0689 
v -136.617 7.30976 -88.0689 
v -136.626 10.3258 -107.196 
v -119.39 3.10175 -86.8695 
v -119.39 3.24276 -86.8695 
v -131.876 3.10175 -86.8695 
v -131.876 3.24276 -86.8695 
v -123.404 5.86475 -81.7937 
v -119.401 3.09575 -87.1966 
v -119.143 3.09575 -87.1966 
v -119.401 5.86475 -87.1966 
v -119.143 5.86475 -87.1966 
v -131.801 3.09575 -87.1966 
v -131.543 3.09575 -87.1966 
v -131.801 5.86475 -87.1966 
v -131.543 5.86475 -87.1966 
v -119.39 3.10175 -87.3695 
v -119.39 3.24276 -87.3695 
v -131.876 3.10175 -87.3695 
v -131.876 3.24276 -87.3695 
v -131.367 -0.000240326 -82.0517 
v -118.195 -0.000240326 -106.961 
v -118.195 -0.000240326 -88.0185 
v -144.563 -0.000240326 -88.0185 
v -144.563 -0.000240326 -106.961 
v -124.004 3.09575 -81.7937 
v -124.004 5.86475 -81.7937 
v -119.39 3.10175 -87.8695 
v -119.39 3.24276 -87.8695 
v -131.876 3.10175 -87.8695 
v -131.876 3.24276 -87.8695 
v -138.938 3.16176 -87.9758 
v -138.938 3.06075 -87.9758 
v -138.504 3.16176 -87.9758 
v -138.504 3.06075 -87.9758 
v -135.638 3.16176 -87.9758 
v -135.638 3.06075 -87.9758 
v -135.204 3.16176 -87.9758 
v -135.204 3.06075 -87.9758 
v -118.164 3.31775 -87.9758 
v -118.164 3.06075 -87.9758 
v -117.73 3.31775 -87.9758 
v -117.73 3.06075 -87.9758 
v -137.138 3.16176 -87.9758 
v -137.138 3.06075 -87.9758 
v -136.704 3.16176 -87.9758 
v -136.704 3.06075 -87.9758 
v -133.838 3.16176 -87.9758 
v -133.838 3.06075 -87.9758 
v -133.404 3.16176 -87.9758 
v -133.404 3.06075 -87.9758 
v -117.725 3.06075 -87.9801 
v -117.725 3.31876 -87.9801 
v -145.045 3.06075 -87.9801 
v -145.045 3.31876 -87.9801 
v -145.038 3.31876 -87.9758 
v -145.038 3.06075 -87.9758 
v -144.604 3.31876 -87.9758 
v -144.604 3.06075 -87.9758 
v -132.337 3.16176 -87.9758 
v -132.337 3.06075 -87.9758 
v -131.904 3.16176 -87.9758 
v -131.904 3.06075 -87.9758 
v -140.438 3.16176 -87.9758 
v -140.438 3.06075 -87.9758 
v -140.004 3.16176 -87.9758 
v -140.004 3.06075 -87.9758 
v -143.738 3.16176 -87.9758 
v -143.738 3.06075 -87.9758 
v -143.304 3.16176 -87.9758 
v -143.304 3.06075 -87.9758 
v -142.238 3.16176 -87.9758 
v -142.238 3.06075 -87.9758 
v -141.804 3.16176 -87.9758 
v -141.804 3.06075 -87.9758 
v -117.595 15.6368 -88.0185 
v -118.195 15.6368 -88.0185 
v -117.595 -0.000240326 -88.0185 
v -118.195 -0.000240326 -88.0185 
v -144.564 15.6368 -88.0185 
v -145.163 15.6368 -88.0185 
v -144.563 -0.000240326 -88.0185 
v -145.163 -0.000240326 -88.0185 
v -118.122 11.2888 -95.4575 
v -136.417 11.2848 -88.0689 
v -136.617 11.2848 -88.0689 
v -136.417 7.30976 -88.0689 
v -136.617 7.30976 -88.0689 
v -138.991 7.47376 -88.0689 
v -138.991 7.27376 -88.0689 
v -134.081 7.47376 -88.0689 
v -134.081 7.27376 -88.0689 
v -118.123 11.2547 -100.166 
v -134.077 11.2848 -88.0689 
v -134.277 11.2848 -88.0689 
v -134.077 7.30976 -88.0689 
v -134.277 7.30976 -88.0689 
v -138.991 11.3188 -88.0689 
v -138.991 11.1188 -88.0689 
v -134.081 11.3188 -88.0689 
v -134.081 11.1188 -88.0689 
v -138.79 11.2848 -88.0689 
v -138.99 11.2848 -88.0689 
v -138.79 7.30976 -88.0689 
v -138.99 7.30976 -88.0689 
v -138.872 7.62076 -88.0834 
v -138.872 7.87876 -88.0834 
v -145.045 7.62076 -88.0834 
v -145.045 7.87876 -88.0834 
v -127.861 3.38875 -88.0718 
v -127.861 3.13076 -88.0718 
v -122.898 3.38875 -88.0718 
v -122.898 3.13076 -88.0718 
v -117.725 7.62175 -88.0834 
v -117.725 7.87975 -88.0834 
v -123.045 7.62175 -88.0834 
v -123.045 7.87975 -88.0834 
v -117.726 10.3258 -88.0832 
v -117.726 10.5838 -88.0832 
v -122.998 10.3258 -88.0832 
v -122.998 10.5838 -88.0832 
v -117.725 5.36075 -88.0834 
v -117.725 5.61876 -88.0834 
v -123.045 5.36075 -88.0834 
v -123.045 5.61876 -88.0834 
v -118.164 5.61876 -88.079 
v -118.164 5.36075 -88.079 
v -117.73 5.61876 -88.079 
v -117.73 5.36075 -88.079 
v -118.164 10.5838 -88.079 
v -118.164 10.3258 -88.079 
v -117.73 10.5838 -88.079 
v -117.73 10.3258 -88.079 
v -118.164 14.7708 -88.0791 
v -118.164 14.5128 -88.0791 
v -117.73 14.7708 -88.0791 
v -117.73 14.5128 -88.0791 
v -118.164 12.7267 -88.0791 
v -118.164 12.4688 -88.0791 
v -117.73 12.7267 -88.0791 
v -117.73 12.4688 -88.0791 
v -145.038 10.5828 -88.079 
v -145.038 10.3258 -88.079 
v -144.604 10.5828 -88.079 
v -144.604 10.3258 -88.079 
v -145.037 5.61876 -88.079 
v -145.037 5.36075 -88.079 
v -144.604 5.61876 -88.079 
v -144.604 5.36075 -88.079 
v -117.726 14.5128 -88.0834 
v -117.726 14.7708 -88.0834 
v -145.045 14.5128 -88.0834 
v -145.045 14.7708 -88.0834 
v -127.701 7.62175 -88.0834 
v -127.701 7.87876 -88.0834 
v -134.154 7.62175 -88.0834 
v -134.154 7.87876 -88.0834 
v -117.726 12.4698 -88.0834 
v -117.726 12.7267 -88.0834 
v -145.045 12.4688 -88.0834 
v -145.045 12.7267 -88.0834 
v -127.74 5.36075 -88.0834 
v -127.74 5.61876 -88.0834 
v -145.045 5.36075 -88.0834 
v -145.045 5.61876 -88.0834 
v -138.885 10.3258 -88.0832 
v -138.885 10.5828 -88.0832 
v -145.015 10.3248 -88.0832 
v -145.015 10.5828 -88.0832 
v -145.038 7.87876 -88.079 
v -145.038 7.62076 -88.079 
v -144.604 7.87876 -88.079 
v -144.604 7.62076 -88.079 
v -127.762 10.3258 -88.0832 
v -127.762 10.5838 -88.0832 
v -134.145 10.3258 -88.0832 
v -134.145 10.5828 -88.0832 
v -145.038 14.7708 -88.0791 
v -145.038 14.5128 -88.0791 
v -144.604 14.7708 -88.0791 
v -144.604 14.5128 -88.0791 
v -145.038 12.7267 -88.0791 
v -145.038 12.4688 -88.0791 
v -144.604 12.7267 -88.0791 
v -144.604 12.4688 -88.0791 
v -122.897 10.8288 -88.0718 
v -123.155 10.8288 -88.0718 
v -122.897 3.12876 -88.0718 
v -123.155 3.12876 -88.0718 
v -127.597 10.8288 -88.0718 
v -127.855 10.8288 -88.0718 
v -127.597 3.12876 -88.0718 
v -127.855 3.12876 -88.0718 
v -127.861 10.9077 -88.0718 
v -127.861 10.6498 -88.0718 
v -122.898 10.9077 -88.0718 
v -122.898 10.6498 -88.0718 
v -144.65 3.19675 -88.1039 
v -144.65 3.09476 -88.1039 
v -118.117 3.19675 -88.1039 
v -118.117 3.09575 -88.1039 
v -124.604 3.09575 -81.7937 
v -136.986 0.644764 -110.056 
v -144.555 11.2428 -95.7003 
v -116.89 12.9028 -83.6319 
v -145.55 12.9028 -83.6319 
v -116.89 12.2888 -83.9892 
v -145.55 12.2888 -83.9892 
v -144.259 12.9118 -83.6475 
v -145.627 12.9118 -83.6475 
v -144.259 12.2978 -84.0047 
v -145.627 12.2978 -84.0047 
v -116.861 12.9207 -83.6632 
v -118.23 12.9207 -83.6632 
v -116.861 12.3068 -84.0204 
v -118.23 12.3068 -84.0204 
v -136.58 10.9077 -107.195 
v -118.164 7.87876 -88.5955 
v -118.164 7.62175 -88.5955 
v -117.73 7.87876 -88.5955 
v -117.73 7.62175 -88.5955 
v -144.65 3.19675 -88.6039 
v -144.65 3.09476 -88.6039 
v -118.117 3.19675 -88.6039 
v -118.117 3.09575 -88.6039 
v -125.204 3.09575 -81.7937 
v -125.204 5.86475 -81.7937 
v -144.65 3.19675 -89.1039 
v -144.65 3.09476 -89.1039 
v -118.117 3.19675 -89.1039 
v -118.117 3.09575 -89.1039 
v -116.859 21.2858 -98.0667 
v -118.242 21.2858 -98.0667 
v -116.859 20.6857 -97.707 
v -118.242 20.6857 -97.707 
v -144.257 21.2858 -98.0667 
v -145.64 21.2858 -98.0667 
v -144.257 20.6857 -97.707 
v -145.64 20.6857 -97.707 
v -144.65 3.19675 -89.6039 
v -144.65 3.09476 -89.6039 
v -118.117 3.19675 -89.6039 
v -118.117 3.09575 -89.6039 
v -137.069 2.16875 -108.533 
v -144.65 3.19675 -90.1039 
v -144.65 3.09476 -90.1039 
v -118.117 3.19675 -90.1039 
v -118.117 3.09575 -90.1039 
v -126.404 5.86475 -81.7937 
v -144.65 3.19675 -90.6039 
v -144.65 3.09476 -90.6039 
v -118.117 3.19675 -90.6039 
v -118.117 3.09575 -90.6039 
v -127.004 3.09575 -81.7937 
v -127.004 5.86475 -81.7937 
v -122.54 3.09575 -81.7936 
v -119.401 3.09575 -86.933 
v -130.604 3.09575 -81.7936 
v -129.741 3.09575 -81.7936 
v -128.804 3.09575 -81.7936 
v -131.801 3.09575 -87.5331 
v -131.801 3.09575 -86.933 
v -131.801 3.09575 -86.3329 
v -131.801 3.09575 -84.533 
v -126.14 3.09575 -81.7937 
v -124.34 3.09575 -81.7937 
v -123.14 3.09575 -81.7936 
v -136.58 3.13076 -107.195 
v -144.65 3.19675 -91.1039 
v -144.65 3.09476 -91.1039 
v -118.117 3.19675 -91.1039 
v -118.117 3.09575 -91.1039 
v -131.901 6.07875 -82.0444 
v -131.876 3.24276 -86.3032 
v -131.876 3.24276 -85.3032 
v -131.876 3.24276 -84.3032 
v -131.876 3.24276 -87.8033 
v -131.876 3.24276 -86.8032 
v -118.164 7.87975 -100.296 
v -144.65 3.19675 -91.6039 
v -144.65 3.09575 -91.6039 
v -118.117 3.19675 -91.6039 
v -118.117 3.09575 -91.6039 
v -144.604 7.87975 -100.36 
v -141.443 7.87975 -107.196 
v -118.164 7.62175 -95.5005 
v -118.175 7.44376 -95.4575 
v -128.204 5.86475 -81.7937 
v -144.65 3.19675 -92.1039 
v -144.65 3.09575 -92.1039 
v -118.117 3.19675 -92.1039 
v -118.117 3.09575 -92.1039 
v -144.608 7.43175 -95.5039 
v -144.65 3.19675 -92.6039 
v -144.65 3.09575 -92.6039 
v -118.117 3.19675 -92.6039 
v -118.117 3.09575 -92.6039 
v -144.65 3.19675 -93.1039 
v -144.65 3.09575 -93.1039 
v -118.117 3.19675 -93.1039 
v -118.117 3.09575 -93.1039 
v -144.65 3.19675 -93.6039 
v -144.65 3.09575 -93.6039 
v -118.117 3.19675 -93.6039 
v -118.117 3.09575 -93.6039 
v -121.34 5.86475 -81.7936 
v -129.741 5.86475 -81.7937 
v -127.94 5.86475 -81.7937 
v -126.14 5.86475 -81.7937 
v -125.54 5.86475 -81.7937 
v -123.14 5.86475 -81.7936 
v -144.65 3.19675 -94.1039 
v -144.65 3.09575 -94.1039 
v -118.117 3.19675 -94.1039 
v -118.117 3.09575 -94.1039 
v -128.97 11.1308 -107.212 
v -144.65 3.19675 -94.6039 
v -144.65 3.09575 -94.6039 
v -118.117 3.19675 -94.6039 
v -118.117 3.09575 -94.6039 
v -118.177 7.27875 -100.166 
v -144.65 3.19675 -95.1039 
v -144.65 3.09575 -95.1039 
v -118.117 3.19675 -95.1039 
v -118.117 3.09575 -95.1039 
v -118.164 7.62175 -100.296 
v -118.122 11.2888 -95.4575 
v -118.125 11.0887 -95.4575 
v -117.684 11.2827 -95.4575 
v -117.687 11.0828 -95.4575 
v -117.684 11.2488 -95.4538 
v -118.123 11.2547 -95.4538 
v -117.739 7.27275 -95.4538 
v -118.177 7.27875 -95.4538 
v -118.175 7.44376 -95.4575 
v -118.178 7.24376 -95.4575 
v -117.737 7.43776 -95.4575 
v -117.737 7.43776 -95.4575 
v -118.178 7.24376 -95.4575 
v -117.739 7.23775 -95.4575 
v -144.993 11.2827 -95.5039 
v -144.996 11.0828 -95.5039 
v -144.555 11.2768 -95.5039 
v -144.558 11.0768 -95.5039 
v -145.046 7.43776 -95.5039 
v -145.048 7.23775 -95.5039 
v -144.608 7.43175 -95.5039 
v -144.61 7.23175 -95.5039 
v -144.555 11.2428 -95.5004 
v -144.993 11.2488 -95.5004 
v -144.61 7.26676 -95.5004 
v -145.048 7.27275 -95.5004 
v -144.65 3.19675 -95.6039 
v -144.65 3.09575 -95.6039 
v -118.117 3.19675 -95.6039 
v -118.117 3.09575 -95.6039 
v -136.58 3.38875 -107.195 
v -144.65 3.19675 -96.1039 
v -144.65 3.09575 -96.1039 
v -118.117 3.19675 -96.1039 
v -118.117 3.09575 -96.1039 
v -144.65 3.19675 -96.6039 
v -144.65 3.09575 -96.6039 
v -118.117 3.19675 -96.6039 
v -118.117 3.09575 -96.6039 
v -144.65 3.19675 -97.1039 
v -144.65 3.09575 -97.1039 
v -118.117 3.19675 -97.1039 
v -118.117 3.09575 -97.1039 
v -137.069 2.35875 -108.533 
v -144.739 14.9128 -97.3523 
v -144.739 14.3728 -97.3523 
v -118.042 14.9128 -97.3522 
v -118.042 14.3728 -97.3523 
v -144.65 3.19675 -97.6039 
v -144.65 3.09575 -97.6039 
v -118.117 3.19675 -97.6039 
v -118.117 3.09575 -97.6039 
v -134.081 11.1188 -88.507 
v -124.091 10.3258 -107.196 
v -138.885 10.3258 -88.517 
v -144.65 3.19675 -98.1039 
v -144.65 3.09575 -98.1039 
v -118.117 3.19675 -98.1039 
v -118.117 3.09575 -98.1039 
v -144.65 3.19675 -98.6039 
v -144.65 3.09575 -98.6039 
v -118.117 3.19675 -98.6039 
v -118.117 3.09575 -98.6039 
v -136.986 0.835758 -110.056 
v -144.65 3.19675 -99.1039 
v -144.65 3.09575 -99.1039 
v -118.117 3.19675 -99.1039 
v -118.117 3.09575 -99.1039 
v -144.65 3.19675 -99.6039 
v -144.65 3.09575 -99.6039 
v -118.117 3.19675 -99.6039 
v -118.117 3.09575 -99.6039 
v -144.65 3.19675 -100.104 
v -144.65 3.09575 -100.104 
v -118.117 3.19675 -100.104 
v -118.117 3.09575 -100.104 
v -117.684 11.2488 -100.166 
v -118.123 11.2547 -100.166 
v -117.739 7.27275 -100.166 
v -118.177 7.27875 -100.166 
v -144.555 11.2428 -100.213 
v -144.993 11.2488 -100.213 
v -144.61 7.26676 -100.213 
v -145.048 7.27275 -100.213 
v -118.164 10.5838 -100.245 
v -118.164 10.3258 -100.245 
v -117.73 10.5838 -100.245 
v -117.73 10.3258 -100.245 
v -145.038 10.5838 -100.241 
v -145.038 10.3258 -100.241 
v -144.604 10.5838 -100.241 
v -144.604 10.3258 -100.241 
v -118.164 7.87975 -100.296 
v -118.164 7.62175 -100.296 
v -117.73 7.87975 -100.296 
v -117.73 7.62175 -100.296 
v -145.038 7.87975 -100.36 
v -145.038 7.62175 -100.36 
v -144.604 7.87975 -100.36 
v -144.604 7.62175 -100.36 
v -144.65 3.19675 -100.604 
v -144.65 3.09575 -100.604 
v -118.117 3.19675 -100.604 
v -118.117 3.09575 -100.604 
v -144.65 3.19675 -101.104 
v -144.65 3.09575 -101.104 
v -118.117 3.19675 -101.104 
v -118.117 3.09575 -101.104 
v -144.65 3.19675 -101.604 
v -144.65 3.09575 -101.604 
v -118.117 3.19675 -101.604 
v -118.117 3.09575 -101.604 
v -144.65 3.19675 -102.104 
v -144.65 3.09575 -102.104 
v -118.117 3.19675 -102.104 
v -118.117 3.09575 -102.104 
v -144.65 3.19675 -102.604 
v -144.65 3.09575 -102.604 
v -118.117 3.19675 -102.604 
v -118.117 3.09575 -102.604 
v -144.65 3.19675 -103.104 
v -144.65 3.09575 -103.104 
v -118.117 3.19675 -103.104 
v -118.117 3.09575 -103.104 
v -144.65 3.19675 -103.604 
v -144.65 3.09575 -103.604 
v -118.117 3.19675 -103.604 
v -118.117 3.09575 -103.604 
v -117.009 13.7998 -110.573 
v -145.521 13.7998 -110.573 
v -117.009 13.1998 -110.214 
v -145.521 13.1998 -110.214 
v -144.65 3.19675 -104.104 
v -144.65 3.09575 -104.104 
v -118.117 3.19675 -104.104 
v -118.117 3.09575 -104.104 
v -144.65 3.19675 -104.604 
v -144.65 3.09575 -104.604 
v -118.117 3.19675 -104.604 
v -118.117 3.09575 -104.604 
v -144.65 3.19675 -105.104 
v -144.65 3.09575 -105.104 
v -118.117 3.19675 -105.104 
v -118.117 3.09575 -105.104 
v -144.65 3.19675 -105.604 
v -144.65 3.09575 -105.604 
v -118.117 3.19675 -105.604 
v -118.117 3.09575 -105.604 
v -144.65 3.19675 -106.104 
v -144.65 3.09575 -106.104 
v -118.117 3.19675 -106.104 
v -118.117 3.09575 -106.104 
v -144.65 3.19675 -106.604 
v -144.65 3.09575 -106.604 
v -118.117 3.19675 -106.604 
v -118.117 3.09575 -106.604 
v -117.595 15.6368 -106.961 
v -118.195 15.6368 -106.961 
v -117.595 -0.000240326 -106.961 
v -118.195 -0.000240326 -106.961 
v -144.564 15.6368 -106.961 
v -145.163 15.6368 -106.961 
v -144.563 -0.000240326 -106.961 
v -145.163 -0.000240326 -106.961 
v -117.725 3.06075 -107.093 
v -117.725 3.31876 -107.093 
v -145.045 3.06075 -107.093 
v -145.045 3.31775 -107.093 
v -118.006 5.36075 -107.196 
v -118.006 5.61876 -107.196 
v -136.712 5.36075 -107.196 
v -136.712 5.61876 -107.196 
v -141.408 10.3258 -107.196 
v -141.408 10.5838 -107.196 
v -145.045 10.3258 -107.196 
v -145.045 10.5838 -107.196 
v -141.542 10.9077 -107.195 
v -141.542 10.6498 -107.195 
v -136.58 10.9077 -107.195 
v -136.58 10.6498 -107.195 
v -128.954 10.3258 -107.196 
v -128.954 10.5838 -107.196 
v -136.626 10.3258 -107.196 
v -136.626 10.5838 -107.196 
v -117.983 10.3258 -107.196 
v -117.983 10.5838 -107.196 
v -124.091 10.3258 -107.196 
v -124.091 10.5838 -107.196 
v -117.725 7.62175 -107.196 
v -117.725 7.87975 -107.196 
v -124.115 7.62175 -107.196 
v -124.115 7.87975 -107.196 
v -117.726 12.4688 -107.196 
v -117.726 12.7267 -107.196 
v -145.045 12.4688 -107.196 
v -145.045 12.7267 -107.196 
v -117.726 14.5228 -107.196 
v -117.726 14.7808 -107.196 
v -145.045 14.5228 -107.196 
v -145.045 14.7808 -107.196 
v -141.443 7.62175 -107.196 
v -141.443 7.87975 -107.196 
v -145.045 7.62175 -107.196 
v -145.045 7.87876 -107.196 
v -141.279 10.8288 -107.195 
v -141.536 10.8288 -107.195 
v -141.278 3.12876 -107.195 
v -141.536 3.12876 -107.195 
v -141.48 5.36075 -107.196 
v -141.48 5.61876 -107.196 
v -145.045 5.36075 -107.196 
v -145.045 5.61876 -107.196 
v -136.579 10.8288 -107.195 
v -136.836 10.8288 -107.195 
v -136.578 3.12876 -107.195 
v -136.836 3.12876 -107.195 
v -141.542 3.38875 -107.195 
v -141.542 3.13076 -107.195 
v -136.58 3.38875 -107.195 
v -136.58 3.13076 -107.195 
v -128.855 7.62175 -107.196 
v -128.855 7.87975 -107.196 
v -136.686 7.62175 -107.196 
v -136.686 7.87975 -107.196 
v -128.97 7.48476 -107.212 
v -128.97 7.28476 -107.212 
v -124.06 7.48476 -107.212 
v -124.06 7.28476 -107.212 
v -124.056 11.2957 -107.212 
v -124.256 11.2957 -107.212 
v -124.056 7.32076 -107.212 
v -124.256 7.32076 -107.212 
v -128.769 11.2957 -107.212 
v -128.969 11.2957 -107.212 
v -128.769 7.32076 -107.212 
v -128.969 7.32076 -107.212 
v -128.97 11.3308 -107.212 
v -128.97 11.1308 -107.212 
v -124.06 11.3308 -107.212 
v -124.06 11.1308 -107.212 
v -137.086 3.12076 -107.77 
v -141.033 3.12076 -107.77 
v -137.086 2.93076 -107.77 
v -141.033 2.93076 -107.77 
v -137.069 2.35875 -108.533 
v -141.016 2.35875 -108.533 
v -137.069 2.16875 -108.533 
v -141.016 2.16875 -108.533 
v -137.086 1.59676 -109.294 
v -141.033 1.59676 -109.294 
v -137.086 1.40676 -109.294 
v -141.033 1.40676 -109.294 
v -136.986 0.835758 -110.056 
v -141.033 0.835758 -110.056 
v -136.986 0.644764 -110.056 
v -141.033 0.644764 -110.056 
v -141.033 0.835758 -110.817 
v -141.033 0.644764 -110.817 
v -140.932 0.000751495 -111.035 
v -141.313 0.355762 -111.39 
v -137.171 0.355762 -111.39 
v -137.171 0.000751495 -111.035 
v -145.64 21.2858 -98.0667 
v -145.64 13.4978 -111.079 
v -145.64 20.6857 -97.707 
v -145.64 12.8968 -110.719 
v -145.627 12.9118 -83.6475 
v -145.627 21.2818 -98.0248 
v -145.627 12.2978 -84.0047 
v -145.627 20.6688 -98.3821 
v -141.016 2.35875 -109.295 
v -141.016 2.16875 -109.295 
v -145.55 12.9028 -83.6319 
v -145.55 13.2008 -84.144 
v -145.55 12.2888 -83.9892 
v -145.55 12.5868 -84.5011 
v -145.521 13.7998 -110.573 
v -145.521 13.5008 -111.074 
v -145.521 13.1998 -110.214 
v -145.521 12.8998 -110.714 
v -118.242 21.2858 -98.0667 
v -118.242 13.4978 -111.079 
v -145.163 15.6368 -88.0185 
v -145.163 15.6368 -88.6877 
v -145.163 -0.000240326 -88.0185 
v -145.163 -0.000240326 -88.6877 
v -145.163 15.6368 -106.961 
v -145.163 15.6368 -107.631 
v -145.163 -0.000240326 -106.961 
v -145.163 -0.000240326 -107.631 
v -144.993 11.2827 -100.414 
v -144.996 11.0828 -100.414 
v -144.993 11.2827 -95.5039 
v -144.996 11.0828 -95.5039 
v -145.046 7.43776 -100.414 
v -145.048 7.23775 -100.414 
v -145.046 7.43776 -95.5039 
v -145.048 7.23775 -95.5039 
v -144.993 11.2488 -95.5004 
v -144.993 11.2488 -95.7003 
v -145.048 7.27275 -95.5004 
v -145.048 7.27275 -95.7003 
v -144.993 11.2488 -100.213 
v -144.993 11.2488 -100.413 
v -145.048 7.27275 -100.213 
v -145.048 7.27275 -100.413 
v -145.045 7.87876 -88.517 
v -145.045 7.62076 -88.517 
v -145.045 7.87876 -88.0834 
v -145.045 7.62076 -88.0834 
v -145.045 10.5838 -107.63 
v -145.045 10.3258 -107.63 
v -145.045 10.5838 -107.196 
v -145.045 10.3258 -107.196 
v -145.045 12.7267 -107.63 
v -145.045 12.4688 -107.63 
v -145.045 12.7267 -107.196 
v -145.045 12.4688 -107.196 
v -145.045 14.7808 -107.63 
v -145.045 14.5228 -107.63 
v -145.045 14.7808 -107.196 
v -145.045 14.5228 -107.196 
v -145.038 10.5838 -95.5426 
v -145.038 10.3258 -95.5427 
v -145.038 10.5828 -88.079 
v -145.038 10.3258 -88.079 
v -145.037 5.61876 -107.201 
v -145.037 5.36075 -107.201 
v -145.037 5.61876 -88.079 
v -145.037 5.36075 -88.079 
v -145.045 14.7708 -88.5172 
v -145.045 14.5128 -88.5172 
v -145.045 14.7708 -88.0834 
v -145.045 14.5128 -88.0834 
v -145.045 12.7267 -88.5172 
v -145.045 12.4688 -88.5172 
v -145.045 12.7267 -88.0834 
v -145.045 12.4688 -88.0834 
v -145.045 5.61876 -88.5172 
v -145.045 5.36075 -88.5172 
v -145.045 5.61876 -88.0834 
v -145.045 5.36075 -88.0834 
v -145.045 3.31876 -88.4139 
v -145.045 3.06075 -88.4139 
v -145.045 3.31876 -87.9801 
v -145.045 3.06075 -87.9801 
v -145.038 7.87975 -95.5623 
v -145.038 7.62175 -95.5623 
v -145.038 7.87876 -88.079 
v -145.038 7.62076 -88.079 
v -145.038 3.31876 -107.098 
v -145.038 3.06075 -107.098 
v -145.038 3.31876 -87.9758 
v -145.038 3.06075 -87.9758 
v -145.045 7.87975 -107.63 
v -145.045 7.62175 -107.63 
v -145.045 7.87876 -107.196 
v -145.045 7.62175 -107.196 
v -145.038 7.87975 -107.317 
v -145.038 7.62175 -107.317 
v -145.038 7.87975 -100.36 
v -145.038 7.62175 -100.36 
v -145.038 10.5838 -107.201 
v -145.038 10.3258 -107.201 
v -145.038 10.5838 -100.241 
v -145.038 10.3258 -100.241 
v -145.045 5.61876 -107.63 
v -145.045 5.36075 -107.63 
v -145.045 5.61876 -107.196 
v -145.045 5.36075 -107.196 
v -145.038 14.7708 -107.201 
v -145.038 14.5128 -107.201 
v -145.038 14.7708 -88.0791 
v -145.038 14.5128 -88.0791 
v -145.038 12.7278 -107.201 
v -145.038 12.4698 -107.201 
v -145.038 12.7267 -88.0791 
v -145.038 12.4688 -88.0791 
v -145.045 3.31775 -107.527 
v -145.045 3.06075 -107.527 
v -145.045 3.31775 -107.093 
v -145.045 3.06075 -107.093 
v -145.015 10.5828 -88.517 
v -145.015 10.3248 -88.517 
v -145.015 10.5828 -88.0832 
v -145.015 10.3248 -88.0832 
v -141.033 2.93076 -108.532 
v -144.739 14.9128 -97.9669 
v -144.739 14.3728 -97.9669 
v -144.739 14.9128 -97.3523 
v -144.739 14.3728 -97.3523 
v -144.65 3.19675 -104.538 
v -144.65 3.09575 -104.538 
v -144.65 3.19675 -104.104 
v -144.65 3.09575 -104.104 
v -144.65 3.19675 -105.038 
v -144.65 3.09575 -105.038 
v -144.65 3.19675 -104.604 
v -144.65 3.09575 -104.604 
v -144.65 3.19675 -106.538 
v -144.65 3.09575 -106.538 
v -144.65 3.19675 -106.104 
v -144.65 3.09575 -106.104 
v -144.65 3.19675 -107.038 
v -144.65 3.09575 -107.038 
v -144.65 3.19675 -106.604 
v -144.65 3.09575 -106.604 
v -144.65 3.19675 -106.038 
v -144.65 3.09575 -106.038 
v -144.65 3.19675 -105.604 
v -144.65 3.09575 -105.604 
v -144.65 3.19675 -102.538 
v -144.65 3.09575 -102.538 
v -144.65 3.19675 -102.104 
v -144.65 3.09575 -102.104 
v -144.65 3.19675 -89.5377 
v -144.65 3.09476 -89.5377 
v -144.65 3.19675 -89.1039 
v -144.65 3.09476 -89.1039 
v -144.65 3.19675 -92.5377 
v -144.65 3.09575 -92.5377 
v -144.65 3.19675 -92.1039 
v -144.65 3.09575 -92.1039 
v -144.65 3.19675 -100.538 
v -144.65 3.09575 -100.538 
v -144.65 3.19675 -100.104 
v -144.65 3.09575 -100.104 
v -144.65 3.19675 -94.5376 
v -144.65 3.09575 -94.5376 
v -144.65 3.19675 -94.1039 
v -144.65 3.09575 -94.1039 
v -144.65 3.19675 -101.038 
v -144.65 3.09575 -101.038 
v -144.65 3.19675 -100.604 
v -144.65 3.09575 -100.604 
v -144.65 3.19675 -95.0376 
v -144.65 3.09575 -95.0376 
v -144.65 3.19675 -94.6039 
v -144.65 3.09575 -94.6039 
v -144.65 3.19675 -96.5376 
v -144.65 3.09575 -96.5376 
v -144.65 3.19675 -96.1039 
v -144.65 3.09575 -96.1039 
v -144.65 3.19675 -91.0377 
v -144.65 3.09476 -91.0377 
v -144.65 3.19675 -90.6039 
v -144.65 3.09476 -90.6039 
v -144.65 3.19675 -104.038 
v -144.65 3.09575 -104.038 
v -144.65 3.19675 -103.604 
v -144.65 3.09575 -103.604 
v -144.65 3.19675 -97.5376 
v -144.65 3.09575 -97.5376 
v -144.65 3.19675 -97.1039 
v -144.65 3.09575 -97.1039 
v -144.65 3.19675 -98.0376 
v -144.65 3.09575 -98.0376 
v -144.65 3.19675 -97.6039 
v -144.65 3.09575 -97.6039 
v -144.65 3.19675 -98.5376 
v -144.65 3.09575 -98.5376 
v -144.65 3.19675 -98.1039 
v -144.65 3.09575 -98.1039 
v -144.65 3.19675 -100.038 
v -144.65 3.09575 -100.038 
v -144.65 3.19675 -99.6039 
v -144.65 3.09575 -99.6039 
v -144.65 3.19675 -103.538 
v -144.65 3.09575 -103.538 
v -144.65 3.19675 -103.104 
v -144.65 3.09575 -103.104 
v -144.65 3.19675 -99.5376 
v -144.65 3.09575 -99.5376 
v -144.65 3.19675 -99.1039 
v -144.65 3.09575 -99.1039 
v -144.65 3.19675 -90.5377 
v -144.65 3.09476 -90.5377 
v -144.65 3.19675 -90.1039 
v -144.65 3.09476 -90.1039 
v -144.65 3.19675 -102.038 
v -144.65 3.09575 -102.038 
v -144.65 3.19675 -101.604 
v -144.65 3.09575 -101.604 
v -144.65 3.19675 -97.0376 
v -144.65 3.09575 -97.0376 
v -144.65 3.19675 -96.6039 
v -144.65 3.09575 -96.6039 
v -144.65 3.19675 -103.038 
v -144.65 3.09575 -103.038 
v -144.65 3.19675 -102.604 
v -144.65 3.09575 -102.604 
v -144.65 3.19675 -89.0377 
v -144.65 3.09476 -89.0377 
v -144.65 3.19675 -88.6039 
v -144.65 3.09476 -88.6039 
v -144.65 3.19675 -93.5377 
v -144.65 3.09575 -93.5377 
v -144.65 3.19675 -93.1039 
v -144.65 3.09575 -93.1039 
v -144.65 3.19675 -96.0376 
v -144.65 3.09575 -96.0376 
v -144.65 3.19675 -95.6039 
v -144.65 3.09575 -95.6039 
v -144.65 3.19675 -90.0377 
v -144.65 3.09476 -90.0377 
v -144.65 3.19675 -89.6039 
v -144.65 3.09476 -89.6039 
v -144.65 3.19675 -101.538 
v -144.65 3.09575 -101.538 
v -144.65 3.19675 -101.104 
v -144.65 3.09575 -101.104 
v -144.65 3.19675 -93.0377 
v -144.65 3.09575 -93.0377 
v -144.65 3.19675 -92.6039 
v -144.65 3.09575 -92.6039 
v -144.65 3.19675 -92.0377 
v -144.65 3.09575 -92.0377 
v -144.65 3.19675 -91.6039 
v -144.65 3.09575 -91.6039 
v -144.65 3.19675 -94.0377 
v -144.65 3.09575 -94.0377 
v -144.65 3.19675 -93.6039 
v -144.65 3.09575 -93.6039 
v -144.65 3.19675 -99.0376 
v -144.65 3.09575 -99.0376 
v -144.65 3.19675 -98.6039 
v -144.65 3.09575 -98.6039 
v -144.65 3.19675 -91.5377 
v -144.65 3.09476 -91.5377 
v -144.65 3.19675 -91.1039 
v -144.65 3.09476 -91.1039 
v -144.65 3.19675 -95.5376 
v -144.65 3.09575 -95.5376 
v -144.65 3.19675 -95.1039 
v -144.65 3.09575 -95.1039 
v -144.65 3.19675 -88.5375 
v -144.65 3.09476 -88.5377 
v -144.65 3.19675 -88.1039 
v -144.65 3.09476 -88.1039 
v -144.65 3.19675 -105.538 
v -144.65 3.09575 -105.538 
v -144.65 3.19675 -105.104 
v -144.65 3.09575 -105.104 
v -136.58 10.9077 -107.629 
v -117.983 10.3258 -107.63 
v -118.195 15.6368 -107.631 
v -118.195 -0.000240326 -107.631 
v -141.279 10.8288 -107.629 
v -141.536 3.12876 -107.629 
v -144.563 -0.000240326 -107.631 
v -136.836 3.12876 -107.629 
v -143.738 3.16275 -107.098 
v -143.738 3.06075 -107.098 
v -143.738 3.16176 -87.9758 
v -143.738 3.06075 -87.9758 
v -118.164 14.7708 -107.201 
v -118.164 14.5128 -107.201 
v -117.73 12.4688 -107.201 
v -118.164 12.7267 -107.201 
v -118.164 12.4688 -107.201 
v -118.164 7.87975 -107.201 
v -118.164 7.62175 -107.201 
v -118.164 3.31876 -107.098 
v -144.604 3.31876 -107.098 
v -118.117 3.09575 -107.038 
v -142.238 3.16275 -107.098 
v -142.238 3.06075 -107.098 
v -142.238 3.16176 -87.9758 
v -142.238 3.06075 -87.9758 
v -117.726 10.3258 -88.517 
v -117.73 12.4688 -88.0791 
v -117.73 10.3258 -100.245 
v -117.687 11.0828 -95.4575 
v -131.967 -0.000240326 -81.4824 
v -119.592 6.29976 -81.4824 
v -119.592 -0.000240326 -81.4824 
v -131.901 6.07875 -81.4828 
v -119.567 6.07875 -81.6569 
v -131.394 6.07875 -81.6569 
v -131.394 5.82175 -81.6569 
v -127.104 3.16176 -81.6758 
v -124.104 3.16176 -81.6758 
v -118.117 3.09575 -106.604 
v -118.117 3.09575 -88.1039 
v -141.542 10.9077 -107.629 
v -141.542 10.6498 -107.629 
v -141.542 10.9077 -107.195 
v -141.542 10.6498 -107.195 
v -141.536 10.8288 -107.195 
v -141.536 10.8288 -107.629 
v -141.536 3.12876 -107.195 
v -141.536 3.12876 -107.629 
v -141.542 3.38875 -107.629 
v -141.542 3.13076 -107.629 
v -141.542 3.38875 -107.195 
v -141.542 3.13076 -107.195 
v -118.23 20.6688 -98.3821 
v -141.313 0.000751495 -111.035 
v -141.313 3.68676 -107.348 
v -141.313 0.355762 -111.39 
v -141.313 4.04175 -107.703 
v -131.543 3.09575 -82.3965 
v -131.801 5.86475 -82.3965 
v -141.033 3.12076 -107.77 
v -141.033 3.12076 -108.532 
v -141.033 2.93076 -107.77 
v -141.033 2.93076 -108.532 
v -141.033 1.59676 -109.294 
v -141.033 1.59676 -110.056 
v -141.033 1.40676 -109.294 
v -141.033 1.40676 -110.056 
v -141.033 0.835758 -110.056 
v -141.033 0.835758 -110.817 
v -141.033 0.644764 -110.056 
v -141.033 0.644764 -110.817 
v -141.016 2.35875 -108.533 
v -141.016 2.35875 -109.295 
v -141.016 2.16875 -108.533 
v -141.016 2.16875 -109.295 
v -118.242 12.8968 -110.719 
v -118.23 12.9207 -83.6632 
v -119.143 3.09575 -85.1329 
v -119.143 5.86475 -84.7965 
v -119.143 5.86475 -85.1329 
v -119.143 5.86475 -86.933 
v -119.143 5.86475 -85.9967 
v -119.143 5.86475 -86.3329 
v -119.143 5.86475 -85.7329 
v -119.143 5.86475 -84.1965 
v -119.143 5.86475 -83.5965 
v -119.143 5.86475 -82.9965 
v -119.143 5.86475 -83.3329 
v -119.143 5.86475 -87.1966 
v -119.401 3.09575 -82.9965 
v -131.801 3.09575 -82.9965 
v -131.543 5.86475 -82.9965 
v -140.438 3.16275 -107.098 
v -140.438 3.06075 -107.098 
v -140.438 3.16176 -87.9758 
v -140.438 3.06075 -87.9758 
v -119.39 3.10175 -85.8694 
v -119.39 3.10175 -84.8032 
v -119.39 3.10175 -84.3032 
v -119.39 3.10175 -83.3694 
v -119.39 3.10175 -82.3032 
v -119.39 3.10175 -83.3032 
v -119.39 3.10175 -87.3695 
v -119.39 3.10175 -86.3695 
v -119.804 5.86475 -81.7936 
v -119.401 3.09575 -83.5965 
v -131.801 3.09575 -83.5965 
v -131.801 5.86475 -83.5965 
v -118.195 15.6368 -106.961 
v -118.195 15.6368 -88.6876 
v -118.195 15.6368 -88.0185 
v -144.564 15.6368 -88.0185 
v -144.564 15.6368 -106.961 
v -119.401 3.09575 -84.1965 
v -119.401 5.86475 -84.1965 
v -131.801 5.86475 -84.1965 
v -138.991 7.47376 -88.5071 
v -138.991 7.27376 -88.5071 
v -138.991 7.47376 -88.0689 
v -138.991 7.27376 -88.0689 
v -138.991 11.3188 -88.507 
v -138.991 11.1188 -88.507 
v -138.991 11.3188 -88.0689 
v -138.991 11.1188 -88.0689 
v -138.99 11.2848 -88.0689 
v -138.99 11.2848 -88.507 
v -138.99 7.30976 -88.0689 
v -138.99 7.30976 -88.5071 
v -138.938 3.16275 -107.098 
v -138.938 3.06075 -107.098 
v -138.938 3.16176 -87.9758 
v -138.938 3.06075 -87.9758 
v -131.967 13.4098 -84.6442 
v -119.592 13.4998 -84.6443 
v -119.592 3.12676 -84.6443 
v -118.164 14.7708 -88.0791 
v -119.401 5.86475 -84.7965 
v -131.801 3.09575 -84.7965 
v -131.801 5.86475 -84.7965 
v -131.876 3.24276 -84.8694 
v -140.932 4.04175 -107.703 
v -137.171 4.04175 -107.703 
v -119.401 3.09575 -85.3966 
v -131.801 3.09575 -85.3966 
v -131.801 5.86475 -85.3966 
v -119.592 13.4998 -85.2134 
v -119.401 3.09575 -85.9967 
v -131.801 3.09575 -85.9967 
v -131.801 5.86475 -85.9967 
v -131.543 5.86475 -85.9967 
v -131.967 13.4098 -85.2134 
v -137.171 0.000751495 -111.035 
v -137.171 3.68676 -107.348 
v -137.171 0.355762 -111.39 
v -137.171 4.04175 -107.703 
v -137.138 3.16275 -107.098 
v -137.138 3.06075 -107.098 
v -137.138 3.16176 -87.9758 
v -137.138 3.06075 -87.9758 
v -122.898 3.13076 -88.5056 
v -122.898 10.9077 -88.0718 
v -131.801 5.86475 -86.5966 
v -136.836 10.8288 -107.195 
v -136.836 10.8288 -107.629 
v -136.836 3.12876 -107.195 
v -136.836 3.12876 -107.629 
v -136.712 5.61876 -107.63 
v -136.712 5.36075 -107.63 
v -136.712 5.61876 -107.196 
v -136.712 5.36075 -107.196 
v -118.164 12.7267 -88.0791 
v -118.122 11.2888 -100.367 
v -118.125 11.0887 -100.367 
v -118.175 7.44376 -100.367 
v -136.686 7.87975 -107.63 
v -136.686 7.62175 -107.63 
v -136.686 7.87975 -107.196 
v -136.686 7.62175 -107.196 
v -136.617 11.2848 -88.0689 
v -136.617 11.2848 -88.507 
v -136.617 7.30976 -88.0689 
v -136.617 7.30976 -88.5071 
v -136.626 10.5838 -107.63 
v -136.626 10.3258 -107.63 
v -136.626 10.5838 -107.196 
v -136.626 10.3258 -107.196 
v -119.401 3.09575 -87.1966 
v -119.401 5.86475 -87.1966 
v -131.801 3.09575 -87.1966 
v -131.801 5.86475 -87.1966 
v -131.543 5.86475 -87.1966 
v -131.967 -0.000240326 -82.0517 
v -119.592 -0.000240326 -82.0517 
v -118.195 -0.000240326 -106.961 
v -118.195 -0.000240326 -88.0185 
v -118.195 -0.000240326 -88.6877 
v -144.563 -0.000240326 -88.6877 
v -124.004 3.09575 -81.7937 
v -124.004 5.86475 -81.7937 
v -135.638 3.16275 -107.098 
v -135.638 3.06075 -107.098 
v -135.638 3.16176 -87.9758 
v -135.638 3.06075 -87.9758 
v -131.876 3.10175 -87.8695 
v -118.164 3.31775 -87.9758 
v -118.122 11.2888 -95.4575 
v -136.417 11.2848 -88.0689 
v -134.081 7.47376 -88.0689 
v -118.123 11.2547 -100.166 
v -134.081 11.3188 -88.0689 
v -134.081 11.1188 -88.0689 
v -138.79 11.2848 -88.0689 
v -127.861 3.38875 -88.0718 
v -123.045 7.62175 -88.0834 
v -123.045 7.87975 -88.0834 
v -118.164 14.5128 -88.0791 
v -118.164 12.4688 -88.0791 
v -144.604 10.3258 -88.079 
v -134.154 7.62175 -88.0834 
v -134.154 7.87876 -88.0834 
v -127.762 10.5838 -88.0832 
v -123.155 10.8288 -88.0718 
v -123.155 3.12876 -88.0718 
v -127.597 10.8288 -88.0718 
v -127.855 3.12876 -88.0718 
v -134.277 11.2848 -88.507 
v -118.23 12.3068 -84.0204 
v -118.164 7.87876 -88.5955 
v -118.164 7.62175 -88.5955 
v -123.155 10.8288 -88.5056 
v -127.855 10.8288 -88.5056 
v -127.762 10.5838 -88.517 
v -134.277 11.2848 -88.0689 
v -134.277 11.2848 -88.507 
v -134.277 7.30976 -88.0689 
v -134.277 7.30976 -88.5071 
v -134.154 7.87876 -88.517 
v -134.154 7.62175 -88.517 
v -134.154 7.87876 -88.0834 
v -134.154 7.62175 -88.0834 
v -134.145 10.5828 -88.517 
v -134.145 10.3258 -88.517 
v -134.145 10.5828 -88.0832 
v -134.145 10.3258 -88.0832 
v -118.242 20.6857 -97.707 
v -133.838 3.16275 -107.098 
v -133.838 3.06075 -107.098 
v -133.838 3.16176 -87.9758 
v -133.838 3.06075 -87.9758 
v -127.004 3.09575 -81.7937 
v -127.004 5.86475 -81.7937 
v -131.876 3.10175 -88.3033 
v -119.401 3.09575 -85.1329 
v -119.401 3.09575 -86.933 
v -119.401 3.09575 -84.533 
v -119.401 3.09575 -87.5331 
v -131.801 3.09575 -83.9329 
v -131.801 3.09575 -83.3329 
v -131.543 3.09575 -85.1329 
v -131.801 3.09575 -85.1329 
v -131.801 3.09575 -87.5331 
v -131.801 3.09575 -86.933 
v -131.801 3.09575 -86.3329 
v -131.801 3.09575 -84.533 
v -119.592 3.12676 -85.2135 
v -141.278 3.12876 -107.195 
v -136.58 3.13076 -107.195 
v -123.155 3.12876 -88.5056 
v -127.597 3.12876 -88.5056 
v -132.337 3.16275 -107.098 
v -132.337 3.06075 -107.098 
v -132.337 3.16176 -87.9758 
v -132.337 3.06075 -87.9758 
v -131.967 6.20975 -81.4824 
v -131.967 6.20975 -82.0517 
v -131.967 -0.000240326 -81.4824 
v -131.967 -0.000240326 -82.0517 
v -131.967 13.4098 -84.6442 
v -131.967 13.4098 -85.2134 
v -131.967 3.21576 -84.6443 
v -131.967 3.21576 -85.2135 
v -131.967 6.07875 -88.2113 
v -131.967 5.82175 -88.2113 
v -131.967 6.07875 -81.6569 
v -131.967 5.82175 -81.6569 
v -131.953 12.1598 -88.2113 
v -131.953 11.9018 -88.2113 
v -131.953 12.1598 -84.9569 
v -131.953 11.9018 -84.9569 
v -131.961 3.25975 -81.7076 
v -131.961 3.00176 -81.7076 
v -131.961 3.25975 -81.3793 
v -131.961 3.00176 -81.3793 
v -131.901 6.07875 -82.0444 
v -131.901 5.82175 -82.0444 
v -131.901 6.07875 -81.4828 
v -131.901 5.82175 -81.4828 
v -131.876 3.24276 -86.3032 
v -131.876 3.10175 -86.3032 
v -131.876 3.24276 -85.8694 
v -131.876 3.10175 -85.8694 
v -131.876 3.24276 -85.8032 
v -131.876 3.10175 -85.8032 
v -131.876 3.24276 -85.3695 
v -131.876 3.10175 -85.3695 
v -131.876 3.24276 -85.3032 
v -131.876 3.10175 -85.3032 
v -131.876 3.24276 -84.8694 
v -131.876 3.10175 -84.8694 
v -131.876 3.24276 -84.8032 
v -131.876 3.10175 -84.8032 
v -131.876 3.24276 -84.3694 
v -131.876 3.10175 -84.3694 
v -131.876 3.24276 -84.3032 
v -131.876 3.10175 -84.3032 
v -131.876 3.24276 -83.8694 
v -131.876 3.10175 -83.8694 
v -131.876 3.24276 -83.8032 
v -131.876 3.10175 -83.8032 
v -131.876 3.24276 -83.3694 
v -131.876 3.10175 -83.3694 
v -131.876 3.24276 -82.8032 
v -131.876 3.10175 -82.8032 
v -131.876 3.24276 -82.3694 
v -131.876 3.10175 -82.3694 
v -131.876 3.24276 -82.3032 
v -131.876 3.10175 -82.3032 
v -131.876 3.24276 -81.8694 
v -131.876 3.10175 -81.8694 
v -131.876 3.24276 -83.3032 
v -131.876 3.10175 -83.3032 
v -131.876 3.24276 -82.8694 
v -131.876 3.10175 -82.8694 
v -131.876 3.24276 -87.8033 
v -131.876 3.10175 -87.8033 
v -131.876 3.24276 -87.3695 
v -131.876 3.10175 -87.3695 
v -131.876 3.24276 -87.3033 
v -131.876 3.10175 -87.3033 
v -131.876 3.24276 -86.8695 
v -131.876 3.10175 -86.8695 
v -131.876 3.24276 -86.8032 
v -131.876 3.10175 -86.8032 
v -131.876 3.24276 -86.3695 
v -131.876 3.10175 -86.3695 
v -131.876 3.24276 -88.3033 
v -131.876 3.10175 -88.3033 
v -131.876 3.24276 -87.8695 
v -131.876 3.10175 -87.8695 
v -123.045 7.87975 -88.517 
v -118.164 7.87975 -95.5005 
v -118.164 7.87975 -100.296 
v -118.164 10.3258 -95.515 
v -131.801 3.09575 -82.7329 
v -131.801 3.09575 -82.3965 
v -131.801 5.86475 -82.7329 
v -131.801 5.86475 -82.3965 
v -131.801 3.09575 -83.9329 
v -131.801 3.09575 -83.5965 
v -131.801 5.86475 -83.9329 
v -131.801 5.86475 -83.5965 
v -131.801 3.09575 -83.3329 
v -131.801 3.09575 -82.9965 
v -131.801 5.86475 -83.3329 
v -131.801 5.86475 -82.9965 
v -131.801 3.09575 -85.1329 
v -131.801 3.09575 -84.7965 
v -131.801 5.86475 -85.1329 
v -131.801 5.86475 -84.7965 
v -131.801 3.09575 -87.5331 
v -131.801 3.09575 -87.1966 
v -131.801 5.86475 -87.5331 
v -131.801 5.86475 -87.1966 
v -131.801 3.09575 -86.933 
v -131.801 3.09575 -86.5966 
v -131.801 5.86475 -86.933 
v -131.801 5.86475 -86.5966 
v -131.801 3.09575 -86.3329 
v -131.801 3.09575 -85.9967 
v -131.801 5.86475 -86.3329 
v -131.801 5.86475 -85.9967 
v -131.801 3.09575 -85.7329 
v -131.801 3.09575 -85.3966 
v -131.801 5.86475 -85.7329 
v -131.801 5.86475 -85.3966 
v -131.801 3.09575 -84.533 
v -131.801 3.09575 -84.1965 
v -131.801 5.86475 -84.533 
v -131.801 5.86475 -84.1965 
v -118.175 7.44376 -95.4575 
v -134.081 7.47376 -88.5071 
v -130.941 3.09575 -81.7936 
v -130.941 3.09575 -81.5358 
v -130.941 5.86475 -81.7936 
v -130.941 5.86475 -81.5359 
v -130.837 3.16275 -107.098 
v -130.837 3.06075 -107.098 
v -130.837 3.16176 -81.6758 
v -130.837 3.06075 -81.6758 
v -130.341 3.09575 -81.7936 
v -130.341 3.09575 -81.5359 
v -130.341 5.86475 -81.7937 
v -130.341 5.86475 -81.5359 
v -119.592 6.29976 -82.0517 
v -119.567 6.07875 -88.2113 
v -119.567 5.82175 -88.2113 
v -119.401 5.86475 -85.1329 
v -119.401 5.86475 -87.5331 
v -131.543 5.86475 -83.3329 
v -131.543 5.86475 -85.1329 
v -129.741 3.09575 -81.7936 
v -129.741 3.09575 -81.5359 
v -129.741 5.86475 -81.7937 
v -129.741 5.86475 -81.5359 
v -129.337 3.16275 -107.098 
v -129.337 3.06075 -107.098 
v -129.337 3.16176 -81.4758 
v -129.337 3.06075 -81.4758 
v -129.14 3.09575 -81.7936 
v -129.14 3.09575 -81.5359 
v -129.14 5.86475 -81.7937 
v -129.14 5.86475 -81.5359 
v -128.97 7.48476 -107.65 
v -128.97 7.28476 -107.65 
v -128.97 7.48476 -107.212 
v -128.97 7.28476 -107.212 
v -128.969 11.2957 -107.212 
v -128.969 11.2957 -107.65 
v -128.969 7.32076 -107.212 
v -128.969 7.32076 -107.65 
v -128.97 11.3308 -107.65 
v -128.97 11.1308 -107.65 
v -128.97 11.3308 -107.212 
v -128.97 11.1308 -107.212 
v -128.54 3.09575 -81.7936 
v -128.54 3.09575 -81.5359 
v -128.54 5.86475 -81.7937 
v -128.54 5.86475 -81.5359 
v -136.417 7.30976 -88.5071 
v -118.177 7.27875 -100.166 
v -138.872 7.62076 -88.517 
v -123.045 7.62175 -88.517 
v -118.125 11.0887 -95.4575 
v -144.558 11.0768 -95.5039 
v -127.94 3.09575 -81.7936 
v -127.94 3.09575 -81.5359 
v -127.94 5.86475 -81.7937 
v -127.94 5.86475 -81.5359 
v -127.861 3.38875 -88.5056 
v -127.861 3.13076 -88.5056 
v -127.861 3.38875 -88.0718 
v -127.861 3.13076 -88.0718 
v -127.855 10.8288 -88.0718 
v -127.855 10.8288 -88.5056 
v -127.855 3.12876 -88.0718 
v -127.855 3.12876 -88.5056 
v -127.861 10.9077 -88.5056 
v -127.861 10.6498 -88.5056 
v -127.861 10.9077 -88.0718 
v -127.861 10.6498 -88.0718 
v -127.537 3.16275 -107.098 
v -127.537 3.06075 -107.098 
v -127.537 3.16176 -81.6758 
v -127.537 3.06075 -81.6758 
v -127.34 3.09575 -81.7937 
v -127.34 3.09575 -81.5359 
v -127.34 5.86475 -81.7937 
v -127.34 5.86475 -81.5359 
v -126.74 3.09575 -81.7937 
v -126.74 3.09575 -81.5359 
v -126.74 5.86475 -81.7937 
v -126.74 5.86475 -81.5359 
v -126.14 3.09575 -81.7937 
v -126.14 3.09575 -81.5359 
v -126.14 5.86475 -81.7937 
v -126.14 5.86475 -81.5359 
v -126.046 3.16475 -107.098 
v -126.046 3.05875 -107.098 
v -126.046 3.16376 -81.6758 
v -126.046 3.05875 -81.6758 
v -125.54 3.09575 -81.7937 
v -125.54 3.09575 -81.5359 
v -125.54 5.86475 -81.7937 
v -125.54 5.86475 -81.5359 
v -144.604 10.3258 -100.241 
v -124.94 3.09575 -81.7937 
v -124.94 3.09575 -81.5359 
v -124.94 5.86475 -81.7937 
v -124.94 5.86475 -81.5359 
v -124.537 3.16275 -107.098 
v -124.537 3.06075 -107.098 
v -124.537 3.16176 -81.6758 
v -124.537 3.06075 -81.6758 
v -124.34 3.09575 -81.7937 
v -124.34 3.09575 -81.5359 
v -124.34 5.86475 -81.7937 
v -124.34 5.86475 -81.5359 
v -124.256 11.2957 -107.212 
v -124.256 11.2957 -107.65 
v -124.256 7.32076 -107.212 
v -124.256 7.32076 -107.65 
v -124.115 7.87975 -107.63 
v -124.115 7.62175 -107.63 
v -124.115 7.87975 -107.196 
v -124.115 7.62175 -107.196 
v -124.091 10.5838 -107.63 
v -124.091 10.3258 -107.63 
v -124.091 10.5838 -107.196 
v -124.091 10.3258 -107.196 
v -123.74 3.09575 -81.7937 
v -123.74 3.09575 -81.5359 
v -123.74 5.86475 -81.7937 
v -123.74 5.86475 -81.5359 
v -123.155 10.8288 -88.0718 
v -123.155 10.8288 -88.5056 
v -123.155 3.12876 -88.0718 
v -123.155 3.12876 -88.5056 
v -123.14 3.09575 -81.7936 
v -123.14 3.09575 -81.5358 
v -123.14 5.86475 -81.7936 
v -123.14 5.86475 -81.5359 
v -123.045 7.87975 -88.517 
v -123.045 7.62175 -88.517 
v -123.045 7.87975 -88.0834 
v -123.045 7.62175 -88.0834 
v -123.045 5.61876 -88.5172 
v -123.045 5.36075 -88.5172 
v -123.045 5.61876 -88.0834 
v -123.045 5.36075 -88.0834 
v -123.037 3.16275 -107.098 
v -123.037 3.06075 -107.098 
v -123.037 3.16176 -81.6758 
v -123.037 3.06075 -81.6758 
v -122.998 10.5838 -88.517 
v -122.998 10.3258 -88.517 
v -122.998 10.5838 -88.0832 
v -122.998 10.3258 -88.0832 
v -122.54 3.09575 -81.7936 
v -122.54 3.09575 -81.5358 
v -122.54 5.86475 -81.7936 
v -122.54 5.86475 -81.5359 
v -121.94 3.09575 -81.7936 
v -121.94 3.09575 -81.5358 
v -121.94 5.86475 -81.7936 
v -121.94 5.86475 -81.5359 
v -121.34 3.09575 -81.7936 
v -121.34 3.09575 -81.5358 
v -121.34 5.86475 -81.7936 
v -121.34 5.86475 -81.5359 
v -121.273 3.17075 -107.098 
v -121.273 3.05275 -107.098 
v -121.273 3.17075 -81.6758 
v -121.273 3.05176 -81.6758 
v -120.74 3.09575 -81.7936 
v -120.74 3.09575 -81.5358 
v -120.74 5.86475 -81.7936 
v -120.74 5.86475 -81.5359 
v -120.14 3.09575 -81.7936 
v -120.14 3.09575 -81.5358 
v -120.14 5.86475 -81.7936 
v -120.14 5.86475 -81.5359 
v -119.737 3.16275 -107.098 
v -119.737 3.06075 -107.098 
v -119.737 3.16176 -81.8758 
v -119.737 3.06075 -81.8758 
v -119.592 6.29976 -81.4824 
v -119.592 6.29976 -82.0517 
v -119.592 -0.000240326 -81.4824 
v -119.592 -0.000240326 -82.0517 
v -119.592 13.4998 -84.6443 
v -119.592 13.4998 -85.2134 
v -119.592 3.12676 -84.6443 
v -119.592 3.12676 -85.2135 
v -119.567 12.1598 -88.2113 
v -119.567 11.9018 -88.2113 
v -119.567 12.1598 -84.9569 
v -119.567 11.9018 -84.9569 
v -119.567 6.07875 -88.2113 
v -119.567 5.82175 -88.2113 
v -119.567 6.07875 -81.6569 
v -119.567 5.82175 -81.6569 
v -119.401 3.09575 -85.1329 
v -119.401 3.09575 -84.7966 
v -119.401 5.86475 -85.1329 
v -119.401 5.86475 -84.7965 
v -119.401 3.09575 -86.933 
v -119.401 3.09575 -86.5966 
v -119.401 5.86475 -86.933 
v -119.401 5.86475 -86.5966 
v -119.401 3.09575 -86.333 
v -119.401 3.09575 -85.9967 
v -119.401 5.86475 -86.3329 
v -119.401 5.86475 -85.9967 
v -119.401 3.09575 -85.7329 
v -119.401 3.09575 -85.3966 
v -119.401 5.86475 -85.7329 
v -119.401 5.86475 -85.3966 
v -119.401 3.09575 -84.533 
v -119.401 3.09575 -84.1965 
v -119.401 5.86475 -84.533 
v -119.401 5.86475 -84.1965 
v -119.401 3.09575 -83.9329 
v -119.401 3.09575 -83.5965 
v -119.401 5.86475 -83.9329 
v -119.401 5.86475 -83.5965 
v -119.401 3.09575 -83.3329 
v -119.401 3.09575 -82.9965 
v -119.401 5.86475 -83.3329 
v -119.401 5.86475 -82.9965 
v -119.401 3.09575 -82.7329 
v -119.401 3.09575 -82.3965 
v -119.401 5.86475 -82.7329 
v -119.401 5.86475 -82.3965 
v -119.401 3.09575 -87.5331 
v -119.401 3.09575 -87.1966 
v -119.401 5.86475 -87.5331 
v -119.401 5.86475 -87.1966 
v -118.242 21.2858 -98.0667 
v -118.242 13.4978 -111.079 
v -118.242 20.6857 -97.707 
v -118.242 12.8968 -110.719 
v -118.23 12.9207 -83.6632 
v -118.23 21.2818 -98.0248 
v -118.23 12.3068 -84.0204 
v -118.23 20.6688 -98.3821 
v -118.122 11.2888 -100.367 
v -118.125 11.0887 -100.367 
v -118.122 11.2888 -95.4575 
v -118.125 11.0887 -95.4575 
v -118.123 11.2547 -95.4538 
v -118.123 11.2547 -95.6538 
v -118.177 7.27875 -95.4538 
v -118.177 7.27875 -95.6538 
v -118.175 7.44376 -100.367 
v -118.178 7.24376 -100.367 
v -118.175 7.44376 -95.4575 
v -118.178 7.24376 -95.4575 
v -118.123 11.2547 -100.166 
v -118.123 11.2547 -100.366 
v -118.177 7.27875 -100.166 
v -118.177 7.27875 -100.366 
v -118.195 15.6368 -106.961 
v -118.195 15.6368 -107.631 
v -118.195 -0.000240326 -106.961 
v -118.195 -0.000240326 -107.631 
v -118.195 15.6368 -88.0185 
v -118.195 15.6368 -88.6876 
v -118.195 -0.000240326 -88.0185 
v -118.195 -0.000240326 -88.6877 
v -118.164 3.31876 -107.098 
v -118.164 3.06075 -107.098 
v -118.164 3.31775 -87.9758 
v -118.164 3.06075 -87.9758 
v -118.164 5.61876 -107.201 
v -118.164 5.36075 -107.201 
v -118.164 5.61876 -88.079 
v -118.164 5.36075 -88.079 
v -118.164 10.5838 -95.515 
v -118.164 10.3258 -95.515 
v -118.164 10.5838 -88.079 
v -118.164 10.3258 -88.079 
v -118.164 7.87975 -95.5005 
v -118.164 7.62175 -95.5005 
v -118.164 7.87876 -88.5955 
v -118.164 7.62175 -88.5955 
v -118.164 14.7708 -107.201 
v -118.164 14.5128 -107.201 
v -118.164 14.7708 -88.0791 
v -118.164 14.5128 -88.0791 
v -118.164 12.7267 -107.201 
v -118.164 12.4688 -107.201 
v -118.164 12.7267 -88.0791 
v -118.164 12.4688 -88.0791 
v -118.164 7.87975 -107.201 
v -118.164 7.62175 -107.201 
v -118.164 7.87975 -100.296 
v -118.164 7.62175 -100.296 
v -118.164 10.5838 -107.201 
v -118.164 10.3258 -107.201 
v -118.164 10.5838 -100.245 
v -118.164 10.3258 -100.245 
v -141.033 0.835758 -110.817 
v -136.986 0.835758 -110.817 
v -141.033 0.644764 -110.817 
v -136.986 0.644764 -110.817 
v -140.932 0.355762 -111.39 
v -140.932 0.000751495 -111.035 
v -141.313 0.355762 -111.39 
v -141.313 0.000751495 -111.035 
v -136.79 0.355762 -111.39 
v -136.79 0.000751495 -111.035 
v -137.171 0.355762 -111.39 
v -137.171 0.000751495 -111.035 
v -141.033 1.59676 -110.056 
v -137.086 1.40676 -110.056 
v -145.64 13.4978 -111.079 
v -145.64 20.6857 -97.707 
v -145.64 12.8968 -110.719 
v -145.627 12.9118 -83.6475 
v -145.627 12.2978 -84.0047 
v -145.627 20.6688 -98.3821 
v -141.016 2.16875 -109.295 
v -137.069 2.16875 -109.295 
v -145.55 12.5868 -84.5011 
v -145.521 13.1998 -110.214 
v -145.521 12.8998 -110.714 
v -116.859 13.4978 -111.079 
v -144.257 13.4978 -111.079 
v -117.009 13.5008 -111.074 
v -145.163 -0.000240326 -88.0185 
v -145.163 -0.000240326 -88.6877 
v -145.163 -0.000240326 -106.961 
v -145.163 -0.000240326 -107.631 
v -144.996 11.0828 -100.414 
v -144.996 11.0828 -95.5039 
v -145.046 7.43776 -100.414 
v -145.046 7.43776 -95.5039 
v -145.045 7.62076 -88.517 
v -145.045 7.62076 -88.0834 
v -145.045 12.7267 -107.63 
v -145.045 14.7808 -107.63 
v -145.038 10.5838 -95.5426 
v -145.038 10.3258 -88.079 
v -145.037 5.61876 -107.201 
v -145.037 5.61876 -88.079 
v -145.037 5.36075 -88.079 
v -145.045 14.5128 -88.5172 
v -145.045 12.4688 -88.5172 
v -145.045 5.36075 -88.5172 
v -145.045 3.31876 -88.4139 
v -145.045 3.06075 -88.4139 
v -145.045 3.06075 -87.9801 
v -145.038 7.87876 -88.079 
v -145.038 3.06075 -107.098 
v -145.038 7.62175 -107.317 
v -145.038 10.5838 -107.201 
v -145.038 10.3258 -107.201 
v -145.038 10.3258 -100.241 
v -145.038 14.5128 -107.201 
v -145.038 14.7708 -88.0791 
v -145.038 14.5128 -88.0791 
v -145.038 12.4698 -107.201 
v -145.038 12.7267 -88.0791 
v -145.038 12.4688 -88.0791 
v -145.045 3.06075 -107.527 
v -145.015 10.3248 -88.517 
v -145.015 10.5828 -88.0832 
v -141.033 3.12076 -108.532 
v -141.033 2.93076 -108.532 
v -137.086 2.93076 -108.532 
v -144.739 14.3728 -97.9669 
v -144.739 14.3728 -97.3523 
v -144.65 3.19675 -104.538 
v -144.65 3.09575 -104.538 
v -144.65 3.19675 -105.038 
v -144.65 3.19675 -104.604 
v -144.65 3.19675 -106.538 
v -144.65 3.19675 -106.104 
v -144.65 3.19675 -107.038 
v -144.65 3.09575 -107.038 
v -144.65 3.19675 -106.038 
v -144.65 3.19675 -105.604 
v -144.65 3.19675 -102.104 
v -144.65 3.19675 -89.5377 
v -144.65 3.19675 -89.1039 
v -144.65 3.19675 -92.5377 
v -144.65 3.09575 -92.5377 
v -144.65 3.19675 -100.538 
v -144.65 3.19675 -100.104 
v -144.65 3.19675 -94.5376 
v -144.65 3.19675 -94.1039 
v -144.65 3.19675 -101.038 
v -144.65 3.19675 -100.604 
v -144.65 3.19675 -95.0376 
v -144.65 3.19675 -94.6039 
v -144.65 3.09575 -94.6039 
v -144.65 3.19675 -96.5376 
v -144.65 3.19675 -96.1039 
v -144.65 3.19675 -91.0377 
v -144.65 3.19675 -90.6039 
v -144.65 3.19675 -104.038 
v -144.65 3.19675 -103.604 
v -144.65 3.19675 -97.5376 
v -144.65 3.09575 -97.5376 
v -144.65 3.19675 -97.1039 
v -144.65 3.19675 -98.0376 
v -144.65 3.19675 -98.5376 
v -144.65 3.19675 -98.1039 
v -144.65 3.19675 -99.6039 
v -144.65 3.19675 -103.104 
v -144.65 3.19675 -99.5376 
v -144.65 3.19675 -99.1039 
v -144.65 3.09476 -90.5377 
v -144.65 3.19675 -102.038 
v -144.65 3.19675 -101.604 
v -144.65 3.19675 -103.038 
v -144.65 3.19675 -102.604 
v -144.65 3.09476 -89.0377 
v -144.65 3.19675 -88.6039 
v -144.65 3.09476 -88.6039 
v -144.65 3.19675 -93.5377 
v -144.65 3.19675 -93.1039 
v -144.65 3.19675 -95.6039 
v -144.65 3.19675 -90.0377 
v -144.65 3.09575 -101.538 
v -144.65 3.09575 -101.104 
v -144.65 3.19675 -92.6039 
v -144.65 3.19675 -92.0377 
v -144.65 3.09575 -91.6039 
v -144.65 3.19675 -93.6039 
v -144.65 3.09476 -91.5377 
v -144.65 3.19675 -95.5376 
v -144.65 3.19675 -95.1039 
v -144.65 3.19675 -88.5375 
v -144.65 3.09476 -88.1039 
v -144.65 3.19675 -105.104 
v -128.97 7.48476 -107.65 
v -128.97 11.3308 -107.65 
v -124.06 11.1308 -107.65 
v -141.408 10.3258 -107.63 
v -136.58 10.6498 -107.629 
v -128.954 10.3258 -107.63 
v -136.626 10.5838 -107.63 
v -117.725 7.62175 -107.63 
v -124.115 7.87975 -107.63 
v -118.195 -0.000240326 -107.631 
v -117.595 -0.000240326 -107.631 
v -117.726 12.4688 -107.63 
v -117.726 14.5228 -107.63 
v -141.443 7.62175 -107.63 
v -141.278 3.12876 -107.629 
v -144.563 -0.000240326 -107.631 
v -136.836 3.12876 -107.629 
v -136.578 3.12876 -107.629 
v -136.58 3.38875 -107.629 
v -136.686 7.87975 -107.63 
v -117.725 3.06075 -107.527 
v -143.738 3.16275 -107.098 
v -143.738 3.06075 -87.9758 
v -144.604 7.62175 -107.317 
v -117.73 5.36075 -107.201 
v -118.164 5.61876 -107.201 
v -117.73 14.7708 -107.201 
v -118.164 14.7708 -107.201 
v -118.164 14.5128 -107.201 
v -117.73 12.7267 -107.201 
v -118.164 12.4688 -107.201 
v -117.73 7.87975 -107.201 
v -117.73 7.62175 -107.201 
v -118.164 7.87975 -107.201 
v -118.164 7.62175 -107.201 
v -117.73 10.3258 -107.201 
v -118.164 10.5838 -107.201 
v -144.604 5.36075 -107.201 
v -144.604 10.3258 -107.201 
v -144.604 14.5128 -107.201 
v -144.604 12.4698 -107.201 
v -127.104 3.16275 -107.098 
v -127.104 3.06075 -107.098 
v -127.537 3.16275 -107.098 
v -125.595 3.05875 -107.098 
v -126.046 3.16475 -107.098 
v -124.104 3.06075 -107.098 
v -124.537 3.16275 -107.098 
v -124.537 3.06075 -107.098 
v -128.904 3.06075 -107.098 
v -129.337 3.16275 -107.098 
v -129.337 3.06075 -107.098 
v -138.504 3.06075 -107.098 
v -138.938 3.16275 -107.098 
v -119.104 3.06075 -107.098 
v -119.737 3.16275 -107.098 
v -119.737 3.06075 -107.098 
v -135.204 3.06075 -107.098 
v -135.638 3.16275 -107.098 
v -120.768 3.05275 -107.098 
v -121.273 3.17075 -107.098 
v -122.604 3.16275 -107.098 
v -122.604 3.06075 -107.098 
v -123.037 3.16275 -107.098 
v -118.164 3.31876 -107.098 
v -136.704 3.06075 -107.098 
v -137.138 3.16275 -107.098 
v -133.404 3.06075 -107.098 
v -133.838 3.16275 -107.098 
v -131.904 3.16275 -107.098 
v -131.904 3.06075 -107.098 
v -132.337 3.16275 -107.098 
v -140.004 3.06075 -107.098 
v -140.438 3.16275 -107.098 
v -130.404 3.06075 -107.098 
v -130.837 3.16275 -107.098 
v -143.304 3.16275 -107.098 
v -143.304 3.06075 -107.098 
v -141.804 3.06075 -107.098 
v -142.238 3.16275 -107.098 
v -118.117 3.09575 -107.038 
v -118.117 3.19675 -107.038 
v -116.859 12.8968 -110.719 
v -116.859 20.6857 -97.707 
v -116.861 20.6688 -98.3821 
v -116.861 12.3068 -84.0204 
v -116.89 13.2008 -84.144 
v -116.89 12.5868 -84.5011 
v -116.89 12.2888 -83.9892 
v -118.117 3.09575 -106.538 
v -117.009 13.1998 -110.214 
v -118.117 3.09575 -106.038 
v -142.238 3.06075 -87.9758 
v -117.595 -0.000240326 -106.961 
v -117.595 -0.000240326 -88.6877 
v -117.595 -0.000240326 -88.0185 
v -119.063 3.25975 -81.3793 
v -131.961 3.00176 -81.3793 
v -117.725 7.62175 -88.0834 
v -117.725 7.87975 -88.517 
v -117.725 7.62175 -88.517 
v -117.726 10.5838 -88.517 
v -117.726 10.3258 -88.517 
v -117.725 5.61876 -88.5172 
v -117.726 14.5228 -107.196 
v -117.726 14.5128 -88.0834 
v -117.726 14.7708 -88.5172 
v -117.726 14.5128 -88.5172 
v -117.726 12.4698 -88.5172 
v -117.725 3.31876 -87.9801 
v -117.725 3.06075 -88.4139 
v -117.725 3.06075 -107.093 
v -117.73 3.06075 -87.9758 
v -117.73 5.61876 -88.079 
v -117.73 10.3258 -95.515 
v -117.73 10.5838 -88.079 
v -117.73 7.62175 -95.5005 
v -117.73 12.4688 -88.0791 
v -117.73 7.62175 -100.296 
v -117.73 10.5838 -100.245 
v -117.684 11.2488 -95.6538 
v -117.737 7.43776 -100.367 
v -117.737 7.43776 -95.4575 
v -117.684 11.2488 -100.366 
v -117.739 7.27275 -100.166 
v -117.687 11.0828 -100.367 
v -117.687 11.0828 -95.4575 
v -131.367 -0.000240326 -81.4824 
v -131.967 -0.000240326 -81.4824 
v -118.992 -0.000240326 -81.4824 
v -119.592 -0.000240326 -81.4824 
v -118.993 5.82175 -81.4828 
v -131.901 6.07875 -81.4828 
v -120.14 3.09575 -81.5358 
v -130.941 3.09575 -81.5358 
v -129.404 3.09575 -81.5359 
v -129.14 3.09575 -81.5359 
v -128.804 3.09575 -81.5359 
v -127.604 3.09575 -81.5359 
v -118.117 3.09575 -105.538 
v -119.567 5.82175 -81.6569 
v -118.994 5.82175 -81.6569 
v -131.394 6.07875 -81.6569 
v -131.394 5.82175 -81.6569 
v -127.104 3.16176 -81.6758 
v -125.595 3.16376 -81.6758 
v -124.104 3.16176 -81.6758 
v -121.273 3.05176 -81.6758 
v -120.768 3.17075 -81.6758 
v -123.037 3.06075 -81.6758 
v -122.604 3.16176 -81.6758 
v -130.837 3.06075 -81.6758 
v -118.042 14.3728 -97.3523 
v -118.042 14.3728 -97.9669 
v -118.117 3.19675 -104.538 
v -118.117 3.19675 -104.604 
v -118.117 3.09575 -104.604 
v -118.117 3.19675 -106.104 
v -118.117 3.09575 -106.604 
v -118.117 3.19675 -102.104 
v -118.117 3.19675 -89.1039 
v -118.117 3.09575 -89.5377 
v -118.117 3.19675 -92.5377 
v -118.117 3.09575 -92.5377 
v -118.117 3.19675 -100.104 
v -118.117 3.19675 -94.1039 
v -118.117 3.19675 -94.5376 
v -118.117 3.19675 -100.604 
v -118.117 3.19675 -101.038 
v -118.117 3.19675 -94.6039 
v -118.117 3.09575 -94.6039 
v -118.117 3.19675 -95.0376 
v -118.117 3.19675 -96.1039 
v -118.117 3.19675 -96.5376 
v -118.117 3.19675 -90.6039 
v -118.117 3.19675 -91.0377 
v -118.117 3.19675 -103.604 
v -118.117 3.19675 -104.038 
v -118.117 3.19675 -97.1039 
v -118.117 3.19675 -97.5376 
v -118.117 3.19675 -98.0376 
v -118.117 3.19675 -98.1039 
v -118.117 3.19675 -98.5376 
v -118.117 3.09575 -99.6039 
v -118.117 3.19675 -103.104 
v -118.117 3.19675 -99.1039 
v -118.117 3.19675 -99.5376 
v -118.117 3.19675 -90.1039 
v -118.117 3.09575 -90.1039 
v -118.117 3.19675 -101.604 
v -118.117 3.09575 -102.038 
v -118.117 3.19675 -102.604 
v -118.117 3.19675 -103.038 
v -118.117 3.19675 -88.6039 
v -118.117 3.19675 -93.1039 
v -118.117 3.19675 -93.5377 
v -118.117 3.19675 -95.6039 
v -118.117 3.19675 -89.6039 
v -118.117 3.19675 -101.104 
v -118.117 3.19675 -101.538 
v -118.117 3.19675 -92.6039 
v -118.117 3.19675 -91.6039 
v -118.117 3.19675 -92.0377 
v -118.117 3.19675 -93.6039 
v -118.117 3.19675 -91.5377 
v -118.117 3.19675 -95.1039 
v -118.117 3.09575 -95.5376 
v -118.117 3.19675 -88.1039 
v -118.117 3.09575 -88.1039 
v -118.117 3.19675 -88.5375 
v -118.117 3.19675 -105.104 
v -119.39 3.10175 -81.8694 
v -131.876 3.10175 -81.8694 
v -119.737 3.06075 -81.8758 
v -119.104 3.16176 -81.8758 
v -141.542 10.6498 -107.195 
v -144.259 20.6688 -98.3821 
v -118.23 20.6688 -98.3821 
v -119.39 3.24276 -82.3694 
v -131.801 3.09575 -82.3965 
v -131.543 3.09575 -82.3965 
v -131.801 5.86475 -82.3965 
v -141.033 2.93076 -107.77 
v -141.033 1.59676 -109.294 
v -141.033 1.40676 -109.294 
v -141.033 0.644764 -110.056 
v -141.016 2.16875 -108.533 
v -118.242 12.8968 -110.719 
v -144.257 12.8968 -110.719 
v -118.994 11.9018 -88.2113 
v -118.994 12.1598 -88.2113 
v -118.994 12.1598 -84.9569 
v -118.994 5.82175 -88.2113 
v -118.992 -0.000240326 -82.0517 
v -118.992 13.4998 -84.6443 
v -118.992 3.12676 -85.2135 
v -118.992 3.12676 -84.6443 
v -118.993 6.07875 -82.0444 
v -118.993 5.82175 -82.0444 
v -119.063 3.00176 -81.7076 
v -119.143 3.09575 -85.1329 
v -119.143 5.86475 -87.1966 
v -119.401 3.09575 -82.9965 
v -131.801 3.09575 -82.9965 
v -140.438 3.16176 -87.9758 
v -140.438 3.06075 -87.9758 
v -119.39 3.24276 -85.8694 
v -119.39 3.10175 -85.8694 
v -119.39 3.24276 -84.8694 
v -119.39 3.24276 -84.3694 
v -119.39 3.10175 -84.8032 
v -119.39 3.24276 -83.8694 
v -119.39 3.10175 -84.3032 
v -119.39 3.24276 -83.3694 
v -119.39 3.10175 -83.3694 
v -119.39 3.10175 -82.3032 
v -119.39 3.10175 -83.3032 
v -119.39 3.24276 -87.3695 
v -119.39 3.10175 -87.3695 
v -119.39 3.10175 -87.8033 
v -119.39 3.10175 -86.3695 
v -119.39 3.24276 -87.8695 
v -119.39 3.10175 -88.3033 
v -119.804 5.86475 -81.7936 
v -119.401 3.09575 -83.5965 
v -131.801 3.09575 -83.5965 
v -120.404 3.09575 -81.7936 
v -119.401 3.09575 -84.1965 
v -138.991 7.47376 -88.0689 
v -138.991 11.1188 -88.507 
v -138.991 11.1188 -88.0689 
v -138.99 11.2848 -88.507 
v -138.99 7.30976 -88.5071 
v -138.938 3.06075 -87.9758 
v -131.367 3.21576 -84.6443 
v -119.592 3.12676 -84.6443 
v -131.801 3.09575 -84.7965 
v -131.876 3.24276 -84.8694 
v -131.953 11.9018 -84.9569 
v -131.417 12.1598 -84.9569 
v -119.567 11.9018 -84.9569 
v -119.401 3.09575 -85.3966 
v -131.801 3.09575 -85.3966 
v -122.204 3.09575 -81.7936 
v -119.401 3.09575 -85.9967 
v -131.801 3.09575 -85.9967 
v -137.171 3.68676 -107.348 
v -137.138 3.06075 -87.9758 
v -122.898 3.13076 -88.0718 
v -122.898 3.13076 -88.5056 
v -122.898 10.6498 -88.5056 
v -144.558 11.0768 -100.414 
v -144.608 7.43175 -100.414 
v -118.125 11.0887 -100.367 
v -118.175 7.44376 -100.367 
v -136.686 7.62175 -107.196 
v -136.617 7.30976 -88.0689 
v -136.617 7.30976 -88.5071 
v -136.626 10.3258 -107.196 
v -119.401 3.09575 -87.1966 
v -131.801 3.09575 -87.1966 
v -131.543 5.86475 -87.1966 
v -131.953 12.1598 -88.2113 
v -119.567 12.1598 -88.2113 
v -131.967 -0.000240326 -82.0517 
v -131.367 -0.000240326 -82.0517 
v -131.967 -0.000240326 -81.4824 
v -131.367 -0.000240326 -81.4824 
v -119.592 -0.000240326 -82.0517 
v -118.992 -0.000240326 -82.0517 
v -119.592 -0.000240326 -81.4824 
v -118.992 -0.000240326 -81.4824 
v -117.595 -0.000240326 -106.961 
v -118.195 -0.000240326 -106.961 
v -117.595 -0.000240326 -107.631 
v -118.195 -0.000240326 -107.631 
v -117.595 -0.000240326 -88.0185 
v -118.195 -0.000240326 -88.0185 
v -117.595 -0.000240326 -88.6877 
v -118.195 -0.000240326 -88.6877 
v -144.563 -0.000240326 -88.0185 
v -145.163 -0.000240326 -88.0185 
v -144.563 -0.000240326 -88.6877 
v -145.163 -0.000240326 -88.6877 
v -144.563 -0.000240326 -106.961 
v -145.163 -0.000240326 -106.961 
v -144.563 -0.000240326 -107.631 
v -145.163 -0.000240326 -107.631 
v -124.06 7.48476 -107.212 
v -124.06 11.3308 -107.212 
v -135.638 3.06075 -87.9758 
v -131.876 3.10175 -87.8695 
v -138.504 3.16176 -87.9758 
v -135.204 3.16176 -87.9758 
v -136.704 3.16176 -87.9758 
v -133.838 3.06075 -87.9758 
v -133.404 3.16176 -87.9758 
v -132.337 3.06075 -87.9758 
v -131.904 3.16176 -87.9758 
v -140.004 3.16176 -87.9758 
v -143.304 3.16176 -87.9758 
v -143.304 3.06075 -87.9758 
v -141.804 3.16176 -87.9758 
v -136.417 7.30976 -88.0689 
v -134.081 7.47376 -88.0689 
v -118.123 11.2547 -100.166 
v -134.081 11.1188 -88.0689 
v -138.79 11.2848 -88.0689 
v -138.872 7.62076 -88.0834 
v -127.861 3.38875 -88.0718 
v -123.045 7.62175 -88.0834 
v -123.045 7.87975 -88.0834 
v -122.998 10.3258 -88.0832 
v -122.998 10.5838 -88.0832 
v -123.045 5.61876 -88.0834 
v -118.164 5.61876 -88.079 
v -118.164 5.36075 -88.079 
v -118.164 10.3258 -88.079 
v -118.164 14.5128 -88.0791 
v -118.164 12.4688 -88.0791 
v -144.604 10.5828 -88.079 
v -144.604 5.61876 -88.079 
v -127.701 7.62175 -88.0834 
v -134.154 7.62175 -88.0834 
v -127.74 5.36075 -88.0834 
v -138.885 10.3258 -88.0832 
v -144.604 7.62076 -88.079 
v -127.762 10.5838 -88.0832 
v -134.145 10.3258 -88.0832 
v -134.145 10.5828 -88.0832 
v -144.604 14.5128 -88.0791 
v -144.604 12.4688 -88.0791 
v -123.155 3.12876 -88.0718 
v -127.855 3.12876 -88.0718 
v -134.277 11.2848 -88.507 
v -124.604 3.09575 -81.7937 
v -141.033 0.644764 -110.817 
v -136.986 0.644764 -110.817 
v -141.033 0.644764 -110.056 
v -136.986 0.644764 -110.056 
v -144.259 12.2978 -84.0047 
v -118.23 12.3068 -84.0204 
v -136.58 10.9077 -107.195 
v -118.164 7.62175 -88.5955 
v -122.998 10.5838 -88.517 
v -118.164 10.5838 -95.515 
v -138.885 10.5828 -88.517 
v -127.762 10.5838 -88.517 
v -144.604 10.5838 -100.241 
v -141.033 1.40676 -110.056 
v -137.086 1.40676 -110.056 
v -141.033 1.40676 -109.294 
v -137.086 1.40676 -109.294 
v -134.154 7.62175 -88.517 
v -134.145 10.3258 -88.517 
v -118.242 20.6857 -97.707 
v -144.257 20.6857 -97.707 
v -141.016 2.16875 -109.295 
v -137.069 2.16875 -109.295 
v -141.016 2.16875 -108.533 
v -137.069 2.16875 -108.533 
v -141.033 2.93076 -108.532 
v -137.086 2.93076 -108.532 
v -141.033 2.93076 -107.77 
v -137.086 2.93076 -107.77 
v -119.063 3.00176 -81.7076 
v -119.063 3.00176 -81.3793 
v -131.961 3.00176 -81.7076 
v -131.961 3.00176 -81.3793 
v -127.004 3.09575 -81.7937 
v -127.537 3.06075 -107.098 
v -127.104 3.06075 -107.098 
v -127.537 3.06075 -81.6758 
v -127.104 3.06075 -81.6758 
v -126.046 3.05875 -107.098 
v -125.595 3.05875 -107.098 
v -126.046 3.05875 -81.6758 
v -125.595 3.05875 -81.6758 
v -124.537 3.06075 -107.098 
v -124.104 3.06075 -107.098 
v -124.537 3.06075 -81.6758 
v -124.104 3.06075 -81.6758 
v -129.337 3.06075 -107.098 
v -128.904 3.06075 -107.098 
v -129.337 3.06075 -81.4758 
v -128.904 3.06075 -81.4758 
v -138.938 3.06075 -107.098 
v -138.504 3.06075 -107.098 
v -138.938 3.06075 -87.9758 
v -138.504 3.06075 -87.9758 
v -119.737 3.06075 -107.098 
v -119.104 3.06075 -107.098 
v -119.737 3.06075 -81.8758 
v -119.104 3.06075 -81.8758 
v -135.638 3.06075 -107.098 
v -135.204 3.06075 -107.098 
v -135.638 3.06075 -87.9758 
v -135.204 3.06075 -87.9758 
v -121.273 3.05275 -107.098 
v -120.768 3.05275 -107.098 
v -121.273 3.05176 -81.6758 
v -120.768 3.05176 -81.6758 
v -123.037 3.06075 -107.098 
v -122.604 3.06075 -107.098 
v -123.037 3.06075 -81.6758 
v -122.604 3.06075 -81.6758 
v -118.164 3.06075 -107.098 
v -117.73 3.06075 -107.098 
v -118.164 3.06075 -87.9758 
v -117.73 3.06075 -87.9758 
v -137.138 3.06075 -107.098 
v -136.704 3.06075 -107.098 
v -137.138 3.06075 -87.9758 
v -136.704 3.06075 -87.9758 
v -133.838 3.06075 -107.098 
v -133.404 3.06075 -107.098 
v -133.838 3.06075 -87.9758 
v -133.404 3.06075 -87.9758 
v -117.725 3.06075 -88.4139 
v -117.725 3.06075 -87.9801 
v -145.045 3.06075 -88.4139 
v -145.045 3.06075 -87.9801 
v -145.038 3.06075 -107.098 
v -144.604 3.06075 -107.098 
v -145.038 3.06075 -87.9758 
v -144.604 3.06075 -87.9758 
v -132.337 3.06075 -107.098 
v -131.904 3.06075 -107.098 
v -132.337 3.06075 -87.9758 
v -131.904 3.06075 -87.9758 
v -140.438 3.06075 -107.098 
v -140.004 3.06075 -107.098 
v -140.438 3.06075 -87.9758 
v -140.004 3.06075 -87.9758 
v -130.837 3.06075 -107.098 
v -130.404 3.06075 -107.098 
v -130.837 3.06075 -81.6758 
v -130.404 3.06075 -81.6758 
v -143.738 3.06075 -107.098 
v -143.304 3.06075 -107.098 
v -143.738 3.06075 -87.9758 
v -143.304 3.06075 -87.9758 
v -142.238 3.06075 -107.098 
v -141.804 3.06075 -107.098 
v -142.238 3.06075 -87.9758 
v -141.804 3.06075 -87.9758 
v -117.725 3.06075 -107.527 
v -117.725 3.06075 -107.093 
v -145.045 3.06075 -107.527 
v -145.045 3.06075 -107.093 
v -131.543 3.09575 -82.3965 
v -131.801 3.09575 -82.3965 
v -131.543 3.09575 -82.7329 
v -131.801 3.09575 -82.7329 
v -144.65 3.09575 -104.104 
v -144.65 3.09575 -104.538 
v -118.117 3.09575 -104.104 
v -118.117 3.09575 -104.538 
v -144.65 3.09575 -104.604 
v -144.65 3.09575 -105.038 
v -118.117 3.09575 -104.604 
v -118.117 3.09575 -105.038 
v -144.65 3.09575 -106.104 
v -144.65 3.09575 -106.538 
v -118.117 3.09575 -106.104 
v -118.117 3.09575 -106.538 
v -144.65 3.09575 -106.604 
v -144.65 3.09575 -107.038 
v -118.117 3.09575 -106.604 
v -118.117 3.09575 -107.038 
v -144.65 3.09575 -105.604 
v -144.65 3.09575 -106.038 
v -118.117 3.09575 -105.604 
v -118.117 3.09575 -106.038 
v -119.39 3.10175 -86.3032 
v -119.39 3.10175 -85.8694 
v -131.876 3.10175 -86.3032 
v -131.876 3.10175 -85.8694 
v -119.39 3.10175 -85.8032 
v -119.39 3.10175 -85.3695 
v -131.876 3.10175 -85.8032 
v -131.876 3.10175 -85.3695 
v -119.39 3.10175 -85.3032 
v -119.39 3.10175 -84.8694 
v -131.876 3.10175 -85.3032 
v -131.876 3.10175 -84.8694 
v -119.39 3.10175 -84.8032 
v -119.39 3.10175 -84.3694 
v -131.876 3.10175 -84.8032 
v -131.876 3.10175 -84.3694 
v -119.39 3.10175 -84.3032 
v -119.39 3.10175 -83.8694 
v -131.876 3.10175 -84.3032 
v -131.876 3.10175 -83.8694 
v -119.39 3.10175 -83.8032 
v -119.39 3.10175 -83.3694 
v -131.876 3.10175 -83.8032 
v -131.876 3.10175 -83.3694 
v -119.39 3.10175 -82.8032 
v -119.39 3.10175 -82.3694 
v -131.876 3.10175 -82.8032 
v -131.876 3.10175 -82.3694 
v -119.39 3.10175 -82.3032 
v -119.39 3.10175 -81.8694 
v -131.876 3.10175 -82.3032 
v -131.876 3.10175 -81.8694 
v -119.39 3.10175 -83.3032 
v -119.39 3.10175 -82.8694 
v -131.876 3.10175 -83.3032 
v -131.876 3.10175 -82.8694 
v -119.39 3.10175 -87.8033 
v -119.39 3.10175 -87.3695 
v -131.876 3.10175 -87.8033 
v -131.876 3.10175 -87.3695 
v -119.39 3.10175 -87.3033 
v -119.39 3.10175 -86.8695 
v -131.876 3.10175 -87.3033 
v -131.876 3.10175 -86.8695 
v -119.39 3.10175 -86.8032 
v -119.39 3.10175 -86.3695 
v -131.876 3.10175 -86.8032 
v -131.876 3.10175 -86.3695 
v -119.39 3.10175 -88.3033 
v -119.39 3.10175 -87.8695 
v -131.876 3.10175 -88.3033 
v -131.876 3.10175 -87.8695 
v -122.54 3.09575 -81.5358 
v -122.54 3.09575 -81.7936 
v -122.204 3.09575 -81.5358 
v -122.204 3.09575 -81.7936 
v -121.94 3.09575 -81.5358 
v -121.94 3.09575 -81.7936 
v -121.604 3.09575 -81.5358 
v -121.604 3.09575 -81.7936 
v -121.34 3.09575 -81.5358 
v -121.34 3.09575 -81.7936 
v -121.004 3.09575 -81.5358 
v -121.004 3.09575 -81.7936 
v -120.74 3.09575 -81.5358 
v -120.74 3.09575 -81.7936 
v -120.404 3.09575 -81.5358 
v -120.404 3.09575 -81.7936 
v -120.14 3.09575 -81.5358 
v -120.14 3.09575 -81.7936 
v -119.804 3.09575 -81.5358 
v -119.804 3.09575 -81.7936 
v -119.143 3.09575 -84.7966 
v -119.401 3.09575 -84.7966 
v -119.143 3.09575 -85.1329 
v -119.401 3.09575 -85.1329 
v -119.143 3.09575 -86.5966 
v -119.401 3.09575 -86.5966 
v -119.143 3.09575 -86.933 
v -119.401 3.09575 -86.933 
v -119.143 3.09575 -85.9967 
v -119.401 3.09575 -85.9967 
v -119.143 3.09575 -86.333 
v -119.401 3.09575 -86.333 
v -119.143 3.09575 -85.3966 
v -119.401 3.09575 -85.3966 
v -119.143 3.09575 -85.7329 
v -119.401 3.09575 -85.7329 
v -119.143 3.09575 -84.1965 
v -119.401 3.09575 -84.1965 
v -119.143 3.09575 -84.533 
v -119.401 3.09575 -84.533 
v -119.143 3.09575 -83.5965 
v -119.401 3.09575 -83.5965 
v -119.143 3.09575 -83.9329 
v -119.401 3.09575 -83.9329 
v -119.143 3.09575 -82.9965 
v -119.401 3.09575 -82.9965 
v -119.143 3.09575 -83.3329 
v -119.401 3.09575 -83.3329 
v -119.143 3.09575 -82.3965 
v -119.401 3.09575 -82.3965 
v -119.143 3.09575 -82.7329 
v -119.401 3.09575 -82.7329 
v -119.143 3.09575 -87.1966 
v -119.401 3.09575 -87.1966 
v -119.143 3.09575 -87.5331 
v -119.401 3.09575 -87.5331 
v -131.543 3.09575 -83.5965 
v -131.801 3.09575 -83.5965 
v -131.543 3.09575 -83.9329 
v -131.801 3.09575 -83.9329 
v -131.543 3.09575 -82.9965 
v -131.801 3.09575 -82.9965 
v -131.543 3.09575 -83.3329 
v -131.801 3.09575 -83.3329 
v -130.941 3.09575 -81.5358 
v -130.941 3.09575 -81.7936 
v -130.604 3.09575 -81.5358 
v -130.604 3.09575 -81.7936 
v -130.341 3.09575 -81.5359 
v -130.341 3.09575 -81.7936 
v -130.004 3.09575 -81.5359 
v -130.004 3.09575 -81.7936 
v -129.741 3.09575 -81.5359 
v -129.741 3.09575 -81.7936 
v -129.404 3.09575 -81.5359 
v -129.404 3.09575 -81.7936 
v -129.14 3.09575 -81.5359 
v -129.14 3.09575 -81.7936 
v -128.804 3.09575 -81.5359 
v -128.804 3.09575 -81.7936 
v -144.65 3.09575 -102.104 
v -144.65 3.09575 -102.538 
v -118.117 3.09575 -102.104 
v -118.117 3.09575 -102.538 
v -144.65 3.09476 -89.1039 
v -144.65 3.09476 -89.5377 
v -118.117 3.09575 -89.1039 
v -118.117 3.09575 -89.5377 
v -144.65 3.09575 -92.1039 
v -144.65 3.09575 -92.5377 
v -118.117 3.09575 -92.1039 
v -118.117 3.09575 -92.5377 
v -144.65 3.09575 -100.104 
v -144.65 3.09575 -100.538 
v -118.117 3.09575 -100.104 
v -118.117 3.09575 -100.538 
v -144.65 3.09575 -94.1039 
v -144.65 3.09575 -94.5376 
v -118.117 3.09575 -94.1039 
v -118.117 3.09575 -94.5376 
v -144.65 3.09575 -100.604 
v -144.65 3.09575 -101.038 
v -118.117 3.09575 -100.604 
v -118.117 3.09575 -101.038 
v -144.65 3.09575 -94.6039 
v -144.65 3.09575 -95.0376 
v -118.117 3.09575 -94.6039 
v -118.117 3.09575 -95.0376 
v -144.65 3.09575 -96.1039 
v -144.65 3.09575 -96.5376 
v -118.117 3.09575 -96.1039 
v -118.117 3.09575 -96.5376 
v -144.65 3.09476 -90.6039 
v -144.65 3.09476 -91.0377 
v -118.117 3.09575 -90.6039 
v -118.117 3.09575 -91.0377 
v -144.65 3.09575 -103.604 
v -144.65 3.09575 -104.038 
v -118.117 3.09575 -103.604 
v -118.117 3.09575 -104.038 
v -144.65 3.09575 -97.1039 
v -144.65 3.09575 -97.5376 
v -118.117 3.09575 -97.1039 
v -118.117 3.09575 -97.5376 
v -144.65 3.09575 -97.6039 
v -144.65 3.09575 -98.0376 
v -118.117 3.09575 -97.6039 
v -118.117 3.09575 -98.0376 
v -144.65 3.09575 -98.1039 
v -144.65 3.09575 -98.5376 
v -118.117 3.09575 -98.1039 
v -118.117 3.09575 -98.5376 
v -144.65 3.09575 -99.6039 
v -144.65 3.09575 -100.038 
v -118.117 3.09575 -99.6039 
v -118.117 3.09575 -100.038 
v -144.65 3.09575 -103.104 
v -144.65 3.09575 -103.538 
v -118.117 3.09575 -103.104 
v -118.117 3.09575 -103.538 
v -144.65 3.09575 -99.1039 
v -144.65 3.09575 -99.5376 
v -118.117 3.09575 -99.1039 
v -118.117 3.09575 -99.5376 
v -144.65 3.09476 -90.1039 
v -144.65 3.09476 -90.5377 
v -118.117 3.09575 -90.1039 
v -118.117 3.09575 -90.5377 
v -144.65 3.09575 -101.604 
v -144.65 3.09575 -102.038 
v -118.117 3.09575 -101.604 
v -118.117 3.09575 -102.038 
v -144.65 3.09575 -96.6039 
v -144.65 3.09575 -97.0376 
v -118.117 3.09575 -96.6039 
v -118.117 3.09575 -97.0376 
v -144.65 3.09575 -102.604 
v -144.65 3.09575 -103.038 
v -118.117 3.09575 -102.604 
v -118.117 3.09575 -103.038 
v -144.65 3.09476 -88.6039 
v -144.65 3.09476 -89.0377 
v -118.117 3.09575 -88.6039 
v -118.117 3.09575 -89.0377 
v -144.65 3.09575 -93.1039 
v -144.65 3.09575 -93.5377 
v -118.117 3.09575 -93.1039 
v -118.117 3.09575 -93.5377 
v -144.65 3.09575 -95.6039 
v -144.65 3.09575 -96.0376 
v -118.117 3.09575 -95.6039 
v -118.117 3.09575 -96.0376 
v -144.65 3.09476 -89.6039 
v -144.65 3.09476 -90.0377 
v -118.117 3.09575 -89.6039 
v -118.117 3.09575 -90.0377 
v -144.65 3.09575 -101.104 
v -144.65 3.09575 -101.538 
v -118.117 3.09575 -101.104 
v -118.117 3.09575 -101.538 
v -144.65 3.09575 -92.6039 
v -144.65 3.09575 -93.0377 
v -118.117 3.09575 -92.6039 
v -118.117 3.09575 -93.0377 
v -144.65 3.09575 -91.6039 
v -144.65 3.09575 -92.0377 
v -118.117 3.09575 -91.6039 
v -118.117 3.09575 -92.0377 
v -144.65 3.09575 -93.6039 
v -144.65 3.09575 -94.0377 
v -118.117 3.09575 -93.6039 
v -118.117 3.09575 -94.0377 
v -144.65 3.09575 -98.6039 
v -144.65 3.09575 -99.0376 
v -118.117 3.09575 -98.6039 
v -118.117 3.09575 -99.0376 
v -144.65 3.09476 -91.1039 
v -144.65 3.09476 -91.5377 
v -118.117 3.09575 -91.1039 
v -118.117 3.09575 -91.5377 
v -144.65 3.09575 -95.1039 
v -144.65 3.09575 -95.5376 
v -118.117 3.09575 -95.1039 
v -118.117 3.09575 -95.5376 
v -131.543 3.09575 -84.7965 
v -131.801 3.09575 -84.7965 
v -131.543 3.09575 -85.1329 
v -131.801 3.09575 -85.1329 
v -131.543 3.09575 -87.1966 
v -131.801 3.09575 -87.1966 
v -131.543 3.09575 -87.5331 
v -131.801 3.09575 -87.5331 
v -131.543 3.09575 -86.5966 
v -131.801 3.09575 -86.5966 
v -131.543 3.09575 -86.933 
v -131.801 3.09575 -86.933 
v -131.543 3.09575 -85.9967 
v -131.801 3.09575 -85.9967 
v -131.543 3.09575 -86.3329 
v -131.801 3.09575 -86.3329 
v -131.543 3.09575 -85.3966 
v -131.801 3.09575 -85.3966 
v -131.543 3.09575 -85.7329 
v -131.801 3.09575 -85.7329 
v -131.543 3.09575 -84.1965 
v -131.801 3.09575 -84.1965 
v -131.543 3.09575 -84.533 
v -131.801 3.09575 -84.533 
v -144.65 3.09476 -88.1039 
v -144.65 3.09476 -88.5377 
v -118.117 3.09575 -88.1039 
v -118.117 3.09575 -88.5375 
v -128.54 3.09575 -81.5359 
v -128.54 3.09575 -81.7936 
v -128.204 3.09575 -81.5359 
v -128.204 3.09575 -81.7936 
v -127.94 3.09575 -81.5359 
v -127.94 3.09575 -81.7936 
v -127.604 3.09575 -81.5359 
v -127.604 3.09575 -81.7936 
v -127.34 3.09575 -81.5359 
v -127.34 3.09575 -81.7937 
v -127.004 3.09575 -81.5359 
v -127.004 3.09575 -81.7937 
v -126.74 3.09575 -81.5359 
v -126.74 3.09575 -81.7937 
v -126.404 3.09575 -81.5359 
v -126.404 3.09575 -81.7937 
v -126.14 3.09575 -81.5359 
v -126.14 3.09575 -81.7937 
v -125.804 3.09575 -81.5359 
v -125.804 3.09575 -81.7937 
v -125.54 3.09575 -81.5359 
v -125.54 3.09575 -81.7937 
v -125.204 3.09575 -81.5359 
v -125.204 3.09575 -81.7937 
v -124.94 3.09575 -81.5359 
v -124.94 3.09575 -81.7937 
v -124.604 3.09575 -81.5359 
v -124.604 3.09575 -81.7937 
v -124.34 3.09575 -81.5359 
v -124.34 3.09575 -81.7937 
v -124.004 3.09575 -81.5359 
v -124.004 3.09575 -81.7937 
v -123.74 3.09575 -81.5359 
v -123.74 3.09575 -81.7937 
v -123.404 3.09575 -81.5359 
v -123.404 3.09575 -81.7937 
v -123.14 3.09575 -81.5358 
v -123.14 3.09575 -81.7936 
v -122.804 3.09575 -81.5358 
v -122.804 3.09575 -81.7936 
v -144.65 3.09575 -105.104 
v -144.65 3.09575 -105.538 
v -118.117 3.09575 -105.104 
v -118.117 3.09575 -105.538 
v -119.592 3.12676 -85.2135 
v -118.992 3.12676 -85.2135 
v -119.592 3.12676 -84.6443 
v -118.992 3.12676 -84.6443 
v -127.861 3.13076 -88.0718 
v -127.861 3.13076 -88.5056 
v -122.898 3.13076 -88.0718 
v -122.898 3.13076 -88.5056 
v -141.278 3.12876 -107.195 
v -141.536 3.12876 -107.195 
v -141.278 3.12876 -107.629 
v -141.536 3.12876 -107.629 
v -136.578 3.12876 -107.195 
v -136.836 3.12876 -107.195 
v -136.578 3.12876 -107.629 
v -136.836 3.12876 -107.629 
v -141.542 3.13076 -107.195 
v -141.542 3.13076 -107.629 
v -136.58 3.13076 -107.195 
v -136.58 3.13076 -107.629 
v -122.897 3.12876 -88.0718 
v -123.155 3.12876 -88.0718 
v -122.897 3.12876 -88.5056 
v -123.155 3.12876 -88.5056 
v -127.597 3.12876 -88.0718 
v -127.855 3.12876 -88.0718 
v -127.597 3.12876 -88.5056 
v -127.855 3.12876 -88.5056 
v -131.967 3.21576 -85.2135 
v -131.367 3.21576 -85.2135 
v -131.967 3.21576 -84.6443 
v -131.367 3.21576 -84.6443 
v -127.701 7.87975 -88.517 
v -127.701 7.62175 -88.517 
v -127.74 5.61876 -88.5172 
v -127.762 10.3258 -88.517 
v -131.967 6.07875 -88.2113 
v -131.967 5.82175 -88.2113 
v -131.961 3.25975 -81.7076 
v -131.901 5.82175 -82.0444 
v -131.876 3.24276 -85.8032 
v -131.876 3.24276 -84.8032 
v -131.876 3.24276 -84.3032 
v -131.876 3.24276 -83.8032 
v -131.876 3.24276 -82.8032 
v -131.876 3.24276 -82.3032 
v -131.876 3.24276 -83.3032 
v -131.876 3.24276 -87.3033 
v -128.855 7.87975 -107.196 
v -144.604 10.3258 -95.5427 
v -141.443 7.87975 -107.196 
v -118.164 7.62175 -95.5005 
v -118.175 7.44376 -95.4575 
v -134.081 7.47376 -88.5071 
v -144.608 7.43175 -95.5039 
v -118.006 5.36075 -107.63 
v -118.006 5.36075 -107.196 
v -136.712 5.36075 -107.63 
v -136.712 5.36075 -107.196 
v -117.725 5.36075 -88.5172 
v -117.725 5.36075 -88.0834 
v -123.045 5.36075 -88.5172 
v -123.045 5.36075 -88.0834 
v -118.164 5.36075 -107.201 
v -117.73 5.36075 -107.201 
v -118.164 5.36075 -88.079 
v -117.73 5.36075 -88.079 
v -145.037 5.36075 -107.201 
v -144.604 5.36075 -107.201 
v -145.037 5.36075 -88.079 
v -144.604 5.36075 -88.079 
v -127.74 5.36075 -88.5172 
v -127.74 5.36075 -88.0834 
v -145.045 5.36075 -88.5172 
v -145.045 5.36075 -88.0834 
v -141.48 5.36075 -107.63 
v -141.48 5.36075 -107.196 
v -145.045 5.36075 -107.63 
v -145.045 5.36075 -107.196 
v -119.567 6.07875 -88.2113 
v -131.394 6.07875 -88.2113 
v -119.567 5.82175 -88.2113 
v -118.994 5.82175 -88.2113 
v -119.567 5.82175 -81.6569 
v -118.994 5.82175 -81.6569 
v -131.967 5.82175 -88.2113 
v -131.394 5.82175 -88.2113 
v -131.967 5.82175 -81.6569 
v -131.394 5.82175 -81.6569 
v -118.993 5.82175 -82.0444 
v -118.993 5.82175 -81.4828 
v -131.901 5.82175 -82.0444 
v -131.901 5.82175 -81.4828 
v -128.97 11.1308 -107.212 
v -145.048 7.23775 -100.414 
v -144.61 7.23175 -100.414 
v -145.048 7.23775 -95.5039 
v -144.61 7.23175 -95.5039 
v -145.048 7.27275 -95.5004 
v -145.048 7.27275 -95.7003 
v -144.61 7.26676 -95.5004 
v -144.61 7.26676 -95.7003 
v -145.048 7.27275 -100.213 
v -145.048 7.27275 -100.413 
v -144.61 7.26676 -100.213 
v -144.61 7.26676 -100.413 
v -128.97 7.28476 -107.212 
v -128.97 7.28476 -107.65 
v -124.06 7.28476 -107.212 
v -124.06 7.28476 -107.65 
v -138.991 7.27376 -88.0689 
v -138.991 7.27376 -88.5071 
v -134.081 7.27376 -88.0689 
v -134.081 7.27376 -88.5071 
v -136.417 7.30976 -88.0689 
v -136.617 7.30976 -88.0689 
v -136.417 7.30976 -88.5071 
v -136.617 7.30976 -88.5071 
v -124.056 7.32076 -107.212 
v -124.256 7.32076 -107.212 
v -124.056 7.32076 -107.65 
v -124.256 7.32076 -107.65 
v -128.769 7.32076 -107.212 
v -128.969 7.32076 -107.212 
v -128.769 7.32076 -107.65 
v -128.969 7.32076 -107.65 
v -134.077 7.30976 -88.0689 
v -134.277 7.30976 -88.0689 
v -134.077 7.30976 -88.5071 
v -134.277 7.30976 -88.5071 
v -138.79 7.30976 -88.0689 
v -138.99 7.30976 -88.0689 
v -138.79 7.30976 -88.5071 
v -138.99 7.30976 -88.5071 
v -118.178 7.24376 -100.367 
v -117.739 7.23775 -100.367 
v -118.178 7.24376 -95.4575 
v -117.739 7.23775 -95.4575 
v -118.177 7.27875 -95.4538 
v -118.177 7.27875 -95.6538 
v -117.739 7.27275 -95.4538 
v -117.739 7.27275 -95.6538 
v -118.177 7.27875 -100.166 
v -118.177 7.27875 -100.366 
v -117.739 7.27275 -100.166 
v -117.739 7.27275 -100.366 
v -131.417 11.9018 -88.2113 
v -138.872 7.62076 -88.517 
v -138.872 7.62076 -88.0834 
v -145.045 7.62076 -88.517 
v -145.045 7.62076 -88.0834 
v -117.725 7.62175 -88.517 
v -117.725 7.62175 -88.0834 
v -123.045 7.62175 -88.517 
v -123.045 7.62175 -88.0834 
v -117.725 7.62175 -107.63 
v -117.725 7.62175 -107.196 
v -124.115 7.62175 -107.63 
v -124.115 7.62175 -107.196 
v -118.164 7.62175 -95.5005 
v -117.73 7.62175 -95.5005 
v -118.164 7.62175 -88.5955 
v -117.73 7.62175 -88.5955 
v -118.164 7.62175 -107.201 
v -117.73 7.62175 -107.201 
v -118.164 7.62175 -100.296 
v -117.73 7.62175 -100.296 
v -127.701 7.62175 -88.517 
v -127.701 7.62175 -88.0834 
v -134.154 7.62175 -88.517 
v -134.154 7.62175 -88.0834 
v -145.038 7.62175 -95.5623 
v -144.604 7.62175 -95.5623 
v -145.038 7.62076 -88.079 
v -144.604 7.62076 -88.079 
v -141.443 7.62175 -107.63 
v -141.443 7.62175 -107.196 
v -145.045 7.62175 -107.63 
v -145.045 7.62175 -107.196 
v -145.038 7.62175 -107.317 
v -144.604 7.62175 -107.317 
v -145.038 7.62175 -100.36 
v -144.604 7.62175 -100.36 
v -128.855 7.62175 -107.63 
v -128.855 7.62175 -107.196 
v -136.686 7.62175 -107.63 
v -136.686 7.62175 -107.196 
v -118.125 11.0887 -95.4575 
v -144.558 11.0768 -95.5039 
v -127.861 3.38875 -88.5056 
v -137.086 3.12076 -107.77 
v -134.081 11.1188 -88.507 
v -137.086 1.59676 -109.294 
v -141.408 10.3258 -107.63 
v -141.408 10.3258 -107.196 
v -145.045 10.3258 -107.63 
v -145.045 10.3258 -107.196 
v -128.954 10.3258 -107.63 
v -128.954 10.3258 -107.196 
v -136.626 10.3258 -107.63 
v -136.626 10.3258 -107.196 
v -117.726 10.3258 -88.517 
v -117.726 10.3258 -88.0832 
v -122.998 10.3258 -88.517 
v -122.998 10.3258 -88.0832 
v -117.983 10.3258 -107.63 
v -117.983 10.3258 -107.196 
v -124.091 10.3258 -107.63 
v -124.091 10.3258 -107.196 
v -118.164 10.3258 -95.515 
v -117.73 10.3258 -95.515 
v -118.164 10.3258 -88.079 
v -117.73 10.3258 -88.079 
v -118.164 10.3258 -107.201 
v -117.73 10.3258 -107.201 
v -118.164 10.3258 -100.245 
v -117.73 10.3258 -100.245 
v -145.038 10.3258 -95.5427 
v -144.604 10.3258 -95.5427 
v -145.038 10.3258 -88.079 
v -144.604 10.3258 -88.079 
v -138.885 10.3258 -88.517 
v -138.885 10.3258 -88.0832 
v -145.015 10.3248 -88.517 
v -145.015 10.3248 -88.0832 
v -127.762 10.3258 -88.517 
v -127.762 10.3258 -88.0832 
v -134.145 10.3258 -88.517 
v -134.145 10.3258 -88.0832 
v -145.038 10.3258 -107.201 
v -144.604 10.3258 -107.201 
v -145.038 10.3258 -100.241 
v -144.604 10.3258 -100.241 
v -141.542 10.6498 -107.195 
v -141.542 10.6498 -107.629 
v -136.58 10.6498 -107.195 
v -136.58 10.6498 -107.629 
v -127.861 10.6498 -88.0718 
v -127.861 10.6498 -88.5056 
v -122.898 10.6498 -88.0718 
v -122.898 10.6498 -88.5056 
v -144.996 11.0828 -100.414 
v -144.558 11.0768 -100.414 
v -144.996 11.0828 -95.5039 
v -144.558 11.0768 -95.5039 
v -136.986 0.835758 -110.056 
v -138.991 11.1188 -88.0689 
v -138.991 11.1188 -88.507 
v -134.081 11.1188 -88.0689 
v -134.081 11.1188 -88.507 
v -128.97 11.1308 -107.212 
v -128.97 11.1308 -107.65 
v -124.06 11.1308 -107.212 
v -124.06 11.1308 -107.65 
v -118.125 11.0887 -100.367 
v -117.687 11.0828 -100.367 
v -118.125 11.0887 -95.4575 
v -117.687 11.0828 -95.4575 
v -131.953 11.9018 -88.2113 
v -131.417 11.9018 -88.2113 
v -131.953 11.9018 -84.9569 
v -131.417 11.9018 -84.9569 
v -119.567 11.9018 -88.2113 
v -118.994 11.9018 -88.2113 
v -119.567 11.9018 -84.9569 
v -118.994 11.9018 -84.9569 
v -117.726 12.4688 -107.63 
v -117.726 12.4688 -107.196 
v -145.045 12.4688 -107.63 
v -145.045 12.4688 -107.196 
v -118.164 12.4688 -107.201 
v -117.73 12.4688 -107.201 
v -118.164 12.4688 -88.0791 
v -117.73 12.4688 -88.0791 
v -117.726 12.4698 -88.5172 
v -117.726 12.4698 -88.0834 
v -145.045 12.4688 -88.5172 
v -145.045 12.4688 -88.0834 
v -145.038 12.4698 -107.201 
v -144.604 12.4698 -107.201 
v -145.038 12.4688 -88.0791 
v -144.604 12.4688 -88.0791 
v -140.932 0.000751495 -111.035 
v -140.932 3.68676 -107.348 
v -141.313 0.000751495 -111.035 
v -141.313 3.68676 -107.348 
v -136.79 0.000751495 -111.035 
v -136.79 3.68676 -107.348 
v -137.171 0.000751495 -111.035 
v -137.171 3.68676 -107.348 
v -144.739 14.3728 -97.3523 
v -144.739 14.3728 -97.9669 
v -118.042 14.3728 -97.3523 
v -118.042 14.3728 -97.9669 
v -118.164 14.5128 -107.201 
v -117.73 14.5128 -107.201 
v -118.164 14.5128 -88.0791 
v -117.73 14.5128 -88.0791 
v -117.726 14.5128 -88.5172 
v -117.726 14.5128 -88.0834 
v -145.045 14.5128 -88.5172 
v -145.045 14.5128 -88.0834 
v -145.038 14.5128 -107.201 
v -144.604 14.5128 -107.201 
v -145.038 14.5128 -88.0791 
v -144.604 14.5128 -88.0791 
v -117.726 14.5228 -107.63 
v -117.726 14.5228 -107.196 
v -145.045 14.5228 -107.63 
v -145.045 14.5228 -107.196 
v -145.627 12.2978 -84.0047 
v -145.627 20.6688 -98.3821 
v -144.259 12.2978 -84.0047 
v -144.259 20.6688 -98.3821 
v -118.23 12.3068 -84.0204 
v -118.23 20.6688 -98.3821 
v -116.861 12.3068 -84.0204 
v -116.861 20.6688 -98.3821 
v -145.55 12.5868 -84.5011 
v -116.89 12.5868 -84.5011 
v -145.55 12.2888 -83.9892 
v -116.89 12.2888 -83.9892 
v -118.242 20.6857 -97.707 
v -118.242 12.8968 -110.719 
v -116.859 20.6857 -97.707 
v -116.859 12.8968 -110.719 
v -145.64 20.6857 -97.707 
v -145.64 12.8968 -110.719 
v -144.257 20.6857 -97.707 
v -144.257 12.8968 -110.719 
v -117.009 13.1998 -110.214 
v -145.521 13.1998 -110.214 
v -117.009 12.8998 -110.714 
v -145.521 12.8998 -110.714 
v -141.033 0.835758 -110.817 
v -136.986 0.835758 -110.817 
v -141.033 0.644764 -110.817 
v -136.986 0.644764 -110.817 
v -141.033 1.59676 -110.056 
v -137.086 1.59676 -110.056 
v -141.033 1.40676 -110.056 
v -137.086 1.40676 -110.056 
v -145.64 21.2858 -98.0667 
v -145.64 13.4978 -111.079 
v -145.64 12.8968 -110.719 
v -145.627 20.6688 -98.3821 
v -141.016 2.35875 -109.295 
v -137.069 2.35875 -109.295 
v -141.016 2.16875 -109.295 
v -137.069 2.16875 -109.295 
v -145.55 13.2008 -84.144 
v -145.55 12.5868 -84.5011 
v -145.521 12.8998 -110.714 
v -116.859 13.4978 -111.079 
v -118.242 21.2858 -98.0667 
v -118.242 13.4978 -111.079 
v -144.257 13.4978 -111.079 
v -145.163 15.6368 -88.6877 
v -145.163 -0.000240326 -88.6877 
v -145.163 15.6368 -107.631 
v -145.163 -0.000240326 -107.631 
v -144.993 11.2827 -95.5039 
v -145.046 7.43776 -100.414 
v -145.046 7.43776 -95.5039 
v -144.993 11.2488 -100.213 
v -145.045 7.87876 -88.517 
v -145.045 7.62076 -88.517 
v -145.045 12.7267 -107.63 
v -145.045 14.7808 -107.63 
v -145.045 14.7708 -88.5172 
v -145.045 14.5128 -88.5172 
v -145.045 12.7267 -88.5172 
v -145.045 12.4688 -88.5172 
v -145.045 3.31876 -88.4139 
v -145.045 3.06075 -88.4139 
v -145.038 7.87975 -95.5623 
v -145.038 3.31876 -107.098 
v -145.038 3.06075 -107.098 
v -145.038 7.87975 -107.317 
v -145.038 7.62175 -107.317 
v -145.038 10.3258 -107.201 
v -145.038 12.4698 -107.201 
v -145.038 12.4688 -88.0791 
v -145.045 3.31775 -107.527 
v -145.045 3.06075 -107.527 
v -141.033 3.12076 -108.532 
v -137.086 3.12076 -108.532 
v -141.033 2.93076 -108.532 
v -137.086 2.93076 -108.532 
v -144.739 14.9128 -97.9669 
v -144.739 14.3728 -97.9669 
v -144.65 3.09575 -107.038 
v -128.97 7.28476 -107.65 
v -128.97 7.48476 -107.65 
v -124.06 7.28476 -107.65 
v -124.06 7.48476 -107.65 
v -124.256 11.2957 -107.65 
v -124.056 11.2957 -107.65 
v -124.256 7.32076 -107.65 
v -124.056 7.32076 -107.65 
v -128.969 11.2957 -107.65 
v -128.769 11.2957 -107.65 
v -128.969 7.32076 -107.65 
v -128.769 7.32076 -107.65 
v -128.97 11.1308 -107.65 
v -128.97 11.3308 -107.65 
v -124.06 11.1308 -107.65 
v -124.06 11.3308 -107.65 
v -118.006 5.61876 -107.63 
v -118.006 5.36075 -107.63 
v -136.712 5.61876 -107.63 
v -136.712 5.36075 -107.63 
v -141.408 10.5838 -107.63 
v -141.408 10.3258 -107.63 
v -145.045 10.5838 -107.63 
v -145.045 10.3258 -107.63 
v -141.542 10.6498 -107.629 
v -141.542 10.9077 -107.629 
v -136.58 10.6498 -107.629 
v -136.58 10.9077 -107.629 
v -128.954 10.5838 -107.63 
v -128.954 10.3258 -107.63 
v -136.626 10.5838 -107.63 
v -136.626 10.3258 -107.63 
v -117.983 10.5838 -107.63 
v -117.983 10.3258 -107.63 
v -124.091 10.5838 -107.63 
v -124.091 10.3258 -107.63 
v -117.725 7.87975 -107.63 
v -117.725 7.62175 -107.63 
v -124.115 7.87975 -107.63 
v -124.115 7.62175 -107.63 
v -118.195 15.6368 -107.631 
v -117.595 15.6368 -107.631 
v -118.195 -0.000240326 -107.631 
v -117.595 -0.000240326 -107.631 
v -117.726 12.7267 -107.63 
v -117.726 12.4688 -107.63 
v -145.045 12.7267 -107.63 
v -145.045 12.4688 -107.63 
v -117.726 14.7808 -107.63 
v -117.726 14.5228 -107.63 
v -145.045 14.7808 -107.63 
v -145.045 14.5228 -107.63 
v -141.443 7.87975 -107.63 
v -141.443 7.62175 -107.63 
v -145.045 7.87975 -107.63 
v -145.045 7.62175 -107.63 
v -141.536 10.8288 -107.629 
v -141.279 10.8288 -107.629 
v -141.536 3.12876 -107.629 
v -141.278 3.12876 -107.629 
v -141.48 5.61876 -107.63 
v -141.48 5.36075 -107.63 
v -145.045 5.61876 -107.63 
v -145.045 5.36075 -107.63 
v -145.163 15.6368 -107.631 
v -144.564 15.6368 -107.631 
v -145.163 -0.000240326 -107.631 
v -144.563 -0.000240326 -107.631 
v -136.836 10.8288 -107.629 
v -136.579 10.8288 -107.629 
v -136.836 3.12876 -107.629 
v -136.578 3.12876 -107.629 
v -141.542 3.13076 -107.629 
v -141.542 3.38875 -107.629 
v -136.58 3.13076 -107.629 
v -136.58 3.38875 -107.629 
v -128.855 7.87975 -107.63 
v -128.855 7.62175 -107.63 
v -136.686 7.87975 -107.63 
v -136.686 7.62175 -107.63 
v -117.725 3.31876 -107.527 
v -117.725 3.06075 -107.527 
v -145.045 3.31775 -107.527 
v -145.045 3.06075 -107.527 
v -144.604 7.87975 -107.317 
v -144.604 7.62175 -107.317 
v -145.038 7.87975 -107.317 
v -145.038 7.62175 -107.317 
v -117.73 5.61876 -107.201 
v -117.73 5.36075 -107.201 
v -118.164 5.61876 -107.201 
v -118.164 5.36075 -107.201 
v -117.73 14.7708 -107.201 
v -117.73 14.5128 -107.201 
v -118.164 14.7708 -107.201 
v -118.164 14.5128 -107.201 
v -117.73 12.7267 -107.201 
v -117.73 12.4688 -107.201 
v -118.164 12.7267 -107.201 
v -118.164 12.4688 -107.201 
v -117.73 7.87975 -107.201 
v -117.73 7.62175 -107.201 
v -118.164 7.87975 -107.201 
v -118.164 7.62175 -107.201 
v -117.73 10.5838 -107.201 
v -117.73 10.3258 -107.201 
v -118.164 10.5838 -107.201 
v -118.164 10.3258 -107.201 
v -144.604 5.61876 -107.201 
v -144.604 5.36075 -107.201 
v -145.037 5.61876 -107.201 
v -145.037 5.36075 -107.201 
v -144.604 10.5838 -107.201 
v -144.604 10.3258 -107.201 
v -145.038 10.5838 -107.201 
v -145.038 10.3258 -107.201 
v -144.604 14.7708 -107.201 
v -144.604 14.5128 -107.201 
v -145.038 14.7708 -107.201 
v -145.038 14.5128 -107.201 
v -144.604 12.7278 -107.201 
v -144.604 12.4698 -107.201 
v -145.038 12.7278 -107.201 
v -145.038 12.4698 -107.201 
v -127.104 3.16275 -107.098 
v -127.104 3.06075 -107.098 
v -127.537 3.16275 -107.098 
v -127.537 3.06075 -107.098 
v -125.595 3.16475 -107.098 
v -125.595 3.05875 -107.098 
v -126.046 3.16475 -107.098 
v -126.046 3.05875 -107.098 
v -124.104 3.16275 -107.098 
v -124.104 3.06075 -107.098 
v -124.537 3.16275 -107.098 
v -124.537 3.06075 -107.098 
v -128.904 3.16275 -107.098 
v -128.904 3.06075 -107.098 
v -129.337 3.16275 -107.098 
v -129.337 3.06075 -107.098 
v -138.504 3.16275 -107.098 
v -138.504 3.06075 -107.098 
v -138.938 3.16275 -107.098 
v -138.938 3.06075 -107.098 
v -119.104 3.16275 -107.098 
v -119.104 3.06075 -107.098 
v -119.737 3.16275 -107.098 
v -119.737 3.06075 -107.098 
v -135.204 3.16275 -107.098 
v -135.204 3.06075 -107.098 
v -135.638 3.16275 -107.098 
v -135.638 3.06075 -107.098 
v -120.768 3.17075 -107.098 
v -120.768 3.05275 -107.098 
v -121.273 3.17075 -107.098 
v -121.273 3.05275 -107.098 
v -122.604 3.16275 -107.098 
v -122.604 3.06075 -107.098 
v -123.037 3.16275 -107.098 
v -123.037 3.06075 -107.098 
v -117.73 3.31876 -107.098 
v -117.73 3.06075 -107.098 
v -118.164 3.31876 -107.098 
v -118.164 3.06075 -107.098 
v -136.704 3.16275 -107.098 
v -136.704 3.06075 -107.098 
v -137.138 3.16275 -107.098 
v -137.138 3.06075 -107.098 
v -133.404 3.16275 -107.098 
v -133.404 3.06075 -107.098 
v -133.838 3.16275 -107.098 
v -133.838 3.06075 -107.098 
v -144.604 3.31876 -107.098 
v -144.604 3.06075 -107.098 
v -145.038 3.31876 -107.098 
v -145.038 3.06075 -107.098 
v -131.904 3.16275 -107.098 
v -131.904 3.06075 -107.098 
v -132.337 3.16275 -107.098 
v -132.337 3.06075 -107.098 
v -140.004 3.16275 -107.098 
v -140.004 3.06075 -107.098 
v -140.438 3.16275 -107.098 
v -140.438 3.06075 -107.098 
v -130.404 3.16275 -107.098 
v -130.404 3.06075 -107.098 
v -130.837 3.16275 -107.098 
v -130.837 3.06075 -107.098 
v -143.304 3.16275 -107.098 
v -143.304 3.06075 -107.098 
v -143.738 3.16275 -107.098 
v -143.738 3.06075 -107.098 
v -141.804 3.16275 -107.098 
v -141.804 3.06075 -107.098 
v -142.238 3.16275 -107.098 
v -142.238 3.06075 -107.098 
v -144.65 3.09575 -107.038 
v -144.65 3.19675 -107.038 
v -118.117 3.09575 -107.038 
v -118.117 3.19675 -107.038 
v -116.859 12.8968 -110.719 
v -116.861 21.2818 -98.0248 
v -116.861 20.6688 -98.3821 
v -116.861 12.3068 -84.0204 
v -116.89 13.2008 -84.144 
v -116.89 12.5868 -84.5011 
v -144.65 3.09575 -106.538 
v -144.65 3.19675 -106.538 
v -118.117 3.09575 -106.538 
v -118.117 3.19675 -106.538 
v -144.65 3.09575 -106.038 
v -144.65 3.19675 -106.038 
v -118.117 3.09575 -106.038 
v -118.117 3.19675 -106.038 
v -117.595 15.6368 -88.6876 
v -117.595 -0.000240326 -88.6877 
v -117.725 7.87975 -88.517 
v -117.725 7.62175 -88.517 
v -117.726 10.3258 -88.517 
v -117.726 14.7708 -88.5172 
v -117.726 14.5128 -88.5172 
v -117.726 12.7267 -88.5172 
v -117.726 12.4698 -88.5172 
v -117.725 3.31876 -88.4139 
v -117.725 3.06075 -88.4139 
v -117.725 3.31876 -107.093 
v -117.725 3.06075 -107.093 
v -117.73 7.62175 -95.5005 
v -117.73 7.87975 -95.5005 
v -117.73 12.4688 -88.0791 
v -117.73 7.62175 -100.296 
v -117.684 11.2488 -95.6538 
v -117.737 7.43776 -100.367 
v -117.737 7.43776 -95.4575 
v -117.684 11.2488 -100.366 
v -117.687 11.0828 -100.367 
v -117.684 11.2827 -100.367 
v -131.967 -0.000240326 -81.4824 
v -122.204 3.09575 -81.5358 
v -122.54 5.86475 -81.5359 
v -122.204 5.86475 -81.5359 
v -121.34 5.86475 -81.5359 
v -121.004 5.86475 -81.5359 
v -120.404 5.86475 -81.5359 
v -120.14 3.09575 -81.5358 
v -119.804 3.09575 -81.5358 
v -130.604 5.86475 -81.5359 
v -129.404 3.09575 -81.5359 
v -129.741 5.86475 -81.5359 
v -129.404 5.86475 -81.5359 
v -129.14 3.09575 -81.5359 
v -128.804 3.09575 -81.5359 
v -129.14 5.86475 -81.5359 
v -128.804 5.86475 -81.5359 
v -128.204 3.09575 -81.5359 
v -127.604 3.09575 -81.5359 
v -127.34 5.86475 -81.5359 
v -127.004 5.86475 -81.5359 
v -125.204 3.09575 -81.5359 
v -125.204 5.86475 -81.5359 
v -124.604 5.86475 -81.5359 
v -124.34 5.86475 -81.5359 
v -144.65 3.09575 -105.538 
v -144.65 3.19675 -105.538 
v -118.117 3.09575 -105.538 
v -118.117 3.19675 -105.538 
v -119.567 6.07875 -81.6569 
v -119.567 5.82175 -81.6569 
v -118.994 5.82175 -81.6569 
v -131.394 6.07875 -81.6569 
v -131.394 5.82175 -81.6569 
v -127.104 3.16176 -81.6758 
v -126.046 3.05875 -81.6758 
v -125.595 3.16376 -81.6758 
v -124.104 3.16176 -81.6758 
v -121.273 3.05176 -81.6758 
v -120.768 3.17075 -81.6758 
v -123.037 3.06075 -81.6758 
v -122.604 3.16176 -81.6758 
v -118.042 14.9128 -97.9669 
v -118.042 14.3728 -97.9669 
v -119.39 3.10175 -81.8694 
v -119.39 3.24276 -81.8694 
v -119.104 3.16176 -81.8758 
v -141.542 10.9077 -107.195 
v -141.542 10.6498 -107.195 
v -145.627 21.2818 -98.0248 
v -144.259 21.2818 -98.0248 
v -145.627 20.6688 -98.3821 
v -144.259 20.6688 -98.3821 
v -118.23 21.2818 -98.0248 
v -116.861 21.2818 -98.0248 
v -118.23 20.6688 -98.3821 
v -116.861 20.6688 -98.3821 
v -144.65 3.09575 -105.038 
v -144.65 3.19675 -105.038 
v -118.117 3.09575 -105.038 
v -118.117 3.19675 -105.038 
v -131.543 3.09575 -82.3965 
v -141.033 1.59676 -109.294 
v -118.242 13.4978 -111.079 
v -116.859 13.4978 -111.079 
v -118.242 12.8968 -110.719 
v -116.859 12.8968 -110.719 
v -145.64 13.4978 -111.079 
v -144.257 13.4978 -111.079 
v -145.64 12.8968 -110.719 
v -144.257 12.8968 -110.719 
v -145.521 13.5008 -111.074 
v -117.009 13.5008 -111.074 
v -145.521 12.8998 -110.714 
v -117.009 12.8998 -110.714 
v -144.65 3.09575 -104.538 
v -144.65 3.19675 -104.538 
v -118.117 3.09575 -104.538 
v -118.117 3.19675 -104.538 
v -118.994 6.07875 -88.2113 
v -118.992 6.29976 -82.0517 
v -118.992 -0.000240326 -82.0517 
v -118.992 13.4998 -85.2134 
v -118.992 3.12676 -85.2135 
v -118.993 6.07875 -82.0444 
v -118.993 5.82175 -82.0444 
v -119.39 3.24276 -82.8694 
v -119.401 3.09575 -82.9965 
v -119.39 3.24276 -85.8694 
v -119.39 3.10175 -85.8694 
v -119.39 3.24276 -85.3695 
v -119.39 3.10175 -82.3032 
v -119.39 3.24276 -87.3695 
v -119.39 3.10175 -87.3695 
v -119.39 3.10175 -87.8033 
v -119.39 3.24276 -86.8695 
v -119.39 3.24276 -86.3695 
v -119.39 3.10175 -86.3695 
v -119.39 3.24276 -87.8695 
v -119.39 3.24276 -88.3033 
v -119.39 3.10175 -88.3033 
v -144.65 3.09575 -104.038 
v -144.65 3.19675 -104.038 
v -118.117 3.09575 -104.038 
v -118.117 3.19675 -104.038 
v -119.804 5.86475 -81.7936 
v -144.65 3.09575 -103.538 
v -144.65 3.19675 -103.538 
v -118.117 3.09575 -103.538 
v -118.117 3.19675 -103.538 
v -118.195 15.6368 -88.6876 
v -144.564 15.6368 -88.6877 
v -120.404 3.09575 -81.7936 
v -144.65 3.09575 -103.038 
v -144.65 3.19675 -103.038 
v -118.117 3.09575 -103.038 
v -118.117 3.19675 -103.038 
v -138.991 11.3188 -88.507 
v -138.991 11.1188 -88.507 
v -138.991 11.1188 -88.0689 
v -138.99 7.30976 -88.5071 
v -144.65 3.09575 -102.538 
v -144.65 3.19675 -102.538 
v -118.117 3.09575 -102.538 
v -118.117 3.19675 -102.538 
v -131.367 13.4098 -84.6442 
v -144.65 3.09575 -102.038 
v -144.65 3.19675 -102.038 
v -118.117 3.09575 -102.038 
v -118.117 3.19675 -102.038 
v -119.401 3.09575 -85.3966 
v -131.801 3.09575 -85.3966 
v -144.65 3.09575 -101.538 
v -144.65 3.19675 -101.538 
v -118.117 3.09575 -101.538 
v -118.117 3.19675 -101.538 
v -122.204 3.09575 -81.7936 
v -122.204 5.86475 -81.7936 
v -119.592 13.4998 -85.2134 
v -131.967 13.4098 -85.2134 
v -131.367 13.4098 -85.2134 
v -144.65 3.09575 -101.038 
v -144.65 3.19675 -101.038 
v -118.117 3.09575 -101.038 
v -118.117 3.19675 -101.038 
v -122.898 3.38875 -88.5056 
v -122.898 3.13076 -88.5056 
v -122.898 10.9077 -88.5056 
v -122.898 10.6498 -88.5056 
v -144.65 3.09575 -100.538 
v -144.65 3.19675 -100.538 
v -118.117 3.09575 -100.538 
v -118.117 3.19675 -100.538 
v -144.555 11.2768 -100.414 
v -144.558 11.0768 -100.414 
v -144.993 11.2827 -100.414 
v -144.996 11.0828 -100.414 
v -144.608 7.43175 -100.414 
v -144.61 7.23175 -100.414 
v -145.046 7.43776 -100.414 
v -145.048 7.23775 -100.414 
v -144.993 11.2488 -100.413 
v -144.555 11.2428 -100.413 
v -145.048 7.27275 -100.413 
v -144.61 7.26676 -100.413 
v -117.684 11.2827 -100.367 
v -117.687 11.0828 -100.367 
v -118.122 11.2888 -100.367 
v -118.125 11.0887 -100.367 
v -117.737 7.43776 -100.367 
v -117.739 7.23775 -100.367 
v -118.175 7.44376 -100.367 
v -118.175 7.44376 -100.367 
v -117.739 7.23775 -100.367 
v -118.178 7.24376 -100.367 
v -118.123 11.2547 -100.366 
v -117.684 11.2488 -100.366 
v -118.177 7.27875 -100.366 
v -117.739 7.27275 -100.366 
v -136.617 11.2848 -88.507 
v -136.617 7.30976 -88.5071 
v -123.404 5.86475 -81.7937 
v -144.65 3.09575 -100.038 
v -144.65 3.19675 -100.038 
v -118.117 3.09575 -100.038 
v -118.117 3.19675 -100.038 
v -144.65 3.09575 -99.5376 
v -144.65 3.19675 -99.5376 
v -118.117 3.09575 -99.5376 
v -118.117 3.19675 -99.5376 
v -131.967 -0.000240326 -82.0517 
v -131.367 -0.000240326 -82.0517 
v -119.592 -0.000240326 -82.0517 
v -118.195 -0.000240326 -88.6877 
v -144.563 -0.000240326 -88.6877 
v -124.004 3.09575 -81.7937 
v -124.004 5.86475 -81.7937 
v -131.876 3.10175 -87.8695 
v -118.122 11.2888 -95.4575 
v -118.123 11.2547 -100.166 
v -118.164 5.61876 -88.079 
v -144.604 10.3258 -88.079 
v -134.145 10.3258 -88.0832 
v -144.65 3.09575 -99.0376 
v -144.65 3.19675 -99.0376 
v -118.117 3.09575 -99.0376 
v -118.117 3.19675 -99.0376 
v -136.417 11.2848 -88.507 
v -134.277 11.2848 -88.507 
v -138.79 11.2848 -88.507 
v -124.604 3.09575 -81.7937 
v -144.555 11.2428 -95.7003 
v -118.23 12.3068 -84.0204 
v -144.65 3.09575 -98.5376 
v -144.65 3.19675 -98.5376 
v -118.117 3.09575 -98.5376 
v -118.117 3.19675 -98.5376 
v -123.155 10.8288 -88.5056 
v -127.855 10.8288 -88.5056 
v -125.204 3.09575 -81.7937 
v -125.204 5.86475 -81.7937 
v -122.998 10.5838 -88.517 
v -127.762 10.5838 -88.517 
v -144.65 3.09575 -98.0376 
v -144.65 3.19675 -98.0376 
v -118.117 3.09575 -98.0376 
v -118.117 3.19675 -98.0376 
v -144.739 14.3728 -97.9669 
v -144.739 14.9128 -97.9669 
v -118.042 14.3728 -97.9669 
v -118.042 14.9128 -97.9669 
v -134.154 7.87876 -88.517 
v -144.65 3.09575 -97.5376 
v -144.65 3.19675 -97.5376 
v -118.117 3.09575 -97.5376 
v -118.117 3.19675 -97.5376 
v -126.404 5.86475 -81.7937 
v -144.65 3.09575 -97.0376 
v -144.65 3.19675 -97.0376 
v -118.117 3.09575 -97.0376 
v -118.117 3.19675 -97.0376 
v -144.65 3.09575 -96.5376 
v -144.65 3.19675 -96.5376 
v -118.117 3.09575 -96.5376 
v -118.117 3.19675 -96.5376 
v -127.004 3.09575 -81.7937 
v -127.004 5.86475 -81.7937 
v -131.876 3.10175 -88.3033 
v -122.54 3.09575 -81.7936 
v -119.401 3.09575 -85.1329 
v -119.401 3.09575 -86.933 
v -130.604 3.09575 -81.7936 
v -129.741 3.09575 -81.7936 
v -128.804 3.09575 -81.7936 
v -131.543 3.09575 -85.1329 
v -131.801 3.09575 -85.1329 
v -131.801 3.09575 -86.933 
v -131.801 3.09575 -86.3329 
v -126.14 3.09575 -81.7937 
v -124.34 3.09575 -81.7937 
v -123.14 3.09575 -81.7936 
v -119.592 3.12676 -85.2135 
v -136.58 3.13076 -107.195 
v -123.155 3.12876 -88.5056 
v -127.597 3.12876 -88.5056 
v -131.367 3.21576 -85.2135 
v -144.65 3.09575 -96.0376 
v -144.65 3.19675 -96.0376 
v -118.117 3.09575 -96.0376 
v -118.117 3.19675 -96.0376 
v -127.701 7.87975 -88.517 
v -127.701 7.62175 -88.517 
v -144.993 11.2488 -95.7003 
v -144.555 11.2428 -95.7003 
v -145.048 7.27275 -95.7003 
v -144.61 7.26676 -95.7003 
v -127.762 10.3258 -88.517 
v -118.123 11.2547 -95.6538 
v -117.684 11.2488 -95.6538 
v -118.177 7.27875 -95.6538 
v -117.739 7.27275 -95.6538 
v -131.901 6.07875 -82.0444 
v -131.901 5.82175 -82.0444 
v -131.876 3.24276 -86.3032 
v -131.876 3.24276 -85.8032 
v -131.876 3.24276 -85.3032 
v -131.876 3.24276 -82.3032 
v -131.876 3.24276 -83.3032 
v -131.876 3.24276 -87.8033 
v -131.876 3.24276 -87.3033 
v -131.876 3.24276 -86.8032 
v -131.876 3.24276 -88.3033 
v -123.045 7.87975 -88.517 
v -118.164 7.87975 -95.5005 
v -144.604 7.87975 -95.5623 
v -144.604 7.62175 -95.5623 
v -145.038 7.87975 -95.5623 
v -145.038 7.62175 -95.5623 
v -138.872 7.87876 -88.517 
v -144.604 10.5838 -95.5426 
v -144.604 10.3258 -95.5427 
v -145.038 10.5838 -95.5426 
v -145.038 10.3258 -95.5427 
v -144.65 3.09575 -95.5376 
v -144.65 3.19675 -95.5376 
v -118.117 3.09575 -95.5376 
v -118.117 3.19675 -95.5376 
v -117.73 10.5838 -95.515 
v -117.73 10.3258 -95.515 
v -118.164 10.5838 -95.515 
v -118.164 10.3258 -95.515 
v -117.73 7.87975 -95.5005 
v -117.73 7.62175 -95.5005 
v -118.164 7.87975 -95.5005 
v -118.164 7.62175 -95.5005 
v -118.175 7.44376 -95.4575 
v -128.204 5.86475 -81.7937 
v -134.081 7.47376 -88.5071 
v -144.65 3.09575 -95.0376 
v -144.65 3.19675 -95.0376 
v -118.117 3.09575 -95.0376 
v -118.117 3.19675 -95.0376 
v -144.608 7.43175 -95.5039 
v -144.65 3.09575 -94.5376 
v -144.65 3.19675 -94.5376 
v -118.117 3.09575 -94.5376 
v -118.117 3.19675 -94.5376 
v -144.65 3.09575 -94.0377 
v -144.65 3.19675 -94.0377 
v -118.117 3.09575 -94.0377 
v -118.117 3.19675 -94.0377 
v -119.592 6.29976 -82.0517 
v -131.367 6.20975 -82.0517 
v -119.567 6.07875 -88.2113 
v -119.567 5.82175 -88.2113 
v -121.34 5.86475 -81.7936 
v -129.741 5.86475 -81.7937 
v -144.65 3.09575 -93.5377 
v -144.65 3.19675 -93.5377 
v -118.117 3.09575 -93.5377 
v -118.117 3.19675 -93.5377 
v -127.94 5.86475 -81.7937 
v -126.14 5.86475 -81.7937 
v -125.54 5.86475 -81.7937 
v -123.14 5.86475 -81.7936 
v -144.65 3.09575 -93.0377 
v -144.65 3.19675 -93.0377 
v -118.117 3.09575 -93.0377 
v -118.117 3.19675 -93.0377 
v -128.97 11.1308 -107.212 
v -144.65 3.09575 -92.5377 
v -144.65 3.19675 -92.5377 
v -118.117 3.09575 -92.5377 
v -118.117 3.19675 -92.5377 
v -136.417 7.30976 -88.5071 
v -144.65 3.09575 -92.0377 
v -144.65 3.19675 -92.0377 
v -118.117 3.09575 -92.0377 
v -118.117 3.19675 -92.0377 
v -138.872 7.62076 -88.517 
v -123.045 7.62175 -88.517 
v -118.164 7.62175 -100.296 
v -118.125 11.0887 -95.4575 
v -127.861 3.38875 -88.5056 
v -144.65 3.09476 -91.5377 
v -144.65 3.19675 -91.5377 
v -118.117 3.09575 -91.5377 
v -118.117 3.19675 -91.5377 
v -136.58 3.38875 -107.195 
v -144.65 3.09476 -91.0377 
v -144.65 3.19675 -91.0377 
v -118.117 3.09575 -91.0377 
v -118.117 3.19675 -91.0377 
v -144.65 3.09476 -90.5377 
v -144.65 3.19675 -90.5377 
v -118.117 3.09575 -90.5377 
v -118.117 3.19675 -90.5377 
v -144.65 3.09476 -90.0377 
v -144.65 3.19675 -90.0377 
v -118.117 3.09575 -90.0377 
v -118.117 3.19675 -90.0377 
v -144.65 3.09476 -89.5377 
v -144.65 3.19675 -89.5377 
v -118.117 3.09575 -89.5377 
v -118.117 3.19675 -89.5377 
v -134.081 11.1188 -88.507 
v -137.086 1.59676 -109.294 
v -124.091 10.3258 -107.196 
v -138.885 10.3258 -88.517 
v -145.55 13.2008 -84.144 
v -116.89 13.2008 -84.144 
v -145.55 12.5868 -84.5011 
v -116.89 12.5868 -84.5011 
v -144.65 3.09476 -89.0377 
v -144.65 3.19675 -89.0377 
v -118.117 3.09575 -89.0377 
v -118.117 3.19675 -89.0377 
v -118.195 15.6368 -88.6876 
v -117.595 15.6368 -88.6876 
v -118.195 -0.000240326 -88.6877 
v -117.595 -0.000240326 -88.6877 
v -145.163 15.6368 -88.6877 
v -144.564 15.6368 -88.6877 
v -145.163 -0.000240326 -88.6877 
v -144.563 -0.000240326 -88.6877 
v -144.65 3.09476 -88.5377 
v -144.65 3.19675 -88.5375 
v -118.117 3.09575 -88.5375 
v -118.117 3.19675 -88.5375 
v -136.617 11.2848 -88.507 
v -136.417 11.2848 -88.507 
v -136.617 7.30976 -88.5071 
v -136.417 7.30976 -88.5071 
v -138.991 7.27376 -88.5071 
v -138.991 7.47376 -88.5071 
v -134.081 7.27376 -88.5071 
v -134.081 7.47376 -88.5071 
v -134.277 11.2848 -88.507 
v -134.077 11.2848 -88.507 
v -134.277 7.30976 -88.5071 
v -134.077 7.30976 -88.5071 
v -138.991 11.1188 -88.507 
v -138.991 11.3188 -88.507 
v -134.081 11.1188 -88.507 
v -134.081 11.3188 -88.507 
v -138.99 11.2848 -88.507 
v -138.79 11.2848 -88.507 
v -138.99 7.30976 -88.5071 
v -138.79 7.30976 -88.5071 
v -138.872 7.87876 -88.517 
v -138.872 7.62076 -88.517 
v -145.045 7.87876 -88.517 
v -145.045 7.62076 -88.517 
v -117.725 7.87975 -88.517 
v -117.725 7.62175 -88.517 
v -123.045 7.87975 -88.517 
v -123.045 7.62175 -88.517 
v -117.726 10.5838 -88.517 
v -117.726 10.3258 -88.517 
v -122.998 10.5838 -88.517 
v -122.998 10.3258 -88.517 
v -117.725 5.61876 -88.5172 
v -117.725 5.36075 -88.5172 
v -123.045 5.61876 -88.5172 
v -123.045 5.36075 -88.5172 
v -117.726 14.7708 -88.5172 
v -117.726 14.5128 -88.5172 
v -145.045 14.7708 -88.5172 
v -145.045 14.5128 -88.5172 
v -127.701 7.87975 -88.517 
v -127.701 7.62175 -88.517 
v -134.154 7.87876 -88.517 
v -134.154 7.62175 -88.517 
v -117.726 12.7267 -88.5172 
v -117.726 12.4698 -88.5172 
v -145.045 12.7267 -88.5172 
v -145.045 12.4688 -88.5172 
v -127.74 5.61876 -88.5172 
v -127.74 5.36075 -88.5172 
v -145.045 5.61876 -88.5172 
v -145.045 5.36075 -88.5172 
v -138.885 10.5828 -88.517 
v -138.885 10.3258 -88.517 
v -145.015 10.5828 -88.517 
v -145.015 10.3248 -88.517 
v -127.762 10.5838 -88.517 
v -127.762 10.3258 -88.517 
v -134.145 10.5828 -88.517 
v -134.145 10.3258 -88.517 
v -127.861 3.13076 -88.5056 
v -127.861 3.38875 -88.5056 
v -122.898 3.13076 -88.5056 
v -122.898 3.38875 -88.5056 
v -123.155 10.8288 -88.5056 
v -122.897 10.8288 -88.5056 
v -123.155 3.12876 -88.5056 
v -122.897 3.12876 -88.5056 
v -127.855 10.8288 -88.5056 
v -127.597 10.8288 -88.5056 
v -127.855 3.12876 -88.5056 
v -127.597 3.12876 -88.5056 
v -127.861 10.6498 -88.5056 
v -127.861 10.9077 -88.5056 
v -122.898 10.6498 -88.5056 
v -122.898 10.9077 -88.5056 
v -117.725 3.31876 -88.4139 
v -117.725 3.06075 -88.4139 
v -145.045 3.31876 -88.4139 
v -145.045 3.06075 -88.4139 
v -119.39 3.24276 -88.3033 
v -119.39 3.10175 -88.3033 
v -131.876 3.24276 -88.3033 
v -131.876 3.10175 -88.3033 
v -131.417 12.1598 -88.2113 
v -131.417 11.9018 -88.2113 
v -131.953 12.1598 -88.2113 
v -131.953 11.9018 -88.2113 
v -118.994 12.1598 -88.2113 
v -118.994 11.9018 -88.2113 
v -119.567 12.1598 -88.2113 
v -119.567 11.9018 -88.2113 
v -118.994 6.07875 -88.2113 
v -118.994 5.82175 -88.2113 
v -119.567 6.07875 -88.2113 
v -119.567 5.82175 -88.2113 
v -131.394 6.07875 -88.2113 
v -131.394 5.82175 -88.2113 
v -131.967 6.07875 -88.2113 
v -131.967 5.82175 -88.2113 
v -119.39 3.24276 -87.8033 
v -119.39 3.10175 -87.8033 
v -131.876 3.24276 -87.8033 
v -131.876 3.10175 -87.8033 
v -119.143 3.09575 -87.5331 
v -119.401 3.09575 -87.5331 
v -119.143 5.86475 -87.5331 
v -119.401 5.86475 -87.5331 
v -131.543 3.09575 -87.5331 
v -131.801 3.09575 -87.5331 
v -131.543 5.86475 -87.5331 
v -131.801 5.86475 -87.5331 
v -119.39 3.24276 -87.3033 
v -119.39 3.10175 -87.3033 
v -131.876 3.24276 -87.3033 
v -131.876 3.10175 -87.3033 
v -119.143 3.09575 -86.933 
v -119.401 3.09575 -86.933 
v -119.143 5.86475 -86.933 
v -119.401 5.86475 -86.933 
v -131.543 3.09575 -86.933 
v -131.801 3.09575 -86.933 
v -131.543 5.86475 -86.933 
v -131.801 5.86475 -86.933 
v -119.39 3.24276 -86.8032 
v -119.39 3.10175 -86.8032 
v -131.876 3.24276 -86.8032 
v -131.876 3.10175 -86.8032 
v -119.143 3.09575 -86.333 
v -119.401 3.09575 -86.333 
v -119.143 5.86475 -86.3329 
v -119.401 5.86475 -86.3329 
v -131.543 3.09575 -86.3329 
v -131.801 3.09575 -86.3329 
v -131.543 5.86475 -86.3329 
v -131.801 5.86475 -86.3329 
v -119.39 3.24276 -86.3032 
v -119.39 3.10175 -86.3032 
v -131.876 3.24276 -86.3032 
v -131.876 3.10175 -86.3032 
v -119.39 3.24276 -85.8032 
v -119.39 3.10175 -85.8032 
v -131.876 3.24276 -85.8032 
v -131.876 3.10175 -85.8032 
v -119.143 3.09575 -85.7329 
v -119.401 3.09575 -85.7329 
v -119.143 5.86475 -85.7329 
v -119.401 5.86475 -85.7329 
v -131.543 3.09575 -85.7329 
v -131.801 3.09575 -85.7329 
v -131.543 5.86475 -85.7329 
v -131.801 5.86475 -85.7329 
v -119.39 3.24276 -85.3032 
v -119.39 3.10175 -85.3032 
v -131.876 3.24276 -85.3032 
v -131.876 3.10175 -85.3032 
v -131.967 13.4098 -85.2134 
v -131.367 13.4098 -85.2134 
v -131.967 3.21576 -85.2135 
v -131.367 3.21576 -85.2135 
v -119.592 13.4998 -85.2134 
v -118.992 13.4998 -85.2134 
v -119.592 3.12676 -85.2135 
v -118.992 3.12676 -85.2135 
v -119.143 3.09575 -85.1329 
v -119.401 3.09575 -85.1329 
v -119.143 5.86475 -85.1329 
v -119.401 5.86475 -85.1329 
v -131.543 3.09575 -85.1329 
v -131.801 3.09575 -85.1329 
v -131.543 5.86475 -85.1329 
v -131.801 5.86475 -85.1329 
v -119.39 3.24276 -84.8032 
v -119.39 3.10175 -84.8032 
v -131.876 3.24276 -84.8032 
v -131.876 3.10175 -84.8032 
v -119.143 3.09575 -84.533 
v -119.401 3.09575 -84.533 
v -119.143 5.86475 -84.533 
v -119.401 5.86475 -84.533 
v -131.543 3.09575 -84.533 
v -131.801 3.09575 -84.533 
v -131.543 5.86475 -84.533 
v -131.801 5.86475 -84.533 
v -119.39 3.24276 -84.3032 
v -119.39 3.10175 -84.3032 
v -131.876 3.24276 -84.3032 
v -131.876 3.10175 -84.3032 
v -119.143 3.09575 -83.9329 
v -119.401 3.09575 -83.9329 
v -119.143 5.86475 -83.9329 
v -119.401 5.86475 -83.9329 
v -131.543 3.09575 -83.9329 
v -131.801 3.09575 -83.9329 
v -131.543 5.86475 -83.9329 
v -131.801 5.86475 -83.9329 
v -119.39 3.24276 -83.8032 
v -119.39 3.10175 -83.8032 
v -131.876 3.24276 -83.8032 
v -131.876 3.10175 -83.8032 
v -119.143 3.09575 -83.3329 
v -119.401 3.09575 -83.3329 
v -119.143 5.86475 -83.3329 
v -119.401 5.86475 -83.3329 
v -131.543 3.09575 -83.3329 
v -131.801 3.09575 -83.3329 
v -131.543 5.86475 -83.3329 
v -131.801 5.86475 -83.3329 
v -119.39 3.24276 -83.3032 
v -119.39 3.10175 -83.3032 
v -131.876 3.24276 -83.3032 
v -131.876 3.10175 -83.3032 
v -119.39 3.24276 -82.8032 
v -119.39 3.10175 -82.8032 
v -131.876 3.24276 -82.8032 
v -131.876 3.10175 -82.8032 
v -131.543 3.09575 -82.7329 
v -131.801 3.09575 -82.7329 
v -131.543 5.86475 -82.7329 
v -131.801 5.86475 -82.7329 
v -119.143 3.09575 -82.7329 
v -119.401 3.09575 -82.7329 
v -119.143 5.86475 -82.7329 
v -119.401 5.86475 -82.7329 
v -119.39 3.24276 -82.3032 
v -119.39 3.10175 -82.3032 
v -131.876 3.24276 -82.3032 
v -131.876 3.10175 -82.3032 
v -131.967 6.20975 -82.0517 
v -131.367 6.20975 -82.0517 
v -131.967 -0.000240326 -82.0517 
v -131.367 -0.000240326 -82.0517 
v -119.592 6.29976 -82.0517 
v -118.992 6.29976 -82.0517 
v -119.592 -0.000240326 -82.0517 
v -118.992 -0.000240326 -82.0517 
v -118.993 6.07875 -82.0444 
v -118.993 5.82175 -82.0444 
v -131.901 6.07875 -82.0444 
v -131.901 5.82175 -82.0444 
v -122.204 3.09575 -81.7936 
v -122.54 3.09575 -81.7936 
v -122.204 5.86475 -81.7936 
v -122.54 5.86475 -81.7936 
v -121.604 3.09575 -81.7936 
v -121.94 3.09575 -81.7936 
v -121.604 5.86475 -81.7936 
v -121.94 5.86475 -81.7936 
v -121.004 3.09575 -81.7936 
v -121.34 3.09575 -81.7936 
v -121.004 5.86475 -81.7936 
v -121.34 5.86475 -81.7936 
v -120.404 3.09575 -81.7936 
v -120.74 3.09575 -81.7936 
v -120.404 5.86475 -81.7936 
v -120.74 5.86475 -81.7936 
v -119.804 3.09575 -81.7936 
v -120.14 3.09575 -81.7936 
v -119.804 5.86475 -81.7936 
v -120.14 5.86475 -81.7936 
v -130.604 3.09575 -81.7936 
v -130.941 3.09575 -81.7936 
v -130.604 5.86475 -81.7936 
v -130.941 5.86475 -81.7936 
v -130.004 3.09575 -81.7936 
v -130.341 3.09575 -81.7936 
v -130.004 5.86475 -81.7937 
v -130.341 5.86475 -81.7937 
v -129.404 3.09575 -81.7936 
v -129.741 3.09575 -81.7936 
v -129.404 5.86475 -81.7937 
v -129.741 5.86475 -81.7937 
v -128.804 3.09575 -81.7936 
v -129.14 3.09575 -81.7936 
v -128.804 5.86475 -81.7937 
v -129.14 5.86475 -81.7937 
v -128.204 3.09575 -81.7936 
v -128.54 3.09575 -81.7936 
v -128.204 5.86475 -81.7937 
v -128.54 5.86475 -81.7937 
v -127.604 3.09575 -81.7936 
v -127.94 3.09575 -81.7936 
v -127.604 5.86475 -81.7937 
v -127.94 5.86475 -81.7937 
v -127.004 3.09575 -81.7937 
v -127.34 3.09575 -81.7937 
v -127.004 5.86475 -81.7937 
v -127.34 5.86475 -81.7937 
v -126.404 3.09575 -81.7937 
v -126.74 3.09575 -81.7937 
v -126.404 5.86475 -81.7937 
v -126.74 5.86475 -81.7937 
v -125.804 3.09575 -81.7937 
v -126.14 3.09575 -81.7937 
v -125.804 5.86475 -81.7937 
v -126.14 5.86475 -81.7937 
v -125.204 3.09575 -81.7937 
v -125.54 3.09575 -81.7937 
v -125.204 5.86475 -81.7937 
v -125.54 5.86475 -81.7937 
v -124.604 3.09575 -81.7937 
v -124.94 3.09575 -81.7937 
v -124.604 5.86475 -81.7937 
v -124.94 5.86475 -81.7937 
v -124.004 3.09575 -81.7937 
v -124.34 3.09575 -81.7937 
v -124.004 5.86475 -81.7937 
v -124.34 5.86475 -81.7937 
v -123.404 3.09575 -81.7937 
v -123.74 3.09575 -81.7937 
v -123.404 5.86475 -81.7937 
v -123.74 5.86475 -81.7937 
v -122.804 3.09575 -81.7936 
v -123.14 3.09575 -81.7936 
v -122.804 5.86475 -81.7936 
v -123.14 5.86475 -81.7936 
v -119.063 3.25975 -81.7076 
v -119.063 3.00176 -81.7076 
v -131.961 3.25975 -81.7076 
v -131.961 3.00176 -81.7076 

vn 0 0 -1 
vn 0 0 -1 
vn 0 -0.708661 -0.708661 
vn 0 -0.708661 -0.708661 
vn 0 -0.708661 -0.708661 
vn 0 -0.708661 -0.708661 
vn 0 0 -1 
vn 0 0 -1 
vn 0 0.858268 -0.511811 
vn 0 0.858268 -0.511811 
vn 0 0.858268 -0.511811 
vn -1 0 0 
vn -1 0 0 
vn -1 0 0 
vn -1 0 0 
vn -1 0.015748 0 
vn -1 0 0 
vn -1 0 0 
vn -1 0 0 
vn -1 0 0 
vn -1 0 0 
vn 0 0 -1 
vn -1 0 0 
vn -1 0 0 
vn 0 0 -1 
vn 0 0 -1 
vn 0 0 -1 
vn 0 0 -1 
vn 0 0 -1 
vn 0 0 -1 
vn 0 0 -1 
vn 0 0 -1 
vn 0 0 -1 
vn 0 0 -1 
vn 0 0 -1 
vn 0 0 -1 
vn 0 0 -1 
vn 0 0 -1 
vn 0 0 -1 
vn 0 0 -1 
vn 0 0 -1 
vn 0 0 -1 
vn 0 0 -1 
vn 0 0 -1 
vn 0 0 -1 
vn 0 0 -1 
vn 0 0 -1 
vn 0 0 -1 
vn 0 0 -1 
vn 0 0 -1 
vn 0 0 -1 
vn 1 0 0 
vn 1 0 0 
vn 1 0 0 
vn 1 0 0 
vn 1 0 0 
vn 1 0 0 
vn 1 0 0 
vn 1 0 0 
vn 1 0 0 
vn 1 0 0 
vn 1 0 0 
vn 1 0 0 
vn 1 0 0 
vn 1 0 0 
vn 1 0 0 
vn 1 0 0 
vn 1 0 0 
vn 1 0 0 
vn 1 0 0 
vn 1 0 0 
vn 1 0 0 
vn 1 0 0 
vn 1 0 0 
vn 1 0 0 
vn 1 0 0 
vn 1 0 0 
vn 1 0 0 
vn 1 0 0 
vn 1 0 0 
vn 1 0 0 
vn 1 0 0 
vn 1 0 0 
vn 1 0 0 
vn 1 0 0 
vn 1 0 0 
vn 1 0 0 
vn 1 0 0 
vn 1 0 0 
vn 1 0 0 
vn 1 0 0 
vn 1 0 0 
vn 1 0 0 
vn 1 0 0 
vn 1 0 0 
vn 1 0 0 
vn 1 0 0 
vn 1 0 0 
vn 1 0 0 
vn 1 0 0 
vn 1 0 0 
vn 1 0 0 
vn 1 0 0 
vn 1 0 0 
vn 1 0 0 
vn 1 0 0 
vn 1 0 0 
vn 1 0 0 
vn 1 0 0 
vn 1 0 0 
vn 1 0 0 
vn 1 0 0 
vn 1 0 0 
vn 1 0 0 
vn 1 0 0 
vn 1 0 0 
vn 1 0 0 
vn 1 0 0 
vn 1 0 0 
vn 1 0 0 
vn 1 0 0 
vn 1 0 0 
vn 1 0 0 
vn 1 0 0 
vn 1 0 0 
vn 1 0 0 
vn 1 0 0 
vn 1 0 0 
vn 1 0 0 
vn 1 0 0 
vn 1 0 0 
vn 1 0 0 
vn 1 0 0 
vn 1 0 0 
vn 1 0 0 
vn 1 0 0 
vn 1 0 0 
vn 1 0 0 
vn 1 0 0 
vn 1 0 0 
vn 1 0 0 
vn 1 0 0 
vn 1 0 0 
vn 1 0 0 
vn 1 0 0 
vn 1 0 0 
vn 1 0 0 
vn 1 -0.015748 0 
vn 1 -0.015748 0 
vn 1 -0.015748 0 
vn 1 -0.015748 0 
vn 1 -0.015748 0 
vn 1 -0.015748 0 
vn 1 -0.015748 0 
vn 1 -0.015748 0 
vn 1 -0.015748 0 
vn 1 -0.015748 0 
vn 1 -0.015748 0 
vn 1 -0.015748 0 
vn 1 -0.015748 0 
vn 1 -0.015748 0 
vn 1 -0.015748 0 
vn 1 -0.015748 0 
vn 0 0 1 
vn 0 0 1 
vn 0 0 1 
vn 0 0 1 
vn 0 0 1 
vn 0 0 1 
vn 0 0 1 
vn 0 0 1 
vn 0 0 1 
vn 0 0 1 
vn 0 0 1 
vn 0 0 1 
vn 0 0 1 
vn 1 0 0 
vn 1 0 0 
vn 1 0 0 
vn 1 0 0 
vn 1 0 0 
vn 1 0 0 
vn 1 0 0 
vn 1 0 0 
vn 1 0 0 
vn 1 0 0 
vn 1 0 0 
vn 1 0 0 
vn 1 0 0 
vn 1 0 0 
vn 1 0 0 
vn 1 0 0 
vn 1 0 0 
vn 1 0 0 
vn 1 0 0 
vn 1 0 0 
vn 1 0 0 
vn 1 0 0 
vn 1 0 0 
vn 1 0 0 
vn 1 0 0 
vn 1 0 0 
vn 1 0 0 
vn 1 0 0 
vn 1 0 0 
vn 1 0 0 
vn 1 0 0 
vn 1 0 0 
vn 1 0 0 
vn 1 0 0 
vn 1 0 0 
vn 1 0 0 
vn 1 0 0 
vn 1 0 0 
vn 1 0 0 
vn 1 0 0 
vn 1 0 0 
vn 1 0 0 
vn 1 0 0 
vn 1 0 0 
vn 1 0 0 
vn 1 0 0 
vn 1 0 0 
vn 1 0 0 
vn 1 0 0 
vn 1 0 0 
vn 1 0 0 
vn 1 0 0 
vn 1 0 0 
vn 1 0 0 
vn 1 0 0 
vn 1 0 0 
vn 1 0 0 
vn 1 0 0 
vn 1 0 0 
vn 1 0 0 
vn 1 0 0 
vn 1 0 0 
vn 1 0 0 
vn 1 0 0 
vn 1 0 0 
vn 1 0 0 
vn 1 0 0 
vn 1 0 0 
vn 1 0 0 
vn 1 0 0 
vn 1 0 0 
vn 1 0 0 
vn 1 0 0 
vn 1 0 0 
vn 1 0 0 
vn 1 0 0 
vn 1 0 0 
vn 1 0 0 
vn 1 0 0 
vn 1 0 0 
vn 1 0 0 
vn 1 0 0 
vn 1 0 0 
vn 1 0 0 
vn 1 0 0 
vn 1 0 0 
vn 1 0 0 
vn 1 0 0 
vn 1 0 0 
vn 1 0 0 
vn 1 0 0 
vn 1 0 0 
vn 1 0 0 
vn 1 0 0 
vn 1 0 0 
vn 1 0 0 
vn 1 0 0 
vn 1 0 0 
vn 1 0 0 
vn 1 0 0 
vn 1 0 0 
vn 1 0 0 
vn 1 0 0 
vn 1 0 0 
vn 1 0 0 
vn 1 0 0 
vn 1 0 0 
vn 1 0 0 
vn 1 0 0 
vn 1 0 0 
vn 1 0 0 
vn 1 0 0 
vn 1 0 0 
vn 1 0 0 
vn 1 0 0 
vn 1 0 0 
vn 1 0 0 
vn 1 0 0 
vn 1 0 0 
vn 1 0 0 
vn 1 0 0 
vn 1 0 0 
vn 1 0 0 
vn 1 0 0 
vn 1 0 0 
vn 1 0 0 
vn 1 0 0 
vn 1 0 0 
vn 1 0 0 
vn 1 0 0 
vn 1 0 0 
vn 1 0 0 
vn 1 0 0 
vn 1 0 0 
vn 1 0 0 
vn 1 0 0 
vn 1 0 0 
vn 1 0 0 
vn 1 0 0 
vn 1 0 0 
vn 1 0 0 
vn 1 0 0 
vn 1 0 0 
vn 1 0 0 
vn 1 0 0 
vn 1 0 0 
vn 1 0 0 
vn 1 0 0 
vn 1 0 0 
vn 1 0 0 
vn 1 0 0 
vn 1 0 0 
vn 1 0 0 
vn 1 0 0 
vn 1 0 0 
vn 1 0 0 
vn 1 0 0 
vn 1 0 0 
vn 1 0 0 
vn 1 0 0 
vn 1 0 0 
vn 1 0 0 
vn 1 0 0 
vn 1 0 0 
vn -1 0 0 
vn 0 0.503937 -0.866142 
vn 0 0.503937 -0.866142 
vn -1 0 0 
vn 0 0 1 
vn 0 -0.511811 -0.858268 
vn 0 0.866142 0.503937 
vn 1 0 0 
vn 1 0 0 
vn 1 0 0 
vn 1 0 0 
vn 1 0 0 
vn 1 0 0 
vn 1 0 0 
vn 1 0 0 
vn 1 0 0 
vn 1 0 0 
vn 1 0 0 
vn 1 0 0 
vn 1 0 0 
vn 1 0 0 
vn 1 0 0 
vn 1 0 0 
vn 1 0 0 
vn 1 0 0 
vn 1 0 0 
vn 1 0 0 
vn 1 0 0 
vn 1 0 0 
vn 1 0 0 
vn 1 0 0 
vn 1 0 0 
vn 1 0 0 
vn 1 0 0 
vn 1 0 0 
vn 1 0 0 
vn 1 0 0 
vn 1 0 0 
vn 1 0 0 
vn 1 0 0 
vn 1 0 0 
vn 1 0 0 
vn 1 0 0 
vn 1 0 0 
vn 1 0 0 
vn 1 0 0 
vn 1 0 0 
vn 1 0 0 
vn 1 0 0 
vn 1 0 0 
vn 1 0 0 
vn 1 0 0 
vn 1 0 0 
vn 1 0 0 
vn 1 0 0 
vn 1 0 0 
vn 1 0 0 
vn 1 0 0 
vn 1 0 0 
vn 1 0 0 
vn 1 0 0 
vn 1 0 0 
vn 1 0 0 
vn 1 0 0 
vn 1 0 0 
vn 1 0 0 
vn 1 0 0 
vn 1 0 0 
vn 1 0 0 
vn 1 0 0 
vn 1 0 0 
vn 0 0 1 
vn 0 0 1 
vn 0 0 1 
vn 1 0 0 
vn 1 0 0 
vn 1 0 0 
vn 1 0 0 
vn 1 0 0 
vn 1 0 0 
vn 1 0 0 
vn 1 0 0 
vn 1 0 0 
vn 1 0 0 
vn 1 0 0 
vn 1 0 0 
vn 1 0 0 
vn 1 0 0 
vn 1 0 0 
vn 1 0 0 
vn 1 0 0 
vn 1 0 0 
vn 1 0 0 
vn 1 0 0 
vn 1 0 0 
vn 1 0 0 
vn 1 0 0 
vn 1 0 0 
vn 1 0 0 
vn 1 0 0 
vn 1 0 0 
vn 1 0 0 
vn 1 0 0 
vn 1 0 0 
vn 1 0 0 
vn 1 0 0 
vn 1 0 0 
vn 1 0 0 
vn 1 0 0 
vn 1 0 0 
vn 1 0 0 
vn 1 0 0 
vn 1 0 0 
vn 1 0 0 
vn 1 0 0 
vn 1 0 0 
vn 1 0 0 
vn 1 0 0 
vn 1 0 0 
vn 1 0 0 
vn 1 0 0 
vn 1 0 0 
vn 1 0 0 
vn 1 0 0 
vn 1 0 0 
vn 1 0 0 
vn 1 0 0 
vn 1 0 0 
vn 1 0 0 
vn 1 0 0 
vn 0 0 1 
vn 0 0 1 
vn 0 0 1 
vn 0 1 0 
vn 0 1 0 
vn 0 1 0 
vn 1 0 0 
vn 1 0 0 
vn 1 0 0 
vn 1 0 0 
vn 0 0 1 
vn 0 0 1 
vn 0 0 1 
vn 1 0 0 
vn 1 0 0 
vn 1 0 0 
vn 1 0 0 
vn -1 0 0 
vn -1 0 0 
vn -1 0 0 
vn 0 0 1 
vn 0 0 1 
vn 1 0 0 
vn 1 0 0 
vn 1 0 0 
vn 1 0 0 
vn 0 1 0 
vn 0 0 1 
vn 0 0 1 
vn 0 0 1 
vn 0 0.708661 -0.708661 
vn 0 0.708661 -0.708661 
vn 1 0 0 
vn 1 0 0 
vn 1 0 0 
vn 1 0 0 
vn 0 0 1 
vn 0 0 1 
vn 0 0 1 
vn 1 0 0 
vn 1 0 0 
vn 1 0 0 
vn 1 0 0 
vn 0 0 1 
vn 0 0 1 
vn 0 0 1 
vn 0 0 1 
vn 0 1 0 
vn 1 0 0 
vn 1 0 0 
vn 1 0 0 
vn 1 0 0 
vn 1 0 0 
vn 1 0 0 
vn 1 0 0 
vn 1 0 0 
vn 1 0 0 
vn 1 0 0 
vn 1 0 0 
vn 1 0 0 
vn 1 0 0 
vn 1 0 0 
vn 1 0 0 
vn 1 0 0 
vn 1 0 0 
vn 1 0 0 
vn 1 0 0 
vn 1 0 0 
vn 0 0 1 
vn -1 0 0 
vn 0 0 -1 
vn 0 0 -1 
vn 0 0 -1 
vn 0 1 0 
vn 0 0 -1 
vn -1 0 0 
vn -1 0 0 
vn 1 0 0 
vn 1 0 0 
vn 1 0 0 
vn 1 0 0 
vn 0 0 1 
vn 0 0 1 
vn 0 0 1 
vn 0 0 1 
vn 0 0 1 
vn 0 -1 0 
vn 0 -1 0 
vn 0 -1 0 
vn 0 -1 0 
vn 1 0 0 
vn 1 0 0 
vn 1 0 0 
vn 1 0 0 
vn 1 0 0 
vn 1 0 0 
vn 1 0 0 
vn 1 0 0 
vn 1 0 0 
vn 1 0 0 
vn 1 0 0 
vn 1 0 0 
vn 1 0 0 
vn 1 0 0 
vn 1 0 0 
vn 1 0 0 
vn 1 0 0 
vn 1 0 0 
vn 1 0 0 
vn 1 0 0 
vn 0 0 1 
vn 0 0 1 
vn 0 0 1 
vn 0 0 1 
vn 0 0 1 
vn 0 0 1 
vn 0 0 1 
vn 0 0 1 
vn 0 0 1 
vn 0 0 1 
vn 0 0 1 
vn 0 0 1 
vn 0 0 1 
vn 0 0 1 
vn 0 0 1 
vn 0 0 1 
vn 0 0 1 
vn 0 0 1 
vn 0 0 1 
vn 0 0 1 
vn 0 0 1 
vn 0 1 0 
vn 0 1 0 
vn 0 1 0 
vn 1 0 0 
vn 1 0 0 
vn 1 0 0 
vn 1 0 0 
vn 0 -1 0 
vn 0.015748 1 0 
vn 0 -0.503937 0.866142 
vn 0 1 0 
vn 0 1 0 
vn 1 0 0 
vn 1 0 0 
vn 1 0 0 
vn 1 0 0 
vn 0 1 0 
vn 1 0 0 
vn 1 0 0 
vn 1 0 0 
vn 1 0 0 
vn -1 0 0 
vn 1 0 0 
vn 1 0 0 
vn 1 0 0 
vn 1 0 0 
vn 0 0.511811 0.858268 
vn 0 -1 0 
vn 1 0 0 
vn 1 0 0 
vn 1 0 0 
vn 1 0 0 
vn 1 0 0 
vn 1 0 0 
vn 1 0 0 
vn 1 0 0 
vn 0 -1 0 
vn 0 -1 0 
vn 0 -1 0 
vn 0 -1 0 
vn 0 -1 0 
vn 0 -1 0 
vn 0 -1 0 
vn 0 -1 0 
vn 0 -1 0 
vn 0 -1 0 
vn 0 -1 0 
vn 0 -1 0 
vn 1 0 0 
vn 1 0 0 
vn 1 0 0 
vn 1 0 0 
vn 0 -1 0 
vn 0 -1 0 
vn 0 -1 0 
vn 0 -1 0 
vn 1 0 0 
vn 1 0 0 
vn 1 0 0 
vn 1 0 0 
vn 1 0 0 
vn 1 0 0 
vn 1 0 0 
vn 1 0 0 
vn 1 0 0 
vn 1 0 0 
vn 1 0 0 
vn 1 0 0 
vn 1 0 0 
vn 1 0 0 
vn 1 0 0 
vn 1 0 0 
vn 1 0 0 
vn 1 0 0 
vn 1 0 0 
vn 1 0 0 
vn -1 0 0 
vn -1 0 0 
vn 0 0 -1 
vn 0 1 0 
vn 0 1 0 
vn 0 0 -1 
vn -1 0 0 
vn -1 0 0 
vn 1 0 0 
vn 1 0 0 
vn 1 0 0 
vn 1 0 0 
vn 0 1 0 
vn 0.015748 1 0 
vn 1 0 0 
vn 1 0 0 
vn 1 0 0 
vn 1 0 0 
vn 1 0 0 
vn 1 0 0 
vn 1 0 0 
vn 1 0 0 
vn 1 0 0 
vn 1 0 0 
vn 1 0 0 
vn 1 0 0 
vn 1 0 0 
vn 1 0 0 
vn 1 0 0 
vn 1 0 0 
vn 1 0 0 
vn 1 0 0 
vn 1 0 0 
vn 1 0 0 
vn 1 0 0 
vn 1 0 0 
vn 1 0 0 
vn 1 0 0 
vn 0 1 0 
vn 0 1 0 
vn 0 1 0 
vn 0 1 0 
vn 0 1 0 
vn 1 0 0 
vn 1 0 0 
vn 1 0 0 
vn 1 0 0 
vn 1 0 0 
vn 1 0 0 
vn 1 0 0 
vn 1 0 0 
vn 1 0 0 
vn 1 0 0 
vn 1 0 0 
vn 1 0 0 
vn 0 -1 0 
vn 1 0 0 
vn 1 0 0 
vn 1 0 0 
vn 1 0 0 
vn 1 0 0 
vn 1 0 0 
vn 1 0 0 
vn 1 0 0 
vn 1 0 0 
vn 1 0 0 
vn 1 0 0 
vn 1 0 0 
vn 1 0 0 
vn 1 0 0 
vn 1 0 0 
vn 1 0 0 
vn 1 0 0 
vn 1 0 0 
vn 1 0 0 
vn 1 0 0 
vn 1 0 0 
vn 1 0 0 
vn 1 0 0 
vn 1 0 0 
vn 1 0 0 
vn 1 0 0 
vn 1 0 0 
vn 1 0 0 
vn 1 0 0 
vn 1 0 0 
vn 1 0 0 
vn 1 0 0 
vn 1 0 0 
vn 1 0 0 
vn 1 0 0 
vn 1 0 0 
vn 1 0 0 
vn 1 0 0 
vn 1 0 0 
vn 1 0 0 
vn 1 0 0 
vn 1 0 0 
vn 1 0 0 
vn 1 0 0 
vn 1 0 0 
vn 1 0 0 
vn 1 0 0 
vn 1 0 0 
vn 1 0 0 
vn 1 0 0 
vn 1 0 0 
vn 1 0 0 
vn 0 -1 0 
vn 0 0 1 
vn 1 0 0 
vn 1 0 0 
vn 1 0 0 
vn 1 0 0 
vn 1 0 0 
vn 1 0 0 
vn 1 0 0 
vn 1 0 0 
vn 0 1 0 
vn 1 0 0 
vn 1 0 0 
vn 1 0 0 
vn 1 0 0 
vn 1 0 0 
vn 1 0 0 
vn 1 0 0 
vn 1 0 0 
vn 1 0 0 
vn 1 0 0 
vn 1 0 0 
vn 1 0 0 
vn 0 1 0 
vn 0 -1 0 
vn 0 1 0 
vn 1 0 0 
vn 1 0 0 
vn 1 0 0 
vn 1 0 0 
vn 1 0 0 
vn 1 0 0 
vn 1 0 0 
vn 1 0 0 
vn 1 0 0 
vn 1 0 0 
vn 1 0 0 
vn 1 0 0 
vn 1 0 0 
vn 1 0 0 
vn 1 0 0 
vn 1 0 0 
vn 1 0 0 
vn 1 0 0 
vn 1 0 0 
vn 1 0 0 
vn 1 0 0 
vn 1 0 0 
vn 1 0 0 
vn 1 0 0 
vn 1 0 0 
vn 1 0 0 
vn 1 0 0 
vn 1 0 0 
vn 1 0 0 
vn 1 0 0 
vn 1 0 0 
vn 1 0 0 
vn 1 0 0 
vn 1 0 0 
vn 1 0 0 
vn 1 0 0 
vn 1 0 0 
vn 1 0 0 
vn 1 0 0 
vn 1 0 0 
vn 1 0 0 
vn 1 0 0 
vn 1 0 0 
vn 1 0 0 
vn 1 0 0 
vn 1 0 0 
vn 1 0 0 
vn 1 0 0 
vn 1 0 0 
vn 1 0 0 
vn 1 0 0 
vn 1 0 0 
vn 1 0 0 
vn 1 0 0 
vn 1 0 0 
vn 1 0 0 
vn 1 0 0 
vn 1 0 0 
vn 1 0 0 
vn 1 0 0 
vn 1 0 0 
vn 1 0 0 
vn 1 0 0 
vn 1 0 0 
vn 1 0 0 
vn 1 0 0 
vn 1 0 0 
vn 1 0 0 
vn 1 0 0 
vn 1 0 0 
vn 1 0 0 
vn 1 0 0 
vn 1 0 0 
vn 1 0 0 
vn 1 0 0 
vn 1 0 0 
vn 1 0 0 
vn 1 0 0 
vn 1 0 0 
vn 1 0 0 
vn 1 0 0 
vn 1 0 0 
vn 1 0 0 
vn 1 0 0 
vn 1 0 0 
vn 1 0 0 
vn 1 0 0 
vn 1 0 0 
vn 1 0 0 
vn 1 0 0 
vn 1 0 0 
vn 1 0 0 
vn 1 0 0 
vn 1 0 0 
vn 1 0 0 
vn 1 0 0 
vn 1 0 0 
vn 1 0 0 
vn 1 0 0 
vn 1 0 0 
vn 1 0 0 
vn 1 0 0 
vn 1 0 0 
vn 1 0 0 
vn 1 0 0 
vn 1 0 0 
vn 1 0 0 
vn 1 0 0 
vn 1 0 0 
vn 1 0 0 
vn 1 0 0 
vn 1 0 0 
vn 1 0 0 
vn 1 0 0 
vn 1 0 0 
vn 1 0 0 
vn 1 0 0 
vn 1 0 0 
vn 1 0 0 
vn 1 0 0 
vn 1 0 0 
vn 1 0 0 
vn 1 0 0 
vn 1 0 0 
vn 1 0 0 
vn 1 0 0 
vn 1 0 0 
vn 1 0 0 
vn 1 0 0 
vn 1 0 0 
vn 1 0 0 
vn 1 0 0 
vn 1 0 0 
vn 1 0 0 
vn 1 0 0 
vn 1 0 0 
vn 1 0 0 
vn 1 0 0 
vn 1 0 0 
vn 1 0 0 
vn 1 -0.015748 0 
vn 1 -0.015748 0 
vn 1 -0.015748 0 
vn 1 -0.015748 0 
vn 1 -0.015748 0 
vn 1 -0.015748 0 
vn 1 -0.015748 0 
vn 1 -0.015748 0 
vn 1 -0.015748 0 
vn 1 -0.015748 0 
vn 1 -0.015748 0 
vn 1 -0.015748 0 
vn 1 -0.015748 0 
vn 1 -0.015748 0 
vn 1 -0.015748 0 
vn 1 -0.015748 0 
vn 0 0 -1 
vn 0 0 -1 
vn 0 0 -1 
vn 0 0 -1 
vn 0 -0.708661 -0.708661 
vn 0 -0.708661 -0.708661 
vn 0 0 -1 
vn 0 0 -1 
vn -1 0 0 
vn -1 0 0 
vn -1 0 0 
vn -1 0 0 
vn 0 0 -1 
vn 0 0 -1 
vn 0 0 -1 
vn 0 0 -1 
vn -1 0 0 
vn -1 0 0 
vn -1 0 0 
vn -1 0 0 
vn 0 0.858268 -0.511811 
vn 0 0.858268 -0.511811 
vn 0 0.858268 -0.511811 
vn 0 0.858268 -0.511811 
vn 0 0.858268 -0.511811 
vn 0 0.858268 -0.511811 
vn 0 0.858268 -0.511811 
vn 0 0.858268 -0.511811 
vn 0 0.858268 -0.511811 
vn 0 0.858268 -0.511811 
vn 0 0.858268 -0.511811 
vn 0 0.858268 -0.511811 
vn -1 0 0 
vn -1 0 0 
vn -1 0 0 
vn -1 0 0 
vn -1 0.015748 0 
vn -1 0.015748 0 
vn -1 0.015748 0 
vn -1 0.015748 0 
vn -1 0.015748 0 
vn -1 0.015748 0 
vn -1 0 0 
vn -1 0 0 
vn -1 0 0 
vn -1 0 0 
vn -1 0 0 
vn -1 0 0 
vn -1 0 0 
vn -1 0 0 
vn -1 0 0 
vn -1 0 0 
vn -1 0 0 
vn -1 0 0 
vn -1 0 0 
vn -1 0 0 
vn -1 0 0 
vn -1 0 0 
vn -1 0 0 
vn -1 0 0 
vn -1 0 0 
vn -1 0 0 
vn -1 0 0 
vn -1 0 0 
vn -1 0 0 
vn -1 0 0 
vn -1 0 0 
vn -1 0 0 
vn -1 0 0 
vn -1 0 0 
vn -1 0 0 
vn -1 0 0 
vn -1 0 0 
vn 0 0 -1 
vn 0 0 -1 
vn 0 0 -1 
vn -1 0 0 
vn -1 0 0 
vn -1 0 0 
vn -1 0 0 
vn -1 0 0 
vn -1 0 0 
vn -1 0 0 
vn -1 0 0 
vn -1 0 0 
vn -1 0 0 
vn -1 0 0 
vn -1 0 0 
vn -1 0 0 
vn -1 0 0 
vn -1 0 0 
vn -1 0 0 
vn -1 0 0 
vn -1 0 0 
vn -1 0 0 
vn -1 0 0 
vn -1 0 0 
vn -1 0 0 
vn -1 0 0 
vn -1 0 0 
vn -1 0 0 
vn -1 0 0 
vn -1 0 0 
vn -1 0 0 
vn -1 0 0 
vn -1 0 0 
vn -1 0 0 
vn -1 0 0 
vn -1 0 0 
vn -1 0 0 
vn -1 0 0 
vn -1 0 0 
vn -1 0 0 
vn -1 0 0 
vn -1 0 0 
vn -1 0 0 
vn -1 0 0 
vn -1 0 0 
vn -1 0 0 
vn -1 0 0 
vn -1 0 0 
vn -1 0 0 
vn -1 0 0 
vn -1 0 0 
vn -1 0 0 
vn -1 0 0 
vn -1 0 0 
vn -1 0 0 
vn -1 0 0 
vn -1 0 0 
vn -1 0 0 
vn -1 0 0 
vn -1 0 0 
vn -1 0 0 
vn -1 0 0 
vn -1 0 0 
vn -1 0 0 
vn -1 0 0 
vn -1 0 0 
vn -1 0 0 
vn -1 0 0 
vn -1 0 0 
vn 0 0 -1 
vn 0 0 -1 
vn 0 0 -1 
vn 0 0 -1 
vn 0 0 -1 
vn 0 0 -1 
vn 0 0 -1 
vn 0 0 -1 
vn 0 0 -1 
vn 0 0 -1 
vn 0 0 -1 
vn 0 0 -1 
vn 0 0 -1 
vn 0 0 -1 
vn 0 0 -1 
vn 0 0 -1 
vn 0 0 -1 
vn 0 0 -1 
vn 0 0 -1 
vn -1 0 0 
vn -1 0 0 
vn 0 0 -1 
vn 0 0 -1 
vn 0 0 -1 
vn 0 0 -1 
vn 0 0 -1 
vn 0 0 -1 
vn 0 0 -1 
vn 0 0 -1 
vn 0 0 -1 
vn 0 0 -1 
vn 0 0 -1 
vn 0 0 -1 
vn 0 0 -1 
vn 0 0 -1 
vn 0 0 -1 
vn 0 0 -1 
vn 0 0 -1 
vn 0 0 -1 
vn 0 0 -1 
vn 0 0 -1 
vn 0 0 -1 
vn 0 0 -1 
vn 0 0 -1 
vn 0 0 -1 
vn 0 0 -1 
vn 0 0 -1 
vn 0 0 -1 
vn 0 0 -1 
vn 0 0 -1 
vn 0 0 -1 
vn 0 0 -1 
vn 0 0 -1 
vn 0 0 -1 
vn 0 0 -1 
vn 0 0 -1 
vn 0 0 -1 
vn 0 0 -1 
vn 0 0 -1 
vn 0 0 -1 
vn 0 0 -1 
vn 0 0 -1 
vn 0 0 -1 
vn 0 0 -1 
vn 0 0 -1 
vn 0 0 -1 
vn 0 0 -1 
vn 0 0 -1 
vn 0 0 -1 
vn 0 0 -1 
vn 0 0 -1 
vn 0 0 -1 
vn 0 0 -1 
vn 0 0 -1 
vn 0 0 -1 
vn 0 0 -1 
vn 0 0 -1 
vn 0 0 -1 
vn 0 0 -1 
vn 0 0 -1 
vn 1 0 0 
vn 1 0 0 
vn 1 0 0 
vn 1 0 0 
vn 1 0 0 
vn 0 0 -1 
vn 1 0 0 
vn 0 0 -1 
vn -1 0 0 
vn 1 0 0 
vn 1 0 0 
vn 1 0 0 
vn 0 0 1 
vn 0 0 1 
vn 1 0 0 
vn 1 0 0 
vn 1 0 0 
vn 1 0 0 
vn 1 0 0 
vn 1 0 0 
vn 1 0 0 
vn 1 0 0 
vn 1 0 0 
vn 1 0 0 
vn 1 0 0 
vn 1 0 0 
vn 1 0 0 
vn 1 0 0 
vn 1 0 0 
vn 1 0 0 
vn 1 0 0 
vn 1 0 0 
vn 1 0 0 
vn 1 0 0 
vn 1 0 0 
vn 1 0 0 
vn 1 0 0 
vn 1 0 0 
vn 1 0 0 
vn 1 -0.015748 0 
vn 1 -0.015748 0 
vn 1 -0.015748 0 
vn 1 -0.015748 0 
vn 1 -0.015748 0 
vn 1 -0.015748 0 
vn 1 -0.015748 0 
vn 0 0 1 
vn 0 0 1 
vn 0 0 1 
vn 0 0 1 
vn 0 0 1 
vn 0 0 1 
vn 0 0 1 
vn 0 0 1 
vn 0 0 1 
vn 0 0 1 
vn 0 0 1 
vn 0 0 -1 
vn 0 0 1 
vn 0 0 1 
vn 0 0 1 
vn 0 0 1 
vn 0 0 1 
vn 0 0 1 
vn 0 0 1 
vn 0 0 1 
vn 0 0 1 
vn 0 0 1 
vn 0 0 1 
vn 0 0 1 
vn 1 0 0 
vn 1 0 0 
vn 1 0 0 
vn 1 0 0 
vn 1 0 0 
vn 1 0 0 
vn 1 0 0 
vn 1 0 0 
vn 1 0 0 
vn 1 0 0 
vn 1 0 0 
vn 1 0 0 
vn 1 0 0 
vn 1 0 0 
vn 1 0 0 
vn 1 0 0 
vn 1 0 0 
vn 1 0 0 
vn 1 0 0 
vn 1 0 0 
vn 1 0 0 
vn 1 0 0 
vn 1 0 0 
vn 1 0 0 
vn 1 0 0 
vn 1 0 0 
vn 1 0 0 
vn 1 0 0 
vn 1 0 0 
vn 1 0 0 
vn 1 0 0 
vn 1 0 0 
vn 1 0 0 
vn 1 0 0 
vn 1 0 0 
vn 1 0 0 
vn 1 0 0 
vn 1 0 0 
vn 1 0 0 
vn 1 0 0 
vn 1 0 0 
vn 1 0 0 
vn 1 0 0 
vn 1 0 0 
vn 1 0 0 
vn 1 0 0 
vn 1 0 0 
vn 1 0 0 
vn 1 0 0 
vn 1 0 0 
vn 1 0 0 
vn 1 0 0 
vn 1 0 0 
vn 1 0 0 
vn 1 0 0 
vn 1 0 0 
vn 1 0 0 
vn 1 0 0 
vn 1 0 0 
vn 0 0 1 
vn 0 0 1 
vn 0 0 1 
vn 0 0 1 
vn 0 0 1 
vn -1 0 0 
vn -1 0 0 
vn 0 0.503937 -0.866142 
vn 0 0.503937 -0.866142 
vn 0 0 1 
vn 0 0 1 
vn 0 0 1 
vn 0 0 1 
vn -1 0 0 
vn -1 0 0 
vn -1 0 0 
vn -1 0 0 
vn -1 0 0 
vn -1 0 0 
vn 0 -0.511811 -0.858268 
vn 0 0.866142 0.503937 
vn 0 0.866142 0.503937 
vn 0 0.866142 0.503937 
vn 0 0.866142 0.503937 
vn 0 0.866142 0.503937 
vn 0 0.866142 0.503937 
vn 0 0.866142 0.503937 
vn 0 0.866142 0.503937 
vn 0 0.866142 0.503937 
vn 0 0.866142 0.503937 
vn 0 0.866142 0.503937 
vn 0 0.866142 0.503937 
vn 1 0 0 
vn 1 0 0 
vn 1 0 0 
vn 1 0 0 
vn 1 0 0 
vn 1 0 0 
vn 1 0 0 
vn 1 0 0 
vn 1 0 0 
vn 1 0 0 
vn 1 0 0 
vn 1 0 0 
vn 1 0 0 
vn 0 0 1 
vn 0 0 1 
vn -1 0 0 
vn -1 0 0 
vn 1 0 0 
vn 1 0 0 
vn 1 0 0 
vn 1 0 0 
vn 1 0 0 
vn 1 0 0 
vn 1 0 0 
vn 1 0 0 
vn 1 0 0 
vn 1 0 0 
vn 1 0 0 
vn 1 0 0 
vn 1 0 0 
vn 1 0 0 
vn 1 0 0 
vn 1 0 0 
vn 1 0 0 
vn 1 0 0 
vn 1 0 0 
vn 0 0 1 
vn 0 0 1 
vn 0 1 0 
vn 0 1 0 
vn 0 1 0 
vn 0 1 0 
vn 0 1 0 
vn 0 1 0 
vn 0 1 0 
vn 0 1 0 
vn 0 1 0 
vn 0 1 0 
vn 0 1 0 
vn 0 1 0 
vn 0 1 0 
vn 0 1 0 
vn 0 1 0 
vn 0 1 0 
vn 1 0 0 
vn 0 0 1 
vn -1 0 0 
vn -1 0 0 
vn -1 0 0 
vn -1 0 0 
vn -1 0 0 
vn -1 0 0 
vn 0 1 0 
vn 0 1 0 
vn 0 1 0 
vn 0 1 0 
vn 0 0 1 
vn 0 0 1 
vn 0 0 1 
vn 0 1 0 
vn 0 1 0 
vn 0 1 0 
vn 0 1 0 
vn 0 1 0 
vn 0 1 0 
vn 0 1 0 
vn 0 1 0 
vn 0 1 0 
vn 0 1 0 
vn 0 1 0 
vn 0 1 0 
vn 0 1 0 
vn 0 1 0 
vn 0 1 0 
vn 0 1 0 
vn 0 0 1 
vn 0 0 1 
vn 0 0.708661 -0.708661 
vn 0 0.708661 -0.708661 
vn 0 0.708661 -0.708661 
vn 0 0.708661 -0.708661 
vn 0 0.708661 -0.708661 
vn 0 0.708661 -0.708661 
vn 0 0.708661 -0.708661 
vn 0 0.708661 -0.708661 
vn 0 0 1 
vn 0 0 1 
vn 0 0 1 
vn 0 0 1 
vn 0 0 1 
vn 1 0 0 
vn 0 1 0 
vn 0 1 0 
vn 0 1 0 
vn 0 1 0 
vn 0 0 1 
vn 0 0 1 
vn 0 1 0 
vn 0 1 0 
vn 0 1 0 
vn 0 1 0 
vn -1 0 0 
vn -1 0 0 
vn 1 0 0 
vn 1 0 0 
vn 1 0 0 
vn 1 0 0 
vn 1 0 0 
vn 0 0 -1 
vn 0 0 -1 
vn 0 0 -1 
vn 0 1 0 
vn 0 1 0 
vn 0 1 0 
vn 0 1 0 
vn 0 1 0 
vn 0 1 0 
vn 0 1 0 
vn 0 1 0 
vn 0 1 0 
vn 0 1 0 
vn 0 1 0 
vn 0 1 0 
vn 0 1 0 
vn 0 1 0 
vn 0 1 0 
vn 0 1 0 
vn 0 0 -1 
vn 0 0 -1 
vn -1 0 0 
vn -1 0 0 
vn -1 0 0 
vn -1 0 0 
vn 0 0 1 
vn 0 0 1 
vn 0 0 1 
vn 0 1 0 
vn 0 1 0 
vn 0 1 0 
vn 0 1 0 
vn 0 1 0 
vn 0 1 0 
vn 0 1 0 
vn 0 1 0 
vn 1 0 0 
vn 1 0 0 
vn -1 0 0 
vn 0 0 1 
vn 0 0 1 
vn 0 0 1 
vn 0 0 1 
vn 0 0 1 
vn 0 0 1 
vn 0 0 1 
vn 0 0 1 
vn 0 0 1 
vn 0 0 1 
vn 0 0 1 
vn 0 0 1 
vn 0 0 1 
vn 0 0 1 
vn 0.015748 1 0 
vn 0.015748 1 0 
vn 0.015748 1 0 
vn 0.015748 1 0 
vn 0 0 1 
vn 0 0 1 
vn 0.015748 1 0 
vn 0.015748 1 0 
vn 0.015748 1 0 
vn 0.015748 1 0 
vn 0.015748 1 0 
vn 0.015748 1 0 
vn 0.015748 1 0 
vn 0.015748 1 0 
vn 0 0 1 
vn 0 0 1 
vn 0 0 1 
vn 0 0 1 
vn 0 0 1 
vn 0 0 1 
vn 0 0 1 
vn 0 0 1 
vn 0 0 1 
vn 0 0 1 
vn 0 0 1 
vn 0 0 1 
vn 0 0 1 
vn 0 0 1 
vn 0 0 1 
vn 0 0 1 
vn 0 0 1 
vn 0 0 1 
vn 0 0 1 
vn 0 0 1 
vn 0 0 1 
vn 0 0 1 
vn 0 0 1 
vn 0 0 1 
vn 0 0 1 
vn 0 0 1 
vn 0 0 1 
vn 0 1 0 
vn 0 1 0 
vn 0 1 0 
vn 0 1 0 
vn 0 1 0 
vn 0 1 0 
vn 0 1 0 
vn 0 1 0 
vn 0 1 0 
vn 0 1 0 
vn 0 1 0 
vn 0 1 0 
vn 0 1 0 
vn 0 1 0 
vn 0 1 0 
vn 0 1 0 
vn 0 1 0 
vn 0 1 0 
vn 0 1 0 
vn 0 1 0 
vn 0 1 0 
vn 0 1 0 
vn 0 1 0 
vn 0 1 0 
vn 0 1 0 
vn 0 1 0 
vn 0 1 0 
vn 0 1 0 
vn 1 0 0 
vn 0.015748 1 0 
vn 0.015748 1 0 
vn 0.015748 1 0 
vn 0.015748 1 0 
vn 0.015748 1 0 
vn 0.015748 1 0 
vn 0.015748 1 0 
vn 0.015748 1 0 
vn 0.015748 1 0 
vn 0.015748 1 0 
vn 0.015748 1 0 
vn 0.015748 1 0 
vn 0 -0.503937 0.866142 
vn 0 1 0 
vn 0 1 0 
vn 0 1 0 
vn 0 1 0 
vn 0 1 0 
vn 0 1 0 
vn 0 1 0 
vn 0 1 0 
vn 0 0 1 
vn 0 0 1 
vn 0 1 0 
vn 0 1 0 
vn 0 1 0 
vn 0 1 0 
vn 0 1 0 
vn 0 1 0 
vn 0 1 0 
vn 0 1 0 
vn 0 1 0 
vn 0 1 0 
vn 0 1 0 
vn 0 1 0 
vn 0 1 0 
vn 0 1 0 
vn 0 1 0 
vn 0 1 0 
vn 0 1 0 
vn 0 1 0 
vn 0 1 0 
vn 0 1 0 
vn 0 1 0 
vn 0 1 0 
vn 0 1 0 
vn 0 1 0 
vn 0 1 0 
vn 0 1 0 
vn 0 1 0 
vn 0 1 0 
vn 0 1 0 
vn 0 1 0 
vn 0 1 0 
vn 0 1 0 
vn 0 1 0 
vn 0 1 0 
vn 0 1 0 
vn 0 1 0 
vn 0 1 0 
vn 0 1 0 
vn 0 1 0 
vn 0 1 0 
vn 0 1 0 
vn 0 1 0 
vn 0 1 0 
vn 0 1 0 
vn 0 1 0 
vn 0 1 0 
vn 0 1 0 
vn 0 1 0 
vn 0 1 0 
vn 0 1 0 
vn 0 1 0 
vn 0 1 0 
vn 0 1 0 
vn 0 1 0 
vn 0 1 0 
vn 0 1 0 
vn -1 0 0 
vn -1 0 0 
vn -1 0 0 
vn 0 0.511811 0.858268 
vn 1 0 0 
vn 0 -1 0 
vn 0 -1 0 
vn 0 -1 0 
vn 0 -1 0 
vn 0 -1 0 
vn 0 -1 0 
vn 0 -1 0 
vn 0 -1 0 
vn 0 -1 0 
vn 0 -1 0 
vn 0 -1 0 
vn 0 -1 0 
vn 0 -1 0 
vn 0 -1 0 
vn 0 -1 0 
vn 1 0 0 
vn 1 0 0 
vn 1 0 0 
vn -1 0 0 
vn -1 0 0 
vn -1 0 0 
vn -1 0 0 
vn -1 0 0 
vn -1 0 0 
vn -1 0 0 
vn -1 0 0 
vn -1 0 0 
vn -1 0 0 
vn -1 0 0 
vn -1 0 0 
vn -1 0 0 
vn -1 0 0 
vn -1 0 0 
vn -1 0 0 
vn -1 0 0 
vn -1 0 0 
vn 0 1 0 
vn 0 1 0 
vn 0 1 0 
vn 0 1 0 
vn 0 1 0 
vn 0 1 0 
vn 0 1 0 
vn 0 1 0 
vn 0 1 0 
vn 0 1 0 
vn 0 1 0 
vn 0 1 0 
vn 0 1 0 
vn 0 1 0 
vn 0 1 0 
vn 0 1 0 
vn 0 1 0 
vn 0 1 0 
vn 0 1 0 
vn 0 1 0 
vn 0 0 -1 
vn 0 1 0 
vn 0 1 0 
vn 0 1 0 
vn 0 1 0 
vn 0 1 0 
vn 0 1 0 
vn 0 1 0 
vn 0 1 0 
vn 0 1 0 
vn 0 1 0 
vn 0 1 0 
vn 0 1 0 
vn 0 1 0 
vn 0 1 0 
vn 0 1 0 
vn 0 1 0 
vn 0 0 -1 
vn 0 1 0 
vn 0 1 0 
vn 0 1 0 
vn 0 1 0 
vn 0 0 -1 
vn 0.015748 1 0 
vn 0.015748 1 0 
vn 0.015748 1 0 
vn 0.015748 1 0 
vn 0 1 0 
vn 0 1 0 
vn 0 1 0 
vn 0 1 0 
vn 0 1 0 
vn 0 1 0 
vn 0 1 0 
vn 0 1 0 
vn 0.015748 1 0 
vn 0.015748 1 0 
vn 0.015748 1 0 
vn 0.015748 1 0 
vn 0 -1 0 
vn 0 1 0 
vn 0 1 0 
vn 0 1 0 
vn 0 1 0 
vn 0 1 0 
vn 0 1 0 
vn 0 1 0 
vn 0 1 0 
vn 0 1 0 
vn 0 1 0 
vn 0 1 0 
vn 0 1 0 
vn 0 1 0 
vn 0 1 0 
vn 0 1 0 
vn 0 1 0 
vn 0 1 0 
vn 0 1 0 
vn 0 1 0 
vn 0 1 0 
vn 0 -1 0 
vn 0 -1 0 
vn 0 1 0 
vn 0 1 0 
vn 0 1 0 
vn 0 1 0 
vn 0 1 0 
vn 0 1 0 
vn 0 1 0 
vn 0 1 0 
vn 0 1 0 
vn 0 1 0 
vn 0 1 0 
vn 0 1 0 
vn 0 1 0 
vn 0 1 0 
vn 0 1 0 
vn 0 1 0 
vn 0 1 0 
vn 0 1 0 
vn 0 1 0 
vn 0 1 0 
vn 0 1 0 
vn 0 1 0 
vn 0 1 0 
vn 0 1 0 
vn 0 1 0 
vn 0 1 0 
vn 0 1 0 
vn 0 1 0 
vn 0 1 0 
vn 0 1 0 
vn 0 1 0 
vn 0 1 0 
vn 0 1 0 
vn 0 1 0 
vn 0 1 0 
vn 0 1 0 
vn 0 1 0 
vn 0 1 0 
vn 0 1 0 
vn 0 1 0 
vn 0 1 0 
vn 0 1 0 
vn 0 1 0 
vn 0 1 0 
vn 0 1 0 
vn 0 1 0 
vn 0 1 0 
vn 0 1 0 
vn 0 1 0 
vn 0 1 0 
vn 0 1 0 
vn 0 1 0 
vn 0 1 0 
vn 0 1 0 
vn 0 1 0 
vn 0 1 0 
vn 0 1 0 
vn 0 1 0 
vn 0 1 0 
vn 0 1 0 
vn 0 1 0 
vn 0 1 0 
vn 0 1 0 
vn 0 1 0 
vn 0 1 0 
vn 0 1 0 
vn 0 1 0 
vn 0 1 0 
vn 0 1 0 
vn 0 1 0 
vn 0 1 0 
vn 0 1 0 
vn 0 1 0 
vn 0 1 0 
vn 0 1 0 
vn 0 1 0 
vn 0 1 0 
vn 0 1 0 
vn 0 1 0 
vn 0 1 0 
vn 0 1 0 
vn 0 1 0 
vn 0 1 0 
vn 0 1 0 
vn 0 1 0 
vn 0 1 0 
vn 0 1 0 
vn 0 1 0 
vn 0 1 0 
vn 0 1 0 
vn 0 1 0 
vn 0 1 0 
vn 0 1 0 
vn 0 1 0 
vn 0 1 0 
vn 0 1 0 
vn 0 1 0 
vn 0 1 0 
vn 0 1 0 
vn 0 1 0 
vn 0 1 0 
vn 0 1 0 
vn 0 1 0 
vn 0 1 0 
vn 0 1 0 
vn 0 1 0 
vn 0 1 0 
vn 0 1 0 
vn 0 1 0 
vn 0 1 0 
vn 0 1 0 
vn 0 1 0 
vn 0 1 0 
vn 0 1 0 
vn 0 1 0 
vn 0 1 0 
vn 0 1 0 
vn 0 1 0 
vn 0 1 0 
vn 0 1 0 
vn 0 1 0 
vn 0 1 0 
vn 0 1 0 
vn 0 1 0 
vn 0 1 0 
vn 0 1 0 
vn 0 1 0 
vn 0 1 0 
vn 0 1 0 
vn 0 1 0 
vn 0 1 0 
vn 0 1 0 
vn 0 1 0 
vn 0 1 0 
vn 0 1 0 
vn 0 1 0 
vn 0 1 0 
vn 0 1 0 
vn 0 1 0 
vn 0 1 0 
vn 0 1 0 
vn 0 1 0 
vn 0 1 0 
vn 0 1 0 
vn 0 1 0 
vn 0 1 0 
vn 0 1 0 
vn 0 1 0 
vn 0 1 0 
vn 0 1 0 
vn 0 1 0 
vn 0 1 0 
vn 0 1 0 
vn 0 1 0 
vn 0 1 0 
vn 0 1 0 
vn 0 1 0 
vn 0 1 0 
vn 0 1 0 
vn 0 1 0 
vn 0 1 0 
vn 0 1 0 
vn 0 1 0 
vn 0 1 0 
vn 0 1 0 
vn 0 1 0 
vn 0 1 0 
vn 0 1 0 
vn 0 1 0 
vn 0 1 0 
vn 0 1 0 
vn 0 1 0 
vn -1 0 0 
vn 1 0 0 
vn 0 -1 0 
vn 0 -1 0 
vn 0 -1 0 
vn 0 0 1 
vn 0 0 1 
vn -1 0 0 
vn 0 1 0 
vn 0 1 0 
vn 0 1 0 
vn 0 1 0 
vn 0 1 0 
vn 0 1 0 
vn 0 1 0 
vn 0 1 0 
vn 0 1 0 
vn 0 1 0 
vn 0 1 0 
vn 0 1 0 
vn 0 1 0 
vn 0 1 0 
vn 0 1 0 
vn 0 1 0 
vn 0 1 0 
vn 0 1 0 
vn 0 1 0 
vn 0 1 0 
vn 0 1 0 
vn 0 1 0 
vn 0 1 0 
vn 0 1 0 
vn 0 1 0 
vn 0 1 0 
vn 0 1 0 
vn 0 1 0 
vn 0 1 0 
vn 0 1 0 
vn 0 1 0 
vn 0 1 0 
vn 0 1 0 
vn 0 1 0 
vn 0 1 0 
vn 0 1 0 
vn 0 1 0 
vn 0 1 0 
vn 0 1 0 
vn 0 1 0 
vn 0 1 0 
vn 0 1 0 
vn 0 1 0 
vn 0 1 0 
vn 0 1 0 
vn 0 1 0 
vn 0 1 0 
vn 0 1 0 
vn 0 1 0 
vn 0 1 0 
vn 0 1 0 
vn 0 1 0 
vn 0 1 0 
vn 0 1 0 
vn 0 1 0 
vn 0 1 0 
vn 0 1 0 
vn 0 1 0 
vn 0 1 0 
vn 0 1 0 
vn 0 1 0 
vn 0 1 0 
vn 0 1 0 
vn 0 1 0 
vn 0 1 0 
vn 0 1 0 
vn 0 1 0 
vn 0 1 0 
vn 0 1 0 
vn 0 1 0 
vn 0 1 0 
vn 0 1 0 
vn 0 1 0 
vn 0 1 0 
vn 0 1 0 
vn 0 1 0 
vn 0 1 0 
vn 0 1 0 
vn 0 1 0 
vn 0 1 0 
vn 0 1 0 
vn 0 1 0 
vn 0 1 0 
vn 0 1 0 
vn 0 1 0 
vn 0 1 0 
vn 0 1 0 
vn 0 1 0 
vn 0 1 0 
vn 0 1 0 
vn 0 1 0 
vn 0 1 0 
vn 0 1 0 
vn 0 1 0 
vn 0 1 0 
vn 0 1 0 
vn 0 1 0 
vn 0 1 0 
vn 0 1 0 
vn 0 1 0 
vn 0 1 0 
vn 0 1 0 
vn 0 1 0 
vn 0 1 0 
vn 0 1 0 
vn 0 1 0 
vn 0 1 0 
vn 0 1 0 
vn 0 1 0 
vn 0 1 0 
vn 0 1 0 
vn 0 1 0 
vn 0 1 0 
vn 0 1 0 
vn 0 1 0 
vn 0 1 0 
vn 0 1 0 
vn 0 1 0 
vn 0 1 0 
vn 0 1 0 
vn 0 1 0 
vn 0 1 0 
vn 0 1 0 
vn 0 1 0 
vn 0 1 0 
vn 0 1 0 
vn 0 1 0 
vn 0 1 0 
vn 0 1 0 
vn 0 1 0 
vn 0 1 0 
vn 0 1 0 
vn 0 1 0 
vn 0 1 0 
vn 0 1 0 
vn 0 1 0 
vn 0 1 0 
vn 0 1 0 
vn 0 1 0 
vn 0 1 0 
vn 0 1 0 
vn 0 1 0 
vn 0 1 0 
vn 0 1 0 
vn 0 1 0 
vn 0 1 0 
vn 0 1 0 
vn 0 1 0 
vn 0 1 0 
vn 0 1 0 
vn 0 1 0 
vn 0 1 0 
vn 0 1 0 
vn 0 1 0 
vn 0 1 0 
vn 0 1 0 
vn 0 1 0 
vn 0 1 0 
vn 0 1 0 
vn 0 1 0 
vn 0 1 0 
vn 0 1 0 
vn 0 1 0 
vn 0 1 0 
vn 0 1 0 
vn 0 1 0 
vn 0 1 0 
vn 0 1 0 
vn 0 1 0 
vn 0 1 0 
vn 0 1 0 
vn 0 1 0 
vn 0 1 0 
vn 0 1 0 
vn 0 1 0 
vn 0 1 0 
vn 0 1 0 
vn 0 1 0 
vn 0 1 0 
vn 0 1 0 
vn 0 1 0 
vn 0 1 0 
vn 0 1 0 
vn 0 1 0 
vn 0 1 0 
vn 0 1 0 
vn 0 1 0 
vn 0 1 0 
vn 0 1 0 
vn 0 1 0 
vn 0 1 0 
vn 0 1 0 
vn 0 1 0 
vn 0 1 0 
vn 0 1 0 
vn 0 1 0 
vn 0 1 0 
vn 0 1 0 
vn 0 1 0 
vn 0 1 0 
vn 0 1 0 
vn 0 1 0 
vn 0 1 0 
vn 0 1 0 
vn 0 1 0 
vn 0 1 0 
vn 0 1 0 
vn 0 1 0 
vn 0 1 0 
vn 0 1 0 
vn 0 1 0 
vn 0 1 0 
vn 0 1 0 
vn 0 1 0 
vn 0 1 0 
vn 0 1 0 
vn 0 1 0 
vn 0 1 0 
vn 0 1 0 
vn 0 1 0 
vn 0 1 0 
vn 0 1 0 
vn 0 1 0 
vn 0 1 0 
vn 0 1 0 
vn 0 1 0 
vn 0 1 0 
vn 0 1 0 
vn 0 1 0 
vn 0 1 0 
vn 0 1 0 
vn 0 1 0 
vn 0 1 0 
vn 0 1 0 
vn 0 1 0 
vn 0 1 0 
vn 0 1 0 
vn 0 1 0 
vn 0 1 0 
vn 0 1 0 
vn 0 1 0 
vn 0 1 0 
vn 0 1 0 
vn 0 1 0 
vn 0 1 0 
vn 0 1 0 
vn 0 1 0 
vn 0 1 0 
vn 0 1 0 
vn 0 1 0 
vn 0 1 0 
vn 0 1 0 
vn 0 1 0 
vn 0 1 0 
vn 0 1 0 
vn 0 1 0 
vn 0 1 0 
vn 0 1 0 
vn 0 1 0 
vn 0 1 0 
vn 0 1 0 
vn 0 1 0 
vn 0 1 0 
vn 0 1 0 
vn 0 1 0 
vn 0 1 0 
vn 0 1 0 
vn 0 1 0 
vn 0 1 0 
vn 0 1 0 
vn 0 1 0 
vn 0 1 0 
vn 0 1 0 
vn 0 1 0 
vn 0 1 0 
vn 0 1 0 
vn 0 1 0 
vn 0 1 0 
vn 0 1 0 
vn 0 1 0 
vn 0 1 0 
vn 0 1 0 
vn 0 1 0 
vn 0 1 0 
vn 0 1 0 
vn 0 1 0 
vn 0 1 0 
vn 0 1 0 
vn 0 1 0 
vn 0 1 0 
vn 0 1 0 
vn 0 1 0 
vn 0 1 0 
vn 0 1 0 
vn 0 1 0 
vn 0 1 0 
vn 0 1 0 
vn 0 1 0 
vn 0 1 0 
vn 0 1 0 
vn 0 1 0 
vn 0 1 0 
vn 0 1 0 
vn 0 1 0 
vn 1 0 0 
vn 0 1 0 
vn 0 1 0 
vn 0 1 0 
vn 0 1 0 
vn 0 -1 0 
vn 0 1 0 
vn 0 1 0 
vn 0 1 0 
vn 0 1 0 
vn 0 0.708661 0.708661 
vn 0 0.708661 0.708661 
vn 0 0.708661 0.708661 
vn 0 0.708661 0.708661 
vn 0 0.708661 0.708661 
vn 0 0.708661 0.708661 
vn 0 0.708661 0.708661 
vn 0 0.708661 0.708661 
vn -1 0 0 
vn -1 0 0 
vn -1 0 0 
vn -1 0 0 
vn -1 0 0 
vn -1 0 0 
vn -1 0 0 
vn 0 0.858268 -0.511811 
vn 0 0.858268 -0.511811 
vn -1 0 0 
vn -1 0 0 
vn -1 0 0 
vn -1 0 0 
vn -1 0.015748 0 
vn -1 0.015748 0 
vn -1 0.015748 0 
vn -1 0.015748 0 
vn -1 0.015748 0 
vn -1 0 0 
vn -1 0 0 
vn -1 0 0 
vn -1 0 0 
vn -1 0 0 
vn -1 0 0 
vn -1 0 0 
vn -1 0 0 
vn -1 0 0 
vn -1 0 0 
vn -1 0 0 
vn -1 0 0 
vn -1 0 0 
vn -1 0 0 
vn -1 0 0 
vn -1 0 0 
vn -1 0 0 
vn -1 0 0 
vn 0 0 -1 
vn 0 0 -1 
vn -1 0 0 
vn -1 0 0 
vn -1 0 0 
vn -1 0 0 
vn 0 0 -1 
vn 0 0 -1 
vn 0 0 -1 
vn 0 0 -1 
vn 0 0 -1 
vn 0 0 -1 
vn 0 0 -1 
vn 0 0 -1 
vn 0 0 -1 
vn 0 0 -1 
vn 0 0 -1 
vn 0 0 -1 
vn 1 0 0 
vn 1 0 0 
vn 1 0 0 
vn 1 0 0 
vn 1 0 0 
vn 1 0 0 
vn 1 0 0 
vn 1 0 0 
vn 1 0 0 
vn 1 0 0 
vn 1 0 0 
vn 0 0 1 
vn 0 0 1 
vn 0 0 1 
vn 0 0 1 
vn 1 0 0 
vn 1 0 0 
vn 1 0 0 
vn 1 0 0 
vn 1 0 0 
vn 1 0 0 
vn 1 0 0 
vn 1 0 0 
vn 1 0 0 
vn 1 0 0 
vn 1 0 0 
vn 1 0 0 
vn 1 0 0 
vn 1 0 0 
vn 1 0 0 
vn 1 0 0 
vn 1 0 0 
vn 1 -0.015748 0 
vn 1 -0.015748 0 
vn 1 -0.015748 0 
vn 1 -0.015748 0 
vn 1 -0.015748 0 
vn 1 -0.015748 0 
vn 0 0 1 
vn 0 0 1 
vn 0 0 1 
vn 0 0 1 
vn 0 0 1 
vn 0 0 1 
vn 0 0 1 
vn 0 0 1 
vn 0 0 1 
vn 0 0 1 
vn 0 0 1 
vn 0 0 1 
vn 0 0 1 
vn 0 0 1 
vn 0 0 1 
vn 0 0 1 
vn 0 0 1 
vn 0 0 1 
vn 0 0 1 
vn 0 0 1 
vn 0 0 1 
vn 0 0 1 
vn 0 0 1 
vn 0 0 1 
vn 0 0 1 
vn 0 0 1 
vn 0 0 1 
vn 0 0 1 
vn 0 0 1 
vn 0 0 1 
vn 0 0 1 
vn 0 0 1 
vn 0 0 1 
vn 0 0 1 
vn 0 0 1 
vn 0 0 1 
vn 0 0 1 
vn 0 0 1 
vn 0 0 1 
vn 0 0 1 
vn 0 0 1 
vn 0 0 1 
vn 0 0 1 
vn 0 0 1 
vn 0 0 1 
vn 0 0 1 
vn 0 0 1 
vn 0 0 1 
vn 0 0 1 
vn 0 0 1 
vn 0 0 1 
vn 0 0 1 
vn 0 0 1 
vn 0 0 1 
vn 0 0 1 
vn 0 0 1 
vn 0 0 1 
vn 0 0 1 
vn 0 0 1 
vn 0 0 1 
vn 0 0 1 
vn 0 0 1 
vn 0 0 1 
vn 0 0 1 
vn 0 0 1 
vn 0 0 1 
vn 0 0 1 
vn 0 0 1 
vn 0 0 1 
vn 0 0 1 
vn 0 0 1 
vn 0 0 1 
vn 0 0 1 
vn 0 0 1 
vn 0 0 1 
vn 0 0 1 
vn 0 0 1 
vn 0 0 1 
vn 0 0 1 
vn 0 0 1 
vn 0 0 1 
vn 0 0 1 
vn 0 0 1 
vn 0 0 1 
vn 0 0 1 
vn 0 0 1 
vn 0 0 1 
vn 0 0 1 
vn 0 0 1 
vn 0 0 1 
vn 0 0 1 
vn 0 0 1 
vn 0 0 1 
vn 0 0 1 
vn 0 0 1 
vn 0 0 1 
vn 0 0 1 
vn 0 0 1 
vn 0 0 1 
vn 0 0 1 
vn 0 0 1 
vn 0 0 1 
vn 0 0 1 
vn 0 0 1 
vn 0 0 1 
vn 0 0 1 
vn 0 0 1 
vn 0 0 1 
vn 0 0 1 
vn 0 0 1 
vn 0 0 1 
vn 0 0 1 
vn 0 0 1 
vn 0 0 1 
vn 0 0 1 
vn 0 0 1 
vn 0 0 1 
vn 0 0 1 
vn 0 0 1 
vn 0 0 1 
vn 0 0 1 
vn 0 0 1 
vn 0 0 1 
vn 0 0 1 
vn 1 0 0 
vn 1 0 0 
vn 1 0 0 
vn 0 0 1 
vn 0 0 1 
vn 0 0 1 
vn 0 0 1 
vn 0 0 1 
vn 0 0 1 
vn 0 0 1 
vn 0 0 1 
vn -1 0 0 
vn -1 0 0 
vn 0 0.503937 -0.866142 
vn 0 0 1 
vn 0 0 1 
vn 0 0 1 
vn 0 0 1 
vn 0 0 1 
vn 0 0 1 
vn 0 0 1 
vn 0 0 1 
vn 0 0 1 
vn 0 0 1 
vn 0 0 1 
vn 0 0 1 
vn -1 0 0 
vn -1 0 0 
vn -1 0 0 
vn -1 0 0 
vn 0 0.866142 0.503937 
vn 0 0.866142 0.503937 
vn 1 0 0 
vn 1 0 0 
vn 1 0 0 
vn 0 0 1 
vn 0 0 1 
vn 0 0 1 
vn 0 0 1 
vn 0 0 1 
vn 0 0 1 
vn 0 0 1 
vn 0 0 1 
vn 0 0 1 
vn 0 0 1 
vn 0 0 1 
vn 0 0 1 
vn 1 0 0 
vn 1 0 0 
vn 1 0 0 
vn 1 0 0 
vn 1 0 0 
vn 1 0 0 
vn 1 0 0 
vn 1 0 0 
vn 1 0 0 
vn 1 0 0 
vn 1 0 0 
vn 1 0 0 
vn 0 0 1 
vn 0 0 1 
vn 0 0 1 
vn 0 0 1 
vn 1 0 0 
vn 0 0 1 
vn 0 0 1 
vn 0 0 1 
vn 0 0 1 
vn 0 0 1 
vn 0 0 1 
vn 0 0 1 
vn 0 0 1 
vn 0 1 0 
vn 0 1 0 
vn 0 1 0 
vn 0 1 0 
vn 0 0 1 
vn 0 0 1 
vn 0 0 1 
vn 0 0 1 
vn 1 0 0 
vn 0 0 1 
vn 0 0 1 
vn 0 0 1 
vn 0 0 1 
vn 0 0 1 
vn 0 0 1 
vn 0 0 1 
vn 0 0 1 
vn 0 0 1 
vn 0 0 1 
vn 0 0 1 
vn 0 0 1 
vn -1 0 0 
vn -1 0 0 
vn -1 0 0 
vn 0 0 1 
vn 0 0 1 
vn 0 0 1 
vn 0 0 1 
vn 0 0 1 
vn 0 0 1 
vn 0 0 1 
vn 0 0 1 
vn 0 1 0 
vn 0 1 0 
vn 0 0 1 
vn 0 0 1 
vn 0 0 1 
vn 0 0 1 
vn 0 0 1 
vn 0 0 1 
vn 0 0 1 
vn 0 0 1 
vn 0 0 1 
vn 0 0 1 
vn 0 0 1 
vn 0 0 1 
vn 0 0.708661 -0.708661 
vn 0 0 1 
vn 0 0 1 
vn 0 0 1 
vn 0 0 1 
vn 0 0 1 
vn 0 0 1 
vn 0 0 1 
vn 0 0 1 
vn 0 0 1 
vn 0 0 1 
vn 0 0 1 
vn 0 0 1 
vn 0 0 1 
vn 0 0 1 
vn 0 0 1 
vn 0 0 1 
vn 0 0 1 
vn 0 0 1 
vn 0 0 1 
vn 0 0 1 
vn 0 0 1 
vn 0 0 1 
vn 0 0 1 
vn 0 0 1 
vn 1 0 0 
vn 1 0 0 
vn 0 0 1 
vn 0 0 1 
vn 0 0 1 
vn 0 0 1 
vn 0 0 1 
vn 0 0 1 
vn 0 0 1 
vn 0 0 1 
vn 0 1 0 
vn -1 0 0 
vn 0 0 1 
vn 0 0 1 
vn 0 0 1 
vn 0 0 1 
vn 1 0 0 
vn 1 0 0 
vn 1 0 0 
vn 0 0 1 
vn 0 0 1 
vn 0 0 1 
vn 0 0 1 
vn 0 0 1 
vn 0 0 1 
vn 0 0 1 
vn 0 0 1 
vn 0 0 -1 
vn 0 0 -1 
vn 0 1 0 
vn 0 1 0 
vn 0 0 -1 
vn -1 0 0 
vn -1 0 0 
vn -1 0 0 
vn 0 0 1 
vn 0 0 1 
vn 0 0 1 
vn 0 0 1 
vn 1 0 0 
vn 0 0 1 
vn 0 0 1 
vn 0 0 1 
vn 0 0 1 
vn 0 0 1 
vn 0 0 1 
vn 0 0 1 
vn 0 0 1 
vn 0 0 1 
vn 0 0 1 
vn 0 0 1 
vn 0 0 1 
vn 0 -1 0 
vn 0 -1 0 
vn 0 -1 0 
vn 0 -1 0 
vn 0 -1 0 
vn 1 0 0 
vn 1 0 0 
vn 0 0 1 
vn 0 0 1 
vn 0 0 1 
vn 0 0 1 
vn 0 0 1 
vn 0 0 1 
vn 0 0 1 
vn 0 0 1 
vn 0 0 1 
vn 0 0 1 
vn 0 0 1 
vn 0 0 1 
vn 0 0 1 
vn 0 0 1 
vn 0 0 1 
vn 0 0 1 
vn 0 0 1 
vn 0 0 1 
vn 0 0 1 
vn 0 0 1 
vn 0 0 1 
vn 0 0 1 
vn 0 0 1 
vn 0 0 1 
vn 0 0 1 
vn 0 0 1 
vn 0 0 1 
vn 0 0 1 
vn 0 0 1 
vn 0 0 1 
vn 0 0 1 
vn 0 0 1 
vn 0 0 1 
vn 0 0 1 
vn 0 0 1 
vn 0 0 1 
vn 0 0 1 
vn 0 0 1 
vn 0 0 1 
vn 0 0 1 
vn 0 0 1 
vn 0 0 1 
vn 0 0 1 
vn 0 0 1 
vn 0 0 1 
vn 0 0 1 
vn 0 0 1 
vn 0 0 1 
vn 0 0 1 
vn 0 0 1 
vn 0 0 1 
vn 0 0 1 
vn 0 0 1 
vn 0 0 1 
vn 0 0 1 
vn 0 0 1 
vn 0.015748 1 0 
vn 0 0 1 
vn 0 0 1 
vn 0 0 1 
vn 0 0 1 
vn 0 0 1 
vn 0 0 1 
vn 0 0 1 
vn 0 0 1 
vn 0.015748 1 0 
vn 0 0 1 
vn 0 0 1 
vn 0 0 1 
vn 0 0 1 
vn 0 0 1 
vn 0 0 1 
vn 0 0 1 
vn 0 0 1 
vn 0 0 1 
vn 0 0 1 
vn 0 0 1 
vn 0 0 1 
vn 0 0 1 
vn 0 0 1 
vn 0 0 1 
vn 0 0 1 
vn 0 0 1 
vn 0 0 1 
vn 0 0 1 
vn 0 0 1 
vn 0 0 1 
vn 0 0 1 
vn 0 0 1 
vn 0 0 1 
vn 0 0 1 
vn 0 0 1 
vn 0 0 1 
vn 0 0 1 
vn 0 0 1 
vn 0 0 1 
vn 0 0 1 
vn 0 0 1 
vn 0 0 1 
vn 0 0 1 
vn 0 0 1 
vn 0 0 1 
vn 0 0 1 
vn 0 0 1 
vn 0 0 1 
vn 0 0 1 
vn 0 0 1 
vn 0 0 1 
vn 0 0 1 
vn 0 0 1 
vn 0 0 1 
vn 0 0 1 
vn 0 0 1 
vn 0 0 1 
vn 0 0 1 
vn 0 0 1 
vn 0 0 1 
vn 0 0 1 
vn 0 0 1 
vn 0 0 1 
vn 0 0 1 
vn 0 0 1 
vn 0 0 1 
vn 0 0 1 
vn 0 0 1 
vn 0 0 1 
vn 0 0 1 
vn 0 0 1 
vn 0 0 1 
vn 0 0 1 
vn 0 0 1 
vn 0 0 1 
vn 0 0 1 
vn 0 0 1 
vn 0 0 1 
vn 0 0 1 
vn 0 0 1 
vn 0 0 1 
vn 0 0 1 
vn 0 0 1 
vn 0 0 1 
vn 0 0 1 
vn 0 0 1 
vn 0 0 1 
vn 0 0 1 
vn 0 0 1 
vn 0 0 1 
vn 0 0 1 
vn 0 0 1 
vn 0 0 1 
vn 0 0 1 
vn 0 0 1 
vn 0 0 1 
vn 0 0 1 
vn 0 0 1 
vn 0 0 1 
vn 0 0 1 
vn 0 0 1 
vn 0 0 1 
vn 0 0 1 
vn 0 0 1 
vn 0 0 1 
vn 0 0 1 
vn 0 0 1 
vn 0 0 1 
vn 0 0 1 
vn 0 0 1 
vn 0 0 1 
vn 0 0 1 
vn 0 0 1 
vn 0 0 1 
vn 0 0 1 
vn 0 0 1 
vn 0 0 1 
vn 1 0 0 
vn 0 -1 0 
vn 0.015748 1 0 
vn 0 -0.503937 0.866142 
vn 0 -0.503937 0.866142 
vn 0 -0.503937 0.866142 
vn 0 -0.503937 0.866142 
vn 0 -0.503937 0.866142 
vn 0 -0.503937 0.866142 
vn 0 -0.503937 0.866142 
vn 0 -0.503937 0.866142 
vn 0 -0.503937 0.866142 
vn 0 -0.503937 0.866142 
vn 0 -0.503937 0.866142 
vn 0 -0.503937 0.866142 
vn 0 1 0 
vn 0 0 1 
vn 0 0 1 
vn 0 0 1 
vn 0 0 1 
vn 0 0 1 
vn 0 0 1 
vn 0 0 1 
vn 0 0 1 
vn 1 0 0 
vn 1 0 0 
vn 0 0 1 
vn 0 0 1 
vn 0 0 1 
vn 0 0 1 
vn 0 0.511811 0.858268 
vn 0 0.511811 0.858268 
vn 0 0.511811 0.858268 
vn 0 0.511811 0.858268 
vn 0 0.511811 0.858268 
vn 0 0.511811 0.858268 
vn 0 0.511811 0.858268 
vn 0 0.511811 0.858268 
vn 0 0 1 
vn 0 0 1 
vn 0 0 1 
vn 0 0 1 
vn 0 -1 0 
vn 0 0 1 
vn 0 0 1 
vn 0 0 1 
vn 0 0 1 
vn 1 0 0 
vn 0 0 1 
vn 0 0 1 
vn 0 0 1 
vn 0 0 1 
vn 1 0 0 
vn 1 0 0 
vn 0 -1 0 
vn 0 -1 0 
vn 0 -1 0 
vn 0 -1 0 
vn 0 -1 0 
vn 0 -1 0 
vn 0 -1 0 
vn 0 -1 0 
vn 0 -1 0 
vn 0 -1 0 
vn 0 -1 0 
vn 0 -1 0 
vn 0 -1 0 
vn 0 0 1 
vn 0 0 1 
vn 0 0 1 
vn 0 0 1 
vn -1 0 0 
vn -1 0 0 
vn -1 0 0 
vn -1 0 0 
vn -1 0 0 
vn -1 0 0 
vn 0 1 0 
vn 0 0 1 
vn 0 0 1 
vn 0 0 1 
vn 0 0 1 
vn 0 1 0 
vn 0 1 0 
vn 0 0 -1 
vn 0.015748 1 0 
vn 1 0 0 
vn 0 0 1 
vn 0 0 1 
vn 0 0 1 
vn 0 0 1 
vn 0.015748 1 0 
vn 0 0 1 
vn 0 0 1 
vn 0 0 1 
vn 0 0 1 
vn 0 0 1 
vn 0 0 1 
vn 0 0 1 
vn 0 0 1 
vn 0 0 1 
vn 0 0 1 
vn 0 0 1 
vn 0 0 1 
vn 0 1 0 
vn 0 1 0 
vn 0 1 0 
vn 0 1 0 
vn 0 1 0 
vn 0 1 0 
vn 0 0 1 
vn 0 0 1 
vn 0 0 1 
vn 0 0 1 
vn -1 0 0 
vn 0 0 1 
vn 0 0 1 
vn 0 0 1 
vn 0 0 1 
vn -0.015748 -1 0 
vn 0 0 1 
vn 0 0 1 
vn 0 0 1 
vn 0 0 1 
vn 0 -1 0 
vn 0 0 1 
vn 0 0 1 
vn 0 0 1 
vn 0 0 1 
vn 0 0 1 
vn 0 0 1 
vn 0 0 1 
vn 0 0 1 
vn 0 0 1 
vn 0 0 1 
vn 0 0 1 
vn 0 0 1 
vn 0 0 1 
vn 0 0 1 
vn 0 0 1 
vn 0 0 1 
vn 0 0 1 
vn 0 0 1 
vn 0 0 1 
vn 0 0 1 
vn 0 0 1 
vn 0 0 1 
vn 0 0 1 
vn 0 0 1 
vn 0 0 1 
vn 0 0 1 
vn 0 0 1 
vn 0 0 1 
vn 0 0 1 
vn 0 0 1 
vn 0 1 0 
vn 0 0 1 
vn 0 0 1 
vn 0 0 1 
vn 0 0 1 
vn 0 0 1 
vn 0 0 1 
vn 0 0 1 
vn 0 0 1 
vn 0 0 1 
vn 0 0 1 
vn 0 0 1 
vn 0 0 1 
vn 0 1 0 
vn 0 0 1 
vn 0 0 1 
vn 0 0 1 
vn 0 0 1 
vn 0 0 1 
vn 0 0 1 
vn 0 0 1 
vn 0 0 1 
vn 1 0 0 
vn 0 -1 0 
vn 0 -1 0 
vn 0 0 1 
vn 0 0 1 
vn 0 0 1 
vn 0 0 1 
vn 0 0 1 
vn 0 0 1 
vn 0 0 1 
vn 0 0 1 
vn 0 1 0 
vn 0 0 1 
vn 0 0 1 
vn 0 0 1 
vn 0 0 1 
vn 0 0 1 
vn 0 0 1 
vn 0 0 1 
vn 0 0 1 
vn 0 0 1 
vn 0 0 1 
vn 0 0 1 
vn 0 0 1 
vn 0 0 1 
vn 0 0 1 
vn 0 0 1 
vn 0 0 1 
vn 0 0 1 
vn 0 0 1 
vn 0 0 1 
vn 0 0 1 
vn 0 0 1 
vn 0 0 1 
vn 0 0 1 
vn 0 0 1 
vn 0 0 1 
vn 0 0 1 
vn 0 0 1 
vn 0 0 1 
vn 0 0 1 
vn 0 0 1 
vn 0 0 1 
vn 0 0 1 
vn 0 0 1 
vn 0 0 1 
vn 0 0 1 
vn 0 0 1 
vn 0 0 1 
vn 0 0 1 
vn 0 0 1 
vn 0 0 1 
vn 0 0 1 
vn 0 0 1 
vn 0 0 1 
vn 0 0 1 
vn 0 0 1 
vn 0 0 1 
vn 0 0 1 
vn 0 0 1 
vn 0 0 1 
vn 0 0 1 
vn 0 0 1 
vn 0 0 1 
vn 0 0 1 
vn 0 0 1 
vn 0 0 1 
vn 0 0 1 
vn 0 0 1 
vn 0 0 1 
vn 0 0 1 
vn 0 0 1 
vn 0 0 1 
vn 0 0 1 
vn 0 0 1 
vn 0 0 1 
vn 0 0.511811 0.858268 
vn 0 0.511811 0.858268 
vn 0 0.511811 0.858268 
vn 0 0.511811 0.858268 
vn 0 0 1 
vn 0 0 1 
vn 0 0 1 
vn 0 0 1 
vn 0 0 1 
vn 0 0 1 
vn 0 0 1 
vn 0 0 1 
vn 0 0 1 
vn 0 0 1 
vn 0 0 1 
vn 0 0 1 
vn 0 0 1 
vn 0 0 1 
vn 0 0 1 
vn 0 0 1 
vn 0 0 1 
vn 0 0 1 
vn 0 0 1 
vn 0 0 1 
vn 0 0 1 
vn 0 0 1 
vn 0 0 1 
vn 0 0 1 
vn 0 0 1 
vn 0 0 1 
vn 0 0 1 
vn 0 0 1 
vn 0 0 1 
vn 0 0 1 
vn 0 0 1 
vn 0 0 1 
vn 0 0 1 
vn 0 0 1 
vn 0 0 1 
vn 0 0 1 
vn 0 0 1 
vn 0 0 1 
vn 0 0 1 
vn 0 0 1 
vn 0 0 1 
vn 0 0 1 
vn 0 0 1 
vn 0 0 1 
vn 0 0 1 
vn 0 0 1 
vn 0 0 1 
vn 0 0 1 
vn 0 0 1 
vn 0 0 1 
vn 0 0 1 
vn 0 0 1 
vn 0 0 1 
vn 0 0 1 
vn 0 0 1 
vn 0 0 1 
vn 0 0 1 
vn 0 0 1 
vn 0 0 1 
vn 0 0 1 
vn 0 0 1 
vn 0 0 1 
vn 0 0 1 
vn 0 0 1 
vn 0 0 1 
vn 0 0 1 
vn 0 0 1 
vn 0 0 1 
vn 0 0 1 
vn 0 0 1 
vn 0 0 1 
vn 0 0 1 
vn 0 0 1 
vn 0 0 1 
vn 0 0 1 
vn 0 0 1 
vn 0 0 1 
vn 0 0 1 
vn 0 0 1 
vn 0 0 1 
vn 0 0 1 
vn 0 0 1 
vn 0 0 1 
vn 0 0 1 
vn 0 0 1 
vn 0 0 1 
vn 0 0 1 
vn 0 0 1 
vn 0 0 1 
vn 0 0 1 
vn 0 0 1 
vn 0 0 1 
vn 0 0 1 
vn 0 0 1 
vn 0 0 1 
vn 0 0 1 
vn 0 0 1 
vn 0 0 1 
vn 0 0 1 
vn 0 0 1 
vn 0 0 1 
vn 0 0 1 
vn 0 0 1 
vn 0 0 1 
vn 0 0 1 
vn 0 0 1 
vn 0 0 1 
vn 0 0 1 
vn 0 0 1 
vn 0 0 1 
vn 0 0 1 
vn 0 0 1 
vn 0 0 1 
vn 0 0 1 
vn 0 0 1 
vn 0 0 1 
vn 0 0 1 
vn 0 0 1 
vn 0 0 1 
vn 0 0 1 
vn 0 0 1 
vn 0 0 1 
vn 0 0 1 
vn 0 0 1 
vn 0 0 -1 
vn 0 0 -1 
vn 0 -0.708661 -0.708661 
vn 0 -0.708661 -0.708661 
vn 0 -0.708661 -0.708661 
vn 0 -0.708661 -0.708661 
vn -1 0 0 
vn -1 0 0 
vn -1 0 0 
vn -1 0 0 
vn -1 0 0 
vn -1 0 0 
vn -1 0 0 
vn -1 0 0 
vn 0 0 -1 
vn 0 0 -1 
vn -1 0 0 
vn -1 0 0 
vn -1 0 0 
vn -1 0 0 
vn -1 0 0 
vn -1 0 0 
vn -1 0 0 
vn -1 0 0 
vn 0 0.858268 -0.511811 
vn 0 0.858268 -0.511811 
vn -1 0 0 
vn -1 0 0 
vn -1 0 0 
vn -1 0 0 
vn -1 0 0 
vn -1 0 0 
vn -1 0 0 
vn -1 0 0 
vn -1 0.015748 0 
vn -1 0.015748 0 
vn -1 0.015748 0 
vn -1 0.015748 0 
vn -1 0.015748 0 
vn -1 0.015748 0 
vn -1 0.015748 0 
vn -1 0.015748 0 
vn -1 0.015748 0 
vn -1 0.015748 0 
vn -1 0.015748 0 
vn -1 0.015748 0 
vn -1 0.015748 0 
vn -1 0.015748 0 
vn -1 0.015748 0 
vn -1 0.015748 0 
vn -1 0 0 
vn -1 0 0 
vn -1 0 0 
vn -1 0 0 
vn -1 0 0 
vn -1 0 0 
vn -1 0 0 
vn -1 0 0 
vn -1 0 0 
vn -1 0 0 
vn -1 0 0 
vn -1 0 0 
vn -1 0 0 
vn -1 0 0 
vn -1 0 0 
vn -1 0 0 
vn -1 0 0 
vn -1 0 0 
vn -1 0 0 
vn -1 0 0 
vn -1 0 0 
vn -1 0 0 
vn -1 0 0 
vn -1 0 0 
vn -1 0 0 
vn -1 0 0 
vn -1 0 0 
vn -1 0 0 
vn -1 0 0 
vn -1 0 0 
vn -1 0 0 
vn -1 0 0 
vn -1 0 0 
vn -1 0 0 
vn -1 0 0 
vn -1 0 0 
vn -1 0 0 
vn -1 0 0 
vn -1 0 0 
vn -1 0 0 
vn -1 0 0 
vn -1 0 0 
vn -1 0 0 
vn -1 0 0 
vn -1 0 0 
vn -1 0 0 
vn -1 0 0 
vn -1 0 0 
vn -1 0 0 
vn -1 0 0 
vn -1 0 0 
vn -1 0 0 
vn -1 0 0 
vn -1 0 0 
vn -1 0 0 
vn -1 0 0 
vn -1 0 0 
vn -1 0 0 
vn -1 0 0 
vn -1 0 0 
vn -1 0 0 
vn -1 0 0 
vn -1 0 0 
vn -1 0 0 
vn -1 0 0 
vn -1 0 0 
vn -1 0 0 
vn -1 0 0 
vn -1 0 0 
vn -1 0 0 
vn -1 0 0 
vn -1 0 0 
vn -1 0 0 
vn -1 0 0 
vn -1 0 0 
vn -1 0 0 
vn -1 0 0 
vn -1 0 0 
vn -1 0 0 
vn -1 0 0 
vn 0 0 -1 
vn -1 0 0 
vn -1 0 0 
vn -1 0 0 
vn -1 0 0 
vn -1 0 0 
vn -1 0 0 
vn -1 0 0 
vn -1 0 0 
vn -1 0 0 
vn -1 0 0 
vn -1 0 0 
vn -1 0 0 
vn -1 0 0 
vn -1 0 0 
vn -1 0 0 
vn -1 0 0 
vn -1 0 0 
vn -1 0 0 
vn -1 0 0 
vn -1 0 0 
vn -1 0 0 
vn -1 0 0 
vn -1 0 0 
vn -1 0 0 
vn -1 0 0 
vn -1 0 0 
vn -1 0 0 
vn -1 0 0 
vn -1 0 0 
vn -1 0 0 
vn -1 0 0 
vn -1 0 0 
vn -1 0 0 
vn -1 0 0 
vn -1 0 0 
vn -1 0 0 
vn -1 0 0 
vn -1 0 0 
vn -1 0 0 
vn -1 0 0 
vn -1 0 0 
vn -1 0 0 
vn -1 0 0 
vn -1 0 0 
vn -1 0 0 
vn -1 0 0 
vn -1 0 0 
vn -1 0 0 
vn -1 0 0 
vn -1 0 0 
vn -1 0 0 
vn -1 0 0 
vn -1 0 0 
vn -1 0 0 
vn -1 0 0 
vn -1 0 0 
vn -1 0 0 
vn -1 0 0 
vn -1 0 0 
vn -1 0 0 
vn -1 0 0 
vn -1 0 0 
vn -1 0 0 
vn -1 0 0 
vn -1 0 0 
vn -1 0 0 
vn -1 0 0 
vn -1 0 0 
vn -1 0 0 
vn -1 0 0 
vn -1 0 0 
vn -1 0 0 
vn -1 0 0 
vn -1 0 0 
vn -1 0 0 
vn -1 0 0 
vn -1 0 0 
vn -1 0 0 
vn -1 0 0 
vn -1 0 0 
vn -1 0 0 
vn -1 0 0 
vn -1 0 0 
vn -1 0 0 
vn -1 0 0 
vn -1 0 0 
vn -1 0 0 
vn -1 0 0 
vn -1 0 0 
vn -1 0 0 
vn -1 0 0 
vn -1 0 0 
vn -1 0 0 
vn -1 0 0 
vn -1 0 0 
vn -1 0 0 
vn -1 0 0 
vn -1 0 0 
vn -1 0 0 
vn -1 0 0 
vn -1 0 0 
vn -1 0 0 
vn -1 0 0 
vn -1 0 0 
vn -1 0 0 
vn -1 0 0 
vn -1 0 0 
vn -1 0 0 
vn -1 0 0 
vn -1 0 0 
vn -1 0 0 
vn -1 0 0 
vn -1 0 0 
vn -1 0 0 
vn -1 0 0 
vn -1 0 0 
vn -1 0 0 
vn -1 0 0 
vn -1 0 0 
vn -1 0 0 
vn -1 0 0 
vn -1 0 0 
vn -1 0 0 
vn -1 0 0 
vn -1 0 0 
vn -1 0 0 
vn -1 0 0 
vn -1 0 0 
vn -1 0 0 
vn -1 0 0 
vn -1 0 0 
vn -1 0 0 
vn -1 0 0 
vn -1 0 0 
vn -1 0 0 
vn -1 0 0 
vn -1 0 0 
vn -1 0 0 
vn -1 0 0 
vn -1 0 0 
vn -1 0 0 
vn -1 0 0 
vn -1 0 0 
vn -1 0 0 
vn -1 0 0 
vn -1 0 0 
vn -1 0 0 
vn -1 0 0 
vn -1 0 0 
vn -1 0 0 
vn -1 0 0 
vn -1 0 0 
vn -1 0 0 
vn -1 0 0 
vn -1 0 0 
vn -1 0 0 
vn 0 0 -1 
vn 0 0 -1 
vn 0 0 -1 
vn 0 0 -1 
vn 0 0 -1 
vn 0 0 -1 
vn 0 0 -1 
vn 0 0 -1 
vn -1 0 0 
vn -1 0 0 
vn -1 0 0 
vn -1 0 0 
vn 0 0 -1 
vn 0 0 -1 
vn 0 0 -1 
vn 0 0 -1 
vn 0 0 -1 
vn 0 0 -1 
vn 0 0 -1 
vn 0 0 -1 
vn 0 0 -1 
vn 0 0 -1 
vn -1 0 0 
vn -1 0 0 
vn -1 0 0 
vn -1 0 0 
vn 1 0 0 
vn 1 0 0 
vn 1 0 0 
vn 1 -0.015748 0 
vn 0 0 1 
vn 0 0 1 
vn 0 0 1 
vn 0 0 1 
vn 0 0 1 
vn 0 0 1 
vn 0 0 1 
vn 0 0 1 
vn 0 0 1 
vn 1 0 0 
vn 1 0 0 
vn -1 0 0 
vn -1 0 0 
vn -1 0 0 
vn -1 0 0 
vn -1 0 0 
vn -1 0 0 
vn -1 0 0 
vn -1 0 0 
vn -1 0 0 
vn -1 0 0 
vn -1 0 0 
vn -1 0 0 
vn 0 0.503937 -0.866142 
vn -1 0 0 
vn -1 0 0 
vn -1 0 0 
vn -1 0 0 
vn 0 0 1 
vn 0 0 1 
vn -1 0 0 
vn -1 0 0 
vn -1 0 0 
vn -1 0 0 
vn -1 0 0 
vn -1 0 0 
vn -1 0 0 
vn -1 0 0 
vn -1 0 0 
vn -1 0 0 
vn -1 0 0 
vn -1 0 0 
vn -1 0 0 
vn -1 0 0 
vn -1 0 0 
vn -1 0 0 
vn 0 -0.511811 -0.858268 
vn 0 0.866142 0.503937 
vn 1 0 0 
vn 1 0 0 
vn 1 0 0 
vn 1 0 0 
vn 1 0 0 
vn 1 0 0 
vn 1 0 0 
vn 1 0 0 
vn 1 0 0 
vn 1 0 0 
vn 1 0 0 
vn 1 0 0 
vn 0 0 1 
vn 0 0 1 
vn 0 0 1 
vn -1 0 0 
vn -1 0 0 
vn -1 0 0 
vn -1 0 0 
vn 1 0 0 
vn 1 0 0 
vn 1 0 0 
vn 1 0 0 
vn 1 0 0 
vn 1 0 0 
vn 1 0 0 
vn 1 0 0 
vn 1 0 0 
vn 0 0 1 
vn 0 0 1 
vn 0 0 1 
vn 0 1 0 
vn 0 1 0 
vn 0 1 0 
vn 0 1 0 
vn 0 1 0 
vn 0 0 1 
vn 0 0 1 
vn 0 0 1 
vn -1 0 0 
vn -1 0 0 
vn -1 0 0 
vn -1 0 0 
vn -1 0 0 
vn -1 0 0 
vn -1 0 0 
vn -1 0 0 
vn -1 0 0 
vn -1 0 0 
vn -1 0 0 
vn -1 0 0 
vn -1 0 0 
vn -1 0 0 
vn -1 0 0 
vn -1 0 0 
vn 0 0 1 
vn 0 0 1 
vn 0 0 1 
vn 0 1 0 
vn 0 0 1 
vn 0 0 1 
vn 0 0 1 
vn 0 0 1 
vn 0 0.708661 -0.708661 
vn 0 0.708661 -0.708661 
vn 0 0 1 
vn 0 0 1 
vn 0 0 1 
vn 0 1 0 
vn 0 0 1 
vn 0 0 1 
vn 0 0 1 
vn 0 0 1 
vn 0 1 0 
vn -1 0 0 
vn -1 0 0 
vn -1 0 0 
vn -1 0 0 
vn -1 0 0 
vn -1 0 0 
vn -1 0 0 
vn -1 0 0 
vn 1 0 0 
vn 1 0 0 
vn 0 0 1 
vn -1 0 0 
vn -1 0 0 
vn -1 0 0 
vn -1 0 0 
vn -1 0 0 
vn -1 0 0 
vn -1 0 0 
vn -1 0 0 
vn 0 1 0 
vn 0 0 -1 
vn 0 0 -1 
vn 0 0 -1 
vn -1 0 0 
vn -1 0 0 
vn -1 0 0 
vn -1 0 0 
vn -1 0 0 
vn -1 0 0 
vn -1 0 0 
vn -1 0 0 
vn -1 0 0 
vn -1 0 0 
vn -1 0 0 
vn -1 0 0 
vn 0 0 1 
vn 0 0 1 
vn 0 0 1 
vn 0 0 1 
vn 0 0 1 
vn 0 -1 0 
vn 0 -1 0 
vn 0 -1 0 
vn 0 -1 0 
vn 0 -1 0 
vn 0 -1 0 
vn 1 0 0 
vn 1 0 0 
vn -1 0 0 
vn -1 0 0 
vn -1 0 0 
vn -1 0 0 
vn 0 0 1 
vn 0 0 1 
vn 0.015748 1 0 
vn 0 0 1 
vn 0 0 1 
vn 0.015748 1 0 
vn 0 0 1 
vn 0 0 1 
vn 0 0 1 
vn 0 0 1 
vn 0 0 1 
vn 0 0 1 
vn 0 0 1 
vn 0 0 1 
vn 0 0 1 
vn 0 0 1 
vn 0 0 1 
vn 0 0 1 
vn 0 0 1 
vn 0 0 1 
vn 0 0 1 
vn 0 0 1 
vn 0 1 0 
vn 0 -0.503937 0.866142 
vn 0 0 1 
vn 0 0 1 
vn 0 1 0 
vn 0 1 0 
vn 0 1 0 
vn -1 0 0 
vn -1 0 0 
vn -1 0 0 
vn -1 0 0 
vn -1 0 0 
vn -1 0 0 
vn -1 0 0 
vn -1 0 0 
vn -1 0 0 
vn -1 0 0 
vn -1 0 0 
vn -1 0 0 
vn 0 0.511811 0.858268 
vn -1 0 0 
vn -1 0 0 
vn -1 0 0 
vn -1 0 0 
vn 1 0 0 
vn 1 0 0 
vn 0 -1 0 
vn 0 -1 0 
vn 0 -1 0 
vn 0 -1 0 
vn 0 -1 0 
vn 0 -1 0 
vn 0 -1 0 
vn 0 -1 0 
vn 0 -1 0 
vn 0 -1 0 
vn 0 -1 0 
vn 0 -1 0 
vn 0 -1 0 
vn 0 -1 0 
vn 0 -1 0 
vn 0 -1 0 
vn 0 -1 0 
vn 0 -1 0 
vn -1 0 0 
vn -1 0 0 
vn -1 0 0 
vn -1 0 0 
vn -1 0 0 
vn -1 0 0 
vn -1 0 0 
vn -1 0 0 
vn -1 0 0 
vn -1 0 0 
vn -1 0 0 
vn -1 0 0 
vn -1 0 0 
vn -1 0 0 
vn -1 0 0 
vn -1 0 0 
vn -1 0 0 
vn -1 0 0 
vn -1 0 0 
vn -1 0 0 
vn -1 0 0 
vn -1 0 0 
vn -1 0 0 
vn -1 0 0 
vn -1 0 0 
vn -1 0 0 
vn -1 0 0 
vn -1 0 0 
vn -1 0 0 
vn -1 0 0 
vn -1 0 0 
vn -1 0 0 
vn -1 0 0 
vn -1 0 0 
vn -1 0 0 
vn -1 0 0 
vn -1 0 0 
vn -1 0 0 
vn -1 0 0 
vn -1 0 0 
vn -1 0 0 
vn -1 0 0 
vn -1 0 0 
vn -1 0 0 
vn -1 0 0 
vn -1 0 0 
vn -1 0 0 
vn -1 0 0 
vn -1 0 0 
vn -1 0 0 
vn -1 0 0 
vn -1 0 0 
vn -1 0 0 
vn -1 0 0 
vn -1 0 0 
vn -1 0 0 
vn -1 0 0 
vn -1 0 0 
vn -1 0 0 
vn -1 0 0 
vn -1 0 0 
vn -1 0 0 
vn -1 0 0 
vn -1 0 0 
vn -1 0 0 
vn -1 0 0 
vn -1 0 0 
vn -1 0 0 
vn -1 0 0 
vn -1 0 0 
vn -1 0 0 
vn -1 0 0 
vn -1 0 0 
vn -1 0 0 
vn -1 0 0 
vn -1 0 0 
vn -1 0 0 
vn -1 0 0 
vn -1 0 0 
vn -1 0 0 
vn 0 1 0 
vn 0 1 0 
vn 0 1 0 
vn 0 0 -1 
vn -1 0 0 
vn -1 0 0 
vn -1 0 0 
vn -1 0 0 
vn -1 0 0 
vn -1 0 0 
vn -1 0 0 
vn -1 0 0 
vn -1 0 0 
vn -1 0 0 
vn -1 0 0 
vn -1 0 0 
vn -1 0 0 
vn -1 0 0 
vn -1 0 0 
vn -1 0 0 
vn -1 0 0 
vn -1 0 0 
vn -1 0 0 
vn -1 0 0 
vn -1 0 0 
vn -1 0 0 
vn -1 0 0 
vn -1 0 0 
vn -1 0 0 
vn -1 0 0 
vn -1 0 0 
vn -1 0 0 
vn -1 0 0 
vn -1 0 0 
vn -1 0 0 
vn -1 0 0 
vn -1 0 0 
vn -1 0 0 
vn -1 0 0 
vn -1 0 0 
vn 0.015748 1 0 
vn 0 1 0 
vn -1 0 0 
vn -1 0 0 
vn -1 0 0 
vn -1 0 0 
vn -1 0 0 
vn -1 0 0 
vn -1 0 0 
vn -1 0 0 
vn -1 0 0 
vn -1 0 0 
vn -1 0 0 
vn -1 0 0 
vn 0 1 0 
vn 0 1 0 
vn 0 -1 0 
vn 0 1 0 
vn 0 1 0 
vn 0 1 0 
vn 0 1 0 
vn -1 0 0 
vn -1 0 0 
vn -1 0 0 
vn -1 0 0 
vn -1 0 0 
vn -1 0 0 
vn -1 0 0 
vn -1 0 0 
vn -1 0 0 
vn -1 0 0 
vn -1 0 0 
vn -1 0 0 
vn -1 0 0 
vn -1 0 0 
vn -1 0 0 
vn -1 0 0 
vn -1 0 0 
vn -1 0 0 
vn -1 0 0 
vn -1 0 0 
vn -1 0 0 
vn -1 0 0 
vn -1 0 0 
vn -1 0 0 
vn -1 0 0 
vn -1 0 0 
vn -1 0 0 
vn -1 0 0 
vn 0 -1 0 
vn -0.015748 -1 0 
vn 0 -1 0 
vn 0 -1 0 
vn 0 0 1 
vn 0 0 1 
vn -1 0 0 
vn -1 0 0 
vn -1 0 0 
vn -1 0 0 
vn -1 0 0 
vn -1 0 0 
vn -1 0 0 
vn -1 0 0 
vn -1 0 0 
vn -1 0 0 
vn -1 0 0 
vn -1 0 0 
vn -1 0 0 
vn -1 0 0 
vn -1 0 0 
vn -1 0 0 
vn -1 0 0 
vn -1 0 0 
vn -1 0 0 
vn -1 0 0 
vn -1 0 0 
vn -1 0 0 
vn -1 0 0 
vn -1 0 0 
vn -1 0 0 
vn -1 0 0 
vn -1 0 0 
vn -1 0 0 
vn -1 0 0 
vn -1 0 0 
vn -1 0 0 
vn -1 0 0 
vn -1 0 0 
vn -1 0 0 
vn -1 0 0 
vn -1 0 0 
vn -1 0 0 
vn -1 0 0 
vn -1 0 0 
vn -1 0 0 
vn 0 -1 0 
vn -1 0 0 
vn -1 0 0 
vn -1 0 0 
vn -1 0 0 
vn -1 0 0 
vn -1 0 0 
vn -1 0 0 
vn -1 0 0 
vn -1 0 0 
vn -1 0 0 
vn -1 0 0 
vn -1 0 0 
vn -1 0 0 
vn -1 0 0 
vn -1 0 0 
vn -1 0 0 
vn -1 0 0 
vn -1 0 0 
vn -1 0 0 
vn -1 0 0 
vn -1 0 0 
vn -1 0 0 
vn -1 0 0 
vn -1 0 0 
vn -1 0 0 
vn -1 0 0 
vn -1 0 0 
vn -1 0 0 
vn -1 0 0 
vn -1 0 0 
vn -1 0 0 
vn -1 0 0 
vn -1 0 0 
vn -1 0 0 
vn -1 0 0 
vn -1 0 0 
vn -1 0 0 
vn -1 0 0 
vn -1 0 0 
vn -1 0 0 
vn -1 0 0 
vn -1 0 0 
vn -1 0 0 
vn -1 0 0 
vn -1 0 0 
vn -1 0 0 
vn -1 0 0 
vn -1 0 0 
vn -1 0 0 
vn -1 0 0 
vn -1 0 0 
vn -1 0 0 
vn -1 0 0 
vn -1 0 0 
vn -1 0 0 
vn -1 0 0 
vn -1 0 0 
vn -1 0 0 
vn -1 0 0 
vn -1 0 0 
vn -1 0 0 
vn -1 0 0 
vn -1 0 0 
vn -1 0 0 
vn -1 0 0 
vn -1 0 0 
vn -1 0 0 
vn -1 0 0 
vn -1 0 0 
vn -1 0 0 
vn -1 0 0 
vn -1 0 0 
vn -1 0 0 
vn -1 0 0 
vn -1 0 0 
vn -1 0 0 
vn -1 0 0 
vn -1 0 0 
vn -1 0 0 
vn -1 0 0 
vn -1 0 0 
vn -1 0 0 
vn -1 0 0 
vn -1 0 0 
vn -1 0 0 
vn -1 0 0 
vn -1 0 0 
vn -1 0 0 
vn -1 0 0 
vn -1 0 0 
vn -1 0 0 
vn -1 0 0 
vn -1 0 0 
vn -1 0 0 
vn -1 0 0 
vn -1 0 0 
vn -1 0 0 
vn -1 0 0 
vn -1 0 0 
vn -1 0 0 
vn -1 0 0 
vn -1 0 0 
vn -1 0 0 
vn -1 0 0 
vn -1 0 0 
vn -1 0 0 
vn -1 0 0 
vn -1 0 0 
vn -1 0 0 
vn -1 0 0 
vn -1 0 0 
vn -1 0 0 
vn -1 0 0 
vn -1 0 0 
vn -1 0 0 
vn -1 0 0 
vn -1 0 0 
vn -1 0 0 
vn -1 0 0 
vn -1 0 0 
vn -1 0 0 
vn -1 0 0 
vn -1 0 0 
vn -1 0 0 
vn -1 0 0 
vn -1 0 0 
vn -1 0 0 
vn -1 0 0 
vn -1 0 0 
vn -1 0 0 
vn -1 0 0 
vn -1 0 0 
vn -1 0 0 
vn -1 0 0 
vn -1 0 0 
vn -1 0 0 
vn -1 0 0 
vn -1 0 0 
vn -1 0 0 
vn -1 0 0 
vn -1 0.015748 0 
vn -1 0.015748 0 
vn -1 0.015748 0 
vn -1 0.015748 0 
vn -1 0.015748 0 
vn -1 0.015748 0 
vn -1 0.015748 0 
vn -1 0.015748 0 
vn -1 0.015748 0 
vn -1 0.015748 0 
vn -1 0.015748 0 
vn -1 0.015748 0 
vn -1 0.015748 0 
vn -1 0.015748 0 
vn -1 0.015748 0 
vn -1 0.015748 0 
vn -1 0 0 
vn -1 0 0 
vn -1 0 0 
vn -1 0 0 
vn -1 0 0 
vn -1 0 0 
vn -1 0 0 
vn -1 0 0 
vn -1 0 0 
vn -1 0 0 
vn -1 0 0 
vn -1 0 0 
vn -1 0 0 
vn -1 0 0 
vn -1 0 0 
vn -1 0 0 
vn -1 0 0 
vn -1 0 0 
vn -1 0 0 
vn -1 0 0 
vn -1 0 0 
vn -1 0 0 
vn -1 0 0 
vn -1 0 0 
vn -1 0 0 
vn -1 0 0 
vn -1 0 0 
vn -1 0 0 
vn -1 0 0 
vn -1 0 0 
vn -1 0 0 
vn -1 0 0 
vn -1 0 0 
vn -1 0 0 
vn -1 0 0 
vn -1 0 0 
vn -1 0 0 
vn -1 0 0 
vn -1 0 0 
vn -1 0 0 
vn 0 0 -1 
vn 0 0 -1 
vn 0 0 -1 
vn 0 0 -1 
vn 0 -0.708661 -0.708661 
vn 0 -0.708661 -0.708661 
vn 0 -0.708661 -0.708661 
vn 0 -0.708661 -0.708661 
vn 0 -0.708661 -0.708661 
vn 0 -0.708661 -0.708661 
vn 0 -0.708661 -0.708661 
vn 0 -0.708661 -0.708661 
vn 0 0 -1 
vn 0 0 -1 
vn -1 0 0 
vn -1 0 0 
vn -1 0 0 
vn -1 0 0 
vn -1 0 0 
vn -1 0 0 
vn 0 0 -1 
vn 0 0 -1 
vn -1 0 0 
vn -1 0 0 
vn -1 0 0 
vn 0 0.858268 -0.511811 
vn 0 0.858268 -0.511811 
vn 0 0.858268 -0.511811 
vn -1 0 0 
vn -1 0 0 
vn -1 0 0 
vn -1 0 0 
vn -1 0.015748 0 
vn -1 0.015748 0 
vn -1 0.015748 0 
vn -1 0.015748 0 
vn -1 0 0 
vn -1 0 0 
vn -1 0 0 
vn -1 0 0 
vn -1 0 0 
vn -1 0 0 
vn -1 0 0 
vn -1 0 0 
vn -1 0 0 
vn -1 0 0 
vn -1 0 0 
vn -1 0 0 
vn -1 0 0 
vn -1 0 0 
vn -1 0 0 
vn -1 0 0 
vn -1 0 0 
vn -1 0 0 
vn -1 0 0 
vn -1 0 0 
vn -1 0 0 
vn -1 0 0 
vn -1 0 0 
vn -1 0 0 
vn -1 0 0 
vn -1 0 0 
vn -1 0 0 
vn -1 0 0 
vn -1 0 0 
vn -1 0 0 
vn 0 0 -1 
vn 0 0 -1 
vn 0 0 -1 
vn -1 0 0 
vn -1 0 0 
vn -1 0 0 
vn -1 0 0 
vn -1 0 0 
vn -1 0 0 
vn -1 0 0 
vn -1 0 0 
vn -1 0 0 
vn -1 0 0 
vn -1 0 0 
vn -1 0 0 
vn -1 0 0 
vn -1 0 0 
vn -1 0 0 
vn -1 0 0 
vn -1 0 0 
vn -1 0 0 
vn -1 0 0 
vn -1 0 0 
vn -1 0 0 
vn -1 0 0 
vn -1 0 0 
vn -1 0 0 
vn -1 0 0 
vn -1 0 0 
vn -1 0 0 
vn -1 0 0 
vn -1 0 0 
vn -1 0 0 
vn -1 0 0 
vn -1 0 0 
vn -1 0 0 
vn -1 0 0 
vn -1 0 0 
vn -1 0 0 
vn -1 0 0 
vn -1 0 0 
vn -1 0 0 
vn -1 0 0 
vn -1 0 0 
vn -1 0 0 
vn -1 0 0 
vn -1 0 0 
vn -1 0 0 
vn -1 0 0 
vn -1 0 0 
vn -1 0 0 
vn -1 0 0 
vn -1 0 0 
vn -1 0 0 
vn -1 0 0 
vn -1 0 0 
vn -1 0 0 
vn -1 0 0 
vn -1 0 0 
vn -1 0 0 
vn -1 0 0 
vn -1 0 0 
vn -1 0 0 
vn -1 0 0 
vn -1 0 0 
vn -1 0 0 
vn -1 0 0 
vn -1 0 0 
vn -1 0 0 
vn 0 0 -1 
vn 0 0 -1 
vn 0 0 -1 
vn 0 0 -1 
vn 0 0 -1 
vn 0 0 -1 
vn 0 0 -1 
vn 0 0 -1 
vn 0 0 -1 
vn 0 0 -1 
vn 0 0 -1 
vn 0 0 -1 
vn 0 0 -1 
vn 0 0 -1 
vn 0 0 -1 
vn 0 0 -1 
vn 0 0 -1 
vn 0 0 -1 
vn 0 0 -1 
vn 0 0 -1 
vn 0 0 -1 
vn -1 0 0 
vn -1 0 0 
vn 0 0 -1 
vn 0 0 -1 
vn 0 0 -1 
vn 0 0 -1 
vn 0 0 -1 
vn 0 0 -1 
vn 0 0 -1 
vn 0 0 -1 
vn 0 0 -1 
vn 0 0 -1 
vn 0 0 -1 
vn 0 0 -1 
vn 0 0 -1 
vn 0 0 -1 
vn 0 0 -1 
vn 0 0 -1 
vn 0 0 -1 
vn 0 0 -1 
vn 0 0 -1 
vn 0 0 -1 
vn 0 0 -1 
vn 0 0 -1 
vn 0 0 -1 
vn 0 0 -1 
vn 0 0 -1 
vn 0 0 -1 
vn 0 0 -1 
vn 0 0 -1 
vn 0 0 -1 
vn 0 0 -1 
vn 0 0 -1 
vn 0 0 -1 
vn 0 0 -1 
vn 0 0 -1 
vn 0 0 -1 
vn 0 0 -1 
vn 0 0 -1 
vn 0 0 -1 
vn 0 0 -1 
vn 0 0 -1 
vn 0 0 -1 
vn 0 0 -1 
vn 0 0 -1 
vn 0 0 -1 
vn 0 0 -1 
vn 0 0 -1 
vn 0 0 -1 
vn 0 0 -1 
vn 0 0 -1 
vn 0 0 -1 
vn 0 0 -1 
vn 0 0 -1 
vn 0 0 -1 
vn 0 0 -1 
vn 0 0 -1 
vn 0 0 -1 
vn 0 0 -1 
vn 0 0 -1 
vn 0 0 -1 
vn 1 0 0 
vn 1 0 0 
vn 1 0 0 
vn 1 0 0 
vn 1 0 0 
vn 1 0 0 
vn 1 0 0 
vn 0 0 -1 
vn 1 0 0 
vn 0 0 -1 
vn -1 0 0 
vn 1 0 0 
vn 1 0 0 
vn 1 0 0 
vn 0 0 1 
vn 0 0 1 
vn 1 0 0 
vn 1 0 0 
vn 1 0 0 
vn 1 0 0 
vn 1 0 0 
vn 1 0 0 
vn 1 0 0 
vn 1 0 0 
vn 1 0 0 
vn 1 0 0 
vn 1 0 0 
vn 1 0 0 
vn 1 0 0 
vn 1 0 0 
vn 1 0 0 
vn 1 0 0 
vn 1 0 0 
vn 1 0 0 
vn 1 0 0 
vn 1 0 0 
vn 1 0 0 
vn 1 0 0 
vn 1 -0.015748 0 
vn 1 -0.015748 0 
vn 1 -0.015748 0 
vn 1 -0.015748 0 
vn 1 -0.015748 0 
vn 1 -0.015748 0 
vn 1 -0.015748 0 
vn 0 0 1 
vn 0 0 1 
vn 0 0 1 
vn 0 0 1 
vn 0 0 1 
vn 0 0 1 
vn 0 0 1 
vn 0 0 1 
vn 0 0 1 
vn 0 0 1 
vn 0 0 1 
vn 0 0 1 
vn 0 0 -1 
vn 0 0 1 
vn 0 0 1 
vn 0 0 1 
vn 0 0 1 
vn 0 0 1 
vn 0 0 1 
vn 0 0 1 
vn 0 0 1 
vn 0 0 1 
vn 0 0 1 
vn 0 0 1 
vn 0 0 1 
vn 1 0 0 
vn 1 0 0 
vn 1 0 0 
vn 1 0 0 
vn 1 0 0 
vn 1 0 0 
vn 1 0 0 
vn 1 0 0 
vn 1 0 0 
vn 1 0 0 
vn 1 0 0 
vn 1 0 0 
vn 1 0 0 
vn 1 0 0 
vn 1 0 0 
vn 1 0 0 
vn 1 0 0 
vn 1 0 0 
vn 1 0 0 
vn 1 0 0 
vn 1 0 0 
vn 1 0 0 
vn 1 0 0 
vn 1 0 0 
vn 1 0 0 
vn 1 0 0 
vn 1 0 0 
vn 1 0 0 
vn 1 0 0 
vn 1 0 0 
vn 1 0 0 
vn 1 0 0 
vn 1 0 0 
vn 1 0 0 
vn 1 0 0 
vn 1 0 0 
vn 1 0 0 
vn 1 0 0 
vn 1 0 0 
vn 1 0 0 
vn 1 0 0 
vn 1 0 0 
vn 1 0 0 
vn 1 0 0 
vn 1 0 0 
vn 1 0 0 
vn 1 0 0 
vn 1 0 0 
vn 1 0 0 
vn 1 0 0 
vn 1 0 0 
vn 1 0 0 
vn 1 0 0 
vn 1 0 0 
vn 1 0 0 
vn 1 0 0 
vn 1 0 0 
vn 1 0 0 
vn 1 0 0 
vn 0 0 1 
vn 0 0 1 
vn 0 0 1 
vn 0 0 1 
vn -1 0 0 
vn 0 0.503937 -0.866142 
vn 0 0.503937 -0.866142 
vn 0 0 1 
vn 0 0 1 
vn 0 0 1 
vn 0 0 1 
vn -1 0 0 
vn -1 0 0 
vn -1 0 0 
vn -1 0 0 
vn -1 0 0 
vn 0 -0.511811 -0.858268 
vn 0 -0.511811 -0.858268 
vn 1 0 0 
vn 1 0 0 
vn 1 0 0 
vn 1 0 0 
vn 1 0 0 
vn 1 0 0 
vn 1 0 0 
vn 1 0 0 
vn 1 0 0 
vn 1 0 0 
vn 1 0 0 
vn 1 0 0 
vn 1 0 0 
vn 0 0 1 
vn 0 0 1 
vn -1 0 0 
vn -1 0 0 
vn 1 0 0 
vn 1 0 0 
vn 1 0 0 
vn 1 0 0 
vn 1 0 0 
vn 1 0 0 
vn 1 0 0 
vn 1 0 0 
vn 1 0 0 
vn 1 0 0 
vn 1 0 0 
vn 1 0 0 
vn 1 0 0 
vn 1 0 0 
vn 1 0 0 
vn 1 0 0 
vn 1 0 0 
vn 1 0 0 
vn 0 0 1 
vn 0 0 1 
vn 1 0 0 
vn 0 0 1 
vn -1 0 0 
vn -1 0 0 
vn -1 0 0 
vn -1 0 0 
vn -1 0 0 
vn -1 0 0 
vn 0 0 1 
vn 0 0 1 
vn 0 0 1 
vn 0 0 1 
vn 0 0 1 
vn 0 0 1 
vn 0 0 1 
vn 0 0 1 
vn 0 0 1 
vn 1 0 0 
vn 0 0 1 
vn 0 0 1 
vn -1 0 0 
vn -1 0 0 
vn 1 0 0 
vn 1 0 0 
vn 1 0 0 
vn 0 0 -1 
vn 0 0 -1 
vn 0 0 -1 
vn 0 0 -1 
vn -1 0 0 
vn -1 0 0 
vn -1 0 0 
vn -1 0 0 
vn 0 0 1 
vn 0 0 1 
vn 0 0 1 
vn 0 1 0 
vn 0 1 0 
vn 0 -1 0 
vn 0 -1 0 
vn 0 -1 0 
vn 0 -1 0 
vn 0 -1 0 
vn 0 -1 0 
vn 0 -1 0 
vn 0 -1 0 
vn 0 -1 0 
vn 0 -1 0 
vn 0 -1 0 
vn 0 -1 0 
vn 0 -1 0 
vn 0 -1 0 
vn 0 -1 0 
vn 0 -1 0 
vn 0 -1 0 
vn 0 -1 0 
vn 0 -1 0 
vn 0 -1 0 
vn 0 -1 0 
vn 0 -1 0 
vn 0 -1 0 
vn 0 -1 0 
vn 1 0 0 
vn 1 0 0 
vn -1 0 0 
vn 0 0 1 
vn 0 0 1 
vn 0 0 1 
vn 0 0 1 
vn 0 0 1 
vn 0 0 1 
vn 0 0 1 
vn 0 0 1 
vn 0 0 1 
vn 0 0 1 
vn 0 0 1 
vn 0 0 1 
vn 0 0 1 
vn 0 0 1 
vn 0.015748 1 0 
vn 0 0 1 
vn 0 0 1 
vn 0 0 1 
vn 0 0 1 
vn 0 0 1 
vn 0 0 1 
vn 0 0 1 
vn 0 0 1 
vn 0 0 1 
vn 0 0 1 
vn 0 0 1 
vn 0 0 1 
vn 0 0 1 
vn 0 0 1 
vn 0 0 1 
vn 0 0 1 
vn 0 0 1 
vn 0 0 1 
vn 0 0 1 
vn 0 0 1 
vn 0 0 1 
vn 0 0 1 
vn 0 0 1 
vn 0 0 1 
vn 0 0 1 
vn 0 0 1 
vn 0 0 1 
vn 0 0 1 
vn 0 1 0 
vn 1 0 0 
vn 0 -1 0 
vn 0 -1 0 
vn 0 -1 0 
vn 0 -1 0 
vn 0 -0.503937 0.866142 
vn 0 -0.503937 0.866142 
vn 0 1 0 
vn 0 0 1 
vn 0 1 0 
vn 0 1 0 
vn 0 1 0 
vn 0 1 0 
vn 0 1 0 
vn 0 -1 0 
vn 0 -1 0 
vn 0 -1 0 
vn 0 -1 0 
vn -1 0 0 
vn -1 0 0 
vn 0 0.511811 0.858268 
vn 0 0.511811 0.858268 
vn 0 -1 0 
vn 0 -1 0 
vn 0 -1 0 
vn 0 -1 0 
vn 0 -1 0 
vn 0 -1 0 
vn 0 -1 0 
vn 0 -1 0 
vn 0 -1 0 
vn 0 -1 0 
vn 0 -1 0 
vn 0 -1 0 
vn 1 0 0 
vn 0 -1 0 
vn 0 -1 0 
vn 0 -1 0 
vn 0 -1 0 
vn 0 -1 0 
vn 0 -1 0 
vn 0 -1 0 
vn 0 -1 0 
vn 0 -1 0 
vn 0 -1 0 
vn 0 -1 0 
vn 0 -1 0 
vn 0 -1 0 
vn 0 -1 0 
vn 0 -1 0 
vn 0 -1 0 
vn 0 -1 0 
vn 0 -1 0 
vn 0 -1 0 
vn 0 -1 0 
vn 0 -1 0 
vn 0 -1 0 
vn 0 -1 0 
vn 0 -1 0 
vn 0 -1 0 
vn 0 -1 0 
vn 0 -1 0 
vn 0 -1 0 
vn 0 -1 0 
vn 0 -1 0 
vn 0 -1 0 
vn 0 -1 0 
vn 0 -1 0 
vn 0 -1 0 
vn 0 -1 0 
vn 0 -1 0 
vn 0 -1 0 
vn 0 -1 0 
vn 0 -1 0 
vn 0 -1 0 
vn 0 -1 0 
vn 0 -1 0 
vn 0 -1 0 
vn 0 -1 0 
vn 0 -1 0 
vn 0 -1 0 
vn 0 -1 0 
vn 0 -1 0 
vn 0 -1 0 
vn 0 -1 0 
vn 0 -1 0 
vn 0 -1 0 
vn 0 -1 0 
vn 0 -1 0 
vn 0 -1 0 
vn 0 -1 0 
vn 0 -1 0 
vn 0 -1 0 
vn 0 -1 0 
vn 0 -1 0 
vn 0 -1 0 
vn 0 -1 0 
vn 0 -1 0 
vn 0 -1 0 
vn 0 -1 0 
vn 0 -1 0 
vn 0 -1 0 
vn 0 -1 0 
vn 0 -1 0 
vn 0 -1 0 
vn 0 -1 0 
vn 0 -1 0 
vn 0 -1 0 
vn 0 -1 0 
vn 0 -1 0 
vn 0 -1 0 
vn 0 -1 0 
vn 0 -1 0 
vn 0 -1 0 
vn 0 -1 0 
vn 0 -1 0 
vn 0 -1 0 
vn 0 -1 0 
vn 0 -1 0 
vn 0 -1 0 
vn 0 -1 0 
vn 0 -1 0 
vn 0 -1 0 
vn 0 -1 0 
vn 0 -1 0 
vn 0 -1 0 
vn 0 -1 0 
vn 0 -1 0 
vn 0 -1 0 
vn 0 -1 0 
vn 0 -1 0 
vn 0 -1 0 
vn 0 -1 0 
vn 0 -1 0 
vn 0 -1 0 
vn 0 -1 0 
vn 0 -1 0 
vn 0 -1 0 
vn 0 -1 0 
vn 0 -1 0 
vn 0 -1 0 
vn 0 -1 0 
vn 0 -1 0 
vn 0 -1 0 
vn 0 -1 0 
vn 0 -1 0 
vn 0 -1 0 
vn 0 -1 0 
vn 0 -1 0 
vn 0 -1 0 
vn 0 -1 0 
vn 0 -1 0 
vn 0 -1 0 
vn 0 -1 0 
vn 0 -1 0 
vn 0 -1 0 
vn 0 -1 0 
vn 0 -1 0 
vn 0 -1 0 
vn 0 -1 0 
vn 0 -1 0 
vn 0 -1 0 
vn 0 -1 0 
vn 0 -1 0 
vn 0 -1 0 
vn 0 -1 0 
vn 0 -1 0 
vn 0 -1 0 
vn 0 -1 0 
vn 0 -1 0 
vn 0 -1 0 
vn 0 -1 0 
vn 0 -1 0 
vn 0 -1 0 
vn 0 -1 0 
vn 0 -1 0 
vn 0 -1 0 
vn 0 -1 0 
vn 0 -1 0 
vn 0 -1 0 
vn 0 -1 0 
vn 0 -1 0 
vn 0 -1 0 
vn 0 -1 0 
vn 0 -1 0 
vn 0 -1 0 
vn 0 -1 0 
vn 0 -1 0 
vn 0 -1 0 
vn 0 -1 0 
vn 0 -1 0 
vn 0 -1 0 
vn 0 -1 0 
vn 0 -1 0 
vn 0 -1 0 
vn 0 -1 0 
vn 0 -1 0 
vn 0 -1 0 
vn 0 -1 0 
vn 0 -1 0 
vn 0 -1 0 
vn 0 -1 0 
vn 0 -1 0 
vn 0 -1 0 
vn 0 -1 0 
vn 0 -1 0 
vn 0 -1 0 
vn 0 -1 0 
vn 0 -1 0 
vn 0 -1 0 
vn 0 -1 0 
vn 0 -1 0 
vn 0 -1 0 
vn 0 -1 0 
vn 0 -1 0 
vn 0 -1 0 
vn 0 -1 0 
vn 0 -1 0 
vn 0 -1 0 
vn 0 -1 0 
vn 0 -1 0 
vn 0 -1 0 
vn 0 -1 0 
vn 0 -1 0 
vn 0 -1 0 
vn 0 -1 0 
vn 0 -1 0 
vn 0 -1 0 
vn 0 -1 0 
vn 0 -1 0 
vn 0 -1 0 
vn 0 -1 0 
vn 0 -1 0 
vn 0 -1 0 
vn 0 -1 0 
vn 0 -1 0 
vn 0 -1 0 
vn 0 -1 0 
vn 0 -1 0 
vn 0 -1 0 
vn 0 -1 0 
vn 0 -1 0 
vn 0 -1 0 
vn 0 -1 0 
vn 0 -1 0 
vn 0 -1 0 
vn 0 -1 0 
vn 0 -1 0 
vn 0 -1 0 
vn 0 -1 0 
vn 0 -1 0 
vn 0 -1 0 
vn 0 -1 0 
vn 0 -1 0 
vn 0 -1 0 
vn 0 -1 0 
vn 0 -1 0 
vn 0 -1 0 
vn 0 -1 0 
vn 0 -1 0 
vn 0 -1 0 
vn 0 -1 0 
vn 0 -1 0 
vn 0 -1 0 
vn 0 -1 0 
vn 0 -1 0 
vn 0 -1 0 
vn 0 -1 0 
vn 0 -1 0 
vn 0 -1 0 
vn 0 -1 0 
vn 0 -1 0 
vn 0 -1 0 
vn 0 -1 0 
vn 0 -1 0 
vn 0 -1 0 
vn 0 -1 0 
vn 0 -1 0 
vn 0 -1 0 
vn 0 -1 0 
vn 0 -1 0 
vn 0 -1 0 
vn 0 -1 0 
vn 0 -1 0 
vn 0 -1 0 
vn 0 -1 0 
vn 0 -1 0 
vn 0 -1 0 
vn 0 -1 0 
vn 0 -1 0 
vn 0 -1 0 
vn 0 -1 0 
vn 0 -1 0 
vn 0 -1 0 
vn 0 -1 0 
vn 0 -1 0 
vn 0 -1 0 
vn 0 -1 0 
vn 0 -1 0 
vn 0 -1 0 
vn 0 -1 0 
vn 0 -1 0 
vn 0 -1 0 
vn 0 -1 0 
vn 0 -1 0 
vn 0 -1 0 
vn 0 -1 0 
vn 0 -1 0 
vn 0 -1 0 
vn 0 -1 0 
vn 0 -1 0 
vn 0 -1 0 
vn 0 -1 0 
vn 0 -1 0 
vn 0 -1 0 
vn 0 -1 0 
vn 0 -1 0 
vn 0 -1 0 
vn 0 -1 0 
vn 0 -1 0 
vn 0 -1 0 
vn 0 -1 0 
vn 0 -1 0 
vn 0 -1 0 
vn 0 -1 0 
vn 0 -1 0 
vn 0 -1 0 
vn 0 -1 0 
vn 0 -1 0 
vn 0 -1 0 
vn 0 -1 0 
vn 0 -1 0 
vn 0 -1 0 
vn 0 -1 0 
vn 0 -1 0 
vn 0 -1 0 
vn 0 -1 0 
vn 0 -1 0 
vn 0 -1 0 
vn 0 -1 0 
vn 0 -1 0 
vn 0 -1 0 
vn 0 -1 0 
vn 0 -1 0 
vn 0 -1 0 
vn 0 -1 0 
vn 0 -1 0 
vn 0 -1 0 
vn 0 -1 0 
vn 0 -1 0 
vn 0 -1 0 
vn 0 -1 0 
vn 0 -1 0 
vn 0 -1 0 
vn 0 -1 0 
vn 0 -1 0 
vn 0 -1 0 
vn 0 -1 0 
vn 0 -1 0 
vn 0 -1 0 
vn 0 -1 0 
vn 0 -1 0 
vn 0 -1 0 
vn 0 -1 0 
vn 0 -1 0 
vn 0 -1 0 
vn 0 -1 0 
vn 0 -1 0 
vn 0 -1 0 
vn 0 -1 0 
vn 0 -1 0 
vn 0 -1 0 
vn 0 -1 0 
vn 0 -1 0 
vn 0 -1 0 
vn 0 -1 0 
vn 0 -1 0 
vn 0 -1 0 
vn 0 -1 0 
vn 0 -1 0 
vn 0 -1 0 
vn 0 -1 0 
vn 0 -1 0 
vn 0 -1 0 
vn 0 -1 0 
vn 0 -1 0 
vn 0 -1 0 
vn 0 -1 0 
vn 0 -1 0 
vn 0 -1 0 
vn 0 -1 0 
vn 0 -1 0 
vn 0 -1 0 
vn 0 -1 0 
vn 0 -1 0 
vn 0 -1 0 
vn 0 -1 0 
vn 0 -1 0 
vn 0 -1 0 
vn 0 -1 0 
vn 0 -1 0 
vn 0 -1 0 
vn 0 -1 0 
vn 0 -1 0 
vn 0 -1 0 
vn 0 -1 0 
vn 0 -1 0 
vn 0 -1 0 
vn 0 -1 0 
vn 0 -1 0 
vn 0 -1 0 
vn 0 -1 0 
vn 0 -1 0 
vn 0 -1 0 
vn 0 -1 0 
vn 0 -1 0 
vn 0 -1 0 
vn 0 -1 0 
vn 0 -1 0 
vn 0 -1 0 
vn 0 -1 0 
vn 0 -1 0 
vn 0 -1 0 
vn 0 -1 0 
vn 0 -1 0 
vn 0 -1 0 
vn 0 -1 0 
vn 0 -1 0 
vn 0 -1 0 
vn 0 -1 0 
vn 0 -1 0 
vn 0 -1 0 
vn 0 -1 0 
vn 0 -1 0 
vn 0 -1 0 
vn 0 -1 0 
vn 0 -1 0 
vn 0 -1 0 
vn 0 -1 0 
vn 0 -1 0 
vn 0 -1 0 
vn 0 -1 0 
vn 0 -1 0 
vn 0 -1 0 
vn 0 -1 0 
vn 0 -1 0 
vn 0 -1 0 
vn 0 -1 0 
vn 0 -1 0 
vn 0 -1 0 
vn 0 -1 0 
vn 0 -1 0 
vn 0 -1 0 
vn 0 -1 0 
vn 0 -1 0 
vn 0 -1 0 
vn 0 -1 0 
vn 0 -1 0 
vn 0 -1 0 
vn 0 -1 0 
vn 0 -1 0 
vn 0 -1 0 
vn 0 -1 0 
vn 0 -1 0 
vn 0 -1 0 
vn 0 -1 0 
vn 0 -1 0 
vn 0 -1 0 
vn 0 -1 0 
vn 0 -1 0 
vn 0 -1 0 
vn 0 -1 0 
vn 0 -1 0 
vn 0 -1 0 
vn 0 -1 0 
vn 0 -1 0 
vn 0 -1 0 
vn 0 -1 0 
vn 0 -1 0 
vn 0 -1 0 
vn 0 -1 0 
vn 0 -1 0 
vn 0 -1 0 
vn 0 -1 0 
vn 0 -1 0 
vn 0 -1 0 
vn 0 -1 0 
vn 0 -1 0 
vn 0 -1 0 
vn 0 -1 0 
vn 0 -1 0 
vn 0 -1 0 
vn 0 -1 0 
vn 0 -1 0 
vn 0 -1 0 
vn 0 -1 0 
vn 0 -1 0 
vn 0 -1 0 
vn 0 -1 0 
vn 1 0 0 
vn 1 0 0 
vn 1 0 0 
vn 1 0 0 
vn -1 0 0 
vn -1 0 0 
vn -1 0 0 
vn -1 0 0 
vn -1 0 0 
vn -1 0 0 
vn -1 0 0 
vn -1 0 0 
vn -1 0 0 
vn -1 0 0 
vn -1 0 0 
vn -1 0 0 
vn 0 1 0 
vn 0 0 -1 
vn 0 1 0 
vn 0 0 -1 
vn 0.015748 1 0 
vn 0 1 0 
vn 0.015748 1 0 
vn 0 -1 0 
vn 0 -1 0 
vn 0 -1 0 
vn 0 -1 0 
vn 0 -1 0 
vn 0 -1 0 
vn 0 -1 0 
vn 0 -1 0 
vn 0 -1 0 
vn 0 -1 0 
vn 0 -1 0 
vn 0 -1 0 
vn 0 -1 0 
vn 0 -1 0 
vn 0 -1 0 
vn 0 -1 0 
vn 0 -1 0 
vn 0 -1 0 
vn 0 -1 0 
vn 0 -1 0 
vn 0 -1 0 
vn 0 -1 0 
vn 0 -1 0 
vn 0 -1 0 
vn 0 1 0 
vn 0 1 0 
vn 0 -1 0 
vn 0 -1 0 
vn 0 -1 0 
vn 0 -1 0 
vn 0 -1 0 
vn 0 -1 0 
vn 0 -1 0 
vn 0 -1 0 
vn 0 -1 0 
vn 0 -1 0 
vn 0 -1 0 
vn 0 -1 0 
vn -1 0 0 
vn -0.015748 -1 0 
vn -0.015748 -1 0 
vn -0.015748 -1 0 
vn -0.015748 -1 0 
vn -0.015748 -1 0 
vn -0.015748 -1 0 
vn -0.015748 -1 0 
vn -0.015748 -1 0 
vn -0.015748 -1 0 
vn -0.015748 -1 0 
vn -0.015748 -1 0 
vn -0.015748 -1 0 
vn 0 -1 0 
vn 0 -1 0 
vn 0 -1 0 
vn 0 -1 0 
vn 0 -1 0 
vn 0 -1 0 
vn 0 -1 0 
vn 0 -1 0 
vn 0 -1 0 
vn 0 -1 0 
vn 0 -1 0 
vn 0 -1 0 
vn 0 -1 0 
vn 0 -1 0 
vn 0 -1 0 
vn 0 -1 0 
vn 0 -1 0 
vn 0 -1 0 
vn 0 -1 0 
vn 0 -1 0 
vn 0 -1 0 
vn 0 -1 0 
vn 0 -1 0 
vn 0 -1 0 
vn 0 -1 0 
vn 0 -1 0 
vn 0 -1 0 
vn 0 -1 0 
vn -0.015748 -1 0 
vn -0.015748 -1 0 
vn -0.015748 -1 0 
vn -0.015748 -1 0 
vn -0.015748 -1 0 
vn -0.015748 -1 0 
vn -0.015748 -1 0 
vn -0.015748 -1 0 
vn -0.015748 -1 0 
vn -0.015748 -1 0 
vn -0.015748 -1 0 
vn -0.015748 -1 0 
vn 1 0 0 
vn 0 -1 0 
vn 0 -1 0 
vn 0 -1 0 
vn 0 -1 0 
vn 0 -1 0 
vn 0 -1 0 
vn 0 -1 0 
vn 0 -1 0 
vn 0 -1 0 
vn 0 -1 0 
vn 0 -1 0 
vn 0 -1 0 
vn 0 -1 0 
vn 0 -1 0 
vn 0 -1 0 
vn 0 -1 0 
vn 0 -1 0 
vn 0 -1 0 
vn 0 -1 0 
vn 0 -1 0 
vn 0 -1 0 
vn 0 -1 0 
vn 0 -1 0 
vn 0 -1 0 
vn 0 -1 0 
vn 0 -1 0 
vn 0 -1 0 
vn 0 -1 0 
vn 0 -1 0 
vn 0 -1 0 
vn 0 -1 0 
vn 0 -1 0 
vn 0 -1 0 
vn 0 -1 0 
vn 0 -1 0 
vn 0 -1 0 
vn 0 -1 0 
vn 0 -1 0 
vn 0 -1 0 
vn 0 -1 0 
vn 0 0 1 
vn 0 0 1 
vn -1 0 0 
vn 0 1 0 
vn 1 0 0 
vn 0 1 0 
vn 0 -1 0 
vn 0 -1 0 
vn 0 -1 0 
vn 0 -1 0 
vn 0 -1 0 
vn 0 -1 0 
vn 0 -1 0 
vn 0 -1 0 
vn 0 -1 0 
vn 0 -1 0 
vn 0 -1 0 
vn 0 -1 0 
vn 0 -1 0 
vn 0 -1 0 
vn 0 -1 0 
vn 0 -1 0 
vn 0 -1 0 
vn 0 -1 0 
vn 0 -1 0 
vn 0 -1 0 
vn 0 -1 0 
vn 0 -1 0 
vn 0 -1 0 
vn 0 -1 0 
vn 0 -1 0 
vn 0 -1 0 
vn 0 -1 0 
vn 0 -1 0 
vn 0 -1 0 
vn 0 -1 0 
vn 0 -1 0 
vn 0 -1 0 
vn 0 -1 0 
vn 0 -1 0 
vn 0 -1 0 
vn 0 -1 0 
vn 0 -1 0 
vn 0 -1 0 
vn 0 -1 0 
vn 0 -1 0 
vn 0 -1 0 
vn 0 -1 0 
vn 0 -1 0 
vn 0 -1 0 
vn 0 -1 0 
vn 0 -1 0 
vn 0 -1 0 
vn 0 -1 0 
vn -0.015748 -1 0 
vn -0.015748 -1 0 
vn -0.015748 -1 0 
vn -0.015748 -1 0 
vn 0 1 0 
vn 0 -1 0 
vn 0 -1 0 
vn 0 -1 0 
vn 0 -1 0 
vn 0 -1 0 
vn 0 -1 0 
vn 0 -1 0 
vn 0 -1 0 
vn -0.015748 -1 0 
vn -0.015748 -1 0 
vn -0.015748 -1 0 
vn -0.015748 -1 0 
vn 0 -1 0 
vn 0 -1 0 
vn 0 -1 0 
vn 0 -1 0 
vn 0 -1 0 
vn 0 -1 0 
vn 0 -1 0 
vn 0 -1 0 
vn 0 -1 0 
vn 0 -1 0 
vn 0 -1 0 
vn 0 -1 0 
vn 0 -1 0 
vn 0 -1 0 
vn 0 -1 0 
vn 0 -1 0 
vn 0 -1 0 
vn 0 -1 0 
vn 0 -1 0 
vn 0 -1 0 
vn 0 -1 0 
vn 0 -1 0 
vn 0 -1 0 
vn 0 -1 0 
vn 0 -0.708661 0.708661 
vn 0 -0.708661 0.708661 
vn 0 -0.708661 0.708661 
vn 0 -0.708661 0.708661 
vn 0 -0.708661 0.708661 
vn 0 -0.708661 0.708661 
vn 0 -0.708661 0.708661 
vn 0 -0.708661 0.708661 
vn 0 -1 0 
vn 0 -1 0 
vn 0 -1 0 
vn 0 -1 0 
vn 0 -1 0 
vn 0 -1 0 
vn 0 -1 0 
vn 0 -1 0 
vn 0 -1 0 
vn 0 -1 0 
vn 0 -1 0 
vn 0 -1 0 
vn 0 -1 0 
vn 0 -1 0 
vn 0 -1 0 
vn 0 -1 0 
vn 0 -1 0 
vn 0 -1 0 
vn 0 -1 0 
vn 0 -1 0 
vn 0 -0.866142 -0.503937 
vn 0 -0.866142 -0.503937 
vn 0 -0.866142 -0.503937 
vn 0 -0.866142 -0.503937 
vn 0 -0.866142 -0.503937 
vn 0 -0.866142 -0.503937 
vn 0 -0.866142 -0.503937 
vn 0 -0.866142 -0.503937 
vn 0 -0.866142 -0.503937 
vn 0 -0.866142 -0.503937 
vn 0 -0.866142 -0.503937 
vn 0 -0.866142 -0.503937 
vn 0 -0.858268 0.511811 
vn 0 -0.858268 0.511811 
vn 0 -0.858268 0.511811 
vn 0 -0.858268 0.511811 
vn 0 -0.858268 0.511811 
vn 0 -0.858268 0.511811 
vn 0 -0.858268 0.511811 
vn 0 -0.858268 0.511811 
vn 0 -0.858268 0.511811 
vn 0 -0.858268 0.511811 
vn 0 -0.858268 0.511811 
vn 0 -0.858268 0.511811 
vn 0 0 -1 
vn 0 0 -1 
vn 0 0 -1 
vn 0 0 -1 
vn 0 0 -1 
vn 0 0 -1 
vn 0 0 -1 
vn 0 0 -1 
vn -1 0 0 
vn -1 0 0 
vn -1 0 0 
vn -1 0 0 
vn 0 0 -1 
vn 0 0 -1 
vn 0 0 -1 
vn 0 0 -1 
vn -1 0 0 
vn -1 0 0 
vn -1 0 0 
vn 0 0.858268 -0.511811 
vn 0 0.858268 -0.511811 
vn 0 0.858268 -0.511811 
vn 0 0.858268 -0.511811 
vn -1 0 0 
vn -1 0 0 
vn -1 0 0 
vn -1 0 0 
vn -1 0.015748 0 
vn -1 0.015748 0 
vn -1 0.015748 0 
vn -1 0.015748 0 
vn -1 0 0 
vn -1 0 0 
vn -1 0 0 
vn -1 0 0 
vn -1 0 0 
vn -1 0 0 
vn -1 0 0 
vn -1 0 0 
vn -1 0 0 
vn -1 0 0 
vn -1 0 0 
vn -1 0 0 
vn -1 0 0 
vn -1 0 0 
vn -1 0 0 
vn -1 0 0 
vn -1 0 0 
vn -1 0 0 
vn -1 0 0 
vn -1 0 0 
vn 0 0 -1 
vn 0 0 -1 
vn 0 0 -1 
vn 0 0 -1 
vn -1 0 0 
vn -1 0 0 
vn -1 0 0 
vn 0 0 -1 
vn 0 0 -1 
vn 0 0 -1 
vn 0 0 -1 
vn 0 0 -1 
vn 0 0 -1 
vn 0 0 -1 
vn 0 0 -1 
vn 0 0 -1 
vn 0 0 -1 
vn 0 0 -1 
vn 0 0 -1 
vn 0 0 -1 
vn 0 0 -1 
vn 0 0 -1 
vn 0 0 -1 
vn 0 0 -1 
vn 0 0 -1 
vn 0 0 -1 
vn 0 0 -1 
vn 0 0 -1 
vn 0 0 -1 
vn 0 0 -1 
vn 0 0 -1 
vn 0 0 -1 
vn 0 0 -1 
vn 0 0 -1 
vn 0 0 -1 
vn 0 0 -1 
vn 0 0 -1 
vn 0 0 -1 
vn 0 0 -1 
vn 0 0 -1 
vn 0 0 -1 
vn 0 0 -1 
vn 0 0 -1 
vn 0 0 -1 
vn 0 0 -1 
vn 0 0 -1 
vn 0 0 -1 
vn 0 0 -1 
vn 0 0 -1 
vn 0 0 -1 
vn 0 0 -1 
vn 0 0 -1 
vn 0 0 -1 
vn 0 0 -1 
vn 0 0 -1 
vn 0 0 -1 
vn 0 0 -1 
vn 0 0 -1 
vn 0 0 -1 
vn 0 0 -1 
vn 0 0 -1 
vn 0 0 -1 
vn 0 0 -1 
vn 0 0 -1 
vn 0 0 -1 
vn 0 0 -1 
vn 0 0 -1 
vn 0 0 -1 
vn 0 0 -1 
vn 0 0 -1 
vn 0 0 -1 
vn 0 0 -1 
vn 0 0 -1 
vn 0 0 -1 
vn 0 0 -1 
vn 0 0 -1 
vn 0 0 -1 
vn 0 0 -1 
vn 0 0 -1 
vn 0 0 -1 
vn 0 0 -1 
vn 0 0 -1 
vn 0 0 -1 
vn 0 0 -1 
vn 0 0 -1 
vn 0 0 -1 
vn 0 0 -1 
vn 0 0 -1 
vn 0 0 -1 
vn 0 0 -1 
vn 0 0 -1 
vn 0 0 -1 
vn 0 0 -1 
vn 0 0 -1 
vn 0 0 -1 
vn 0 0 -1 
vn 0 0 -1 
vn 0 0 -1 
vn 0 0 -1 
vn 0 0 -1 
vn 0 0 -1 
vn 0 0 -1 
vn 0 0 -1 
vn 0 0 -1 
vn 0 0 -1 
vn 0 0 -1 
vn 0 0 -1 
vn 0 0 -1 
vn 0 0 -1 
vn 0 0 -1 
vn 0 0 -1 
vn 0 0 -1 
vn 0 0 -1 
vn 0 0 -1 
vn 0 0 -1 
vn 0 0 -1 
vn 0 0 -1 
vn 0 0 -1 
vn 0 0 -1 
vn 0 0 -1 
vn 0 0 -1 
vn 0 0 -1 
vn 0 0 -1 
vn 0 0 -1 
vn 0 0 -1 
vn 0 0 -1 
vn 0 0 -1 
vn 0 0 -1 
vn 0 0 -1 
vn 0 0 -1 
vn 0 0 -1 
vn 0 0 -1 
vn 0 0 -1 
vn 0 0 -1 
vn 0 0 -1 
vn 0 0 -1 
vn 0 0 -1 
vn 0 0 -1 
vn 0 0 -1 
vn 0 0 -1 
vn 0 0 -1 
vn 0 0 -1 
vn 0 0 -1 
vn 0 0 -1 
vn 0 0 -1 
vn 0 0 -1 
vn 0 0 -1 
vn 0 0 -1 
vn 0 0 -1 
vn 0 0 -1 
vn 0 0 -1 
vn 0 0 -1 
vn 0 0 -1 
vn 0 0 -1 
vn 0 0 -1 
vn 0 0 -1 
vn 0 0 -1 
vn 0 0 -1 
vn 0 0 -1 
vn 0 0 -1 
vn 0 0 -1 
vn 0 0 -1 
vn 0 0 -1 
vn 0 0 -1 
vn 0 0 -1 
vn 0 0 -1 
vn 0 0 -1 
vn 0 0 -1 
vn 0 0 -1 
vn 0 0 -1 
vn 0 0 -1 
vn 0 0 -1 
vn 0 0 -1 
vn 0 0 -1 
vn 0 0 -1 
vn 0 0 -1 
vn 0 0 -1 
vn 0 0 -1 
vn 0 0 -1 
vn 0 0 -1 
vn 0 0 -1 
vn 0 0 -1 
vn 0 0 -1 
vn 0 0 -1 
vn 0 0 -1 
vn 0 0 -1 
vn 0 0 -1 
vn 0 0 -1 
vn 0 0 -1 
vn 0 0 -1 
vn 0 0 -1 
vn 0 0 -1 
vn 0 0 -1 
vn 0 0 -1 
vn 0 0 -1 
vn 0 0 -1 
vn 0 0 -1 
vn 0 0 -1 
vn 0 0 -1 
vn 0 0 -1 
vn 0 0 -1 
vn 0 0 -1 
vn 0 0 -1 
vn 0 0 -1 
vn 0 0 -1 
vn 0 0 -1 
vn 0 0 -1 
vn 1 0 0 
vn 1 0 0 
vn 1 0 0 
vn 1 0 0 
vn 1 0 0 
vn 1 0 0 
vn 0 0 -1 
vn 0 0 -1 
vn 0 0 -1 
vn 0 0 -1 
vn 0 0 -1 
vn 0 0 -1 
vn 0 0 -1 
vn 0 0 -1 
vn 1 0 0 
vn 1 0 0 
vn 1 0 0 
vn 1 0 0 
vn 1 0 0 
vn 1 0 0 
vn 1 0 0 
vn 1 0 0 
vn 1 0 0 
vn 1 0 0 
vn 1 0 0 
vn 1 0 0 
vn 1 0 0 
vn 1 0 0 
vn 1 0 0 
vn 1 0 0 
vn 1 0 0 
vn 1 -0.015748 0 
vn 1 -0.015748 0 
vn 1 -0.015748 0 
vn 1 -0.015748 0 
vn 1 -0.015748 0 
vn 1 -0.015748 0 
vn 0 0 1 
vn 0 0 1 
vn 0 0 1 
vn 0 0 1 
vn 0 0 1 
vn 0 0 1 
vn 0 0 1 
vn 0 0 1 
vn 0 0 1 
vn 0 0 1 
vn 0 0 1 
vn 0 0 1 
vn 0 0 1 
vn 0 0 1 
vn 0 0 1 
vn 0 0 1 
vn 0 0 1 
vn 0 0 1 
vn 0 0 1 
vn 0 0 1 
vn 0 0 1 
vn 0 0 1 
vn 0 0 1 
vn 0 0 1 
vn 0 0 1 
vn 0 0 -1 
vn 0 0 -1 
vn 0 0 -1 
vn 0 0 -1 
vn 0 0 1 
vn 0 0 1 
vn 0 0 1 
vn 0 0 1 
vn 0 0 1 
vn 0 0 1 
vn 0 0 1 
vn 0 0 1 
vn 0 0 1 
vn 0 0 1 
vn 0 0 1 
vn 0 0 1 
vn 0 0 1 
vn 1 0 0 
vn 1 0 0 
vn 0 0 1 
vn 0 0 1 
vn 0 0 1 
vn -1 0 0 
vn -1 0 0 
vn 0 0.503937 -0.866142 
vn 0 0.503937 -0.866142 
vn 0 0.503937 -0.866142 
vn 0 0.503937 -0.866142 
vn 0 0.503937 -0.866142 
vn 0 0.503937 -0.866142 
vn 0 0.503937 -0.866142 
vn 0 0.503937 -0.866142 
vn 0 0 -1 
vn 0 0 -1 
vn 0 0 -1 
vn 0 0 -1 
vn 0 0 1 
vn -1 0 0 
vn 0 -0.511811 -0.858268 
vn 0 -0.511811 -0.858268 
vn 0 -0.511811 -0.858268 
vn 0 -0.511811 -0.858268 
vn 0 -0.511811 -0.858268 
vn 0 -0.511811 -0.858268 
vn 0 -0.511811 -0.858268 
vn 0 -0.511811 -0.858268 
vn 0 -0.511811 -0.858268 
vn 0 -0.511811 -0.858268 
vn 0 -0.511811 -0.858268 
vn 0 -0.511811 -0.858268 
vn 0 0 -1 
vn 0 0 -1 
vn 0 0 -1 
vn 0 0 -1 
vn 1 0 0 
vn 1 0 0 
vn 1 0 0 
vn 1 0 0 
vn 1 0 0 
vn 1 0 0 
vn 1 0 0 
vn 0 0 1 
vn 0 0 1 
vn 1 0 0 
vn 1 0 0 
vn 1 0 0 
vn 1 0 0 
vn 1 0 0 
vn 1 0 0 
vn 1 0 0 
vn 1 0 0 
vn 1 0 0 
vn 1 0 0 
vn 1 0 0 
vn 1 0 0 
vn 1 0 0 
vn 0 0 -1 
vn 0 0 -1 
vn 0 0 -1 
vn 0 0 -1 
vn 1 0 0 
vn 0 0 -1 
vn 0 0 -1 
vn 0 0 -1 
vn 0 0 -1 
vn 0 1 0 
vn 0 1 0 
vn 1 0 0 
vn 0 0 -1 
vn 0 0 -1 
vn 0 0 -1 
vn 0 0 -1 
vn -1 0 0 
vn -1 0 0 
vn -1 0 0 
vn -1 0 0 
vn 0 0 -1 
vn 0 0 -1 
vn 0 0 -1 
vn 0 0 -1 
vn 0 0 1 
vn 0 0 -1 
vn 0 0 -1 
vn 0 0 -1 
vn 0 0 -1 
vn 0 0 1 
vn 0 0 1 
vn 0 0 -1 
vn 0 0 -1 
vn 0 0 -1 
vn 0 0 -1 
vn 1 0 0 
vn 1 0 0 
vn 0 1 0 
vn 0 1 0 
vn 0 1 0 
vn 0 0 -1 
vn 0 0 -1 
vn 0 0 -1 
vn 0 0 -1 
vn 1 0 0 
vn 1 0 0 
vn 1 0 0 
vn 1 0 0 
vn 0 0 -1 
vn 0 0 -1 
vn 0 0 -1 
vn 0 0 -1 
vn 0 0 -1 
vn 0 0 -1 
vn 0 0 -1 
vn 0 0 -1 
vn 0 0 -1 
vn 0 0 -1 
vn 0 0 -1 
vn 0 0 -1 
vn 0 0 -1 
vn 0 0 -1 
vn 0 0 -1 
vn 0 0 -1 
vn 0 0 -1 
vn 0 0 -1 
vn 0 0 -1 
vn 0 0 -1 
vn 0 0 -1 
vn 0 0 -1 
vn 0 0 -1 
vn 0 0 -1 
vn 0 0 -1 
vn 0 0 -1 
vn 0 0 -1 
vn 0 0 -1 
vn 0 0 -1 
vn 0 0 -1 
vn -1 0 0 
vn -1 0 0 
vn 1 0 0 
vn 0 0 -1 
vn 0 0 -1 
vn 0 0 -1 
vn 0 0 -1 
vn 0 0 -1 
vn 0 0 -1 
vn 0 0 -1 
vn 0 0 -1 
vn 0 -1 0 
vn 0 -1 0 
vn 0 -1 0 
vn 0 -1 0 
vn 0 -1 0 
vn 1 0 0 
vn 1 0 0 
vn 0 0 1 
vn 0.015748 1 0 
vn 0.015748 1 0 
vn 0 0 1 
vn 0 0 1 
vn 0 0 1 
vn 0 0 -1 
vn 0 0 -1 
vn 0 0 -1 
vn 0 0 -1 
vn 0 1 0 
vn 0 1 0 
vn 0 1 0 
vn 1 0 0 
vn 0.015748 1 0 
vn 0 -0.503937 0.866142 
vn 0 0 -1 
vn 0 0 -1 
vn 0 0 -1 
vn 0 0 -1 
vn 0 1 0 
vn 0 1 0 
vn 1 0 0 
vn 1 0 0 
vn 0 1 0 
vn 0 1 0 
vn 0 0 -1 
vn 0 0 -1 
vn 0 0 -1 
vn 0 0 -1 
vn 0 0 -1 
vn 0 0 -1 
vn 0 0 -1 
vn 0 0 -1 
vn -1 0 0 
vn 0 0 -1 
vn 0 0 -1 
vn 0 0 -1 
vn 0 0 -1 
vn 1 0 0 
vn 0 0 -1 
vn 0 0 -1 
vn 0 0 -1 
vn 0 0 -1 
vn 0 0 -1 
vn 0 0 -1 
vn 0 0 -1 
vn 0 0 -1 
vn 1 0 0 
vn 1 0 0 
vn 0 -1 0 
vn 0 -1 0 
vn 0 -1 0 
vn 0 -1 0 
vn 0 -1 0 
vn 0 -1 0 
vn 0 -1 0 
vn 0 -1 0 
vn 0 -1 0 
vn 0 -1 0 
vn 0 -1 0 
vn 0 -1 0 
vn 0 -1 0 
vn 0 -1 0 
vn 0 -1 0 
vn 0 -1 0 
vn 0 -1 0 
vn 0 -1 0 
vn 0 -1 0 
vn 0 0 -1 
vn 0 0 -1 
vn 0 0 -1 
vn 0 0 -1 
vn 1 0 0 
vn 1 0 0 
vn 0 0 -1 
vn 0 0 -1 
vn 0 0 -1 
vn 0 0 -1 
vn 1 0 0 
vn 0 0 -1 
vn 0 0 -1 
vn 0 0 -1 
vn 0 0 -1 
vn -1 0 0 
vn -1 0 0 
vn -1 0 0 
vn -1 0 0 
vn -1 0 0 
vn -1 0 0 
vn -1 0 0 
vn -1 0 0 
vn -1 0 0 
vn -1 0 0 
vn -1 0 0 
vn 0 1 0 
vn 0 1 0 
vn 0 0 -1 
vn 0 0 -1 
vn 0 0 -1 
vn 0 0 -1 
vn 0 1 0 
vn 0 0 -1 
vn 0 0 -1 
vn 0 0 -1 
vn 0 0 -1 
vn 0 0 -1 
vn 0 0 -1 
vn 0 0 -1 
vn 0 0 -1 
vn 0 0 -1 
vn 0 0 -1 
vn 0 0 -1 
vn 0 0 -1 
vn 0 0 -1 
vn 0 0 -1 
vn 0 0 -1 
vn 0 0 -1 
vn 0.015748 1 0 
vn 1 0 0 
vn 0 1 0 
vn 0 0 -1 
vn 0 0 -1 
vn 0 0 -1 
vn 0 0 -1 
vn 0.015748 1 0 
vn 0 0 -1 
vn 0 0 -1 
vn 0 0 -1 
vn 0 0 -1 
vn 0 0 -1 
vn 0 0 -1 
vn 0 0 -1 
vn 0 0 -1 
vn 0 1 0 
vn 0 1 0 
vn 0 1 0 
vn 0 -1 0 
vn 0 1 0 
vn 0 1 0 
vn 0 0 -1 
vn 0 0 -1 
vn 0 0 -1 
vn 0 0 -1 
vn 0 1 0 
vn 0 1 0 
vn 0 1 0 
vn 0 1 0 
vn 0 0 -1 
vn 0 0 -1 
vn 0 0 -1 
vn 0 0 -1 
vn -1 0 0 
vn 0 0 -1 
vn 0 0 -1 
vn 0 0 -1 
vn 0 0 -1 
vn 0 -1 0 
vn 0 0 -1 
vn 0 0 -1 
vn 0 0 -1 
vn 0 0 -1 
vn 0 -1 0 
vn 0 -1 0 
vn 0 -1 0 
vn 0 0 1 
vn -1 0 0 
vn 0 0 -1 
vn 0 0 -1 
vn 0 0 -1 
vn 0 0 -1 
vn 0 1 0 
vn 0 0 -1 
vn 0 0 -1 
vn 0 0 -1 
vn 0 0 -1 
vn 0 0 -1 
vn 0 0 -1 
vn 0 0 -1 
vn 0 0 -1 
vn 0 0 -1 
vn 0 0 -1 
vn 0 0 -1 
vn 0 0 -1 
vn 0 0 -1 
vn 0 0 -1 
vn 0 0 -1 
vn 0 0 -1 
vn 1 0 0 
vn 0 1 0 
vn 0 -1 0 
vn 0 -1 0 
vn 0 0.503937 -0.866142 
vn 0 0.503937 -0.866142 
vn 0 0.503937 -0.866142 
vn 0 0.503937 -0.866142 
vn 0 0 -1 
vn 0 0 -1 
vn 0 0 -1 
vn 0 0 -1 
vn 0 0 -1 
vn 0 0 -1 
vn 0 0 -1 
vn 0 0 -1 
vn 0 0 -1 
vn 0 0 -1 
vn 0 0 -1 
vn 0 0 -1 
vn 0 0 -1 
vn 0 0 -1 
vn 0 0 -1 
vn 0 0 -1 
vn 0 0 -1 
vn 0 0 -1 
vn 0 0 -1 
vn 0 0 -1 
vn 0 0 -1 
vn 0 0 -1 
vn 0 0 -1 
vn 0 0 -1 
vn 0 0 -1 
vn 0 0 -1 
vn 0 0 -1 
vn 0 0 -1 
vn 0 0 -1 
vn 0 0 -1 
vn 0 0 -1 
vn 0 0 -1 
vn 0 0 -1 
vn 0 0 -1 
vn 0 0 -1 
vn 0 0 -1 
vn 0 0 -1 
vn 0 0 -1 
vn 0 0 -1 
vn 0 0 -1 
vn 0 0 -1 
vn 0 0 -1 
vn 0 0 -1 
vn 0 0 -1 
vn 0 0 -1 
vn 0 0 -1 
vn 0 0 -1 
vn 0 0 -1 
vn 0 0 -1 
vn 0 0 -1 
vn 0 0 -1 
vn 0 0 -1 
vn 0 0 -1 
vn 0 0 -1 
vn 0 0 -1 
vn 0 0 -1 
vn 0 0 -1 
vn 0 0 -1 
vn 0 0 -1 
vn 0 0 -1 
vn 0 0 -1 
vn 0 0 -1 
vn 0 0 -1 
vn 0 0 -1 
vn 0 0 -1 
vn 0 0 -1 
vn 0 0 -1 
vn 0 0 -1 
vn 0 0 -1 
vn 0 0 -1 
vn 0 0 -1 
vn 0 0 -1 
vn 0 0 -1 
vn 0 0 -1 
vn 0 0 -1 
vn 0 0 -1 
vn 0 0 -1 
vn 0 0 -1 
vn 0 0 -1 
vn 0 0 -1 
vn 0 0 -1 
vn 0 0 -1 
vn 0 0 -1 
vn 0 0 -1 
vn 0 0 -1 
vn 0 0 -1 
vn 0 0 -1 
vn 0 0 -1 
vn 0 0 -1 
vn 0 0 -1 
vn 0 0 -1 
vn 0 0 -1 
vn 0 0 -1 
vn 0 0 -1 
vn 0 0 -1 
vn 0 0 -1 
vn 0 0 -1 
vn 0 0 -1 
vn 0 0 -1 
vn 0 0 -1 
vn 0 0 -1 
vn 0 0 -1 
vn 0 0 -1 
vn 0 0 -1 
vn 0 0 -1 
vn 0 0 -1 
vn 0 0 -1 
vn 0 0 -1 
vn 0 0 -1 
vn 0 0 -1 
vn 0 0 -1 
vn 0 0 -1 
vn 0 0 -1 
vn 0 0 -1 
vn 0 0 -1 
vn 0 0 -1 
vn 0 0 -1 
vn 0 0 -1 
vn 0 0 -1 
vn 0 0 -1 
vn 0 0 -1 
vn 0 0 -1 
vn 0 0 -1 
vn 0 0 -1 
vn 0 0 -1 
vn 0 0 -1 
vn 0 0 -1 
vn 0 0 -1 
vn 0 0 -1 
vn 0 0 -1 
vn 0 0 -1 
vn 0 0 -1 
vn 0 0 -1 
vn 0 0 -1 
vn 0 0 -1 
vn 0 0 -1 
vn 0 0 -1 
vn 0 0 -1 
vn 0 0 -1 
vn 0 0 -1 
vn 0 0 -1 
vn 0 0 -1 
vn 0 0 -1 
vn 0 0 -1 
vn 0 0 -1 
vn 0 0 -1 
vn 0 0 -1 
vn 0 0 -1 
vn 0 0 -1 
vn 0 0 -1 
vn 0 0 -1 
vn 0 0 -1 
vn 0 0 -1 
vn 0 0 -1 
vn 0 0 -1 
vn 0 0 -1 
vn 0 0 -1 
vn 0 0 -1 
vn 0 0 -1 
vn 0 0 -1 
vn 0 0 -1 
vn 0 0 -1 
vn 0 0 -1 
vn 0 0 -1 
vn 0 0 -1 
vn 0 0 -1 
vn 0 0 -1 
vn 0 0 -1 
vn 0 0 -1 
vn 0 0 -1 
vn 0 0 -1 
vn 0 0 -1 
vn 0 0 -1 
vn 0 0 -1 
vn 0 0 -1 
vn 0 0 -1 
vn 0 0 -1 
vn 0 0 -1 
vn 0 0 -1 
vn 0 0 -1 
vn 0 0 -1 
vn 0 0 -1 
vn 0 0 -1 
vn 0 0 -1 
vn 0 0 -1 
vn 0 0 -1 
vn 0 0 -1 
vn 0 0 -1 
vn 0 0 -1 
vn 0 0 -1 
vn 0 0 -1 
vn 0 0 -1 
vn 0 0 -1 
vn 0 0 -1 
vn 0 0 -1 
vn 0 0 -1 
vn 0 0 -1 
vn 0 0 -1 
vn 0 0 -1 
vn 0 0 -1 
vn 0 0 -1 
vn 0 0 -1 
vn 0 0 -1 
vn 0 0 -1 
vn 0 0 -1 
vn 0 0 -1 
vn 0 0 -1 
vn 0 0 -1 
vn 0 0 -1 
vn 0 0 -1 
vn 0 0 -1 
vn 0 0 -1 
vn 0 0 -1 
vn 0 0 -1 
vn 0 0 -1 
vn 0 0 -1 
vn 0 0 -1 
vn 0 0 -1 
vn 0 0 -1 
vn 0 0 -1 
vn 0 0 -1 
vn 0 0 -1 
vn 0 0 -1 
vn 0 0 -1 
vn 0 0 -1 
vn 0 0 -1 
vn 0 0 -1 
vn 0 0 -1 
vn 0 0 -1 
vn 0 0 -1 
vn 0 0 -1 
vn 0 0 -1 
vn 0 0 -1 
vn 0 0 -1 
vn 0 0 -1 
vn 0 0 -1 
vn 0 0 -1 
vn 0 0 -1 
vn 0 0 -1 
vn 0 0 -1 
vn 0 0 -1 
vn 0 0 -1 
vn 0 0 -1 
vn 0 0 -1 
vn 0 0 -1 
vn 0 0 -1 
vn 0 0 -1 
vn 0 0 -1 
vn 0 0 -1 
vn 0 0 -1 
vn 0 0 -1 
vn 0 0 -1 
vn 0 0 -1 
vn 0 0 -1 
vn 0 0 -1 
vn 0 0 -1 
vn 0 0 -1 
vn 0 0 -1 
vn 0 0 -1 
vn 0 0 -1 
vn 0 0 -1 
vn 0 0 -1 
vn 0 0 -1 
vn 0 0 -1 
vn 0 0 -1 
vn 0 0 -1 
vn 0 0 -1 
vn 0 0 -1 
vn 0 0 -1 
vn 0 0 -1 
vn 0 0 -1 
vn 0 0 -1 
vn 0 0 -1 
vn 0 0 -1 
vn 0 0 -1 
vn 0 0 -1 
vn 0 0 -1 
vn 0 0 -1 
vn 0 0 -1 
vn 0 0 -1 
vn 0 0 -1 
vn 0 0 -1 
vn 0 0 -1 
vn 0 0 -1 
vn 0 0 -1 
vn 0 0 -1 
vn 0 0 -1 
vn 0 0 -1 
vn 0 0 -1 
vn 0 0 -1 
vn 0 0 -1 
vn 0 0 -1 
vn 0 0 -1 
vn 0 0 -1 
vn 0 0 -1 
vn 0 0 -1 
vn 0 0 -1 
vn 0 0 -1 
vn 0 0 -1 
vn 0 0 -1 
vn 0 0 -1 
vn 0 0 -1 
vn 0 0 -1 
vn 0 0 -1 
vn 0 0 -1 
vn 0 0 -1 
vn 0 0 -1 
vn 0 0 -1 
vn 0 0 -1 
vn 0 0 -1 
vn 0 0 -1 
vn 0 0 -1 
vn 0 0 -1 
vn 0 0 -1 
vn 0 0 -1 
vn 0 0 -1 
vn 0 0 -1 
vn 0 0 -1 
vn 0 0 -1 
vn 0 0 -1 
vn 0 0 -1 
vn 0 0 -1 
vn 0 0 -1 
vn 0 0 -1 
vn 0 0 -1 
vn 0 0 -1 
vn 0 0 -1 
vn 0 0 -1 
vn 0 0 -1 
vn 0 0 -1 
vn 0 0 -1 
vn 0 0 -1 
vn 0 0 -1 
vn 0 0 -1 
vn 0 0 -1 
vn 0 0 -1 

vt -24.4468 0.985939 
vt -24.4468 0.962065 
vt -24.4197 0.881563 
vt -24.3753 0.925939 
vt -24.3753 0.925939 
vt -24.4197 0.881563 
vt -24.6372 1.17631 
vt -24.6372 1.15256 
vt -24.4142 2.56869 
vt -24.4142 2.56869 
vt -24.4773 2.60644 
vt -27.213 2.83606 
vt -27.2967 0.881439 
vt -24.8452 2.83606 
vt -24.9288 0.881439 
vt -25.7473 2.26681 
vt -24.8453 2.47231 
vt -26.3562 2.17219 
vt -24.8989 2.17219 
vt -24.8989 2.44019 
vt -27.2891 2.44006 
vt -24.7325 1.24781 
vt -24.9193 1.26844 
vt -27.286 1.26831 
vt -24.8454 2.24494 
vt -24.8453 2.17219 
vt -24.8453 1.83419 
vt -24.8452 2.83606 
vt -24.8452 0.881439 
vt -24.8453 2.44006 
vt -24.8453 2.69681 
vt -24.8454 2.23506 
vt -24.8454 1.27256 
vt -24.8454 1.27256 
vt -24.8452 2.83606 
vt -24.8452 0.881439 
vt -24.8454 1.27256 
vt -24.8454 1.30506 
vt -24.8582 1.29631 
vt -24.8582 1.26406 
vt -24.8844 1.86644 
vt -24.8844 1.83419 
vt -24.8989 2.72781 
vt -24.8989 2.47231 
vt -24.8989 2.44006 
vt -24.8989 1.86644 
vt -24.8989 2.72781 
vt -24.8989 2.69556 
vt -24.8989 2.47244 
vt -24.8989 2.44019 
vt -24.9118 1.29631 
vt -24.4142 2.56869 
vt -26.0407 3.54219 
vt -24.4591 2.49356 
vt -26.0856 3.46719 
vt -26.0459 3.54169 
vt -27.8411 2.49656 
vt -26.0012 3.46506 
vt -27.7965 2.41981 
vt -27.781 2.53156 
vt -27.845 2.49431 
vt -27.7364 2.45481 
vt -27.8004 2.41756 
vt -24.4148 2.56906 
vt -24.4773 2.60644 
vt -24.4597 2.49394 
vt -24.5223 2.53144 
vt -24.8452 2.83606 
vt -24.9288 2.83606 
vt -24.8452 0.881439 
vt -24.9288 0.881439 
vt -27.2131 2.83606 
vt -27.2967 2.83606 
vt -27.213 0.881439 
vt -27.2967 0.881439 
vt -27.2886 1.86644 
vt -27.2886 1.83419 
vt -27.2344 1.86644 
vt -27.2344 1.83419 
vt -27.2886 2.20444 
vt -27.2886 2.17219 
vt -27.2344 2.20444 
vt -27.2344 2.17219 
vt -27.2886 1.58381 
vt -27.2886 1.55156 
vt -27.2344 1.58381 
vt -27.2344 1.55156 
vt -24.8995 1.86644 
vt -24.8995 1.83419 
vt -24.8453 1.86644 
vt -24.8453 1.83419 
vt -24.8995 2.47231 
vt -24.8995 2.44006 
vt -24.8453 2.47231 
vt -24.8453 2.44006 
vt -24.8995 2.72906 
vt -24.8995 2.69681 
vt -24.8453 2.72906 
vt -24.8453 2.69681 
vt -27.2886 2.72781 
vt -27.2886 2.69556 
vt -27.2344 2.72781 
vt -27.2344 2.69556 
vt -27.2886 2.47231 
vt -27.2886 2.44019 
vt -27.2344 2.47231 
vt -27.2344 2.44019 
vt -27.3015 1.29631 
vt -27.3015 1.26406 
vt -27.2473 1.29631 
vt -27.2473 1.26406 
vt -24.9124 1.29631 
vt -24.9124 1.26406 
vt -24.8582 1.29631 
vt -24.8582 1.26406 
vt -24.9118 1.26406 
vt -24.9118 1.29631 
vt -27.302 1.26406 
vt -27.302 1.29619 
vt -24.8989 1.55156 
vt -24.8989 1.58381 
vt -27.2891 1.55156 
vt -27.2891 1.58381 
vt -26.3596 2.17219 
vt -26.3596 2.20444 
vt -27.2891 2.17219 
vt -27.2891 2.20444 
vt -26.3614 1.83419 
vt -26.3614 1.86644 
vt -27.2246 1.83419 
vt -27.2246 1.86631 
vt -24.8989 2.69556 
vt -24.8989 2.72781 
vt -27.2891 2.69556 
vt -27.2891 2.72781 
vt -24.8989 2.44006 
vt -24.8989 2.47231 
vt -27.2891 2.44006 
vt -27.2891 2.47231 
vt -24.8989 1.83419 
vt -24.8989 1.86644 
vt -25.762 1.83419 
vt -25.762 1.86644 
vt -24.8989 2.17219 
vt -24.8989 2.20444 
vt -25.7684 2.17219 
vt -25.7684 2.20444 
vt -26.3423 2.28756 
vt -26.3673 2.28756 
vt -26.3423 1.79056 
vt -26.3673 1.79056 
vt -25.7531 1.78619 
vt -25.7531 1.81119 
vt -26.3668 1.78619 
vt -26.3668 1.81119 
vt -25.7532 2.28756 
vt -25.7782 2.28756 
vt -25.7532 1.79056 
vt -25.7782 1.79056 
vt -25.7531 2.26681 
vt -25.7531 2.29181 
vt -26.3668 2.26681 
vt -26.3668 2.29181 
vt -28.1137 0.881439 
vt -28.1137 1.66894 
vt -28.1137 0.881439 
vt -28.1137 1.60919 
vt -28.1137 1.64131 
vt -28.1137 1.64131 
vt -28.107 1.61456 
vt -28.107 1.61456 
vt -28.0919 1.64131 
vt -28.0919 1.64131 
vt -28.0919 1.60919 
vt -28.0895 1.27669 
vt -28.0895 1.27669 
vt -24.8995 2.20444 
vt -24.8995 2.17219 
vt -24.8453 2.20444 
vt -24.8453 2.17219 
vt -24.8995 1.58381 
vt -24.8995 1.55156 
vt -24.8453 1.58381 
vt -24.8453 1.55156 
vt -26.13 2.74556 
vt -26.13 2.67806 
vt -26.0532 2.74556 
vt -26.0532 2.67806 
vt -25.286 1.28106 
vt -25.286 1.26844 
vt -25.2318 1.28106 
vt -25.2318 1.26844 
vt -25.2235 1.28106 
vt -25.2235 1.26844 
vt -25.1693 1.28106 
vt -25.1693 1.26844 
vt -25.036 1.28106 
vt -25.036 1.26844 
vt -24.9818 1.28106 
vt -24.9818 1.26844 
vt -24.9735 1.28106 
vt -24.9735 1.26844 
vt -24.9193 1.28106 
vt -24.9193 1.26844 
vt -25.0985 1.28106 
vt -25.0985 1.26844 
vt -25.0443 1.28106 
vt -25.0443 1.26844 
vt -25.536 1.28106 
vt -25.536 1.26844 
vt -25.4818 1.28106 
vt -25.4818 1.26844 
vt -27.161 1.28106 
vt -27.161 1.26844 
vt -27.1068 1.28106 
vt -27.1068 1.26844 
vt -26.786 1.28106 
vt -26.786 1.26844 
vt -26.7318 1.28106 
vt -26.7318 1.26844 
vt -25.786 1.28106 
vt -25.786 1.26844 
vt -25.7318 1.28106 
vt -25.7318 1.26844 
vt -26.536 1.28106 
vt -26.536 1.26844 
vt -26.4818 1.28106 
vt -26.4818 1.26844 
vt -25.7235 1.28106 
vt -25.7235 1.26844 
vt -25.6693 1.28106 
vt -25.6693 1.26844 
vt -26.4735 1.28106 
vt -26.4735 1.26844 
vt -26.4193 1.28106 
vt -26.4193 1.26844 
vt -26.286 1.28106 
vt -26.286 1.26844 
vt -26.2318 1.28106 
vt -26.2318 1.26844 
vt -26.9735 1.28106 
vt -26.9735 1.26844 
vt -26.9193 1.28106 
vt -26.9193 1.26844 
vt -25.3485 1.28106 
vt -25.3485 1.26844 
vt -25.2943 1.28106 
vt -25.2943 1.26844 
vt -26.161 1.28106 
vt -26.161 1.26844 
vt -26.1068 1.28106 
vt -26.1068 1.26844 
vt -26.0985 1.28106 
vt -26.0985 1.26844 
vt -26.0443 1.28106 
vt -26.0443 1.26844 
vt -26.036 1.28106 
vt -26.036 1.26844 
vt -25.9818 1.28106 
vt -25.9818 1.26844 
vt -25.8485 1.28106 
vt -25.8485 1.26844 
vt -25.7943 1.28106 
vt -25.7943 1.26844 
vt -25.411 1.28106 
vt -25.411 1.26844 
vt -25.3568 1.28106 
vt -25.3568 1.26844 
vt -25.911 1.28106 
vt -25.911 1.26844 
vt -25.8568 1.28106 
vt -25.8568 1.26844 
vt -27.036 1.28106 
vt -27.036 1.26844 
vt -26.9818 1.28106 
vt -26.9818 1.26844 
vt -25.5985 1.28106 
vt -25.5985 1.26844 
vt -25.5443 1.28106 
vt -25.5443 1.26844 
vt -26.2235 1.28106 
vt -26.2235 1.26844 
vt -26.1693 1.28106 
vt -26.1693 1.26844 
vt -25.4735 1.28106 
vt -25.4735 1.26844 
vt -25.4193 1.28106 
vt -25.4193 1.26844 
vt -27.2235 1.28106 
vt -27.2235 1.26844 
vt -27.1693 1.28106 
vt -27.1693 1.26844 
vt -26.661 1.28106 
vt -26.661 1.26844 
vt -26.6068 1.28106 
vt -26.6068 1.26844 
vt -26.3485 1.28106 
vt -26.3485 1.26844 
vt -26.2943 1.28106 
vt -26.2943 1.26844 
vt -27.0985 1.28106 
vt -27.0985 1.26844 
vt -27.0443 1.28106 
vt -27.0443 1.26844 
vt -25.661 1.28106 
vt -25.661 1.26844 
vt -25.6068 1.28106 
vt -25.6068 1.26844 
vt -26.7235 1.28106 
vt -26.7235 1.26844 
vt -26.6693 1.28106 
vt -26.6693 1.26844 
vt -26.8485 1.28106 
vt -26.8485 1.26844 
vt -26.7943 1.28106 
vt -26.7943 1.26844 
vt -26.5985 1.28106 
vt -26.5985 1.26844 
vt -26.5443 1.28106 
vt -26.5443 1.26844 
vt -25.9735 1.28106 
vt -25.9735 1.26844 
vt -25.9193 1.28106 
vt -25.9193 1.26844 
vt -26.911 1.28106 
vt -26.911 1.26844 
vt -26.8568 1.28106 
vt -26.8568 1.26844 
vt -26.411 1.28106 
vt -26.411 1.26844 
vt -26.3568 1.28106 
vt -26.3568 1.26844 
vt -27.286 1.28106 
vt -27.286 1.26844 
vt -27.2318 1.28106 
vt -27.2318 1.26844 
vt -25.161 1.28106 
vt -25.161 1.26844 
vt -25.1068 1.28106 
vt -25.1068 1.26844 
vt -24.8996 2.24494 
vt -26.0459 3.54169 
vt -26.0012 3.46506 
vt -24.8805 1.34231 
vt -27.9994 1.26844 
vt -24.4591 2.49356 
vt -27.8431 2.49544 
vt -27.2726 2.36919 
vt -27.2726 2.40144 
vt -27.6794 2.36919 
vt -27.6794 2.40144 
vt -27.2726 1.60919 
vt -27.2726 1.64131 
vt -28.0919 1.60919 
vt -28.0919 1.64131 
vt -28.0426 1.66894 
vt -28.1137 1.66894 
vt -28.0426 0.881439 
vt -28.1137 0.881439 
vt -27.6473 2.56894 
vt -27.7185 2.56894 
vt -27.6473 1.27231 
vt -27.7185 1.27231 
vt -28.1137 1.64131 
vt -28.1137 1.60919 
vt -28.0435 1.64131 
vt -28.0435 1.60919 
vt -28.1266 1.28894 
vt -28.1266 1.25669 
vt -28.0856 1.28894 
vt -28.0856 1.25669 
vt -24.9118 1.26406 
vt -24.9118 1.27681 
vt -28.0645 1.26406 
vt -28.0645 1.27669 
vt -27.6994 1.26844 
vt -27.6574 1.26844 
vt -27.6994 1.61456 
vt -27.6574 1.61456 
vt -27.4744 1.26844 
vt -27.4324 1.26844 
vt -27.4744 1.61456 
vt -27.4324 1.61456 
vt -27.5494 1.26844 
vt -27.5074 1.26844 
vt -27.5494 1.61456 
vt -27.5074 1.61456 
vt -27.6244 1.26844 
vt -27.5824 1.26844 
vt -27.6244 1.61456 
vt -27.5824 1.61456 
vt -27.7744 1.26844 
vt -27.7324 1.26844 
vt -27.7744 1.61456 
vt -27.7324 1.61456 
vt -27.8494 1.26844 
vt -27.8074 1.26844 
vt -27.8494 1.61456 
vt -27.8074 1.61456 
vt -27.9244 1.26844 
vt -27.8824 1.26844 
vt -27.9244 1.61456 
vt -27.8824 1.61456 
vt -27.9994 1.26844 
vt -27.9574 1.26844 
vt -27.9994 1.61456 
vt -27.9574 1.61456 
vt -27.3994 1.26844 
vt -27.3574 1.26844 
vt -27.3994 1.61456 
vt -27.3574 1.61456 
vt -27.9244 1.26844 
vt -27.9244 1.26844 
vt -27.9244 1.61456 
vt -27.5653 1.28681 
vt -27.5653 1.26919 
vt -27.5111 1.28681 
vt -27.5111 1.26919 
vt -27.6278 1.28681 
vt -27.6278 1.26919 
vt -27.5736 1.28681 
vt -27.5736 1.26919 
vt -27.6903 1.28681 
vt -27.6903 1.26919 
vt -27.6361 1.28681 
vt -27.6361 1.26919 
vt -27.7528 1.28681 
vt -27.7528 1.26919 
vt -27.6986 1.28681 
vt -27.6986 1.26919 
vt -27.8153 1.28681 
vt -27.8153 1.26919 
vt -27.7611 1.28681 
vt -27.7611 1.26919 
vt -27.8778 1.28681 
vt -27.8778 1.26919 
vt -27.8236 1.28681 
vt -27.8236 1.26919 
vt -28.0028 1.28681 
vt -28.0028 1.26919 
vt -27.9486 1.28681 
vt -27.9486 1.26919 
vt -28.0653 1.28681 
vt -28.0653 1.26919 
vt -28.0111 1.28681 
vt -28.0111 1.26919 
vt -27.9403 1.28681 
vt -27.9403 1.26919 
vt -27.8861 1.28681 
vt -27.8861 1.26919 
vt -27.3778 1.28681 
vt -27.3778 1.26919 
vt -27.3236 1.28681 
vt -27.3236 1.26919 
vt -27.4403 1.28681 
vt -27.4403 1.26919 
vt -27.3861 1.28681 
vt -27.3861 1.26919 
vt -27.5028 1.28681 
vt -27.5028 1.26919 
vt -27.4486 1.28681 
vt -27.4486 1.26919 
vt -27.3153 1.28681 
vt -27.3153 1.26919 
vt -27.2611 1.28681 
vt -27.2611 1.26919 
vt -28.107 1.26844 
vt -28.0748 1.26844 
vt -28.107 1.61456 
vt -28.0748 1.61456 
vt -27.8494 1.26844 
vt -27.8494 1.26844 
vt -27.8494 1.61456 
vt -27.213 2.83606 
vt -27.2967 2.83606 
vt -24.9288 2.83606 
vt -28.107 1.26844 
vt -28.0748 1.26844 
vt -28.107 1.61456 
vt -28.0748 1.61456 
vt -27.7744 1.26844 
vt -27.7744 1.61456 
vt -27.7744 1.61456 
vt -24.9118 1.26306 
vt -24.9118 1.27781 
vt -28.0895 1.26294 
vt -28.0895 1.27781 
vt -27.2904 1.81569 
vt -27.2356 2.29206 
vt -27.2356 1.79519 
vt -27.7185 2.55769 
vt -27.7185 1.28344 
vt -28.107 1.26844 
vt -28.0748 1.26844 
vt -28.107 1.61456 
vt -28.0748 1.61456 
vt -27.2891 2.72781 
vt -27.6994 1.61456 
vt -27.6994 1.26844 
vt -27.6994 1.61456 
vt -24.8361 1.38669 
vt -24.8361 1.38669 
vt -28.107 1.26844 
vt -28.0748 1.26844 
vt -28.107 1.61456 
vt -28.0748 1.61456 
vt -27.6244 1.26844 
vt -27.6244 1.26844 
vt -27.6244 1.61456 
vt -28.107 1.26844 
vt -28.0748 1.26844 
vt -28.107 1.61456 
vt -28.0748 1.61456 
vt -27.5494 1.26844 
vt -27.5494 1.26844 
vt -27.5494 1.61456 
vt -27.5494 1.61456 
vt -27.6473 2.55769 
vt -24.9118 1.26406 
vt -24.9118 1.27681 
vt -28.0895 1.26406 
vt -28.0895 1.27669 
vt -28.107 1.26844 
vt -28.0748 1.26844 
vt -28.107 1.61456 
vt -28.0748 1.61456 
vt -27.29 1.30506 
vt -27.29 1.27281 
vt -27.2358 1.30506 
vt -27.2358 1.27281 
vt -27.2358 2.23506 
vt -27.29 2.23506 
vt -27.2358 1.27256 
vt -27.29 1.27256 
vt -27.29 2.24494 
vt -27.29 2.21269 
vt -27.2358 2.24494 
vt -27.2358 2.21269 
vt -27.4744 1.61456 
vt -24.8996 2.23506 
vt -25.7473 2.29106 
vt -25.7473 2.26606 
vt -25.7473 1.81044 
vt -27.2891 2.47231 
vt -25.7531 2.26756 
vt -27.2356 2.29206 
vt -27.2904 1.79519 
vt -28.107 1.26844 
vt -28.0748 1.26844 
vt -28.107 1.61456 
vt -28.0748 1.61456 
vt -27.3994 1.26844 
vt -27.3994 1.61456 
vt -27.3994 1.26844 
vt -27.3994 1.61456 
vt -27.3994 1.61456 
vt -28.0426 0.881439 
vt -27.2967 0.881439 
vt -27.213 0.881439 
vt -24.9288 0.881439 
vt -28.107 1.26844 
vt -28.0748 1.26844 
vt -28.107 1.61456 
vt -28.0748 1.61456 
vt -24.8975 1.81706 
vt -24.8975 1.79206 
vt -24.8427 1.81706 
vt -24.8427 1.79206 
vt -24.8427 2.29344 
vt -24.8975 2.29344 
vt -24.8427 1.79656 
vt -24.8975 1.79656 
vt -24.8975 2.29781 
vt -24.8975 2.27281 
vt -24.8427 2.29781 
vt -24.8427 2.27281 
vt -24.9118 1.26406 
vt -24.9118 1.27681 
vt -28.0895 1.26406 
vt -28.0895 1.27669 
vt -27.302 1.29631 
vt -27.2904 2.29206 
vt -27.2904 1.79519 
vt -27.2904 1.81569 
vt -27.2904 2.29631 
vt -27.2904 2.27131 
vt -27.2904 2.29206 
vt -27.2886 1.83406 
vt -27.2886 1.86631 
vt -27.2886 2.20444 
vt -27.2891 2.17219 
vt -27.2886 1.83419 
vt -27.2886 1.86631 
vt -27.2886 1.83419 
vt -27.2891 1.86631 
vt -27.2891 1.83406 
vt -27.2891 2.69556 
vt -27.2891 2.44006 
vt -27.29 1.27256 
vt -27.29 2.23506 
vt -27.29 1.27256 
vt -27.2356 2.29206 
vt -27.2356 2.29206 
vt -27.2356 2.29206 
vt -28.107 1.26844 
vt -28.0748 1.26844 
vt -28.107 1.61456 
vt -28.0748 1.61456 
vt -24.5421 0.962065 
vt -26.3365 2.28681 
vt -27.7984 2.41869 
vt -27.2358 2.23506 
vt -27.2358 2.23506 
vt -28.107 1.26844 
vt -28.0748 1.26844 
vt -28.107 1.61456 
vt -28.0748 1.61456 
vt -27.2344 2.20444 
vt -24.9118 1.26381 
vt -24.9118 1.27706 
vt -28.0895 1.26381 
vt -28.0895 1.27694 
vt -27.2344 1.83419 
vt -28.107 1.26844 
vt -28.0748 1.26844 
vt -28.107 1.61456 
vt -28.0748 1.61456 
vt -26.0856 3.46719 
vt -24.7324 1.15256 
vt -28.107 1.26844 
vt -28.0748 1.26844 
vt -28.107 1.61456 
vt -28.0748 1.61456 
vt -28.107 1.26844 
vt -28.0748 1.26844 
vt -28.107 1.61456 
vt -28.0748 1.61456 
vt -27.6574 1.26844 
vt -27.4324 1.26844 
vt -27.7324 1.26844 
vt -27.3574 1.26844 
vt -27.8074 1.26844 
vt -27.8824 1.26844 
vt -27.6574 1.26844 
vt -27.6574 1.26844 
vt -27.3574 1.26844 
vt -27.4324 1.26844 
vt -27.5074 1.26844 
vt -27.7324 1.26844 
vt -24.9118 1.26406 
vt -24.9118 1.27681 
vt -28.0895 1.26406 
vt -28.0895 1.27669 
vt -24.8996 1.27256 
vt -24.8996 1.27281 
vt -27.2358 1.27256 
vt -27.6473 1.28344 
vt -27.2358 2.23506 
vt -27.29 2.23506 
vt -27.2358 1.27256 
vt -27.29 1.27256 
vt -28.107 1.26844 
vt -28.0748 1.26844 
vt -28.107 1.61456 
vt -28.0748 1.61456 
vt -27.2886 1.86631 
vt -27.2886 1.83419 
vt -27.2344 1.86644 
vt -27.2344 1.83419 
vt -27.2886 1.58381 
vt -27.2886 1.55156 
vt -27.2344 1.58381 
vt -27.2344 1.55156 
vt -27.2886 2.20444 
vt -27.2886 2.17219 
vt -27.2344 2.20444 
vt -27.2344 2.17219 
vt -28.0435 1.64131 
vt -27.7611 1.28681 
vt -26.3537 1.86644 
vt -25.754 1.86644 
vt -27.2344 1.86631 
vt -26.3596 2.17219 
vt -27.6574 1.61456 
vt -27.3574 1.61456 
vt -28.107 1.26844 
vt -28.0748 1.26844 
vt -28.107 1.61456 
vt -28.0748 1.61456 
vt -27.2356 1.81569 
vt -26.361 1.81044 
vt -24.8427 2.29344 
vt -24.8975 2.29344 
vt -24.8427 1.79656 
vt -24.8975 1.79656 
vt -28.107 1.26844 
vt -28.0748 1.26844 
vt -28.107 1.61456 
vt -28.0748 1.61456 
vt -24.8995 1.86644 
vt -24.8995 1.83419 
vt -24.8453 1.86644 
vt -24.8453 1.83419 
vt -24.9118 1.26406 
vt -24.9118 1.27681 
vt -28.1145 1.26406 
vt -28.1145 1.27669 
vt -24.8995 2.20444 
vt -24.8995 2.17219 
vt -24.8453 2.20444 
vt -24.8453 2.17219 
vt -28.107 1.26844 
vt -28.0748 1.26844 
vt -28.107 1.61456 
vt -28.0748 1.61456 
vt -28.0426 1.65769 
vt -27.6574 1.61456 
vt -27.3574 1.61456 
vt -27.8824 1.61456 
vt -27.6574 1.61456 
vt -28.107 1.26844 
vt -28.0748 1.26844 
vt -28.107 1.61456 
vt -28.0748 1.61456 
vt -24.9118 1.26406 
vt -24.9118 1.27681 
vt -28.0895 1.26406 
vt -28.0895 1.27669 
vt -28.107 1.26844 
vt -28.0748 1.26844 
vt -28.107 1.61456 
vt -28.0748 1.61456 
vt -27.2356 1.79519 
vt -28.0426 1.65769 
vt -28.1137 1.65769 
vt -28.0426 0.881439 
vt -28.1137 0.881439 
vt -27.6473 2.55769 
vt -27.7185 2.55769 
vt -27.6473 1.28344 
vt -27.7185 1.28344 
vt -27.2726 1.60919 
vt -27.2726 1.64131 
vt -28.0919 1.60919 
vt -28.0919 1.64131 
vt -27.2726 2.36919 
vt -27.2726 2.40144 
vt -27.6794 2.36919 
vt -27.6794 2.40144 
vt -27.9994 1.26844 
vt -27.9574 1.26844 
vt -27.9994 1.61456 
vt -27.9574 1.61456 
vt -27.8494 1.26844 
vt -27.8074 1.26844 
vt -27.8494 1.61456 
vt -27.8074 1.61456 
vt -27.9244 1.26844 
vt -27.8824 1.26844 
vt -27.9244 1.61456 
vt -27.8824 1.61456 
vt -27.6994 1.26844 
vt -27.6574 1.26844 
vt -27.6994 1.61456 
vt -27.6574 1.61456 
vt -27.3994 1.26844 
vt -27.3574 1.26844 
vt -27.3994 1.61456 
vt -27.3574 1.61456 
vt -27.4744 1.26844 
vt -27.4324 1.26844 
vt -27.4744 1.61456 
vt -27.4324 1.61456 
vt -27.5494 1.26844 
vt -27.5074 1.26844 
vt -27.5494 1.61456 
vt -27.5074 1.61456 
vt -27.6244 1.26844 
vt -27.5824 1.26844 
vt -27.6244 1.61456 
vt -27.5824 1.61456 
vt -27.7744 1.26844 
vt -27.7324 1.26844 
vt -27.7744 1.61456 
vt -27.7324 1.61456 
vt -27.2344 1.83406 
vt -26.361 2.26606 
vt -24.9118 1.26406 
vt -24.9118 1.27681 
vt -27.302 1.26406 
vt -27.302 1.27669 
vt -24.9118 1.26406 
vt -24.9118 1.27681 
vt -27.302 1.26406 
vt -27.302 1.27669 
vt -24.7324 1.17631 
vt -27.2904 1.81569 
vt -27.2904 1.79069 
vt -27.2356 1.81569 
vt -27.2356 1.79069 
vt -27.2356 2.29206 
vt -27.2904 2.29206 
vt -27.2356 1.79519 
vt -27.2904 1.79519 
vt -27.2904 2.29631 
vt -27.2904 2.27131 
vt -27.2356 2.29631 
vt -27.2356 2.27131 
vt -24.6373 1.08106 
vt -25.7689 2.17219 
vt -24.5421 0.985939 
vt -24.9118 1.26406 
vt -24.9118 1.27681 
vt -27.302 1.26406 
vt -27.302 1.27669 
vt -27.2356 2.29206 
vt -27.2904 2.29206 
vt -27.2356 1.79519 
vt -27.2904 1.79519 
vt -24.8996 2.24494 
vt -24.8996 2.21269 
vt -24.8454 2.24494 
vt -24.8454 2.21269 
vt -24.8454 2.23506 
vt -24.8996 2.23506 
vt -24.8454 1.27256 
vt -24.8996 1.27256 
vt -24.8996 1.30506 
vt -24.8996 1.27281 
vt -24.8454 1.30506 
vt -24.8454 1.27281 
vt -24.9118 1.26406 
vt -24.9118 1.27681 
vt -27.302 1.26406 
vt -27.302 1.27669 
vt -24.3753 0.925939 
vt -24.8361 1.38669 
vt -24.4197 0.881563 
vt -24.8805 1.34231 
vt -24.4468 0.985939 
vt -24.5421 0.985939 
vt -24.4468 0.962065 
vt -24.5421 0.962065 
vt -24.6372 1.17631 
vt -24.7324 1.17631 
vt -24.6372 1.15256 
vt -24.7324 1.15256 
vt -24.7325 1.27156 
vt -24.8277 1.27156 
vt -24.7325 1.24781 
vt -24.8277 1.24781 
vt -24.5421 1.08106 
vt -24.6373 1.08106 
vt -24.5421 1.05731 
vt -24.6373 1.05731 
vt -24.9118 1.26406 
vt -24.9118 1.27681 
vt -27.302 1.26406 
vt -27.302 1.27669 
vt -27.2356 2.29206 
vt -27.2904 2.29206 
vt -27.2356 1.79519 
vt -27.2904 1.79519 
vt -27.2886 1.86631 
vt -27.2886 1.83406 
vt -27.2344 1.86631 
vt -27.2344 1.83406 
vt -27.2886 2.20431 
vt -27.2886 2.17219 
vt -27.2344 2.20431 
vt -27.2344 2.17219 
vt -24.9118 1.26406 
vt -24.9118 1.27681 
vt -27.302 1.26406 
vt -27.302 1.27669 
vt -24.3753 0.925939 
vt -24.8361 1.38669 
vt -24.4197 0.881563 
vt -24.8805 1.34231 
vt -24.8454 2.23506 
vt -24.8996 2.23506 
vt -24.8454 1.27256 
vt -24.8996 1.27256 
vt -24.8995 2.20444 
vt -24.8995 2.17219 
vt -24.8453 2.20444 
vt -24.8453 2.17219 
vt -24.8995 1.86644 
vt -24.8995 1.83419 
vt -24.8453 1.86644 
vt -24.8453 1.83419 
vt -24.8995 1.58381 
vt -24.8995 1.55156 
vt -24.8453 1.58381 
vt -24.8453 1.55156 
vt -24.9118 1.26406 
vt -24.9118 1.27681 
vt -27.302 1.26406 
vt -27.302 1.27669 
vt -24.9118 1.26406 
vt -24.9118 1.27681 
vt -27.302 1.26406 
vt -27.302 1.27669 
vt -24.4142 2.56869 
vt -26.0407 3.54219 
vt -24.4591 2.49356 
vt -26.0856 3.46719 
vt -26.0459 3.54169 
vt -27.8431 2.49544 
vt -26.0012 3.46506 
vt -27.7984 2.41869 
vt -27.213 2.83606 
vt -27.2967 2.83606 
vt -27.213 0.881439 
vt -27.2967 0.881439 
vt -24.8452 2.83606 
vt -24.9288 2.83606 
vt -24.8452 0.881439 
vt -24.9288 0.881439 
vt -26.3562 2.17219 
vt -26.3562 2.20444 
vt -27.2891 2.17219 
vt -27.2891 2.20431 
vt -24.8989 1.55156 
vt -24.8989 1.58381 
vt -27.2891 1.55156 
vt -27.2891 1.58381 
vt -26.3537 1.83419 
vt -26.3537 1.86644 
vt -27.2891 1.83406 
vt -27.2891 1.86631 
vt -24.9118 1.26406 
vt -24.9118 1.29631 
vt -27.302 1.26406 
vt -27.302 1.29631 
vt -24.8844 1.83419 
vt -24.8844 1.86644 
vt -25.754 1.83419 
vt -25.754 1.86644 
vt -24.8989 2.17219 
vt -24.8989 2.20444 
vt -25.7689 2.17219 
vt -25.7689 2.20444 
vt -24.8989 2.69556 
vt -24.8989 2.72781 
vt -27.2891 2.69556 
vt -27.2891 2.72781 
vt -24.8989 2.44019 
vt -24.8989 2.47244 
vt -27.2891 2.44006 
vt -27.2891 2.47231 
vt -25.7473 1.78544 
vt -25.7473 1.81044 
vt -26.361 1.78544 
vt -26.361 1.81044 
vt -26.3365 2.28681 
vt -26.3615 2.28681 
vt -26.3365 1.78981 
vt -26.3615 1.78981 
vt -25.7474 2.28681 
vt -25.7724 2.28681 
vt -25.7474 1.78981 
vt -25.7724 1.78981 
vt -25.7473 2.26606 
vt -25.7473 2.29106 
vt -26.361 2.26606 
vt -26.361 2.29106 
vt -25.028 0.407722 
vt -25.5339 0.407722 
vt -25.028 0.407722 
vt -25.5339 0.407723 
vt -25.5584 0.336156 
vt -25.5107 0.336156 
vt -25.028 0.502946 
vt -25.5214 0.502946 
vt -24.4521 2.00156 
vt -24.4521 0.375031 
vt -24.4537 3.80395 
vt -24.4537 1.96212 
vt -25.0301 0.598061 
vt -25.5235 0.598062 
vt -25.0301 0.598061 
vt -25.5235 0.598062 
vt -24.4634 3.7419 
vt -24.4634 3.69725 
vt -24.467 0.438202 
vt -24.467 0.483143 
vt -28.0497 2.00156 
vt -28.0497 0.375032 
vt -27.8769 2.00156 
vt -27.8769 0.375032 
vt -24.625 2.00156 
vt -24.625 0.375031 
vt -24.4521 2.00156 
vt -24.4521 0.375031 
vt -28.031 0.375684 
vt -24.467 0.375684 
vt -28.031 0.438203 
vt -24.467 0.438202 
vt -24.5117 3.25757 
vt -24.5117 3.17392 
vt -24.5117 0.889715 
vt -24.5117 0.806066 
vt -24.5326 1.70815 
vt -24.533 2.3219 
vt -24.5326 2.3219 
vt -24.5264 1.70814 
vt -24.5264 2.3219 
vt -24.533 1.7333 
vt -24.5265 3.19526 
vt -24.5265 3.19526 
vt -24.5265 0.80616 
vt -24.5265 0.806161 
vt -24.5274 2.31706 
vt -24.5274 3.25001 
vt -24.5275 0.859755 
vt -24.5275 3.25001 
vt -24.5275 3.25001 
vt -24.5265 3.19525 
vt -24.5265 3.19525 
vt -24.5265 3.24947 
vt -24.5265 3.19525 
vt -24.5265 3.24947 
vt -24.5265 3.19525 
vt -24.5265 3.20815 
vt -24.5274 2.3146 
vt -24.5274 3.25001 
vt -24.5274 0.872632 
vt -24.5274 3.26291 
vt -24.5274 0.845316 
vt -24.5274 1.7149 
vt -24.5274 0.859787 
vt -24.5274 1.72978 
vt -24.5274 0.85975 
vt -24.5274 3.25 
vt -24.5274 0.859747 
vt -24.5274 3.25 
vt -24.5265 0.819057 
vt -24.5302 3.19526 
vt -24.5302 3.24948 
vt -25.028 0.69339 
vt -25.028 0.69339 
vt -25.5214 0.693391 
vt -24.5647 2.01403 
vt -24.5647 2.09085 
vt -24.5759 1.19268 
vt -24.5759 1.19268 
vt -24.5759 1.13018 
vt -24.5759 1.1844 
vt -24.5759 0.94268 
vt -24.5759 0.996903 
vt -24.5759 0.88018 
vt -24.5759 0.88018 
vt -24.5759 1.00518 
vt -24.5759 1.0594 
vt -24.5759 1.4969 
vt -24.5759 3.06768 
vt -24.5759 3.12191 
vt -24.5759 2.69268 
vt -24.5759 2.69268 
vt -24.5759 1.69268 
vt -24.5759 1.74691 
vt -24.5759 2.44268 
vt -24.5759 2.49691 
vt -24.5759 1.63018 
vt -24.5759 1.6844 
vt -24.5759 2.38018 
vt -24.5759 2.43441 
vt -24.5759 2.43441 
vt -24.5759 2.19268 
vt -24.5759 2.24691 
vt -24.5759 2.88018 
vt -24.5759 2.93441 
vt -24.5759 1.25518 
vt -24.5759 1.3094 
vt -24.5759 2.06768 
vt -24.5759 2.06768 
vt -24.5759 2.12191 
vt -24.5759 2.00518 
vt -24.5759 1.94268 
vt -24.5759 1.99691 
vt -24.5759 1.80941 
vt -24.5759 1.3719 
vt -24.5759 1.81768 
vt -24.5759 1.87191 
vt -24.5759 2.94268 
vt -24.5759 1.50518 
vt -24.5759 1.5594 
vt -24.5759 1.38018 
vt -24.5759 1.4344 
vt -24.5759 3.13018 
vt -24.5759 3.18441 
vt -24.5759 3.18441 
vt -24.5759 2.56768 
vt -24.5759 2.62191 
vt -24.5759 2.30941 
vt -24.5759 3.00518 
vt -24.5759 1.56768 
vt -24.5759 1.6219 
vt -24.5759 2.68441 
vt -24.5759 2.75518 
vt -24.5759 2.80941 
vt -24.5759 2.55941 
vt -24.5759 2.81768 
vt -24.5759 2.31768 
vt -24.5759 2.37191 
vt -24.5759 3.1927 
vt -24.5759 3.24691 
vt -24.5759 1.1219 
vt -26.5359 0.803603 
vt -26.5359 0.803606 
vt -27.1496 0.803606 
vt -24.9811 0.806176 
vt -25.5846 0.806295 
vt -25.5789 0.806177 
vt -27.9415 0.806171 
vt -27.1427 0.806171 
vt -27.8827 0.806067 
vt -27.9577 0.806067 
vt -27.9414 0.80616 
vt -27.9414 0.806161 
vt -24.9767 0.806171 
vt -24.9974 0.806291 
vt -24.5866 0.806066 
vt -25.5526 0.806291 
vt -25.5849 0.806291 
vt -25.5714 0.806171 
vt -27.9415 0.819057 
vt -24.6899 0.872632 
vt -24.6899 3.26291 
vt -24.5816 0.845316 
vt -27.9409 0.859755 
vt -27.8866 0.859755 
vt -27.9409 0.85975 
vt -27.8866 0.85975 
vt -27.9409 0.859747 
vt -27.8866 0.859747 
vt -27.8866 0.859747 
vt -27.9409 0.859757 
vt -27.9409 0.859757 
vt -27.8866 0.859757 
vt -27.9409 0.859762 
vt -27.8866 0.859763 
vt -24.5816 0.859753 
vt -24.5816 0.859787 
vt -24.5816 0.85975 
vt -24.5816 0.859747 
vt -26.7691 0.872631 
vt -26.7691 0.872631 
vt -26.715 0.872631 
vt -26.9577 0.872631 
vt -26.9014 0.872631 
vt -27.1441 0.872631 
vt -27.09 0.872631 
vt -27.09 0.872631 
vt -26.5441 0.872631 
vt -26.49 0.872632 
vt -26.49 0.872631 
vt -25.3441 0.872631 
vt -25.2899 0.872632 
vt -27.7691 0.872632 
vt -27.69 0.872632 
vt -27.69 0.872632 
vt -25.7566 0.872631 
vt -25.7024 0.872632 
vt -27.5611 0.872632 
vt -27.498 0.872633 
vt -27.3316 0.872632 
vt -27.3316 0.872632 
vt -27.2775 0.872632 
vt -27.8866 0.872632 
vt -25.5691 0.872631 
vt -25.5149 0.872632 
vt -25.9816 0.872631 
vt -25.9274 0.872632 
vt -24.5816 0.872632 
vt -26.1691 0.872632 
vt -26.1691 0.872632 
vt -26.115 0.872632 
vt -25.1566 0.872631 
vt -25.1024 0.872632 
vt -26.3566 0.872631 
vt -26.3025 0.872631 
vt -24.7441 0.872632 
vt -24.7441 0.872631 
vt -24.9316 0.872631 
vt -24.8774 0.872632 
vt -27.8925 0.88018 
vt -27.8925 0.88018 
vt -28.0497 2.04651 
vt -28.0495 2.00678 
vt -28.0495 3.80198 
vt -28.0495 3.75733 
vt -28.0459 3.7419 
vt -27.8925 0.94268 
vt -28.031 0.483144 
vt -27.8925 1.00518 
vt -24.8774 3.26291 
vt -27.9577 0.889715 
vt -27.9577 3.17393 
vt -27.9577 3.25757 
vt -27.7742 4.08747 
vt -26.162 4.08747 
vt -27.9415 3.24947 
vt -27.9415 3.24947 
vt -27.9415 3.19526 
vt -27.9414 3.19526 
vt -27.9415 3.19525 
vt -27.9414 0.860385 
vt -27.9414 3.24947 
vt -27.9414 3.24947 
vt -27.9414 3.19525 
vt -27.9414 3.24947 
vt -27.9414 3.19525 
vt -27.9415 3.26237 
vt -27.9415 3.20815 
vt -27.9415 3.20815 
vt -27.9415 0.873281 
vt -27.9409 3.26291 
vt -27.9409 3.25001 
vt -27.9409 2.32051 
vt -27.9409 3.25001 
vt -27.9409 2.32232 
vt -27.9409 2.32232 
vt -27.9409 3.25 
vt -27.9409 1.7229 
vt -27.9409 1.7229 
vt -27.9409 1.72925 
vt -27.9466 2.30316 
vt -27.94 1.71395 
vt -27.94 2.32771 
vt -27.9466 1.71411 
vt -27.9466 1.73911 
vt -27.9466 1.71396 
vt -27.9462 2.32771 
vt -27.7831 4.07458 
vt -27.7081 4.07458 
vt -27.783 4.07453 
vt -27.783 4.07453 
vt -26.1695 4.07453 
vt -27.6396 4.06792 
vt -26.2895 4.06792 
vt -26.4816 4.06791 
vt -26.5146 4.06791 
vt -26.5566 4.06791 
vt -26.7066 4.06791 
vt -27.8925 1.06768 
vt -27.7112 4.05277 
vt -27.7829 4.05277 
vt -26.2329 4.05277 
vt -26.2329 4.05277 
vt -26.7691 4.05041 
vt -26.9577 4.05041 
vt -27.1441 4.05041 
vt -27.498 4.05041 
vt -27.5611 4.05041 
vt -27.2775 4.05041 
vt -27.3316 4.05041 
vt -26.3025 4.05041 
vt -27.9019 2.09086 
vt -27.9019 2.01403 
vt -27.8925 1.19268 
vt -27.8925 1.1844 
vt -27.8925 1.1844 
vt -27.8925 0.996903 
vt -27.8925 0.934403 
vt -27.8925 1.4969 
vt -27.8925 3.12191 
vt -27.8925 3.06768 
vt -27.8925 2.69268 
vt -27.8925 2.69268 
vt -27.8925 1.74691 
vt -27.8925 2.49691 
vt -27.8925 2.44268 
vt -27.8925 1.6844 
vt -27.8925 1.63018 
vt -27.8925 2.43441 
vt -27.8925 2.43441 
vt -27.8925 2.38018 
vt -27.8925 2.24691 
vt -27.8925 2.19268 
vt -27.8925 2.93441 
vt -27.8925 2.88018 
vt -27.8925 1.3094 
vt -27.8925 1.25518 
vt -27.8925 2.12191 
vt -27.8925 2.06768 
vt -27.8925 2.00518 
vt -27.8925 1.99691 
vt -27.8925 1.94268 
vt -27.8925 1.80941 
vt -27.8925 1.3719 
vt -27.8925 1.87191 
vt -27.8925 1.81768 
vt -27.8925 2.99691 
vt -27.8925 2.99691 
vt -27.8925 1.5594 
vt -27.8925 1.50518 
vt -27.8925 1.4344 
vt -27.8925 1.38018 
vt -27.8925 3.18441 
vt -27.8925 2.62191 
vt -27.8925 2.56768 
vt -27.8925 2.30941 
vt -27.8925 3.05941 
vt -27.8925 1.6219 
vt -27.8925 1.56768 
vt -27.8925 2.68441 
vt -27.8925 2.80941 
vt -27.8925 2.75518 
vt -27.8925 2.55941 
vt -27.8925 2.81768 
vt -27.8925 2.37191 
vt -27.8925 2.31768 
vt -27.8925 3.24691 
vt -27.8925 3.24691 
vt -27.8925 3.1927 
vt -27.8925 1.1219 
vt -27.7334 4.02621 
vt -27.7334 4.02621 
vt -26.1726 4.02621 
vt -27.69 4.02541 
vt -27.7691 4.02541 
vt -24.9644 0.860517 
vt -24.9644 0.860517 
vt -24.6247 2.00678 
vt -27.8784 1.96212 
vt -27.7334 3.96371 
vt -26.182 3.96032 
vt -26.2142 3.96032 
vt -26.182 3.96032 
vt -25.028 0.788617 
vt -25.028 0.598172 
vt -25.028 0.598172 
vt -25.028 0.502949 
vt -25.028 0.502949 
vt -25.0301 0.693288 
vt -27.8769 0.419971 
vt -24.6247 3.80395 
vt -24.6247 2.00678 
vt -24.4537 3.80395 
vt -24.4537 2.00678 
vt -28.0495 3.80198 
vt -28.0495 2.00678 
vt -27.8784 3.80198 
vt -27.8784 2.00678 
vt -24.4634 3.80591 
vt -28.0459 3.80591 
vt -24.4634 3.7419 
vt -28.0459 3.7419 
vt -27.7829 3.23348 
vt -27.7829 3.23348 
vt -27.7829 3.64027 
vt -27.7829 3.23347 
vt -27.7829 3.23347 
vt -27.7831 4.00343 
vt -27.7831 3.60821 
vt -27.7831 3.67935 
vt -27.783 4.00433 
vt -27.783 4.00433 
vt -27.7742 4.04645 
vt -27.7642 3.61827 
vt -27.7642 3.36031 
vt -27.7334 3.90121 
vt -26.182 3.88532 
vt -25.1024 3.26291 
vt -25.1024 3.26291 
vt -27.7334 3.52621 
vt -27.7334 3.52621 
vt -27.7334 3.5887 
vt -27.7334 3.65121 
vt -27.7334 3.71371 
vt -27.7334 3.65948 
vt -27.7334 3.77621 
vt -27.7334 3.72198 
vt -27.7334 3.83871 
vt -27.7334 3.83871 
vt -27.7334 3.97198 
vt -27.7334 3.84698 
vt -27.7334 3.3387 
vt -27.7334 3.3387 
vt -27.7334 3.4012 
vt -27.7334 3.4637 
vt -27.7334 3.2762 
vt -27.7334 3.22197 
vt -27.6816 4.03568 
vt -27.732 3.81032 
vt -26.182 3.81032 
vt -27.9577 0.806067 
vt -27.8827 0.806067 
vt -27.9577 0.889715 
vt -27.8827 0.889715 
vt -27.9577 3.17393 
vt -27.8827 3.17393 
vt -27.9577 3.25757 
vt -27.8827 3.25757 
vt -24.5866 3.17392 
vt -24.5117 3.17392 
vt -24.5866 3.25757 
vt -24.5117 3.25757 
vt -24.5866 0.806066 
vt -24.5117 0.806066 
vt -24.5866 0.889715 
vt -24.5117 0.889715 
vt -27.6066 4.03568 
vt -27.732 3.73532 
vt -25.2832 3.25127 
vt -25.2832 3.19651 
vt -25.2832 3.25127 
vt -25.2834 3.19651 
vt -25.2834 3.1965 
vt -25.2899 3.26291 
vt -24.5647 2.01403 
vt -24.5647 2.09085 
vt -27.9019 2.01403 
vt -27.9019 2.09086 
vt -26.2362 3.67936 
vt -26.1612 3.67936 
vt -27.7081 3.67935 
vt -27.9414 0.860385 
vt -27.9414 0.806161 
vt -24.5265 0.860385 
vt -24.5265 0.806161 
vt -27.9409 0.85975 
vt -27.8866 0.85975 
vt -27.9409 3.25 
vt -27.8866 3.25 
vt -27.9414 3.24947 
vt -27.9414 3.19525 
vt -24.5265 3.24947 
vt -24.5265 3.19525 
vt -24.5816 0.85975 
vt -24.5274 0.85975 
vt -24.5816 3.25 
vt -24.5274 3.25 
vt -26.182 3.66032 
vt -26.1726 3.65121 
vt -25.0406 0.796971 
vt -25.0406 0.336155 
vt -24.993 0.796971 
vt -24.993 0.336155 
vt -25.5584 0.796972 
vt -25.5584 0.336156 
vt -25.5107 0.796972 
vt -25.5107 0.336156 
vt -26.163 3.64027 
vt -26.23 3.64027 
vt -27.7112 3.64027 
vt -27.732 3.58531 
vt -26.182 3.58531 
vt -27.3816 4.03568 
vt -27.7081 3.67935 
vt -27.7831 3.67935 
vt -27.7081 3.60821 
vt -27.7831 3.60821 
vt -27.732 3.51031 
vt -26.182 3.51031 
vt -26.1612 3.67936 
vt -26.2362 3.67936 
vt -26.1612 3.60821 
vt -26.2362 3.60821 
vt -25.5107 0.84135 
vt -25.5149 3.26291 
vt -27.2949 3.25091 
vt -27.2949 3.19668 
vt -27.2949 3.25091 
vt -27.2949 3.19668 
vt -27.2949 3.19668 
vt -24.5877 1.70815 
vt -24.5874 1.70815 
vt -24.5811 1.70814 
vt -27.9414 0.860382 
vt -27.9414 0.80616 
vt -24.5265 0.860382 
vt -24.5265 0.80616 
vt -27.9409 0.859747 
vt -27.8866 0.859747 
vt -27.9409 3.25 
vt -27.8866 3.25 
vt -27.9414 3.24947 
vt -27.9414 3.19525 
vt -24.5265 3.24947 
vt -24.5265 3.19525 
vt -24.5816 0.859747 
vt -24.5274 0.859747 
vt -24.5816 3.25 
vt -24.5274 3.25 
vt -27.8919 1.71396 
vt -27.8852 1.71395 
vt -25.5714 0.860393 
vt -25.58 3.25127 
vt -25.58 3.19651 
vt -25.5789 0.8604 
vt -27.732 3.36031 
vt -26.182 3.36031 
vt -26.2142 3.36031 
vt -26.23 3.23348 
vt -26.163 3.23348 
vt -26.23 3.64027 
vt -26.163 3.64027 
vt -27.7829 3.23348 
vt -27.7112 3.23348 
vt -27.7829 3.64027 
vt -27.7112 3.64027 
vt -27.1496 0.858373 
vt -27.1496 0.858376 
vt -25.7024 3.26291 
vt -26.1726 3.2762 
vt -25.3441 3.26291 
vt -25.7566 3.26291 
vt -27.8866 3.26291 
vt -25.5691 3.26291 
vt -25.9274 3.26291 
vt -25.9816 3.26291 
vt -24.5816 3.26291 
vt -26.115 3.26291 
vt -26.1691 3.26291 
vt -25.1566 3.26291 
vt -24.7441 3.26291 
vt -24.7441 3.26291 
vt -24.9316 3.26291 
vt -27.9466 1.71396 
vt -27.8919 1.71396 
vt -27.9466 2.32771 
vt -27.8919 2.32771 
vt -25.605 3.25127 
vt -25.897 3.25127 
vt -27.9466 2.32816 
vt -27.9466 2.30316 
vt -27.8917 2.32816 
vt -27.8917 2.30316 
vt -27.9466 1.73911 
vt -27.9466 1.71411 
vt -27.8917 1.73911 
vt -27.8917 1.71411 
vt -25.897 3.25127 
vt -25.897 3.25127 
vt -25.3084 3.25127 
vt -25.2981 3.24947 
vt -26.6745 3.25091 
vt -27.2765 3.24947 
vt -27.2824 3.24948 
vt -27.2824 3.24948 
vt -27.2765 3.24947 
vt -27.8866 3.25001 
vt -27.8866 3.25001 
vt -27.8866 3.25001 
vt -27.8866 3.25 
vt -24.5816 3.25001 
vt -24.5816 3.25001 
vt -26.6945 3.24947 
vt -26.6945 3.24947 
vt -25.8879 3.24947 
vt -25.8879 3.24947 
vt -26.6896 3.24947 
vt -25.2965 3.24948 
vt -24.5816 3.25001 
vt -26.6869 3.24948 
vt -25.889 3.24948 
vt -24.5816 3.25 
vt -27.2627 3.25091 
vt -26.7075 3.25091 
vt -26.5359 0.803606 
vt -26.5359 0.858376 
vt -27.1496 0.803606 
vt -27.1496 0.858376 
vt -25.2832 3.19651 
vt -25.2832 3.25127 
vt -25.897 3.19651 
vt -25.897 3.25127 
vt -25.605 3.19651 
vt -25.58 3.19651 
vt -25.605 3.25127 
vt -25.58 3.25127 
vt -27.1501 0.803606 
vt -27.1251 0.803606 
vt -27.1501 0.858376 
vt -27.1251 0.858376 
vt -26.561 0.803606 
vt -26.536 0.803606 
vt -26.561 0.858376 
vt -26.536 0.858376 
vt -25.8975 3.19651 
vt -25.8725 3.19651 
vt -25.8975 3.25127 
vt -25.8725 3.25127 
vt -25.3084 3.19651 
vt -25.2834 3.19651 
vt -25.3084 3.25127 
vt -25.2834 3.25127 
vt -27.0816 4.03567 
vt -24.5877 1.70815 
vt -24.533 1.70815 
vt -24.5877 2.3219 
vt -24.533 2.3219 
vt -24.5877 2.32235 
vt -24.5877 2.29735 
vt -24.533 2.32235 
vt -24.533 2.29735 
vt -24.5877 1.7333 
vt -24.5877 1.7083 
vt -24.533 1.7333 
vt -24.533 1.7083 
vt -27.8784 3.75733 
vt -24.9644 0.806295 
vt -24.9644 0.860517 
vt -25.5846 0.806295 
vt -25.5846 0.860517 
vt -26.6745 3.19668 
vt -26.6745 3.25091 
vt -27.2949 3.19668 
vt -27.2949 3.25091 
vt -27.8866 3.18546 
vt -27.8866 3.18546 
vt -24.9972 0.806295 
vt -24.9651 0.806295 
vt -24.9972 0.860517 
vt -24.9651 0.860517 
vt -25.5847 0.806295 
vt -25.5526 0.806295 
vt -25.5847 0.860517 
vt -25.5526 0.860517 
vt -27.295 3.19668 
vt -27.2627 3.19668 
vt -27.295 3.25091 
vt -27.2627 3.25091 
vt -26.7075 3.19668 
vt -26.6752 3.19668 
vt -26.7075 3.25091 
vt -26.6752 3.25091 
vt -24.9811 0.8604 
vt -24.9811 0.806177 
vt -24.5265 0.8604 
vt -24.5265 0.806177 
vt -26.5379 0.8604 
vt -26.5379 0.806177 
vt -25.5789 0.8604 
vt -25.5789 0.806177 
vt -27.9414 3.24948 
vt -27.9414 3.19526 
vt -27.2824 3.24948 
vt -27.2824 3.19526 
vt -27.9092 0.8604 
vt -27.9092 0.806177 
vt -27.1457 0.8604 
vt -27.1457 0.806177 
vt -27.9409 2.32051 
vt -27.8866 2.32051 
vt -27.9409 3.25001 
vt -27.8866 3.25001 
vt -27.9409 0.859763 
vt -27.8866 0.859763 
vt -27.9409 1.72925 
vt -27.8866 1.72925 
vt -24.5816 2.31706 
vt -24.5274 2.31706 
vt -24.5816 3.25001 
vt -24.5274 3.25001 
vt -25.2965 3.24948 
vt -25.2965 3.19526 
vt -24.5302 3.24948 
vt -24.5302 3.19526 
vt -26.6869 3.24948 
vt -26.6869 3.19526 
vt -25.889 3.24948 
vt -25.889 3.19526 
vt -24.5816 0.859787 
vt -24.5274 0.859787 
vt -24.5816 1.72978 
vt -24.5274 1.72978 
vt -25.8879 3.19526 
vt -25.8879 3.19526 
vt -25.889 3.19526 
vt -24.625 2.04651 
vt -26.7816 4.03567 
vt -26.182 3.91827 
vt -27.3396 4.03568 
vt -27.732 3.61827 
vt -27.732 3.69327 
vt -27.732 3.91827 
vt -26.182 3.76827 
vt -26.182 3.84327 
vt -26.3645 4.03568 
vt -26.5566 4.03568 
vt -26.2142 3.61827 
vt -26.182 3.31826 
vt -26.182 3.69327 
vt -26.7066 4.03568 
vt -26.8896 4.03567 
vt -27.2646 4.03568 
vt -26.6945 3.19526 
vt -26.6896 3.19525 
vt -26.6869 3.19526 
vt -26.1612 3.23348 
vt -26.1612 3.23348 
vt -26.162 4.04645 
vt -26.1695 4.00433 
vt -26.1695 4.00433 
vt -26.1726 3.47198 
vt -26.1726 3.53448 
vt -26.1726 3.59698 
vt -26.1726 3.65948 
vt -26.1726 3.72198 
vt -26.1726 3.78448 
vt -26.1726 3.90948 
vt -26.1726 3.97198 
vt -26.1726 3.84698 
vt -26.1726 3.28447 
vt -26.1726 3.34697 
vt -26.1726 3.40948 
vt -26.1726 3.22197 
vt -27.9415 3.24947 
vt -27.9415 3.19526 
vt -27.2765 3.24947 
vt -27.2765 3.19526 
vt -27.9415 0.860395 
vt -27.9415 0.806172 
vt -27.1427 0.860395 
vt -27.1427 0.806171 
vt -27.9409 2.32232 
vt -27.8866 2.32232 
vt -27.9409 3.18546 
vt -27.8866 3.18546 
vt -27.9409 0.859757 
vt -27.8866 0.859757 
vt -27.9409 1.7229 
vt -27.8866 1.7229 
vt -26.6945 3.24947 
vt -26.6945 3.19526 
vt -25.8879 3.24947 
vt -25.8879 3.19526 
vt -24.5816 2.3146 
vt -24.5816 2.3146 
vt -24.5274 2.3146 
vt -24.5816 3.25001 
vt -24.5274 3.25001 
vt -24.5816 0.845316 
vt -24.5274 0.845316 
vt -24.5816 1.7149 
vt -24.5274 1.7149 
vt -26.5502 0.860395 
vt -26.5502 0.806171 
vt -25.5714 0.860395 
vt -25.5714 0.806171 
vt -25.2981 3.24947 
vt -25.2981 3.19526 
vt -24.5265 3.24947 
vt -24.5265 3.19526 
vt -24.5816 2.31705 
vt -24.9767 0.860395 
vt -24.9767 0.806171 
vt -24.5265 0.860395 
vt -24.5265 0.806171 
vt -27.8866 2.32232 
vt -27.94 1.71395 
vt -27.8852 1.71395 
vt -27.94 2.32771 
vt -27.8852 2.32771 
vt -26.5359 0.803603 
vt -26.5359 0.858373 
vt -27.1496 0.803603 
vt -27.1496 0.858373 
vt -25.2832 3.1965 
vt -25.2832 3.25127 
vt -25.897 3.1965 
vt -25.897 3.25127 
vt -24.5811 1.70814 
vt -24.5264 1.70814 
vt -24.5811 2.3219 
vt -24.5264 2.3219 
vt -27.2765 3.19525 
vt -27.7081 4.07458 
vt -27.7831 4.07458 
vt -27.7081 4.00343 
vt -27.7831 4.00343 
vt -26.1612 4.07458 
vt -26.2362 4.07458 
vt -26.1612 4.00343 
vt -26.2362 4.00343 
vt -27.7829 3.23347 
vt -27.7112 3.23347 
vt -27.7829 4.05277 
vt -27.7112 4.05277 
vt -26.2329 3.23348 
vt -26.1612 3.23348 
vt -26.2329 4.05277 
vt -26.1612 4.05277 
vt -27.783 4.07453 
vt -27.783 4.00433 
vt -26.1695 4.07453 
vt -26.1695 4.00433 
vt -27.7112 3.23347 
vt -26.2329 3.23348 
vt -26.2142 3.91827 
vt -26.182 3.91827 
vt -26.2142 3.96032 
vt -26.182 3.96032 
vt -27.3816 4.06791 
vt -27.3816 4.03568 
vt -27.3396 4.06791 
vt -27.3396 4.03568 
vt -27.4566 4.06791 
vt -27.4566 4.03568 
vt -27.4146 4.06791 
vt -27.4146 4.03568 
vt -27.5316 4.06791 
vt -27.5316 4.03568 
vt -27.4896 4.06791 
vt -27.4896 4.03568 
vt -27.6066 4.06791 
vt -27.6066 4.03568 
vt -27.5646 4.06791 
vt -27.5646 4.03568 
vt -27.6816 4.06791 
vt -27.6816 4.03568 
vt -27.6396 4.06791 
vt -27.6396 4.03568 
vt -27.7642 3.61827 
vt -27.732 3.61827 
vt -27.7642 3.66032 
vt -27.732 3.66032 
vt -27.7642 3.39326 
vt -27.732 3.39326 
vt -27.7642 3.43531 
vt -27.732 3.43531 
vt -27.7642 3.46827 
vt -27.732 3.46827 
vt -27.7642 3.51031 
vt -27.732 3.51031 
vt -27.7642 3.54327 
vt -27.732 3.54327 
vt -27.7642 3.58531 
vt -27.732 3.58531 
vt -27.7642 3.69327 
vt -27.732 3.69327 
vt -27.7642 3.73532 
vt -27.732 3.73532 
vt -27.7642 3.76827 
vt -27.732 3.76827 
vt -27.7642 3.81032 
vt -27.732 3.81032 
vt -27.7642 3.84327 
vt -27.732 3.84327 
vt -27.7642 3.88532 
vt -27.732 3.88532 
vt -27.7642 3.91827 
vt -27.732 3.91827 
vt -27.7642 3.96032 
vt -27.732 3.96032 
vt -27.7642 3.31826 
vt -27.732 3.31826 
vt -27.7642 3.36031 
vt -27.732 3.36031 
vt -26.2142 3.76827 
vt -26.182 3.76827 
vt -26.2142 3.81032 
vt -26.182 3.81032 
vt -26.2142 3.84327 
vt -26.182 3.84327 
vt -26.2142 3.88532 
vt -26.182 3.88532 
vt -26.3316 4.06791 
vt -26.3316 4.03568 
vt -26.2895 4.06791 
vt -26.2895 4.03568 
vt -26.4066 4.06791 
vt -26.4066 4.03567 
vt -26.3645 4.06791 
vt -26.3645 4.03567 
vt -26.4816 4.06791 
vt -26.4816 4.03567 
vt -26.4395 4.06791 
vt -26.4395 4.03567 
vt -26.5566 4.06791 
vt -26.5566 4.03567 
vt -26.5146 4.06791 
vt -26.5146 4.03567 
vt -26.2142 3.61827 
vt -26.182 3.61827 
vt -26.2142 3.66032 
vt -26.182 3.66032 
vt -26.2142 3.31826 
vt -26.182 3.31826 
vt -26.2142 3.36031 
vt -26.182 3.36031 
vt -26.2142 3.39326 
vt -26.182 3.39326 
vt -26.2142 3.43531 
vt -26.182 3.43531 
vt -26.2142 3.46827 
vt -26.182 3.46827 
vt -26.2142 3.51031 
vt -26.182 3.51031 
vt -26.2142 3.54327 
vt -26.182 3.54327 
vt -26.2142 3.58531 
vt -26.182 3.58531 
vt -26.2142 3.69327 
vt -26.182 3.69327 
vt -26.2142 3.73532 
vt -26.182 3.73532 
vt -26.6316 4.06791 
vt -26.6316 4.03567 
vt -26.5896 4.06791 
vt -26.5896 4.03567 
vt -26.7066 4.06791 
vt -26.7066 4.03567 
vt -26.6646 4.06791 
vt -26.6646 4.03567 
vt -26.7816 4.06791 
vt -26.7816 4.03567 
vt -26.7396 4.06791 
vt -26.7396 4.03567 
vt -26.8566 4.06791 
vt -26.8566 4.03567 
vt -26.8146 4.06791 
vt -26.8146 4.03567 
vt -26.9316 4.06791 
vt -26.9316 4.03567 
vt -26.8896 4.06791 
vt -26.8896 4.03567 
vt -27.0066 4.06791 
vt -27.0066 4.03567 
vt -26.9646 4.06791 
vt -26.9646 4.03567 
vt -27.0816 4.06791 
vt -27.0816 4.03567 
vt -27.0396 4.06791 
vt -27.0396 4.03567 
vt -27.1566 4.06791 
vt -27.1566 4.03567 
vt -27.1146 4.06791 
vt -27.1146 4.03567 
vt -27.2316 4.06791 
vt -27.2316 4.03567 
vt -27.1896 4.06791 
vt -27.1896 4.03567 
vt -27.3066 4.06791 
vt -27.3066 4.03568 
vt -27.2646 4.06791 
vt -27.2646 4.03568 
vt -27.9064 0.860392 
vt -27.9064 0.806168 
vt -25.5681 0.860392 
vt -25.5681 0.806168 
vt -27.9415 3.24947 
vt -27.9415 3.19525 
vt -27.2765 3.24947 
vt -27.2765 3.19525 
vt -27.9409 0.859755 
vt -27.8866 0.859755 
vt -27.9409 3.25001 
vt -27.8866 3.25001 
vt -24.5816 0.859755 
vt -24.5275 0.859755 
vt -24.5816 3.25001 
vt -24.5275 3.25001 
vt -26.6896 3.24947 
vt -26.6896 3.19525 
vt -24.5265 3.24947 
vt -24.5265 3.19525 
vt -24.9721 0.860392 
vt -24.9721 0.806168 
vt -24.5265 0.860392 
vt -24.5265 0.806168 
vt -26.5359 0.858376 
vt -26.23 3.23348 
vt -25.2981 3.19526 
vt -27.2765 3.19526 
vt -27.8866 1.7229 
vt -27.8915 2.32771 
vt -24.5874 2.3219 
vt -26.6745 3.19668 
vt -26.6745 3.19668 
vt -26.6745 3.25091 
vt -27.2949 3.19668 
vt -27.2949 3.25091 
vt -24.9644 0.806291 
vt -24.9644 0.860515 
vt -25.5846 0.806291 
vt -25.5846 0.860515 
vt -27.9409 0.872632 
vt -27.8866 0.872632 
vt -27.9409 3.26291 
vt -27.8866 3.26291 
vt -27.9415 3.26237 
vt -27.9415 3.20815 
vt -24.5265 3.26237 
vt -24.5265 3.20815 
vt -24.5816 0.872632 
vt -24.5274 0.872632 
vt -24.5816 3.26291 
vt -24.5274 3.26291 
vt -27.9415 0.873281 
vt -27.9415 0.819057 
vt -24.5265 0.873281 
vt -24.5265 0.819057 
vt -27.7742 4.08747 
vt -27.7742 4.04645 
vt -26.162 4.08747 
vt -26.162 4.04645 
vt -27.7334 3.52621 
vt -27.7334 3.47198 
vt -26.1726 3.52621 
vt -26.1726 3.47198 
vt -27.7334 3.5887 
vt -27.7334 3.53448 
vt -26.1726 3.5887 
vt -26.1726 3.53448 
vt -27.7334 3.65121 
vt -27.7334 3.59698 
vt -26.1726 3.65121 
vt -26.1726 3.59698 
vt -27.7334 3.71371 
vt -27.7334 3.65948 
vt -26.1726 3.71371 
vt -26.1726 3.65948 
vt -27.7334 3.77621 
vt -27.7334 3.72198 
vt -26.1726 3.77621 
vt -26.1726 3.72198 
vt -27.7334 3.83871 
vt -27.7334 3.78448 
vt -26.1726 3.83871 
vt -26.1726 3.78448 
vt -27.7334 3.96371 
vt -27.7334 3.90948 
vt -26.1726 3.96371 
vt -26.1726 3.90948 
vt -27.7334 4.02621 
vt -27.7334 3.97198 
vt -26.1726 4.02621 
vt -26.1726 3.97198 
vt -27.7334 3.90121 
vt -27.7334 3.84698 
vt -26.1726 3.90121 
vt -26.1726 3.84698 
vt -27.7334 3.3387 
vt -27.7334 3.28447 
vt -26.1726 3.3387 
vt -26.1726 3.28447 
vt -27.7334 3.4012 
vt -27.7334 3.34697 
vt -26.1726 3.4012 
vt -26.1726 3.34697 
vt -27.7334 3.4637 
vt -27.7334 3.40948 
vt -26.1726 3.4637 
vt -26.1726 3.40948 
vt -27.7334 3.2762 
vt -27.7334 3.22197 
vt -26.1726 3.2762 
vt -26.1726 3.22197 
vt -24.5759 1.19268 
vt -24.5759 1.2469 
vt -27.8925 1.19268 
vt -27.8925 1.2469 
vt -24.5759 1.13018 
vt -24.5759 1.1844 
vt -27.8925 1.13018 
vt -27.8925 1.1844 
vt -24.5759 0.94268 
vt -24.5759 0.996903 
vt -27.8925 0.94268 
vt -27.8925 0.996903 
vt -24.5759 0.88018 
vt -24.5759 0.934403 
vt -27.8925 0.88018 
vt -27.8925 0.934403 
vt -24.5759 1.00518 
vt -24.5759 1.0594 
vt -27.8925 1.00518 
vt -27.8925 1.0594 
vt -24.5759 1.44268 
vt -24.5759 1.4969 
vt -27.8925 1.44268 
vt -27.8925 1.4969 
vt -24.5759 3.06768 
vt -24.5759 3.12191 
vt -27.8925 3.06768 
vt -27.8925 3.12191 
vt -24.5759 2.69268 
vt -24.5759 2.74691 
vt -27.8925 2.69268 
vt -27.8925 2.74691 
vt -24.5759 1.69268 
vt -24.5759 1.74691 
vt -27.8925 1.69268 
vt -27.8925 1.74691 
vt -24.5759 2.44268 
vt -24.5759 2.49691 
vt -27.8925 2.44268 
vt -27.8925 2.49691 
vt -24.5759 1.63018 
vt -24.5759 1.6844 
vt -27.8925 1.63018 
vt -27.8925 1.6844 
vt -24.5759 2.38018 
vt -24.5759 2.43441 
vt -27.8925 2.38018 
vt -27.8925 2.43441 
vt -24.5759 2.19268 
vt -24.5759 2.24691 
vt -27.8925 2.19268 
vt -27.8925 2.24691 
vt -24.5759 2.88018 
vt -24.5759 2.93441 
vt -27.8925 2.88018 
vt -27.8925 2.93441 
vt -24.5759 1.25518 
vt -24.5759 1.3094 
vt -27.8925 1.25518 
vt -27.8925 1.3094 
vt -24.5759 2.06768 
vt -24.5759 2.12191 
vt -27.8925 2.06768 
vt -27.8925 2.12191 
vt -24.5759 2.00518 
vt -24.5759 2.05941 
vt -27.8925 2.00518 
vt -27.8925 2.05941 
vt -24.5759 1.94268 
vt -24.5759 1.99691 
vt -27.8925 1.94268 
vt -27.8925 1.99691 
vt -24.5759 1.75518 
vt -24.5759 1.80941 
vt -27.8925 1.75518 
vt -27.8925 1.80941 
vt -24.5759 1.31768 
vt -24.5759 1.3719 
vt -27.8925 1.31768 
vt -27.8925 1.3719 
vt -24.5759 1.81768 
vt -24.5759 1.87191 
vt -27.8925 1.81768 
vt -27.8925 1.87191 
vt -24.5759 2.94268 
vt -24.5759 2.99691 
vt -27.8925 2.94268 
vt -27.8925 2.99691 
vt -24.5759 1.50518 
vt -24.5759 1.5594 
vt -27.8925 1.50518 
vt -27.8925 1.5594 
vt -24.5759 2.13018 
vt -24.5759 2.18441 
vt -27.8925 2.13018 
vt -27.8925 2.18441 
vt -24.5759 1.38018 
vt -24.5759 1.4344 
vt -27.8925 1.38018 
vt -27.8925 1.4344 
vt -24.5759 3.13018 
vt -24.5759 3.18441 
vt -27.8925 3.13018 
vt -27.8925 3.18441 
vt -24.5759 2.56768 
vt -24.5759 2.62191 
vt -27.8925 2.56768 
vt -27.8925 2.62191 
vt -24.5759 2.25518 
vt -24.5759 2.30941 
vt -27.8925 2.25518 
vt -27.8925 2.30941 
vt -24.5759 3.00518 
vt -24.5759 3.05941 
vt -27.8925 3.00518 
vt -27.8925 3.05941 
vt -24.5759 1.56768 
vt -24.5759 1.6219 
vt -27.8925 1.56768 
vt -27.8925 1.6219 
vt -24.5759 2.63018 
vt -24.5759 2.68441 
vt -27.8925 2.63018 
vt -27.8925 2.68441 
vt -24.5759 2.75518 
vt -24.5759 2.80941 
vt -27.8925 2.75518 
vt -27.8925 2.80941 
vt -24.5759 2.50518 
vt -24.5759 2.55941 
vt -27.8925 2.50518 
vt -27.8925 2.55941 
vt -24.5759 1.88018 
vt -24.5759 1.93441 
vt -27.8925 1.88018 
vt -27.8925 1.93441 
vt -24.5759 2.81768 
vt -24.5759 2.87191 
vt -27.8925 2.81768 
vt -27.8925 2.87191 
vt -24.5759 2.31768 
vt -24.5759 2.37191 
vt -27.8925 2.31768 
vt -27.8925 2.37191 
vt -24.5759 3.1927 
vt -24.5759 3.24691 
vt -27.8925 3.1927 
vt -27.8925 3.24691 
vt -24.5759 1.06768 
vt -24.5759 1.1219 
vt -27.8925 1.06768 
vt -27.8925 1.1219 
vt -26.9577 0.872631 
vt -26.9014 0.872631 
vt -26.9577 4.05041 
vt -26.9014 4.05041 
vt -27.5611 0.872633 
vt -27.498 0.872633 
vt -27.5611 4.05041 
vt -27.498 4.05041 
vt -26.7691 0.872631 
vt -26.715 0.872631 
vt -26.7691 4.05041 
vt -26.715 4.05041 
vt -27.1441 0.872631 
vt -27.09 0.872631 
vt -27.1441 4.05041 
vt -27.09 4.05041 
vt -26.5441 0.872632 
vt -26.49 0.872632 
vt -26.5441 4.07541 
vt -26.49 4.07541 
vt -25.3441 0.872632 
vt -25.2899 0.872632 
vt -25.3441 3.26291 
vt -25.2899 3.26291 
vt -27.7691 0.872632 
vt -27.69 0.872632 
vt -27.7691 4.02541 
vt -27.69 4.02541 
vt -25.7566 0.872632 
vt -25.7024 0.872632 
vt -25.7566 3.26291 
vt -25.7024 3.26291 
vt -27.3316 0.872632 
vt -27.2775 0.872632 
vt -27.3316 4.05041 
vt -27.2775 4.05041 
vt -25.5691 0.872632 
vt -25.5149 0.872632 
vt -25.5691 3.26291 
vt -25.5149 3.26291 
vt -25.9816 0.872632 
vt -25.9274 0.872632 
vt -25.9816 3.26291 
vt -25.9274 3.26291 
vt -26.1691 0.872632 
vt -26.115 0.872632 
vt -26.1691 3.26291 
vt -26.115 3.26291 
vt -25.1566 0.872632 
vt -25.1024 0.872632 
vt -25.1566 3.26291 
vt -25.1024 3.26291 
vt -26.3566 0.872631 
vt -26.3025 0.872631 
vt -26.3566 4.05041 
vt -26.3025 4.05041 
vt -24.7441 0.872632 
vt -24.6899 0.872632 
vt -24.7441 3.26291 
vt -24.6899 3.26291 
vt -24.9316 0.872632 
vt -24.8774 0.872632 
vt -24.9316 3.26291 
vt -24.8774 3.26291 
vt -25.028 0.788617 
vt -25.5214 0.788617 
vt -25.028 0.69339 
vt -25.5214 0.69339 
vt -25.0301 0.693288 
vt -25.5235 0.693288 
vt -25.0301 0.598061 
vt -25.5235 0.598062 
vt -25.897 3.19651 
vt -25.028 0.598172 
vt -25.5214 0.598172 
vt -25.028 0.502946 
vt -25.5214 0.502946 
vt -27.8866 1.72925 
vt -25.028 0.502949 
vt -25.5339 0.502949 
vt -25.028 0.407722 
vt -25.5339 0.407722 
vt -25.0406 0.841348 
vt -25.0406 0.796971 
vt -24.993 0.841348 
vt -24.993 0.796971 
vt -25.5584 0.84135 
vt -25.5584 0.796972 
vt -25.5107 0.84135 
vt -25.5107 0.796972 
vt -28.0497 3.54219 
vt -28.0497 3.46719 
vt -28.0481 2.49544 
vt -28.0481 2.41869 
vt -28.0349 2.60644 
vt -28.0349 2.53144 
vt -28.0349 2.49394 
vt -24.625 3.54219 
vt -24.4709 2.60644 
vt -27.9901 2.83606 
vt -27.9901 0.881439 
vt -27.9901 2.83606 
vt -27.9901 0.881439 
vt -27.9689 2.29181 
vt -27.9692 2.26681 
vt -27.9755 1.81119 
vt -27.9755 1.81119 
vt -27.9689 2.28756 
vt -27.9754 1.83406 
vt -27.9754 2.72781 
vt -27.9754 2.47231 
vt -27.9754 1.26406 
vt -27.9745 1.86631 
vt -27.9745 1.29631 
vt -27.9745 1.26406 
vt -27.9745 1.29631 
vt -27.9745 1.86644 
vt -27.9745 1.83419 
vt -27.9745 1.86644 
vt -27.9745 2.17219 
vt -27.9745 2.69556 
vt -27.9745 2.44019 
vt -27.9745 2.47231 
vt -27.9745 2.44006 
vt -27.9754 1.29619 
vt -27.9754 1.26406 
vt -27.4739 1.24781 
vt -26.9805 1.24781 
vt -27.9371 2.74556 
vt -27.9371 2.67806 
vt -27.926 1.26844 
vt -27.926 1.26831 
vt -25.3522 2.27281 
vt -26.9172 2.24494 
vt -25.964 2.17219 
vt -26.923 2.20444 
vt -24.5926 2.17219 
vt -27.5367 1.27256 
vt -27.5045 1.27256 
vt -27.5375 1.30506 
vt -26.9172 1.27281 
vt -26.9172 1.30506 
vt -24.561 2.44006 
vt -27.9202 1.29631 
vt -24.4521 3.46719 
vt -24.4524 3.54169 
vt -24.4524 2.49656 
vt -24.4524 2.41981 
vt -24.456 2.53156 
vt -24.456 2.41756 
vt -24.4709 2.53144 
vt -24.5441 2.83606 
vt -24.5441 0.881439 
vt -24.5441 2.83606 
vt -24.5441 0.881439 
vt -24.7276 1.25669 
vt -24.7276 1.28894 
vt -26.3399 1.25669 
vt -26.3399 1.28894 
vt -24.5604 1.86644 
vt -24.5604 1.83419 
vt -24.5604 1.86644 
vt -24.5604 1.83419 
vt -24.5605 2.17219 
vt -24.5605 2.72781 
vt -24.5605 2.69556 
vt -24.5605 2.47231 
vt -24.5604 1.29631 
vt -24.5604 1.29631 
vt -24.5604 1.26406 
vt -24.561 1.26406 
vt -24.561 1.29619 
vt -24.561 1.83419 
vt -24.561 2.44006 
vt -24.561 1.83419 
vt -24.561 1.86644 
vt -24.5552 2.28756 
vt -24.5619 1.81119 
vt -24.5619 1.81119 
vt -24.5552 2.28756 
vt -24.5552 2.28756 
vt -24.5621 1.79056 
vt -26.0119 1.27669 
vt -26.0119 1.26406 
vt -25.9577 1.27669 
vt -25.9577 1.26406 
vt -26.2656 1.65769 
vt -26.3406 1.65769 
vt -26.2656 0.881439 
vt -26.3406 0.881439 
vt -24.7187 1.66894 
vt -24.7937 1.66894 
vt -24.7187 0.881439 
vt -24.7937 0.881439 
vt -24.7189 1.60919 
vt -24.7189 1.64131 
vt -26.3324 1.60919 
vt -26.3324 1.64131 
vt -25.1622 1.26844 
vt -25.1202 1.26844 
vt -25.1622 1.61456 
vt -25.1202 1.61456 
vt -25.0872 1.26844 
vt -25.0452 1.26844 
vt -25.0872 1.61456 
vt -25.0452 1.61456 
vt -25.0122 1.26844 
vt -24.9702 1.26844 
vt -25.0122 1.61456 
vt -24.9702 1.61456 
vt -24.9372 1.26844 
vt -24.8952 1.26844 
vt -24.9372 1.61456 
vt -24.8952 1.61456 
vt -24.8622 1.26844 
vt -24.8202 1.26844 
vt -24.8622 1.61456 
vt -24.8202 1.61456 
vt -26.2124 1.26844 
vt -26.1702 1.26844 
vt -26.2124 1.61456 
vt -26.1702 1.61456 
vt -26.1374 1.26844 
vt -26.0952 1.26844 
vt -26.1374 1.61456 
vt -26.0952 1.61456 
vt -26.0624 1.26844 
vt -26.0202 1.26844 
vt -26.0624 1.61456 
vt -26.0202 1.61456 
vt -25.9872 1.26844 
vt -25.9452 1.26844 
vt -25.9872 1.61456 
vt -25.9452 1.61456 
vt -25.9122 1.26844 
vt -25.8702 1.26844 
vt -25.9122 1.61456 
vt -25.8702 1.61456 
vt -25.8372 1.26844 
vt -25.7952 1.26844 
vt -25.8372 1.61456 
vt -25.7952 1.61456 
vt -25.7622 1.26844 
vt -25.7202 1.26844 
vt -25.7622 1.61456 
vt -25.7202 1.61456 
vt -25.6872 1.26844 
vt -25.6452 1.26844 
vt -25.6872 1.61456 
vt -25.6452 1.61456 
vt -25.6122 1.26844 
vt -25.5702 1.26844 
vt -25.6122 1.61456 
vt -25.5702 1.61456 
vt -25.5372 1.26844 
vt -25.4952 1.26844 
vt -25.5372 1.61456 
vt -25.4952 1.61456 
vt -25.4622 1.26844 
vt -25.4202 1.26844 
vt -25.4622 1.61456 
vt -25.4202 1.61456 
vt -25.3872 1.26844 
vt -25.3452 1.26844 
vt -25.3872 1.61456 
vt -25.3452 1.61456 
vt -25.3122 1.26844 
vt -25.2702 1.26844 
vt -25.3122 1.61456 
vt -25.2702 1.61456 
vt -25.2372 1.26844 
vt -25.1952 1.26844 
vt -25.2372 1.61456 
vt -25.1952 1.61456 
vt -24.7906 1.64131 
vt -24.7906 1.60919 
vt -24.719 1.64131 
vt -24.719 1.60919 
vt -26.3406 1.64131 
vt -26.3406 1.60919 
vt -26.269 1.64131 
vt -26.269 1.60919 
vt -25.7869 1.27669 
vt -25.7869 1.26406 
vt -25.7327 1.27669 
vt -25.7327 1.26406 
vt -25.6005 1.27694 
vt -25.6005 1.26381 
vt -25.5441 1.27694 
vt -25.5441 1.26381 
vt -25.4119 1.27669 
vt -25.4119 1.26406 
vt -25.3577 1.27669 
vt -25.3577 1.26406 
vt -25.0039 1.27781 
vt -25.0039 1.26294 
vt -24.9407 1.27781 
vt -24.9407 1.26294 
vt -25.2244 1.27669 
vt -25.2244 1.26406 
vt -25.1702 1.27669 
vt -25.1702 1.26406 
vt -26.1994 1.27669 
vt -26.1994 1.26406 
vt -26.1452 1.27669 
vt -26.1452 1.26406 
vt -24.6 2.74556 
vt -24.6 2.67806 
vt -24.6094 1.26844 
vt -24.7685 1.26919 
vt -24.7685 1.28681 
vt -26.3292 1.26919 
vt -26.3292 1.28681 
vt -24.8119 1.27669 
vt -24.8119 1.26406 
vt -24.7327 1.27669 
vt -24.7327 1.26406 
vt -27.5375 2.24494 
vt -27.5375 2.21269 
vt -27.8771 3.54169 
vt -24.7685 1.26919 
vt -24.7685 1.28681 
vt -26.3292 1.26919 
vt -26.3292 1.28681 
vt -26.3199 1.26844 
vt -26.2876 1.26844 
vt -26.3199 1.61456 
vt -26.2876 1.61456 
vt -24.7699 1.26844 
vt -24.7376 1.26844 
vt -24.7699 1.61456 
vt -24.7376 1.61456 
vt -27.4739 0.985939 
vt -27.4739 0.962065 
vt -27.4717 1.17631 
vt -27.4717 1.15256 
vt -27.8771 2.49544 
vt -24.6235 2.49656 
vt -24.719 2.40144 
vt -24.7187 2.56894 
vt -24.7187 1.27231 
vt -24.7685 1.26919 
vt -24.7685 1.28681 
vt -26.3292 1.26919 
vt -26.3292 1.28681 
vt -24.7699 1.26844 
vt -24.7376 1.26844 
vt -24.7699 1.61456 
vt -24.7376 1.61456 
vt -26.3199 1.26844 
vt -26.2876 1.26844 
vt -26.3199 1.61456 
vt -26.2876 1.61456 
vt -24.7685 1.28681 
vt -24.7685 1.26919 
vt -24.7685 1.28681 
vt -24.7685 1.26919 
vt -24.7685 1.26919 
vt -24.7685 1.28681 
vt -24.7685 1.26919 
vt -24.7685 1.26919 
vt -24.7685 1.28681 
vt -24.7685 1.28681 
vt -24.7685 1.26919 
vt -24.7685 1.28681 
vt -24.7685 1.26919 
vt -24.7685 1.28681 
vt -26.3292 1.26919 
vt -26.3292 1.28681 
vt -24.8202 1.61456 
vt -24.7699 1.26844 
vt -24.7376 1.26844 
vt -24.7699 1.61456 
vt -24.7376 1.61456 
vt -26.3199 1.26844 
vt -26.2876 1.26844 
vt -26.3199 1.61456 
vt -26.2876 1.61456 
vt -24.6191 2.83606 
vt -24.6191 2.83606 
vt -27.9152 2.83606 
vt -27.9152 2.83606 
vt -24.7685 1.26919 
vt -24.7685 1.28681 
vt -26.3292 1.26919 
vt -26.3292 1.28681 
vt -24.8952 1.26844 
vt -24.7699 1.26844 
vt -24.7376 1.26844 
vt -24.7699 1.61456 
vt -24.7376 1.61456 
vt -26.3199 1.26844 
vt -26.2876 1.26844 
vt -26.3199 1.61456 
vt -26.2876 1.61456 
vt -24.7685 1.26919 
vt -24.7685 1.28681 
vt -26.3292 1.26919 
vt -26.3292 1.28681 
vt -27.2186 1.81569 
vt -27.2186 2.29631 
vt -27.2186 2.27131 
vt -26.2656 2.55769 
vt -26.3406 2.55769 
vt -26.2656 1.28344 
vt -26.3406 1.28344 
vt -24.7187 2.56894 
vt -24.7937 2.56894 
vt -24.7187 1.27231 
vt -24.7937 1.27231 
vt -24.6152 2.72781 
vt -27.9202 2.72781 
vt -24.7699 1.26844 
vt -24.7376 1.26844 
vt -24.7699 1.61456 
vt -24.7376 1.61456 
vt -26.3199 1.26844 
vt -26.2876 1.26844 
vt -26.3199 1.61456 
vt -26.2876 1.61456 
vt -24.7685 1.26919 
vt -24.7685 1.28681 
vt -26.3292 1.26919 
vt -26.3292 1.28681 
vt -26.9435 1.38669 
vt -26.3389 2.40144 
vt -26.3389 2.36919 
vt -26.2719 2.40144 
vt -26.2719 2.36919 
vt -24.7906 2.40144 
vt -24.7906 2.36919 
vt -24.719 2.40144 
vt -24.719 2.36919 
vt -24.7685 1.26919 
vt -24.7685 1.28681 
vt -26.3292 1.26919 
vt -26.3292 1.28681 
vt -24.7699 1.26844 
vt -24.7376 1.26844 
vt -24.7699 1.61456 
vt -24.7376 1.61456 
vt -26.3199 1.26844 
vt -26.2876 1.26844 
vt -26.3199 1.61456 
vt -26.2876 1.61456 
vt -24.7685 1.26919 
vt -24.7685 1.28681 
vt -26.3292 1.26919 
vt -26.3292 1.28681 
vt -25.1202 1.26844 
vt -25.1202 1.61456 
vt -24.7699 1.26844 
vt -24.7376 1.26844 
vt -24.7699 1.61456 
vt -24.7376 1.61456 
vt -26.3199 1.26844 
vt -26.2876 1.26844 
vt -26.3199 1.61456 
vt -26.2876 1.61456 
vt -26.3406 2.55769 
vt -26.9911 1.34231 
vt -24.7685 1.26919 
vt -24.7685 1.28681 
vt -26.3292 1.26919 
vt -26.3292 1.28681 
vt -25.207 1.30506 
vt -25.207 1.27281 
vt -25.207 2.24494 
vt -24.7699 1.26844 
vt -24.7376 1.26844 
vt -24.7699 1.61456 
vt -24.7376 1.61456 
vt -26.3199 1.26844 
vt -26.2876 1.26844 
vt -26.3199 1.61456 
vt -26.2876 1.61456 
vt -27.9141 2.29106 
vt -27.9207 1.81044 
vt -24.6152 2.47231 
vt -27.9202 2.47231 
vt -24.6166 1.81194 
vt -26.9219 2.29206 
vt -26.9219 1.79519 
vt -26.923 2.17219 
vt -24.7685 1.26919 
vt -24.7685 1.28681 
vt -26.3292 1.26919 
vt -26.3292 1.28681 
vt -25.2702 1.61456 
vt -24.7699 1.26844 
vt -24.7376 1.26844 
vt -24.7699 1.61456 
vt -24.7376 1.61456 
vt -26.3199 1.26844 
vt -26.2876 1.26844 
vt -26.3199 1.61456 
vt -26.2876 1.61456 
vt -24.7685 1.26919 
vt -24.7685 1.28681 
vt -26.3292 1.26919 
vt -26.3292 1.28681 
vt -26.2656 0.881439 
vt -24.6191 0.881439 
vt -24.6191 0.881439 
vt -27.9151 0.881439 
vt -27.9151 0.881439 
vt -25.3452 1.26844 
vt -25.3452 1.61456 
vt -24.7685 1.26919 
vt -24.7685 1.28681 
vt -26.3292 1.26919 
vt -26.3292 1.28681 
vt -27.212 1.27669 
vt -27.212 1.26406 
vt -27.1577 1.27669 
vt -27.1577 1.26406 
vt -26.7995 1.27669 
vt -26.7995 1.26406 
vt -26.7452 1.27669 
vt -26.7452 1.26406 
vt -24.6152 1.29619 
vt -24.6152 1.26406 
vt -24.561 1.29619 
vt -24.561 1.26406 
vt -26.987 1.27669 
vt -26.987 1.26406 
vt -26.9327 1.27669 
vt -26.9327 1.26406 
vt -26.5745 1.27669 
vt -26.5745 1.26406 
vt -26.5202 1.27669 
vt -26.5202 1.26406 
vt -24.5604 1.26406 
vt -24.5604 1.29631 
vt -27.9754 1.26406 
vt -27.9754 1.29631 
vt -27.9745 1.29631 
vt -27.9745 1.26406 
vt -27.9202 1.29631 
vt -27.9202 1.26406 
vt -26.3869 1.27669 
vt -26.3869 1.26406 
vt -26.3327 1.27669 
vt -26.3327 1.26406 
vt -27.3995 1.27669 
vt -27.3995 1.26406 
vt -27.3452 1.27669 
vt -27.3452 1.26406 
vt -27.812 1.27669 
vt -27.812 1.26406 
vt -27.7577 1.27669 
vt -27.7577 1.26406 
vt -27.6245 1.27669 
vt -27.6245 1.26406 
vt -27.5702 1.27669 
vt -27.5702 1.26406 
vt -24.5441 2.83606 
vt -24.6191 2.83606 
vt -24.5441 0.881439 
vt -24.6191 0.881439 
vt -27.9152 2.83606 
vt -27.9901 2.83606 
vt -27.9151 0.881439 
vt -27.9901 0.881439 
vt -24.61 2.29256 
vt -26.8969 2.29206 
vt -26.9219 2.29206 
vt -26.8969 1.79519 
vt -26.9219 1.79519 
vt -27.2186 1.81569 
vt -27.2186 1.79069 
vt -26.6049 1.81569 
vt -26.6049 1.79069 
vt -24.6101 2.28831 
vt -26.6044 2.29206 
vt -26.6294 2.29206 
vt -26.6044 1.79519 
vt -26.6294 1.79519 
vt -27.2186 2.29631 
vt -27.2186 2.27131 
vt -26.6049 2.29631 
vt -26.6049 2.27131 
vt -27.1935 2.29206 
vt -27.2185 2.29206 
vt -27.1935 1.79519 
vt -27.2185 1.79519 
vt -27.2037 1.83406 
vt -27.2037 1.86631 
vt -27.9754 1.83406 
vt -27.9754 1.86631 
vt -25.8274 1.30506 
vt -25.8274 1.27281 
vt -25.207 1.30506 
vt -25.207 1.27281 
vt -24.5604 1.83419 
vt -24.5604 1.86644 
vt -25.2254 1.83419 
vt -25.2254 1.86644 
vt -24.5605 2.17219 
vt -24.5605 2.20444 
vt -25.2195 2.17219 
vt -25.2195 2.20444 
vt -24.5604 1.55156 
vt -24.5604 1.58381 
vt -25.2254 1.55156 
vt -25.2254 1.58381 
vt -24.6152 1.58381 
vt -24.6152 1.55156 
vt -24.561 1.58381 
vt -24.561 1.55156 
vt -24.6152 2.20444 
vt -24.6152 2.17219 
vt -24.561 2.20444 
vt -24.561 2.17219 
vt -24.6152 2.72781 
vt -24.6152 2.69556 
vt -24.561 2.72781 
vt -24.561 2.69556 
vt -24.6152 2.47231 
vt -24.6152 2.44006 
vt -24.561 2.47231 
vt -24.561 2.44006 
vt -27.9745 2.20431 
vt -27.9745 2.17219 
vt -27.9202 2.20431 
vt -27.9202 2.17219 
vt -27.9744 1.58381 
vt -27.9744 1.55156 
vt -27.9202 1.58381 
vt -27.9202 1.55156 
vt -24.5605 2.69556 
vt -24.5605 2.72781 
vt -27.9754 2.69556 
vt -27.9754 2.72781 
vt -25.8074 1.83419 
vt -25.8074 1.86631 
vt -26.614 1.83419 
vt -26.614 1.86631 
vt -24.5605 2.44019 
vt -24.5605 2.47231 
vt -27.9754 2.44006 
vt -27.9754 2.47231 
vt -25.8122 1.55156 
vt -25.8122 1.58381 
vt -27.9754 1.55156 
vt -27.9754 1.58381 
vt -27.2054 2.17219 
vt -27.2054 2.20431 
vt -27.9716 2.17206 
vt -27.9716 2.20431 
vt -27.9745 1.86631 
vt -27.9745 1.83406 
vt -27.9202 1.86631 
vt -27.9202 1.83406 
vt -25.815 2.17219 
vt -25.815 2.20444 
vt -26.6129 2.17219 
vt -26.6129 2.20431 
vt -27.9745 2.72781 
vt -27.9745 2.69556 
vt -27.9202 2.72781 
vt -27.9202 2.69556 
vt -27.9745 2.47231 
vt -27.9745 2.44006 
vt -27.9202 2.47231 
vt -27.9202 2.44006 
vt -25.2069 2.23506 
vt -25.2391 2.23506 
vt -25.2069 1.27256 
vt -25.2391 1.27256 
vt -25.7944 2.23506 
vt -25.8266 2.23506 
vt -25.7944 1.27256 
vt -25.8266 1.27256 
vt -25.8274 2.24494 
vt -25.8274 2.21269 
vt -25.207 2.24494 
vt -25.207 2.21269 
vt -27.926 1.28106 
vt -27.926 1.26831 
vt -24.6094 1.28106 
vt -24.6094 1.26844 
vt -25.4202 1.26844 
vt -26.968 0.962065 
vt -27.9141 2.28681 
vt -24.456 2.49431 
vt -28.0385 2.49431 
vt -24.456 2.41756 
vt -28.0385 2.41756 
vt -27.8771 2.49544 
vt -28.0481 2.49544 
vt -27.8771 2.41869 
vt -28.0481 2.41869 
vt -24.4524 2.49656 
vt -24.6235 2.49656 
vt -24.4524 2.41981 
vt -24.6235 2.41981 
vt -26.9172 2.24494 
vt -24.6152 1.86631 
vt -24.6152 1.83419 
vt -24.561 1.86631 
vt -24.561 1.83419 
vt -27.926 1.28106 
vt -27.926 1.26831 
vt -24.6094 1.28106 
vt -24.6094 1.26844 
vt -25.4952 1.26844 
vt -25.4952 1.61456 
vt -27.926 1.28106 
vt -27.926 1.26831 
vt -24.6094 1.28106 
vt -24.6094 1.26844 
vt -24.4521 3.54219 
vt -24.625 3.54219 
vt -24.4521 3.46719 
vt -24.625 3.46719 
vt -27.8769 3.54219 
vt -28.0497 3.54219 
vt -27.8769 3.46719 
vt -28.0497 3.46719 
vt -27.926 1.28106 
vt -27.926 1.26831 
vt -24.6094 1.28106 
vt -24.6094 1.26844 
vt -26.9784 1.15256 
vt -27.926 1.28106 
vt -27.926 1.26831 
vt -24.6094 1.28106 
vt -24.6094 1.26844 
vt -25.6452 1.61456 
vt -27.926 1.28106 
vt -27.926 1.26831 
vt -24.6094 1.28106 
vt -24.6094 1.26844 
vt -25.7202 1.26844 
vt -25.7202 1.61456 
vt -25.1622 1.26844 
vt -24.7699 1.26844 
vt -26.1702 1.26844 
vt -26.0624 1.26844 
vt -25.9452 1.26844 
vt -26.3199 1.26844 
vt -26.3199 1.26844 
vt -26.3199 1.26844 
vt -26.3199 1.26844 
vt -25.6122 1.26844 
vt -25.3872 1.26844 
vt -25.2372 1.26844 
vt -26.9172 1.27281 
vt -27.926 1.28106 
vt -27.926 1.26831 
vt -24.6094 1.28106 
vt -24.6094 1.26844 
vt -26.3324 1.64131 
vt -26.3292 1.28681 
vt -26.3292 1.28681 
vt -26.3292 1.28681 
vt -26.3292 1.28681 
vt -26.3292 1.28681 
vt -24.6152 1.86644 
vt -27.926 1.28106 
vt -27.926 1.26844 
vt -24.6094 1.28106 
vt -24.6094 1.26844 
vt -27.9202 1.86644 
vt -27.5251 1.86644 
vt -24.6152 1.83419 
vt -24.6166 1.81194 
vt -25.8702 1.61456 
vt -27.926 1.28106 
vt -27.926 1.26844 
vt -24.6094 1.28106 
vt -24.6094 1.26844 
vt -27.9207 1.81044 
vt -27.926 1.28106 
vt -27.926 1.26844 
vt -24.6094 1.28106 
vt -24.6094 1.26844 
vt -27.926 1.28106 
vt -27.926 1.26844 
vt -24.6094 1.28106 
vt -24.6094 1.26844 
vt -27.926 1.28106 
vt -27.926 1.26844 
vt -24.6094 1.28106 
vt -24.6094 1.26844 
vt -25.0122 1.61456 
vt -26.0624 1.61456 
vt -25.8372 1.61456 
vt -25.6122 1.61456 
vt -25.5372 1.61456 
vt -25.2372 1.61456 
vt -27.926 1.28106 
vt -27.926 1.26844 
vt -24.6094 1.28106 
vt -24.6094 1.26844 
vt -25.966 2.27281 
vt -27.926 1.28106 
vt -27.926 1.26844 
vt -24.6094 1.28106 
vt -24.6094 1.26844 
vt -24.6169 1.79131 
vt -27.926 1.28106 
vt -27.926 1.26844 
vt -24.6094 1.28106 
vt -24.6094 1.26844 
vt -24.6152 1.83419 
vt -24.61 2.29256 
vt -24.6104 2.26756 
vt -24.5552 2.29181 
vt -24.5556 2.26681 
vt -24.5552 2.28756 
vt -24.6101 2.28831 
vt -24.5621 1.79056 
vt -24.6169 1.79131 
vt -24.6166 1.81194 
vt -24.617 1.78694 
vt -24.5619 1.81119 
vt -24.5619 1.81119 
vt -24.617 1.78694 
vt -24.5621 1.78619 
vt -27.9689 2.29181 
vt -27.9692 2.26681 
vt -27.9141 2.29106 
vt -27.9145 2.26606 
vt -27.9755 1.81119 
vt -27.9757 1.78619 
vt -27.9207 1.81044 
vt -27.921 1.78544 
vt -27.9141 2.28681 
vt -27.9689 2.28756 
vt -27.921 1.78981 
vt -27.9757 1.79056 
vt -27.926 1.28106 
vt -27.926 1.26844 
vt -24.6094 1.28106 
vt -24.6094 1.26844 
vt -26.9172 1.30506 
vt -27.926 1.28106 
vt -27.926 1.26844 
vt -24.6094 1.28106 
vt -24.6094 1.26844 
vt -27.926 1.28106 
vt -27.926 1.26844 
vt -24.6094 1.28106 
vt -24.6094 1.26844 
vt -27.926 1.28106 
vt -27.926 1.26844 
vt -24.6094 1.28106 
vt -24.6094 1.26844 
vt -26.9784 1.17631 
vt -27.9371 2.74556 
vt -27.9371 2.67806 
vt -24.6 2.74556 
vt -24.6 2.67806 
vt -27.926 1.28106 
vt -27.926 1.26844 
vt -24.6094 1.28106 
vt -24.6094 1.26844 
vt -26.6049 2.27131 
vt -25.3561 2.17219 
vt -27.2054 2.17219 
vt -27.926 1.28106 
vt -27.926 1.26844 
vt -24.6094 1.28106 
vt -24.6094 1.26844 
vt -27.926 1.28106 
vt -27.926 1.26844 
vt -24.6094 1.28106 
vt -24.6094 1.26844 
vt -26.968 0.985939 
vt -27.926 1.28106 
vt -27.926 1.26844 
vt -24.6094 1.28106 
vt -24.6094 1.26844 
vt -27.926 1.28106 
vt -27.926 1.26844 
vt -24.6094 1.28106 
vt -24.6094 1.26844 
vt -27.926 1.28106 
vt -27.926 1.26844 
vt -24.6094 1.28106 
vt -24.6094 1.26844 
vt -24.5552 2.28756 
vt -24.6101 2.28831 
vt -24.5621 1.79056 
vt -24.6169 1.79131 
vt -27.9141 2.28681 
vt -27.9689 2.28756 
vt -27.921 1.78981 
vt -27.9757 1.79056 
vt -24.6152 2.20444 
vt -24.6152 2.17219 
vt -24.561 2.20444 
vt -24.561 2.17219 
vt -27.9745 2.20444 
vt -27.9745 2.17219 
vt -27.9202 2.20444 
vt -27.9202 2.17219 
vt -24.6152 1.86644 
vt -24.6152 1.83419 
vt -24.561 1.86644 
vt -24.561 1.83419 
vt -27.9745 1.86644 
vt -27.9745 1.83419 
vt -27.9202 1.86644 
vt -27.9202 1.83419 
vt -27.926 1.28106 
vt -27.926 1.26844 
vt -24.6094 1.28106 
vt -24.6094 1.26844 
vt -27.926 1.28106 
vt -27.926 1.26844 
vt -24.6094 1.28106 
vt -24.6094 1.26844 
vt -27.926 1.28106 
vt -27.926 1.26844 
vt -24.6094 1.28106 
vt -24.6094 1.26844 
vt -27.926 1.28106 
vt -27.926 1.26844 
vt -24.6094 1.28106 
vt -24.6094 1.26844 
vt -27.926 1.28106 
vt -27.926 1.26844 
vt -24.6094 1.28106 
vt -24.6094 1.26844 
vt -27.926 1.28106 
vt -27.926 1.26844 
vt -24.6094 1.28106 
vt -24.6094 1.26844 
vt -27.926 1.28106 
vt -27.926 1.26844 
vt -24.6094 1.28106 
vt -24.6094 1.26844 
vt -24.4709 2.60644 
vt -28.0349 2.60644 
vt -24.4709 2.53144 
vt -28.0349 2.53144 
vt -27.926 1.28106 
vt -27.926 1.26844 
vt -24.6094 1.28106 
vt -24.6094 1.26844 
vt -27.926 1.28106 
vt -27.926 1.26844 
vt -24.6094 1.28106 
vt -24.6094 1.26844 
vt -27.926 1.28106 
vt -27.926 1.26844 
vt -24.6094 1.28106 
vt -24.6094 1.26844 
vt -27.926 1.28106 
vt -27.926 1.26844 
vt -24.6094 1.28106 
vt -24.6094 1.26844 
vt -27.926 1.28106 
vt -27.926 1.26844 
vt -24.6094 1.28106 
vt -24.6094 1.26844 
vt -27.926 1.28106 
vt -27.926 1.26844 
vt -24.6094 1.28106 
vt -24.6094 1.26844 
vt -24.5441 2.83606 
vt -24.6191 2.83606 
vt -24.5441 0.881439 
vt -24.6191 0.881439 
vt -27.9152 2.83606 
vt -27.9901 2.83606 
vt -27.9151 0.881439 
vt -27.9901 0.881439 
vt -24.5604 1.26406 
vt -24.5604 1.29631 
vt -27.9754 1.26406 
vt -27.9754 1.29619 
vt -24.5955 1.55156 
vt -24.5955 1.58381 
vt -26.9337 1.55156 
vt -26.9337 1.58381 
vt -27.5207 2.17219 
vt -27.5207 2.20444 
vt -27.9754 2.17219 
vt -27.9754 2.20444 
vt -27.5375 2.24494 
vt -27.5375 2.21269 
vt -26.9172 2.24494 
vt -26.9172 2.21269 
vt -25.964 2.17219 
vt -25.964 2.20444 
vt -26.923 2.17219 
vt -26.923 2.20444 
vt -24.5926 2.17219 
vt -24.5926 2.20444 
vt -25.3561 2.17219 
vt -25.3561 2.20444 
vt -24.5604 1.83419 
vt -24.5604 1.86644 
vt -25.3591 1.83419 
vt -25.3591 1.86644 
vt -24.5605 2.44006 
vt -24.5605 2.47231 
vt -27.9754 2.44006 
vt -27.9754 2.47231 
vt -24.5605 2.69681 
vt -24.5605 2.72906 
vt -27.9754 2.69681 
vt -27.9754 2.72906 
vt -27.5251 1.83419 
vt -27.5251 1.86644 
vt -27.9754 1.83419 
vt -27.9754 1.86631 
vt -27.5046 2.23506 
vt -27.5367 2.23506 
vt -27.5045 1.27256 
vt -27.5367 1.27256 
vt -27.5297 1.55156 
vt -27.5297 1.58381 
vt -27.9754 1.55156 
vt -27.9754 1.58381 
vt -26.9171 2.23506 
vt -26.9492 2.23506 
vt -26.917 1.27256 
vt -26.9492 1.27256 
vt -27.5375 1.30506 
vt -27.5375 1.27281 
vt -26.9172 1.30506 
vt -26.9172 1.27281 
vt -25.9516 1.83419 
vt -25.9516 1.86644 
vt -26.9305 1.83419 
vt -26.9305 1.86644 
vt -25.966 1.81706 
vt -25.966 1.79206 
vt -25.3522 1.81706 
vt -25.3522 1.79206 
vt -25.3517 2.29344 
vt -25.3767 2.29344 
vt -25.3517 1.79656 
vt -25.3767 1.79656 
vt -25.9409 2.29344 
vt -25.9659 2.29344 
vt -25.9409 1.79656 
vt -25.9659 1.79656 
vt -25.966 2.29781 
vt -25.966 2.27281 
vt -25.3522 2.29781 
vt -25.3522 2.27281 
vt -26.9805 1.27156 
vt -27.4739 1.27156 
vt -26.9805 1.24781 
vt -27.4739 1.24781 
vt -26.9784 1.17631 
vt -27.4717 1.17631 
vt -26.9784 1.15256 
vt -27.4717 1.15256 
vt -26.9805 1.08106 
vt -27.4739 1.08106 
vt -26.9805 1.05731 
vt -27.4739 1.05731 
vt -26.968 0.985939 
vt -27.4739 0.985939 
vt -26.968 0.962065 
vt -27.4739 0.962065 
vt -28.055 0.985939 
vt -28.055 0.962065 
vt -28.0822 0.881563 
vt -28.1266 0.925939 
vt -28.1266 0.925939 
vt -28.0822 0.881563 
vt -26.4612 3.54219 
vt -28.0877 2.56869 
vt -26.4162 3.46719 
vt -28.0428 2.49356 
vt -24.6588 2.49544 
vt -26.456 3.54169 
vt -24.7035 2.41869 
vt -26.5006 3.46506 
vt -27.8647 1.17631 
vt -27.8647 1.15256 
vt -24.6568 2.49431 
vt -24.7209 2.53156 
vt -24.7015 2.41756 
vt -24.7655 2.45481 
vt -28.0245 2.60644 
vt -28.0871 2.56906 
vt -27.9796 2.53144 
vt -28.0421 2.49394 
vt -26.4612 3.54219 
vt -28.0877 2.56869 
vt -25.2052 2.83606 
vt -25.2888 2.83606 
vt -25.2052 0.881439 
vt -25.2888 0.881439 
vt -27.573 2.83606 
vt -27.6567 2.83606 
vt -27.573 0.881439 
vt -27.6567 0.881439 
vt -26.7546 2.29181 
vt -26.7546 2.26681 
vt -26.1409 2.29181 
vt -26.1409 2.26681 
vt -26.7546 1.81119 
vt -26.7546 1.78619 
vt -26.1409 1.81119 
vt -26.1409 1.78619 
vt -26.1404 2.28756 
vt -26.1654 2.28756 
vt -26.1404 1.79056 
vt -26.1654 1.79056 
vt -26.7295 2.28756 
vt -26.7544 2.28756 
vt -26.7295 1.79056 
vt -26.7544 1.79056 
vt -25.2675 1.86631 
vt -25.2675 1.83406 
vt -25.2133 1.86631 
vt -25.2133 1.83406 
vt -27.6566 2.20444 
vt -27.6566 2.17219 
vt -27.6023 2.20444 
vt -27.6023 2.17219 
vt -27.6566 2.47231 
vt -27.6566 2.44006 
vt -27.6024 2.47231 
vt -27.6024 2.44006 
vt -27.6566 2.72906 
vt -27.6566 2.69681 
vt -27.6024 2.72906 
vt -27.6024 2.69681 
vt -26.1457 2.20444 
vt -26.1457 2.17219 
vt -25.2127 2.20431 
vt -25.2127 2.17219 
vt -27.603 1.58381 
vt -27.603 1.55156 
vt -25.2127 1.58381 
vt -25.2127 1.55156 
vt -25.2675 2.72781 
vt -25.2675 2.69556 
vt -25.2133 2.72781 
vt -25.2133 2.69556 
vt -25.2675 2.47231 
vt -25.2675 2.44006 
vt -25.2133 2.47231 
vt -25.2133 2.44006 
vt -25.2675 1.58381 
vt -25.2675 1.55156 
vt -25.2133 1.58381 
vt -25.2133 1.55156 
vt -25.2546 1.29631 
vt -25.2546 1.26406 
vt -25.2004 1.29631 
vt -25.2004 1.26406 
vt -26.1482 1.86644 
vt -26.1482 1.83419 
vt -25.2127 1.86631 
vt -25.2127 1.83406 
vt -27.5901 1.29631 
vt -27.5901 1.26406 
vt -25.1998 1.29631 
vt -25.1998 1.26406 
vt -27.6566 1.86644 
vt -27.6566 1.83419 
vt -27.6024 1.86631 
vt -27.6024 1.83419 
vt -27.6174 1.86644 
vt -27.6174 1.83419 
vt -26.7478 1.86644 
vt -26.7478 1.83419 
vt -27.603 2.20444 
vt -27.603 2.17219 
vt -26.733 2.20444 
vt -26.733 2.17219 
vt -27.6566 1.58381 
vt -27.6566 1.55156 
vt -27.6024 1.58381 
vt -27.6024 1.55156 
vt -27.603 2.72781 
vt -27.603 2.69556 
vt -25.2128 2.72781 
vt -25.2128 2.69556 
vt -27.603 2.47244 
vt -27.603 2.44019 
vt -25.2128 2.47231 
vt -25.2128 2.44006 
vt -27.6437 1.29619 
vt -27.6437 1.26406 
vt -27.5895 1.29619 
vt -27.5895 1.26406 
vt -25.2675 2.20431 
vt -25.2675 2.17206 
vt -25.2133 2.20431 
vt -25.2133 2.17206 
vt -27.7694 1.24781 
vt -26.4487 2.74556 
vt -26.4487 2.67806 
vt -26.3719 2.74556 
vt -26.3719 2.67806 
vt -27.2701 1.28106 
vt -27.2701 1.26844 
vt -27.2158 1.28106 
vt -27.2158 1.26844 
vt -27.3326 1.28106 
vt -27.3326 1.26844 
vt -27.2783 1.28106 
vt -27.2783 1.26844 
vt -27.5201 1.28106 
vt -27.5201 1.26844 
vt -27.4658 1.28106 
vt -27.4658 1.26844 
vt -27.5826 1.28106 
vt -27.5826 1.26844 
vt -27.5283 1.28106 
vt -27.5283 1.26844 
vt -27.4576 1.28106 
vt -27.4576 1.26844 
vt -27.4033 1.28106 
vt -27.4033 1.26844 
vt -27.0201 1.28106 
vt -27.0201 1.26844 
vt -26.9658 1.28106 
vt -26.9658 1.26844 
vt -25.3951 1.28106 
vt -25.3951 1.26831 
vt -25.3408 1.28106 
vt -25.3408 1.26831 
vt -25.7701 1.28106 
vt -25.7701 1.26844 
vt -25.7158 1.28106 
vt -25.7158 1.26844 
vt -26.7701 1.28106 
vt -26.7701 1.26844 
vt -26.7158 1.28106 
vt -26.7158 1.26844 
vt -26.0201 1.28106 
vt -26.0201 1.26844 
vt -25.9658 1.28106 
vt -25.9658 1.26844 
vt -26.8326 1.28106 
vt -26.8326 1.26844 
vt -26.7783 1.28106 
vt -26.7783 1.26844 
vt -26.0826 1.28106 
vt -26.0826 1.26844 
vt -26.0283 1.28106 
vt -26.0283 1.26844 
vt -26.2701 1.28106 
vt -26.2701 1.26844 
vt -26.2158 1.28106 
vt -26.2158 1.26844 
vt -25.5826 1.28106 
vt -25.5826 1.26831 
vt -25.5283 1.28106 
vt -25.5283 1.26831 
vt -27.2076 1.28106 
vt -27.2076 1.26844 
vt -27.1533 1.28106 
vt -27.1533 1.26844 
vt -26.3951 1.28106 
vt -26.3951 1.26844 
vt -26.3408 1.28106 
vt -26.3408 1.26844 
vt -26.4576 1.28106 
vt -26.4576 1.26844 
vt -26.4033 1.28106 
vt -26.4033 1.26844 
vt -26.5201 1.28106 
vt -26.5201 1.26844 
vt -26.4658 1.28106 
vt -26.4658 1.26844 
vt -26.7076 1.28106 
vt -26.7076 1.26844 
vt -26.6533 1.28106 
vt -26.6533 1.26844 
vt -27.1451 1.28106 
vt -27.1451 1.26844 
vt -27.0908 1.28106 
vt -27.0908 1.26844 
vt -26.6451 1.28106 
vt -26.6451 1.26844 
vt -26.5908 1.28106 
vt -26.5908 1.26844 
vt -25.5201 1.28106 
vt -25.5201 1.26831 
vt -25.4658 1.28106 
vt -25.4658 1.26831 
vt -26.9576 1.28106 
vt -26.9576 1.26844 
vt -26.9033 1.28106 
vt -26.9033 1.26844 
vt -26.3326 1.28106 
vt -26.3326 1.26844 
vt -26.2783 1.28106 
vt -26.2783 1.26844 
vt -27.0826 1.28106 
vt -27.0826 1.26844 
vt -27.0283 1.28106 
vt -27.0283 1.26844 
vt -25.3326 1.28106 
vt -25.3326 1.26831 
vt -25.2783 1.28106 
vt -25.2783 1.26831 
vt -25.8951 1.28106 
vt -25.8951 1.26844 
vt -25.8408 1.28106 
vt -25.8408 1.26844 
vt -26.2076 1.28106 
vt -26.2076 1.26844 
vt -26.1533 1.28106 
vt -26.1533 1.26844 
vt -25.4576 1.28106 
vt -25.4576 1.26831 
vt -25.4033 1.28106 
vt -25.4033 1.26831 
vt -26.8951 1.28106 
vt -26.8951 1.26844 
vt -26.8408 1.28106 
vt -26.8408 1.26844 
vt -25.8326 1.28106 
vt -25.8326 1.26844 
vt -25.7783 1.28106 
vt -25.7783 1.26844 
vt -25.7076 1.28106 
vt -25.7076 1.26844 
vt -25.6533 1.28106 
vt -25.6533 1.26844 
vt -25.9576 1.28106 
vt -25.9576 1.26844 
vt -25.9033 1.28106 
vt -25.9033 1.26844 
vt -26.5826 1.28106 
vt -26.5826 1.26844 
vt -26.5283 1.28106 
vt -26.5283 1.26844 
vt -25.6451 1.28106 
vt -25.6451 1.26831 
vt -25.5908 1.28106 
vt -25.5908 1.26831 
vt -26.1451 1.28106 
vt -26.1451 1.26844 
vt -26.0908 1.28106 
vt -26.0908 1.26844 
vt -25.2701 1.28106 
vt -25.2701 1.26831 
vt -25.2158 1.28106 
vt -25.2158 1.26831 
vt -27.3951 1.28106 
vt -27.3951 1.26844 
vt -27.3408 1.28106 
vt -27.3408 1.26844 
vt -27.6565 2.24494 
vt -27.6566 2.17219 
vt -27.6567 2.83606 
vt -27.6567 0.881439 
vt -27.6565 2.23506 
vt -27.6565 1.27256 
vt -27.6567 0.881439 
vt -27.6565 1.27256 
vt -27.5901 1.27681 
vt -27.5901 1.26406 
vt -25.1998 1.27669 
vt -25.1998 1.26406 
vt -27.603 2.72781 
vt -27.603 2.69556 
vt -27.603 2.44006 
vt -27.603 2.47231 
vt -27.603 2.44006 
vt -27.603 1.86644 
vt -27.603 1.83419 
vt -27.5901 1.29631 
vt -27.5901 1.29631 
vt -27.5826 1.26844 
vt -27.5901 1.27681 
vt -27.5901 1.26406 
vt -25.1998 1.27669 
vt -25.1998 1.26406 
vt -25.2675 2.17219 
vt -25.2128 2.44006 
vt -26.7335 2.17219 
vt -26.135 2.26681 
vt -24.3882 0.881439 
vt -24.3882 1.66894 
vt -24.3882 0.881439 
vt -24.3882 1.64131 
vt -24.41 1.64131 
vt -24.41 1.64131 
vt -24.41 1.60919 
vt -24.4123 1.27669 
vt -24.4123 1.27669 
vt -27.5283 1.26844 
vt -25.2158 1.26844 
vt -27.6565 2.24494 
vt -27.6565 2.21269 
vt -27.6022 2.24494 
vt -27.6022 2.21269 
vt -27.6022 2.23506 
vt -27.6565 2.23506 
vt -27.6022 1.27256 
vt -27.6565 1.27256 
vt -27.6565 1.30506 
vt -27.6565 1.27281 
vt -27.6022 1.30506 
vt -27.6022 1.27281 
vt -26.5006 3.46506 
vt -28.0822 0.881563 
vt -27.6214 1.34231 
vt -28.1266 0.925939 
vt -27.6658 1.38669 
vt -24.5024 1.26844 
vt -24.5024 1.61456 
vt -27.6741 1.27156 
vt -27.7694 1.27156 
vt -27.6741 1.24781 
vt -27.7694 1.24781 
vt -27.8646 1.08106 
vt -27.9598 1.08106 
vt -27.8646 1.05731 
vt -27.9598 1.05731 
vt -27.9598 0.985939 
vt -28.055 0.985939 
vt -27.9598 0.962065 
vt -28.055 0.962065 
vt -27.7695 1.17631 
vt -27.8647 1.17631 
vt -27.7695 1.15256 
vt -27.8647 1.15256 
vt -28.0428 2.49356 
vt -24.6608 2.49656 
vt -24.8445 1.26844 
vt -24.8024 1.61456 
vt -24.8445 1.61456 
vt -25.0695 1.61456 
vt -24.9524 1.61456 
vt -24.9945 1.61456 
vt -24.9195 1.61456 
vt -24.7274 1.61456 
vt -24.6524 1.61456 
vt -24.5774 1.61456 
vt -24.6195 1.61456 
vt -25.1024 1.61456 
vt -24.5774 1.26844 
vt -24.5774 1.26844 
vt -24.5774 1.61456 
vt -27.5901 1.27681 
vt -27.5901 1.26406 
vt -25.1998 1.27669 
vt -25.1998 1.26406 
vt -24.9365 1.26919 
vt -24.8033 1.26919 
vt -24.7408 1.26919 
vt -24.624 1.26919 
vt -24.4908 1.26919 
vt -24.6158 1.26919 
vt -25.1241 1.26919 
vt -24.9991 1.26919 
vt -24.4271 1.61456 
vt -24.6524 1.26844 
vt -24.6524 1.26844 
vt -24.6524 1.61456 
vt -27.573 2.83606 
vt -25.2888 2.83606 
vt -25.2052 2.83606 
vt -25.2052 2.83606 
vt -27.573 2.83606 
vt -24.7274 1.26844 
vt -24.7274 1.61456 
vt -24.7274 1.61456 
vt -25.2663 1.81569 
vt -25.2663 1.79069 
vt -25.2115 1.81569 
vt -25.2115 1.79069 
vt -25.2662 2.29631 
vt -25.2662 2.27131 
vt -25.2115 2.29631 
vt -25.2115 2.27131 
vt -25.2115 2.29206 
vt -25.2662 2.29206 
vt -25.2115 1.79519 
vt -25.2663 1.79519 
vt -27.5901 1.27681 
vt -27.5901 1.26406 
vt -25.1998 1.27669 
vt -25.1998 1.26406 
vt -24.7834 2.55769 
vt -24.7834 2.56894 
vt -24.7834 1.27231 
vt -25.2128 2.72781 
vt -24.8024 1.61456 
vt -24.8024 1.26844 
vt -24.8024 1.61456 
vt -24.8115 1.28681 
vt -27.6658 1.38669 
vt -27.6658 1.38669 
vt -24.8774 1.26844 
vt -24.8774 1.26844 
vt -24.8774 1.61456 
vt -24.8545 2.56894 
vt -24.9524 1.26844 
vt -24.9524 1.26844 
vt -24.9524 1.61456 
vt -24.9524 1.61456 
vt -24.8545 2.55769 
vt -28.0822 0.881563 
vt -27.6214 1.34231 
vt -28.1266 0.925939 
vt -27.6658 1.38669 
vt -27.5901 1.27681 
vt -27.5901 1.26406 
vt -25.1998 1.27669 
vt -25.1998 1.26406 
vt -25.2661 1.27281 
vt -25.2118 2.24494 
vt -25.0274 1.61456 
vt -27.6022 2.23506 
vt -27.6565 2.23506 
vt -27.6022 1.27256 
vt -27.6565 1.27256 
vt -27.6566 1.58381 
vt -27.6566 1.55156 
vt -27.6024 1.58381 
vt -27.6024 1.55156 
vt -25.2128 2.47231 
vt -26.7488 2.29256 
vt -26.7488 2.26756 
vt -26.7488 1.81194 
vt -27.6566 1.86644 
vt -27.6566 1.83419 
vt -27.6024 1.86644 
vt -27.6024 1.83419 
vt -25.2115 2.29206 
vt -25.2662 2.29206 
vt -25.2115 1.79519 
vt -25.2663 1.79519 
vt -27.6566 2.20444 
vt -27.6566 2.17219 
vt -27.6023 2.20444 
vt -27.6023 2.17219 
vt -25.1024 1.26844 
vt -25.1024 1.61456 
vt -25.1024 1.26844 
vt -25.1024 1.61456 
vt -25.1024 1.61456 
vt -24.4593 0.881439 
vt -24.4593 0.881439 
vt -27.573 0.881439 
vt -25.2052 0.881439 
vt -25.2888 0.881439 
vt -25.2888 0.881439 
vt -24.4271 1.26844 
vt -24.4271 1.61456 
vt -27.5901 1.27681 
vt -27.5901 1.26406 
vt -25.1998 1.27669 
vt -25.1998 1.26406 
vt -25.1866 1.26919 
vt -25.1998 1.29619 
vt -26.135 2.29256 
vt -25.2115 2.29206 
vt -25.2115 1.81569 
vt -26.7236 2.28831 
vt -25.2115 2.29631 
vt -25.2115 2.27131 
vt -25.2115 2.29206 
vt -25.2118 1.30506 
vt -25.2133 1.83419 
vt -25.2133 1.86644 
vt -25.2128 2.69556 
vt -25.2128 2.44006 
vt -25.2127 2.17219 
vt -25.2133 1.83419 
vt -25.2133 1.86631 
vt -25.2133 2.20444 
vt -25.2118 2.23506 
vt -25.2118 1.27256 
vt -25.2118 2.23506 
vt -25.2118 1.27256 
vt -25.2662 2.29206 
vt -24.7054 2.41981 
vt -25.2773 1.86631 
vt -25.2773 1.83419 
vt -25.2661 2.23506 
vt -25.2661 2.23506 
vt -25.2675 2.20444 
vt -25.2115 2.29206 
vt -25.2662 2.29206 
vt -25.2115 1.79519 
vt -25.2663 1.79519 
vt -25.2675 1.86631 
vt -25.2675 1.83419 
vt -25.2133 1.86631 
vt -25.2133 1.83419 
vt -25.2675 2.20431 
vt -25.2675 2.17219 
vt -25.2133 2.20431 
vt -25.2133 2.17219 
vt -26.4162 3.46719 
vt -27.5901 1.27681 
vt -27.5901 1.26406 
vt -25.1998 1.27669 
vt -25.1998 1.26406 
vt -24.4271 1.26844 
vt -24.4271 1.61456 
vt -25.2408 1.26919 
vt -24.8445 1.26844 
vt -25.0695 1.26844 
vt -24.7695 1.26844 
vt -25.1445 1.26844 
vt -24.6945 1.26844 
vt -24.6195 1.26844 
vt -24.8445 1.26844 
vt -24.8445 1.26844 
vt -25.1445 1.26844 
vt -25.0695 1.26844 
vt -24.9945 1.26844 
vt -24.7695 1.26844 
vt -24.8546 1.27231 
vt -27.6022 1.27256 
vt -27.6022 1.27281 
vt -25.2661 1.27256 
vt -25.2661 1.27256 
vt -27.5901 1.27681 
vt -27.5901 1.26406 
vt -25.1998 1.27669 
vt -25.1998 1.26406 
vt -24.3882 1.65769 
vt -24.4593 1.65769 
vt -24.3882 0.881439 
vt -24.4593 0.881439 
vt -24.7834 2.55769 
vt -24.8545 2.55769 
vt -24.7834 1.28344 
vt -24.8546 1.28344 
vt -25.2293 1.64131 
vt -25.2293 1.60919 
vt -24.41 1.64131 
vt -24.41 1.60919 
vt -25.2293 2.40144 
vt -25.2293 2.36919 
vt -24.8225 2.40144 
vt -24.8225 2.36919 
vt -24.4163 1.28894 
vt -24.4163 1.25669 
vt -24.3753 1.28894 
vt -24.3753 1.25669 
vt -24.4584 1.64131 
vt -24.4584 1.60919 
vt -24.3882 1.64131 
vt -24.3882 1.60919 
vt -24.9908 1.28681 
vt -24.9908 1.26919 
vt -24.9365 1.28681 
vt -24.9365 1.26919 
vt -24.9283 1.28681 
vt -24.9283 1.26919 
vt -24.8741 1.28681 
vt -24.8741 1.26919 
vt -24.8658 1.28681 
vt -24.8658 1.26919 
vt -24.8115 1.28681 
vt -24.8115 1.26919 
vt -24.8033 1.28681 
vt -24.8033 1.26919 
vt -24.749 1.28681 
vt -24.749 1.26919 
vt -24.7408 1.28681 
vt -24.7408 1.26919 
vt -24.6865 1.28681 
vt -24.6865 1.26919 
vt -24.6783 1.28681 
vt -24.6783 1.26919 
vt -24.624 1.28681 
vt -24.624 1.26919 
vt -24.5533 1.28681 
vt -24.5533 1.26919 
vt -24.499 1.28681 
vt -24.499 1.26919 
vt -24.4908 1.28681 
vt -24.4908 1.26919 
vt -24.4365 1.28681 
vt -24.4365 1.26919 
vt -24.6158 1.28681 
vt -24.6158 1.26919 
vt -24.5615 1.28681 
vt -24.5615 1.26919 
vt -25.1783 1.28681 
vt -25.1783 1.26919 
vt -25.1241 1.28681 
vt -25.1241 1.26919 
vt -25.1158 1.28681 
vt -25.1158 1.26919 
vt -25.0616 1.28681 
vt -25.0616 1.26919 
vt -25.0533 1.28681 
vt -25.0533 1.26919 
vt -24.9991 1.28681 
vt -24.9991 1.26919 
vt -25.2408 1.28681 
vt -25.2408 1.26919 
vt -25.1866 1.28681 
vt -25.1866 1.26919 
vt -25.2675 1.86644 
vt -26.1404 1.86644 
vt -26.7399 1.86644 
vt -26.1422 2.17219 
vt -24.5445 1.26844 
vt -24.5024 1.26844 
vt -24.5445 1.61456 
vt -24.5024 1.61456 
vt -24.6945 1.26844 
vt -24.6524 1.26844 
vt -24.6945 1.61456 
vt -24.6524 1.61456 
vt -24.6195 1.26844 
vt -24.5774 1.26844 
vt -24.6195 1.61456 
vt -24.5774 1.61456 
vt -24.8445 1.26844 
vt -24.8024 1.26844 
vt -24.8445 1.61456 
vt -24.8024 1.61456 
vt -25.1445 1.26844 
vt -25.1024 1.26844 
vt -25.1445 1.61456 
vt -25.1024 1.61456 
vt -25.0695 1.26844 
vt -25.0274 1.26844 
vt -25.0695 1.61456 
vt -25.0274 1.61456 
vt -24.9945 1.26844 
vt -24.9524 1.26844 
vt -24.9945 1.61456 
vt -24.9524 1.61456 
vt -24.9195 1.26844 
vt -24.8774 1.26844 
vt -24.9195 1.61456 
vt -24.8774 1.61456 
vt -24.7695 1.26844 
vt -24.7274 1.26844 
vt -24.7695 1.61456 
vt -24.7274 1.61456 
vt -26.135 1.81194 
vt -25.2663 1.81569 
vt -24.4271 1.26844 
vt -24.3948 1.26844 
vt -24.4271 1.61456 
vt -24.3948 1.61456 
vt -27.5901 1.27681 
vt -27.5901 1.26406 
vt -24.4123 1.27669 
vt -24.4123 1.26406 
vt -24.4271 1.26844 
vt -24.3948 1.26844 
vt -24.4271 1.61456 
vt -24.3948 1.61456 
vt -24.4593 1.66894 
vt -25.2293 1.64131 
vt -25.2293 1.60919 
vt -24.8445 1.61456 
vt -25.1445 1.61456 
vt -24.6195 1.61456 
vt -24.8445 1.61456 
vt -24.4271 1.26844 
vt -24.3948 1.26844 
vt -24.4271 1.61456 
vt -24.3948 1.61456 
vt -27.5901 1.27681 
vt -27.5901 1.26406 
vt -24.3873 1.27669 
vt -24.3873 1.26406 
vt -24.4271 1.26844 
vt -24.3948 1.26844 
vt -24.4271 1.61456 
vt -24.3948 1.61456 
vt -27.6591 1.81706 
vt -27.6591 1.79206 
vt -27.6044 1.81706 
vt -27.6044 1.79206 
vt -27.6044 2.29344 
vt -27.6591 2.29344 
vt -27.6044 1.79656 
vt -27.6591 1.79656 
vt -27.6591 2.29781 
vt -27.6591 2.27281 
vt -27.6044 2.29781 
vt -27.6044 2.27281 
vt -24.4271 1.26844 
vt -24.3948 1.26844 
vt -24.4271 1.61456 
vt -24.3948 1.61456 
vt -25.2663 1.79519 
vt -26.7236 1.79131 
vt -25.2675 1.83406 
vt -25.2675 1.83419 
vt -26.135 2.26756 
vt -26.1409 2.26606 
vt -24.4271 1.26844 
vt -24.3948 1.26844 
vt -24.4271 1.61456 
vt -24.3948 1.61456 
vt -25.2661 1.30506 
vt -25.2661 1.27281 
vt -25.2118 1.30506 
vt -25.2118 1.27281 
vt -25.2118 2.23506 
vt -25.2661 2.23506 
vt -25.2118 1.27256 
vt -25.2661 1.27256 
vt -25.2661 2.24494 
vt -25.2661 2.21269 
vt -25.2118 2.24494 
vt -25.2118 2.21269 
vt -27.5901 1.27681 
vt -27.5901 1.26406 
vt -24.4123 1.27669 
vt -24.4123 1.26406 
vt -24.4271 1.26844 
vt -24.3948 1.26844 
vt -24.4271 1.61456 
vt -24.3948 1.61456 
vt -24.4271 1.26844 
vt -24.3948 1.26844 
vt -24.4271 1.61456 
vt -24.3948 1.61456 
vt -24.4271 1.26844 
vt -24.3948 1.26844 
vt -24.4271 1.61456 
vt -24.3948 1.61456 
vt -27.5901 1.27706 
vt -27.5901 1.26381 
vt -24.4123 1.27694 
vt -24.4123 1.26381 
vt -24.4271 1.26844 
vt -24.3948 1.26844 
vt -24.4271 1.61456 
vt -24.3948 1.61456 
vt -26.733 2.17219 
vt -24.4271 1.26844 
vt -24.3948 1.26844 
vt -24.4271 1.61456 
vt -24.3948 1.61456 
vt -27.5901 1.27681 
vt -27.5901 1.26406 
vt -24.4123 1.27669 
vt -24.4123 1.26406 
vt -24.4271 1.26844 
vt -24.3948 1.26844 
vt -24.4271 1.61456 
vt -24.3948 1.61456 
vt -27.6044 2.29344 
vt -27.6591 2.29344 
vt -27.6044 1.79656 
vt -27.6591 1.79656 
vt -27.6566 1.86644 
vt -27.6566 1.83419 
vt -27.6024 1.86644 
vt -27.6024 1.83419 
vt -27.6566 2.20444 
vt -27.6566 2.17219 
vt -27.6023 2.20444 
vt -27.6023 2.17219 
vt -24.4271 1.26844 
vt -24.3948 1.26844 
vt -24.4271 1.61456 
vt -24.3948 1.61456 
vt -25.2118 2.23506 
vt -25.2661 2.23506 
vt -25.2118 1.27256 
vt -25.2661 1.27256 
vt -24.4271 1.26844 
vt -24.3948 1.26844 
vt -24.4271 1.61456 
vt -24.3948 1.61456 
vt -25.2675 1.86644 
vt -25.2675 1.83419 
vt -25.2133 1.86644 
vt -25.2133 1.83419 
vt -25.2675 1.58381 
vt -25.2675 1.55156 
vt -25.2133 1.58381 
vt -25.2133 1.55156 
vt -27.5901 1.27681 
vt -27.5901 1.26406 
vt -24.4123 1.27669 
vt -24.4123 1.26406 
vt -25.2675 2.20444 
vt -25.2675 2.17219 
vt -25.2133 2.20444 
vt -25.2133 2.17219 
vt -24.4271 1.26844 
vt -24.3948 1.26844 
vt -24.4271 1.61456 
vt -24.3948 1.61456 
vt -24.4271 1.26844 
vt -24.3948 1.26844 
vt -24.4271 1.61456 
vt -24.3948 1.61456 
vt -24.4271 1.26844 
vt -24.3948 1.26844 
vt -24.4271 1.61456 
vt -24.3948 1.61456 
vt -27.5901 1.27781 
vt -27.5901 1.26306 
vt -24.4123 1.27781 
vt -24.4123 1.26294 
vt -24.4271 1.26844 
vt -24.3948 1.26844 
vt -24.4271 1.61456 
vt -24.3948 1.61456 
vt -24.4271 1.26844 
vt -24.3948 1.26844 
vt -24.4271 1.61456 
vt -24.3948 1.61456 
vt -27.5901 1.27681 
vt -27.5901 1.26406 
vt -24.4373 1.27669 
vt -24.4373 1.26406 
vt -24.3882 1.66894 
vt -24.4593 1.66894 
vt -24.3882 0.881439 
vt -24.4593 0.881439 
vt -24.7834 2.56894 
vt -24.8545 2.56894 
vt -24.7834 1.27231 
vt -24.8546 1.27231 
vt -25.2293 2.40144 
vt -25.2293 2.36919 
vt -24.8225 2.40144 
vt -24.8225 2.36919 
vt -25.2293 1.64131 
vt -25.2293 1.60919 
vt -24.41 1.64131 
vt -24.41 1.60919 
vt -24.8445 1.26844 
vt -24.8024 1.26844 
vt -24.8445 1.61456 
vt -24.8024 1.61456 
vt -25.0695 1.26844 
vt -25.0274 1.26844 
vt -25.0695 1.61456 
vt -25.0274 1.61456 
vt -24.9945 1.26844 
vt -24.9524 1.26844 
vt -24.9945 1.61456 
vt -24.9524 1.61456 
vt -24.9195 1.26844 
vt -24.8774 1.26844 
vt -24.9195 1.61456 
vt -24.8774 1.61456 
vt -24.7695 1.26844 
vt -24.7274 1.26844 
vt -24.7695 1.61456 
vt -24.7274 1.61456 
vt -24.6945 1.26844 
vt -24.6524 1.26844 
vt -24.6945 1.61456 
vt -24.6524 1.61456 
vt -24.6195 1.26844 
vt -24.5774 1.26844 
vt -24.6195 1.61456 
vt -24.5774 1.61456 
vt -24.5445 1.26844 
vt -24.5024 1.26844 
vt -24.5445 1.61456 
vt -24.5024 1.61456 
vt -25.1445 1.26844 
vt -25.1024 1.26844 
vt -25.1445 1.61456 
vt -25.1024 1.61456 
vt -26.4612 3.54219 
vt -28.0877 2.56869 
vt -26.4162 3.46719 
vt -28.0428 2.49356 
vt -24.6608 2.49656 
vt -26.456 3.54169 
vt -24.7054 2.41981 
vt -26.5006 3.46506 
vt -26.7488 2.29256 
vt -26.7488 2.26756 
vt -26.135 2.29256 
vt -26.135 2.26756 
vt -26.1346 2.28831 
vt -26.1596 2.28831 
vt -26.1346 1.79131 
vt -26.1596 1.79131 
vt -26.7488 1.81194 
vt -26.7488 1.78694 
vt -26.135 1.81194 
vt -26.135 1.78694 
vt -26.7236 2.28831 
vt -26.7486 2.28831 
vt -26.7236 1.79131 
vt -26.7486 1.79131 
vt -27.573 2.83606 
vt -27.6567 2.83606 
vt -27.573 0.881439 
vt -27.6567 0.881439 
vt -25.2052 2.83606 
vt -25.2888 2.83606 
vt -25.2052 0.881439 
vt -25.2888 0.881439 
vt -27.5901 1.29631 
vt -27.5901 1.26406 
vt -25.1998 1.29619 
vt -25.1998 1.26406 
vt -27.603 1.58381 
vt -27.603 1.55156 
vt -25.2127 1.58381 
vt -25.2127 1.55156 
vt -26.1422 2.20444 
vt -26.1422 2.17219 
vt -25.2127 2.20444 
vt -25.2127 2.17219 
vt -26.1404 1.86644 
vt -26.1404 1.83419 
vt -25.2773 1.86631 
vt -25.2773 1.83419 
vt -27.603 2.72781 
vt -27.603 2.69556 
vt -25.2128 2.72781 
vt -25.2128 2.69556 
vt -27.603 2.47231 
vt -27.603 2.44006 
vt -25.2128 2.47231 
vt -25.2128 2.44006 
vt -27.603 1.86644 
vt -27.603 1.83419 
vt -26.7399 1.86644 
vt -26.7399 1.83419 
vt -27.603 2.20444 
vt -27.603 2.17219 
vt -26.7335 2.20444 
vt -26.7335 2.17219 
vt -27.4739 0.407722 
vt -26.968 0.407722 
vt -27.4739 0.407722 
vt -26.968 0.407723 
vt -27.4612 0.336155 
vt -27.4612 0.380532 
vt -27.5089 0.336155 
vt -27.5089 0.380532 
vt -26.9435 0.336156 
vt -26.9435 0.380533 
vt -26.9911 0.336156 
vt -26.9911 0.380533 
vt -27.4739 0.502946 
vt -26.9805 0.502946 
vt -28.0497 0.375031 
vt -28.0497 2.04651 
vt -28.0497 0.419971 
vt -28.0481 3.80395 
vt -28.0481 3.7593 
vt -28.0481 1.96212 
vt -27.4717 0.598061 
vt -26.9784 0.598062 
vt -28.0385 3.69725 
vt -28.0349 0.483143 
vt -28.0349 0.420625 
vt -24.4521 0.375032 
vt -27.8769 0.375031 
vt -24.4709 0.375684 
vt -27.9901 3.25757 
vt -27.9901 3.17392 
vt -27.9901 0.889715 
vt -27.9901 0.806067 
vt -27.9692 1.70815 
vt -27.9692 2.3219 
vt -27.9755 1.70814 
vt -27.9755 2.3219 
vt -27.9754 3.19526 
vt -27.9754 3.24947 
vt -27.9754 0.80616 
vt -27.9754 0.806161 
vt -27.9745 2.31706 
vt -27.9745 3.25001 
vt -27.9744 0.859755 
vt -27.9744 3.25001 
vt -27.9744 3.25001 
vt -27.9754 3.19525 
vt -27.9754 3.19525 
vt -27.9754 3.19525 
vt -27.9754 3.20815 
vt -27.9754 3.20815 
vt -27.9754 3.26237 
vt -27.9745 3.25001 
vt -27.9745 0.872631 
vt -27.9745 0.845315 
vt -27.9745 0.859787 
vt -27.9745 0.859787 
vt -27.9745 1.72978 
vt -27.9745 0.85975 
vt -27.9745 3.25 
vt -27.9745 3.25 
vt -27.9745 0.859747 
vt -27.9745 3.25 
vt -27.9745 3.25 
vt -27.9754 0.819057 
vt -27.9716 3.19526 
vt -27.9716 3.24948 
vt -27.4739 0.69339 
vt -27.4739 0.69339 
vt -26.9805 0.693391 
vt -27.9371 2.01403 
vt -27.9371 2.09085 
vt -27.926 1.19268 
vt -27.926 1.19268 
vt -27.926 1.13018 
vt -27.926 1.1844 
vt -27.926 0.94268 
vt -27.926 0.996903 
vt -27.926 0.88018 
vt -27.926 0.88018 
vt -27.926 1.00518 
vt -27.926 1.0594 
vt -27.926 1.4969 
vt -27.926 3.06768 
vt -27.926 3.12191 
vt -27.926 2.69268 
vt -27.926 2.69268 
vt -27.926 1.69268 
vt -27.926 1.74691 
vt -27.926 2.44268 
vt -27.926 2.49691 
vt -27.926 1.63018 
vt -27.926 1.6844 
vt -27.926 2.38018 
vt -27.926 2.43441 
vt -27.926 2.43441 
vt -27.926 2.19268 
vt -27.926 2.24691 
vt -27.926 2.88018 
vt -27.926 2.93441 
vt -27.926 1.25518 
vt -27.926 1.3094 
vt -27.926 2.06768 
vt -27.926 2.06768 
vt -27.926 2.12191 
vt -27.926 2.00518 
vt -27.926 1.94268 
vt -27.926 1.99691 
vt -27.926 1.80941 
vt -27.926 1.3719 
vt -27.926 1.81768 
vt -27.926 1.87191 
vt -27.926 2.94268 
vt -27.926 1.50518 
vt -27.926 1.5594 
vt -27.926 1.38018 
vt -27.926 1.4344 
vt -27.926 3.13018 
vt -27.926 3.18441 
vt -27.926 3.18441 
vt -27.926 2.56768 
vt -27.926 2.62191 
vt -27.926 2.30941 
vt -27.926 3.00518 
vt -27.926 1.56768 
vt -27.926 1.6219 
vt -27.926 2.68441 
vt -27.926 2.75518 
vt -27.926 2.80941 
vt -27.926 2.55941 
vt -27.926 2.81768 
vt -27.926 2.31768 
vt -27.926 2.37191 
vt -27.926 3.1927 
vt -27.926 3.24691 
vt -27.926 1.1219 
vt -25.966 0.803603 
vt -25.966 0.803606 
vt -25.3522 0.803606 
vt -27.5207 0.806176 
vt -26.9172 0.806295 
vt -25.964 0.806176 
vt -26.923 0.806177 
vt -24.5604 0.806171 
vt -25.3591 0.806171 
vt -24.6191 0.806067 
vt -24.5441 0.806067 
vt -24.5605 0.80616 
vt -24.5605 0.806161 
vt -27.5251 0.806171 
vt -27.5045 0.806291 
vt -27.9151 0.806067 
vt -26.9492 0.806291 
vt -26.917 0.806291 
vt -26.9172 0.806291 
vt -26.9305 0.806171 
vt -24.5604 0.819057 
vt -27.812 0.872632 
vt -27.812 3.26291 
vt -27.9202 0.845315 
vt -24.561 0.859755 
vt -24.6152 0.859755 
vt -24.561 0.85975 
vt -24.6152 0.85975 
vt -24.6152 0.85975 
vt -24.561 0.859747 
vt -24.6152 0.859747 
vt -24.561 0.859757 
vt -24.561 0.859757 
vt -24.6152 0.859757 
vt -24.6152 0.859757 
vt -24.561 0.859762 
vt -24.6152 0.859763 
vt -27.9202 0.859753 
vt -27.9202 0.859787 
vt -27.9202 0.85975 
vt -27.9202 0.859747 
vt -25.7327 0.872631 
vt -25.7327 0.872631 
vt -25.7869 0.872631 
vt -25.5441 0.872631 
vt -25.6005 0.872631 
vt -25.3577 0.872631 
vt -25.4119 0.872631 
vt -25.4119 0.872631 
vt -25.9577 0.872631 
vt -26.0119 0.872632 
vt -26.0119 0.872631 
vt -27.1577 0.872631 
vt -27.212 0.872632 
vt -24.7327 0.872632 
vt -24.8119 0.872632 
vt -24.8119 0.872632 
vt -26.7452 0.872631 
vt -26.7995 0.872632 
vt -24.9407 0.872632 
vt -25.0039 0.872633 
vt -25.1702 0.872632 
vt -25.1702 0.872632 
vt -25.2244 0.872632 
vt -24.6152 0.872632 
vt -26.9327 0.872631 
vt -26.987 0.872632 
vt -26.5202 0.872631 
vt -26.5745 0.872632 
vt -26.3327 0.872632 
vt -26.3327 0.872632 
vt -26.3869 0.872632 
vt -27.3452 0.872631 
vt -27.3995 0.872632 
vt -26.1452 0.872631 
vt -26.1994 0.872631 
vt -27.7577 0.872632 
vt -27.7577 0.872631 
vt -27.5702 0.872631 
vt -27.6245 0.872632 
vt -24.6094 0.88018 
vt -24.6094 0.88018 
vt -24.4521 0.419971 
vt -24.4521 2.04651 
vt -24.4524 1.96212 
vt -24.4524 3.75733 
vt -24.456 3.7419 
vt -24.456 3.69725 
vt -24.456 3.76125 
vt -24.6094 0.94268 
vt -24.4709 0.483144 
vt -24.6094 1.00518 
vt -27.6245 3.26291 
vt -24.5441 0.889716 
vt -24.5441 3.17392 
vt -24.5441 3.25757 
vt -24.7276 4.08747 
vt -26.3399 4.08747 
vt -24.5604 3.24947 
vt -24.5604 3.19526 
vt -24.5604 3.19526 
vt -24.5605 3.19526 
vt -24.5605 3.19526 
vt -24.5604 3.19525 
vt -24.5605 0.860385 
vt -24.5605 3.24947 
vt -24.5605 3.19525 
vt -24.5605 3.19525 
vt -24.5605 3.19525 
vt -24.5604 3.26237 
vt -24.5604 3.20815 
vt -24.5604 0.87328 
vt -24.561 3.26291 
vt -24.561 3.25001 
vt -24.561 2.32051 
vt -24.561 3.25001 
vt -24.561 2.32232 
vt -24.561 3.25 
vt -24.561 1.7229 
vt -24.561 1.72925 
vt -24.5552 2.30316 
vt -24.5619 1.71395 
vt -24.5619 2.32771 
vt -24.5552 1.71411 
vt -24.5621 1.73911 
vt -24.5556 1.71396 
vt -24.5556 2.32771 
vt -26.2656 4.07458 
vt -26.3406 4.07458 
vt -24.7187 4.07458 
vt -24.7937 4.07458 
vt -24.7189 4.07453 
vt -26.3324 4.07453 
vt -24.8622 4.06792 
vt -26.2124 4.06792 
vt -26.0202 4.06791 
vt -25.9872 4.06791 
vt -25.9452 4.06791 
vt -25.7952 4.06791 
vt -24.6094 1.06768 
vt -24.7906 4.05277 
vt -24.719 4.05277 
vt -26.269 4.05277 
vt -26.269 4.05277 
vt -25.7327 4.05041 
vt -25.5441 4.05041 
vt -25.3577 4.05041 
vt -25.0039 4.05041 
vt -24.9407 4.05041 
vt -25.2244 4.05041 
vt -25.1702 4.05041 
vt -26.1994 4.05041 
vt -24.6 2.09085 
vt -24.6 2.01403 
vt -24.6094 1.19268 
vt -24.6094 1.1844 
vt -24.6094 1.1844 
vt -24.6094 0.996903 
vt -24.6094 0.934403 
vt -24.6094 1.4969 
vt -24.6094 3.12191 
vt -24.6094 3.06768 
vt -24.6094 2.69268 
vt -24.6094 2.69268 
vt -24.6094 1.74691 
vt -24.6094 2.49691 
vt -24.6094 2.44268 
vt -24.6094 1.6844 
vt -24.6094 1.63018 
vt -24.6094 2.43441 
vt -24.6094 2.43441 
vt -24.6094 2.38018 
vt -24.6094 2.24691 
vt -24.6094 2.19268 
vt -24.6094 2.93441 
vt -24.6094 2.88018 
vt -24.6094 1.3094 
vt -24.6094 1.25518 
vt -24.6094 2.12191 
vt -24.6094 2.06768 
vt -24.6094 2.00518 
vt -24.6094 1.99691 
vt -24.6094 1.94268 
vt -24.6094 1.80941 
vt -24.6094 1.3719 
vt -24.6094 1.87191 
vt -24.6094 1.81768 
vt -24.6094 2.99691 
vt -24.6094 2.99691 
vt -24.6094 1.5594 
vt -24.6094 1.50518 
vt -24.6094 1.4344 
vt -24.6094 1.38018 
vt -24.6094 3.18441 
vt -24.6094 2.62191 
vt -24.6094 2.56768 
vt -24.6094 2.30941 
vt -24.6094 3.05941 
vt -24.6094 1.6219 
vt -24.6094 1.56768 
vt -24.6094 2.68441 
vt -24.6094 2.80941 
vt -24.6094 2.75518 
vt -24.6094 2.55941 
vt -24.6094 2.81768 
vt -24.6094 2.37191 
vt -24.6094 2.31768 
vt -24.6094 3.24691 
vt -24.6094 3.24691 
vt -24.6094 3.1927 
vt -24.6094 1.1219 
vt -24.7685 4.02621 
vt -26.3292 4.02621 
vt -24.8119 4.02541 
vt -24.7327 4.02541 
vt -27.5375 0.860517 
vt -27.8771 1.96212 
vt -24.6235 1.96212 
vt -24.7685 3.96371 
vt -26.3199 3.96032 
vt -26.2876 3.96032 
vt -26.3199 3.96032 
vt -27.4739 0.788617 
vt -27.4739 0.598172 
vt -27.4739 0.598172 
vt -27.4739 0.502949 
vt -27.4717 0.693288 
vt -24.625 0.419971 
vt -27.8769 0.419971 
vt -24.719 3.23348 
vt -24.719 3.23348 
vt -24.719 3.64027 
vt -24.719 3.23347 
vt -24.7187 4.00343 
vt -24.7187 3.67935 
vt -24.7187 3.6082 
vt -24.7187 3.67935 
vt -24.7189 4.00433 
vt -24.7189 4.00433 
vt -24.7276 4.04645 
vt -24.7376 3.61827 
vt -24.7376 3.36031 
vt -24.7699 3.88532 
vt -26.3199 3.88532 
vt -27.3995 3.26291 
vt -27.3995 3.26291 
vt -24.7685 3.52621 
vt -24.7685 3.52621 
vt -24.7685 3.65121 
vt -24.7685 3.71371 
vt -24.7685 3.65948 
vt -24.7685 3.77621 
vt -24.7685 3.72198 
vt -24.7685 3.83871 
vt -24.7685 3.83871 
vt -24.7685 3.97198 
vt -24.7685 3.84698 
vt -24.7685 3.3387 
vt -24.7685 3.3387 
vt -24.7685 3.28447 
vt -24.7685 3.4637 
vt -24.7685 3.2762 
vt -24.7685 3.22197 
vt -24.8202 4.03568 
vt -24.7699 3.81032 
vt -26.3199 3.81032 
vt -24.8952 4.03568 
vt -24.7699 3.73532 
vt -27.2186 3.25127 
vt -27.2186 3.19651 
vt -27.2186 3.25127 
vt -27.2185 3.19651 
vt -27.2185 3.1965 
vt -27.212 3.26291 
vt -26.2656 3.67935 
vt -24.7937 3.67935 
vt -26.3199 3.66032 
vt -26.3292 3.65121 
vt -26.3389 3.64027 
vt -26.2719 3.64027 
vt -24.7906 3.64027 
vt -24.7699 3.58531 
vt -26.3199 3.58531 
vt -25.1202 4.03568 
vt -24.7699 3.51031 
vt -26.3199 3.51031 
vt -26.9911 0.84135 
vt -26.987 3.26291 
vt -25.207 3.25091 
vt -25.207 3.19668 
vt -25.207 3.19668 
vt -27.9145 1.70815 
vt -27.9207 1.70814 
vt -24.6104 1.71396 
vt -24.6166 1.71395 
vt -26.9305 0.860393 
vt -26.9219 3.25127 
vt -26.9219 3.1965 
vt -26.923 0.8604 
vt -24.7699 3.36031 
vt -26.3199 3.36031 
vt -26.2876 3.36031 
vt -26.3389 3.23348 
vt -24.7906 3.23348 
vt -26.3406 4.00343 
vt -26.2656 4.00343 
vt -26.3406 4.07458 
vt -26.2656 4.07458 
vt -24.7937 4.00343 
vt -24.7187 4.00343 
vt -24.7937 4.07458 
vt -24.7187 4.07458 
vt -24.5441 0.889716 
vt -24.6191 0.889716 
vt -24.5441 0.806067 
vt -24.6191 0.806067 
vt -24.5441 3.25757 
vt -24.6191 3.25757 
vt -24.5441 3.17392 
vt -24.6191 3.17392 
vt -27.9151 3.25757 
vt -27.9901 3.25757 
vt -27.9151 3.17392 
vt -27.9901 3.17392 
vt -27.9151 0.889715 
vt -27.9901 0.889715 
vt -27.9151 0.806067 
vt -27.9901 0.806067 
vt -25.3522 0.858373 
vt -25.3522 0.858376 
vt -26.7995 3.26291 
vt -26.3292 3.2762 
vt -27.1577 3.26291 
vt -26.7452 3.26291 
vt -26.9327 3.26291 
vt -26.5745 3.26291 
vt -26.5202 3.26291 
vt -26.3869 3.26291 
vt -26.3327 3.26291 
vt -27.3452 3.26291 
vt -27.7577 3.26291 
vt -27.7577 3.26291 
vt -27.5702 3.26291 
vt -26.8969 3.25127 
vt -26.6049 3.25127 
vt -24.6101 1.73911 
vt -26.6049 3.25127 
vt -27.1935 3.25127 
vt -27.2037 3.24947 
vt -25.8274 3.25091 
vt -25.2254 3.24947 
vt -25.2254 3.24947 
vt -25.2195 3.24948 
vt -25.2195 3.24948 
vt -25.2254 3.24947 
vt -24.6152 3.25001 
vt -24.6152 3.25001 
vt -24.6152 3.25001 
vt -24.6152 3.25 
vt -24.6152 3.25 
vt -27.9202 3.25001 
vt -27.9202 3.25001 
vt -25.8074 3.24947 
vt -26.614 3.24947 
vt -25.8122 3.24947 
vt -27.2054 3.24948 
vt -27.9202 3.25001 
vt -25.815 3.24948 
vt -26.6129 3.24948 
vt -26.6129 3.24948 
vt -27.9202 3.25 
vt -27.9202 3.25 
vt -25.2391 3.25091 
vt -25.8266 3.25091 
vt -26.6294 3.19651 
vt -25.4202 4.03567 
vt -27.4739 0.407722 
vt -26.968 0.407723 
vt -27.4739 0.502949 
vt -26.968 0.502949 
vt -27.8771 3.7593 
vt -24.6235 3.75733 
vt -26.9172 0.860517 
vt -24.6152 3.18546 
vt -25.2195 3.19526 
vt -24.6152 2.32051 
vt -27.2054 3.19526 
vt -25.815 3.19526 
vt -27.9202 1.72978 
vt -27.4739 0.502946 
vt -26.9805 0.502946 
vt -27.4739 0.598172 
vt -26.9805 0.598172 
vt -26.614 3.19526 
vt -26.6129 3.19526 
vt -24.625 2.04651 
vt -27.8769 2.04651 
vt -27.4717 0.598061 
vt -26.9784 0.598062 
vt -27.4717 0.693288 
vt -26.9784 0.693288 
vt -27.4739 0.69339 
vt -26.9805 0.693391 
vt -27.4739 0.788617 
vt -26.9805 0.788617 
vt -24.7276 4.04645 
vt -24.7276 4.08747 
vt -26.3399 4.04645 
vt -26.3399 4.08747 
vt -25.7202 4.03567 
vt -25.7869 0.872631 
vt -25.7327 0.872631 
vt -25.7869 4.05041 
vt -25.7327 4.05041 
vt -25.6005 0.872631 
vt -25.5441 0.872631 
vt -25.6005 4.05041 
vt -25.5441 4.05041 
vt -25.4119 0.872631 
vt -25.3577 0.872631 
vt -25.4119 4.05041 
vt -25.3577 4.05041 
vt -26.0119 0.872631 
vt -25.9577 0.872631 
vt -26.0119 4.07541 
vt -25.9577 4.07541 
vt -27.212 0.872631 
vt -27.1577 0.872631 
vt -27.212 3.26291 
vt -27.1577 3.26291 
vt -24.8119 0.872632 
vt -24.7327 0.872632 
vt -24.8119 4.02541 
vt -24.7327 4.02541 
vt -26.7995 0.872631 
vt -26.7452 0.872631 
vt -26.7995 3.26291 
vt -26.7452 3.26291 
vt -25.0039 0.872632 
vt -24.9407 0.872632 
vt -25.0039 4.05041 
vt -24.9407 4.05041 
vt -25.2244 0.872632 
vt -25.1702 0.872632 
vt -25.2244 4.05041 
vt -25.1702 4.05041 
vt -24.6152 0.872631 
vt -24.561 0.872631 
vt -24.6152 3.26291 
vt -24.561 3.26291 
vt -26.987 0.872631 
vt -26.9327 0.872631 
vt -26.987 3.26291 
vt -26.9327 3.26291 
vt -26.5745 0.872631 
vt -26.5202 0.872631 
vt -26.5745 3.26291 
vt -26.5202 3.26291 
vt -24.5604 3.20815 
vt -24.5604 3.26237 
vt -27.9754 3.20815 
vt -27.9754 3.26237 
vt -27.9745 0.872631 
vt -27.9202 0.872631 
vt -27.9745 3.26291 
vt -27.9202 3.26291 
vt -26.3869 0.872632 
vt -26.3327 0.872632 
vt -26.3869 3.26291 
vt -26.3327 3.26291 
vt -27.3995 0.872631 
vt -27.3452 0.872631 
vt -27.3995 3.26291 
vt -27.3452 3.26291 
vt -26.1994 0.872631 
vt -26.1452 0.872631 
vt -26.1994 4.05041 
vt -26.1452 4.05041 
vt -27.812 0.872631 
vt -27.7577 0.872631 
vt -27.812 3.26291 
vt -27.7577 3.26291 
vt -27.6245 0.872631 
vt -27.5702 0.872631 
vt -27.6245 3.26291 
vt -27.5702 3.26291 
vt -24.5604 0.819057 
vt -24.5604 0.87328 
vt -27.9754 0.819057 
vt -27.9754 0.87328 
vt -26.2876 3.96032 
vt -26.3199 3.96032 
vt -26.2876 3.91827 
vt -26.3199 3.91827 
vt -27.926 1.2469 
vt -27.926 1.19268 
vt -24.6094 1.2469 
vt -24.6094 1.19268 
vt -27.926 1.1844 
vt -27.926 1.13018 
vt -24.6094 1.1844 
vt -24.6094 1.13018 
vt -27.926 0.996903 
vt -27.926 0.94268 
vt -24.6094 0.996903 
vt -24.6094 0.94268 
vt -27.926 0.934403 
vt -27.926 0.88018 
vt -24.6094 0.934403 
vt -24.6094 0.88018 
vt -27.926 1.0594 
vt -27.926 1.00518 
vt -24.6094 1.0594 
vt -24.6094 1.00518 
vt -24.7685 3.47198 
vt -24.7685 3.52621 
vt -26.3292 3.47198 
vt -26.3292 3.52621 
vt -24.7685 3.53448 
vt -24.7685 3.5887 
vt -26.3292 3.53448 
vt -26.3292 3.5887 
vt -24.7685 3.59698 
vt -24.7685 3.65121 
vt -26.3292 3.59698 
vt -26.3292 3.65121 
vt -24.7685 3.65948 
vt -24.7685 3.71371 
vt -26.3292 3.65948 
vt -26.3292 3.71371 
vt -24.7685 3.72198 
vt -24.7685 3.77621 
vt -26.3292 3.72198 
vt -26.3292 3.77621 
vt -24.7685 3.78448 
vt -24.7685 3.83871 
vt -26.3292 3.78448 
vt -26.3292 3.83871 
vt -24.7685 3.90948 
vt -24.7685 3.96371 
vt -26.3292 3.90948 
vt -26.3292 3.96371 
vt -24.7685 3.97198 
vt -24.7685 4.02621 
vt -26.3292 3.97198 
vt -26.3292 4.02621 
vt -24.7685 3.84698 
vt -24.7685 3.90121 
vt -26.3292 3.84698 
vt -26.3292 3.90121 
vt -24.7685 3.28447 
vt -24.7685 3.3387 
vt -26.3292 3.28447 
vt -26.3292 3.3387 
vt -24.7685 3.34697 
vt -24.7685 3.4012 
vt -26.3292 3.34697 
vt -26.3292 3.4012 
vt -24.7685 3.40948 
vt -24.7685 3.4637 
vt -26.3292 3.40948 
vt -26.3292 3.4637 
vt -24.7685 3.22197 
vt -24.7685 3.2762 
vt -26.3292 3.22197 
vt -26.3292 3.2762 
vt -25.1622 4.06792 
vt -25.1622 4.03568 
vt -25.1202 4.06792 
vt -25.1202 4.03568 
vt -25.0872 4.06792 
vt -25.0872 4.03568 
vt -25.0452 4.06792 
vt -25.0452 4.03568 
vt -25.0122 4.06792 
vt -25.0122 4.03568 
vt -24.9702 4.06792 
vt -24.9702 4.03568 
vt -24.9372 4.06792 
vt -24.9372 4.03568 
vt -24.8952 4.06792 
vt -24.8952 4.03568 
vt -24.8622 4.06792 
vt -24.8622 4.03568 
vt -24.8202 4.06792 
vt -24.8202 4.03568 
vt -24.7376 3.66031 
vt -24.7699 3.66031 
vt -24.7376 3.61827 
vt -24.7699 3.61827 
vt -24.7376 3.43531 
vt -24.7699 3.43531 
vt -24.7376 3.39326 
vt -24.7699 3.39326 
vt -24.7376 3.51031 
vt -24.7699 3.51031 
vt -24.7376 3.46826 
vt -24.7699 3.46826 
vt -24.7376 3.58531 
vt -24.7699 3.58531 
vt -24.7376 3.54327 
vt -24.7699 3.54327 
vt -24.7376 3.73532 
vt -24.7699 3.73532 
vt -24.7376 3.69327 
vt -24.7699 3.69327 
vt -24.7376 3.81032 
vt -24.7699 3.81032 
vt -24.7376 3.76827 
vt -24.7699 3.76827 
vt -24.7376 3.88532 
vt -24.7699 3.88532 
vt -24.7376 3.84327 
vt -24.7699 3.84327 
vt -24.7376 3.96032 
vt -24.7699 3.96032 
vt -24.7376 3.91827 
vt -24.7699 3.91827 
vt -24.7376 3.36031 
vt -24.7699 3.36031 
vt -24.7376 3.31826 
vt -24.7699 3.31826 
vt -26.2876 3.81032 
vt -26.3199 3.81032 
vt -26.2876 3.76827 
vt -26.3199 3.76827 
vt -26.2876 3.88532 
vt -26.3199 3.88532 
vt -26.2876 3.84327 
vt -26.3199 3.84327 
vt -26.2124 4.06792 
vt -26.2124 4.03568 
vt -26.1702 4.06792 
vt -26.1702 4.03568 
vt -26.1374 4.06791 
vt -26.1374 4.03568 
vt -26.0952 4.06791 
vt -26.0952 4.03568 
vt -26.0624 4.06791 
vt -26.0624 4.03568 
vt -26.0202 4.06791 
vt -26.0202 4.03568 
vt -25.9872 4.06791 
vt -25.9872 4.03568 
vt -25.9452 4.06791 
vt -25.9452 4.03568 
vt -27.926 1.4969 
vt -27.926 1.44268 
vt -24.6094 1.4969 
vt -24.6094 1.44268 
vt -27.926 3.12191 
vt -27.926 3.06768 
vt -24.6094 3.12191 
vt -24.6094 3.06768 
vt -27.926 2.74691 
vt -27.926 2.69268 
vt -24.6094 2.74691 
vt -24.6094 2.69268 
vt -27.926 1.74691 
vt -27.926 1.69268 
vt -24.6094 1.74691 
vt -24.6094 1.69268 
vt -27.926 2.49691 
vt -27.926 2.44268 
vt -24.6094 2.49691 
vt -24.6094 2.44268 
vt -27.926 1.6844 
vt -27.926 1.63018 
vt -24.6094 1.6844 
vt -24.6094 1.63018 
vt -27.926 2.43441 
vt -27.926 2.38018 
vt -24.6094 2.43441 
vt -24.6094 2.38018 
vt -27.926 2.24691 
vt -27.926 2.19268 
vt -24.6094 2.24691 
vt -24.6094 2.19268 
vt -27.926 2.93441 
vt -27.926 2.88018 
vt -24.6094 2.93441 
vt -24.6094 2.88018 
vt -27.926 1.3094 
vt -27.926 1.25518 
vt -24.6094 1.3094 
vt -24.6094 1.25518 
vt -27.926 2.12191 
vt -27.926 2.06768 
vt -24.6094 2.12191 
vt -24.6094 2.06768 
vt -27.926 2.05941 
vt -27.926 2.00518 
vt -24.6094 2.05941 
vt -24.6094 2.00518 
vt -27.926 1.99691 
vt -27.926 1.94268 
vt -24.6094 1.99691 
vt -24.6094 1.94268 
vt -27.926 1.80941 
vt -27.926 1.75518 
vt -24.6094 1.80941 
vt -24.6094 1.75518 
vt -27.926 1.3719 
vt -27.926 1.31768 
vt -24.6094 1.3719 
vt -24.6094 1.31768 
vt -27.926 1.87191 
vt -27.926 1.81768 
vt -24.6094 1.87191 
vt -24.6094 1.81768 
vt -27.926 2.99691 
vt -27.926 2.94268 
vt -24.6094 2.99691 
vt -24.6094 2.94268 
vt -27.926 1.5594 
vt -27.926 1.50518 
vt -24.6094 1.5594 
vt -24.6094 1.50518 
vt -27.926 2.18441 
vt -27.926 2.13018 
vt -24.6094 2.18441 
vt -24.6094 2.13018 
vt -27.926 1.4344 
vt -27.926 1.38018 
vt -24.6094 1.4344 
vt -24.6094 1.38018 
vt -27.926 3.18441 
vt -27.926 3.13018 
vt -24.6094 3.18441 
vt -24.6094 3.13018 
vt -27.926 2.62191 
vt -27.926 2.56768 
vt -24.6094 2.62191 
vt -24.6094 2.56768 
vt -27.926 2.30941 
vt -27.926 2.25518 
vt -24.6094 2.30941 
vt -24.6094 2.25518 
vt -27.926 3.05941 
vt -27.926 3.00518 
vt -24.6094 3.05941 
vt -24.6094 3.00518 
vt -27.926 1.6219 
vt -27.926 1.56768 
vt -24.6094 1.6219 
vt -24.6094 1.56768 
vt -27.926 2.68441 
vt -27.926 2.63018 
vt -24.6094 2.68441 
vt -24.6094 2.63018 
vt -27.926 2.80941 
vt -27.926 2.75518 
vt -24.6094 2.80941 
vt -24.6094 2.75518 
vt -27.926 2.55941 
vt -27.926 2.50518 
vt -24.6094 2.55941 
vt -24.6094 2.50518 
vt -27.926 1.93441 
vt -27.926 1.88018 
vt -24.6094 1.93441 
vt -24.6094 1.88018 
vt -27.926 2.87191 
vt -27.926 2.81768 
vt -24.6094 2.87191 
vt -24.6094 2.81768 
vt -27.926 2.37191 
vt -27.926 2.31768 
vt -24.6094 2.37191 
vt -24.6094 2.31768 
vt -26.2876 3.66032 
vt -26.3199 3.66032 
vt -26.2876 3.61827 
vt -26.3199 3.61827 
vt -26.2876 3.36031 
vt -26.3199 3.36031 
vt -26.2876 3.31826 
vt -26.3199 3.31826 
vt -26.2876 3.43531 
vt -26.3199 3.43531 
vt -26.2876 3.39326 
vt -26.3199 3.39326 
vt -26.2876 3.51031 
vt -26.3199 3.51031 
vt -26.2876 3.46827 
vt -26.3199 3.46827 
vt -26.2876 3.58531 
vt -26.3199 3.58531 
vt -26.2876 3.54327 
vt -26.3199 3.54327 
vt -26.2876 3.73532 
vt -26.3199 3.73532 
vt -26.2876 3.69327 
vt -26.3199 3.69327 
vt -27.926 3.24691 
vt -27.926 3.19268 
vt -24.6094 3.24691 
vt -24.6094 3.1927 
vt -25.9122 4.06791 
vt -25.9122 4.03568 
vt -25.8702 4.06791 
vt -25.8702 4.03568 
vt -25.8372 4.06791 
vt -25.8372 4.03568 
vt -25.7952 4.06791 
vt -25.7952 4.03568 
vt -25.7622 4.06791 
vt -25.7622 4.03567 
vt -25.7202 4.06791 
vt -25.7202 4.03567 
vt -25.6872 4.06791 
vt -25.6872 4.03567 
vt -25.6452 4.06791 
vt -25.6452 4.03567 
vt -25.6122 4.06791 
vt -25.6122 4.03567 
vt -25.5702 4.06791 
vt -25.5702 4.03567 
vt -25.5372 4.06791 
vt -25.5372 4.03567 
vt -25.4952 4.06791 
vt -25.4952 4.03567 
vt -25.4622 4.06791 
vt -25.4622 4.03567 
vt -25.4202 4.06791 
vt -25.4202 4.03567 
vt -25.3872 4.06791 
vt -25.3872 4.03567 
vt -25.3452 4.06791 
vt -25.3452 4.03567 
vt -25.3122 4.06791 
vt -25.3122 4.03567 
vt -25.2702 4.06791 
vt -25.2702 4.03567 
vt -25.2372 4.06792 
vt -25.2372 4.03568 
vt -25.1952 4.06792 
vt -25.1952 4.03568 
vt -27.926 1.1219 
vt -27.926 1.06768 
vt -24.6094 1.1219 
vt -24.6094 1.06768 
vt -24.7937 3.6082 
vt -24.7187 3.6082 
vt -24.7937 3.67935 
vt -24.7187 3.67935 
vt -25.8274 3.25091 
vt -25.8274 3.19668 
vt -25.207 3.25091 
vt -25.207 3.19668 
vt -27.5045 0.860513 
vt -27.5367 0.860513 
vt -27.5045 0.806291 
vt -27.5367 0.806291 
vt -26.917 0.860515 
vt -26.9492 0.860515 
vt -26.917 0.806291 
vt -26.9492 0.806291 
vt -27.5375 0.860513 
vt -27.5375 0.806291 
vt -26.9172 0.860515 
vt -26.9172 0.806291 
vt -25.2069 3.25091 
vt -25.2391 3.25091 
vt -25.2069 3.19668 
vt -25.2391 3.19668 
vt -25.7944 3.25091 
vt -25.8266 3.25091 
vt -25.7944 3.19668 
vt -25.8266 3.19668 
vt -26.3406 3.6082 
vt -26.2656 3.6082 
vt -26.3406 3.67935 
vt -26.2656 3.67935 
vt -25.8074 3.19526 
vt -25.8074 3.19526 
vt -25.8122 3.19525 
vt -25.815 3.19526 
vt -26.3406 3.23348 
vt -26.3406 3.23348 
vt -26.3399 4.04645 
vt -26.3324 4.00433 
vt -26.3292 3.53448 
vt -26.3292 3.65948 
vt -26.3292 3.72198 
vt -26.3292 3.78448 
vt -26.3292 3.90948 
vt -26.3292 3.97198 
vt -26.3292 3.84698 
vt -26.3292 3.34697 
vt -25.9516 0.860395 
vt -27.9202 2.31705 
vt -27.5251 0.860395 
vt -24.6152 2.32232 
vt -24.6166 2.32771 
vt -26.6049 3.1965 
vt -27.9207 2.3219 
vt -24.5955 0.806168 
vt -24.5955 0.860391 
vt -26.9337 0.806168 
vt -26.9337 0.860391 
vt -24.5604 3.19525 
vt -24.5604 3.24947 
vt -25.2254 3.19525 
vt -25.2254 3.24947 
vt -24.6152 0.859755 
vt -24.561 0.859755 
vt -24.6152 3.25001 
vt -24.561 3.25001 
vt -27.9744 0.859753 
vt -27.9202 0.859753 
vt -27.9744 3.25001 
vt -27.9202 3.25001 
vt -25.8122 3.19525 
vt -25.8122 3.24947 
vt -27.9754 3.19525 
vt -27.9754 3.24947 
vt -27.5297 0.806168 
vt -27.5297 0.860391 
vt -27.9754 0.806168 
vt -27.9754 0.860391 
vt -24.7906 3.23347 
vt -26.269 3.23348 
vt -24.7906 3.23347 
vt -24.719 3.23347 
vt -24.7906 4.05277 
vt -24.719 4.05277 
vt -26.3406 3.23348 
vt -26.269 3.23348 
vt -26.3406 4.05277 
vt -26.269 4.05277 
vt -24.7189 4.00433 
vt -24.7189 4.07453 
vt -26.3324 4.00433 
vt -26.3324 4.07453 
vt -25.966 0.858376 
vt -27.9757 1.70814 
vt -27.921 1.70814 
vt -27.9757 2.3219 
vt -27.921 2.3219 
vt -27.9757 2.32235 
vt -27.9757 2.29735 
vt -27.921 2.32235 
vt -27.921 2.29735 
vt -27.9757 1.7333 
vt -27.9757 1.7083 
vt -27.921 1.7333 
vt -27.921 1.7083 
vt -25.966 0.858373 
vt -25.966 0.803603 
vt -25.3522 0.858373 
vt -25.3522 0.803603 
vt -27.2186 3.25127 
vt -27.2186 3.1965 
vt -26.6049 3.25127 
vt -26.6049 3.1965 
vt -26.8969 3.25127 
vt -26.9219 3.25127 
vt -26.8969 3.1965 
vt -26.9219 3.1965 
vt -25.3517 0.858373 
vt -25.3767 0.858373 
vt -25.3517 0.803603 
vt -25.3767 0.803603 
vt -25.9409 0.858373 
vt -25.9659 0.858373 
vt -25.9409 0.803603 
vt -25.9659 0.803603 
vt -26.6044 3.25127 
vt -26.6294 3.25127 
vt -26.6044 3.1965 
vt -26.6294 3.1965 
vt -27.1935 3.25127 
vt -27.2185 3.25127 
vt -27.1935 3.1965 
vt -27.2185 3.1965 
vt -24.617 1.71395 
vt -24.5621 1.71395 
vt -24.617 2.32771 
vt -24.5621 2.32771 
vt -24.6169 2.32816 
vt -24.6169 2.30316 
vt -24.5621 2.32816 
vt -24.5621 2.30316 
vt -24.6169 1.73911 
vt -24.6169 1.71411 
vt -24.5621 1.73911 
vt -24.5621 1.71411 
vt -26.2719 3.23348 
vt -27.2037 3.19526 
vt -27.2037 3.24947 
vt -27.9754 3.19526 
vt -27.9754 3.24947 
vt -24.5604 3.19526 
vt -24.5604 3.24947 
vt -25.2254 3.19526 
vt -25.2254 3.24947 
vt -24.5604 0.806171 
vt -24.5604 0.860395 
vt -25.3591 0.806171 
vt -25.3591 0.860395 
vt -24.6152 2.32232 
vt -24.561 2.32232 
vt -24.6152 3.18546 
vt -24.561 3.18546 
vt -24.6152 0.859757 
vt -24.561 0.859757 
vt -24.6152 1.7229 
vt -24.561 1.7229 
vt -25.8074 3.19526 
vt -25.8074 3.24947 
vt -26.614 3.19526 
vt -26.614 3.24947 
vt -27.9745 2.3146 
vt -27.9202 2.3146 
vt -27.9745 3.25001 
vt -27.9202 3.25001 
vt -27.5251 0.806171 
vt -27.5251 0.860393 
vt -27.9754 0.806171 
vt -27.9754 0.860393 
vt -27.9745 0.845315 
vt -27.9202 0.845315 
vt -27.9745 1.7149 
vt -27.9202 1.7149 
vt -25.9516 0.806171 
vt -25.9516 0.860393 
vt -26.9305 0.806171 
vt -26.9305 0.860393 
vt -24.6104 2.32771 
vt -27.9145 2.3219 
vt -25.8274 3.19668 
vt -26.9805 0.788617 
vt -26.6049 3.19651 
vt -26.9805 0.598172 
vt -27.5207 0.806176 
vt -27.5207 0.8604 
vt -27.9754 0.806176 
vt -27.9754 0.8604 
vt -25.964 0.806176 
vt -25.964 0.8604 
vt -26.923 0.806176 
vt -26.923 0.8604 
vt -24.5605 3.19526 
vt -24.5605 3.24948 
vt -25.2195 3.19526 
vt -25.2195 3.24948 
vt -24.5926 0.806176 
vt -24.5926 0.8604 
vt -25.3561 0.806176 
vt -25.3561 0.8604 
vt -24.6152 2.32051 
vt -24.561 2.32051 
vt -24.6152 3.25001 
vt -24.561 3.25001 
vt -24.6152 0.859762 
vt -24.561 0.859762 
vt -24.6152 1.72925 
vt -24.561 1.72925 
vt -27.9745 2.31705 
vt -27.9202 2.31705 
vt -27.9745 3.25001 
vt -27.9202 3.25001 
vt -27.2054 3.19526 
vt -27.2054 3.24948 
vt -27.9716 3.19526 
vt -27.9716 3.24948 
vt -25.815 3.19526 
vt -25.815 3.24948 
vt -26.6129 3.19526 
vt -26.6129 3.24948 
vt -27.9745 0.859787 
vt -27.9202 0.859787 
vt -27.9745 1.72978 
vt -27.9202 1.72978 
vt -27.5375 0.860517 
vt -27.5375 0.806295 
vt -26.9172 0.860517 
vt -26.9172 0.806295 
vt -25.8274 3.25091 
vt -25.8274 3.19668 
vt -25.207 3.25091 
vt -25.207 3.19668 
vt -27.9692 1.70815 
vt -27.9145 1.70815 
vt -27.9692 2.3219 
vt -27.9145 2.3219 
vt -26.968 0.502949 
vt -27.2186 3.25127 
vt -27.2186 3.19651 
vt -26.6049 3.25127 
vt -26.6049 3.19651 
vt -25.966 0.858376 
vt -25.966 0.803606 
vt -25.3522 0.858376 
vt -25.3522 0.803606 
vt -24.6104 1.71396 
vt -24.5556 1.71396 
vt -24.6104 2.32771 
vt -24.5556 2.32771 
vt -26.3389 3.23348 
vt -26.2719 3.23348 
vt -26.3389 3.64027 
vt -26.2719 3.64027 
vt -24.7906 3.23348 
vt -24.719 3.23348 
vt -24.7906 3.64027 
vt -24.719 3.64027 
vt -24.5605 0.80616 
vt -24.5605 0.860382 
vt -27.9754 0.80616 
vt -27.9754 0.860382 
vt -24.6152 0.859747 
vt -24.561 0.859747 
vt -24.6152 3.25 
vt -24.561 3.25 
vt -24.5605 3.19525 
vt -24.5605 3.24947 
vt -27.9754 3.19525 
vt -27.9754 3.24947 
vt -27.9745 0.859747 
vt -27.9202 0.859747 
vt -27.9745 3.25 
vt -27.9202 3.25 
vt -27.4612 0.380532 
vt -27.4612 0.841348 
vt -27.5089 0.380532 
vt -27.5089 0.841348 
vt -26.9435 0.380533 
vt -26.9435 0.84135 
vt -26.9911 0.380533 
vt -26.9911 0.84135 
vt -27.9371 2.09085 
vt -27.9371 2.01403 
vt -24.6 2.09085 
vt -24.6 2.01403 
vt -24.6152 0.85975 
vt -24.561 0.85975 
vt -24.6152 3.25 
vt -24.561 3.25 
vt -24.5605 3.19525 
vt -24.5605 3.24947 
vt -27.9754 3.19525 
vt -27.9754 3.24947 
vt -27.9745 0.85975 
vt -27.9202 0.85975 
vt -27.9745 3.25 
vt -27.9202 3.25 
vt -24.5605 0.806161 
vt -24.5605 0.860385 
vt -27.9754 0.806161 
vt -27.9754 0.860383 
vt -28.0481 3.7593 
vt -28.0481 1.96212 
vt -27.8771 3.7593 
vt -27.8771 1.96212 
vt -24.6235 3.75733 
vt -24.6235 1.96212 
vt -24.4524 3.75733 
vt -24.4524 1.96212 
vt -28.0385 3.69725 
vt -24.456 3.69725 
vt -28.0385 3.76125 
vt -24.456 3.76125 
vt -24.625 2.04651 
vt -24.625 0.419971 
vt -24.4521 2.04651 
vt -24.4521 0.419971 
vt -28.0497 2.04651 
vt -28.0497 0.419971 
vt -27.8769 2.04651 
vt -27.8769 0.419971 
vt -24.4709 0.483144 
vt -28.0349 0.483143 
vt -24.4709 0.420625 
vt -28.0349 0.420625 
vt -25.028 0.985939 
vt -25.5339 0.985939 
vt -25.028 0.962065 
vt -25.5339 0.962065 
vt -25.028 1.08106 
vt -25.5214 1.08106 
vt -25.028 1.05731 
vt -25.5214 1.05731 
vt -24.4521 3.54219 
vt -24.4521 2.56869 
vt -24.4521 2.49356 
vt -24.4537 3.46506 
vt -25.0301 1.17631 
vt -25.5235 1.17631 
vt -25.0301 1.15256 
vt -25.5235 1.15256 
vt -24.4634 2.53156 
vt -24.4634 2.45481 
vt -24.467 2.49394 
vt -28.0497 2.56869 
vt -27.8769 3.54219 
vt -27.8769 2.56869 
vt -24.625 2.56869 
vt -24.5117 2.83606 
vt -24.5117 0.881439 
vt -24.5117 2.83606 
vt -24.5117 0.881439 
vt -24.533 2.29181 
vt -24.5264 1.81119 
vt -24.5264 1.81119 
vt -24.533 2.28756 
vt -24.5265 1.86631 
vt -24.5265 1.83406 
vt -24.5265 2.47231 
vt -24.5265 2.72906 
vt -24.5265 2.72781 
vt -24.5265 2.69556 
vt -24.5265 2.47231 
vt -24.5265 2.44006 
vt -24.5265 1.29631 
vt -24.5265 1.26406 
vt -24.5274 1.86644 
vt -24.5274 1.29631 
vt -24.5274 1.26406 
vt -24.5274 1.86644 
vt -24.5274 1.83419 
vt -24.5274 2.17219 
vt -24.5274 2.44019 
vt -24.5274 2.44006 
vt -24.5265 1.29619 
vt -24.5265 1.26406 
vt -25.028 1.27156 
vt -25.5214 1.27156 
vt -25.028 1.24781 
vt -25.5214 1.24781 
vt -24.5647 2.74556 
vt -24.5647 2.67806 
vt -24.5759 1.26844 
vt -26.5359 1.79206 
vt -26.5359 1.81706 
vt -27.1496 1.79206 
vt -27.1496 1.81706 
vt -27.1251 2.29344 
vt -27.1501 2.29344 
vt -27.1251 1.79656 
vt -27.1501 1.79656 
vt -26.536 2.29344 
vt -26.561 2.29344 
vt -26.536 1.79656 
vt -26.561 1.79656 
vt -26.5359 2.27281 
vt -26.5359 2.29781 
vt -27.1496 2.27281 
vt -27.1496 2.29781 
vt -27.9064 1.58381 
vt -27.9064 1.55156 
vt -25.5681 1.58381 
vt -25.5681 1.55156 
vt -24.9811 2.20444 
vt -24.9811 2.17219 
vt -24.5265 2.20444 
vt -24.5265 2.17219 
vt -24.9644 2.21269 
vt -24.9644 2.24494 
vt -25.5846 2.21269 
vt -25.5846 2.24494 
vt -26.5379 2.20444 
vt -26.5379 2.17219 
vt -25.5789 2.20444 
vt -25.5789 2.17219 
vt -27.9092 2.20444 
vt -27.9092 2.17219 
vt -27.1457 2.20444 
vt -27.1457 2.17219 
vt -27.9415 1.86644 
vt -27.9415 1.83419 
vt -27.1427 1.86644 
vt -27.1427 1.83419 
vt -27.8827 2.83606 
vt -27.9577 2.83606 
vt -27.8827 0.881439 
vt -27.9577 0.881439 
vt -27.9414 2.47231 
vt -27.9414 2.44006 
vt -24.5265 2.47231 
vt -24.5265 2.44006 
vt -27.9414 2.72906 
vt -27.9414 2.69681 
vt -24.5265 2.72906 
vt -24.5265 2.69681 
vt -24.9767 1.86644 
vt -24.9767 1.83419 
vt -24.5265 1.86644 
vt -24.5265 1.83419 
vt -24.9651 2.23506 
vt -24.9972 2.23506 
vt -24.9651 1.27256 
vt -24.9974 1.27256 
vt -24.9721 1.58381 
vt -24.9721 1.55156 
vt -24.5265 1.58381 
vt -24.5265 1.55156 
vt -24.5117 2.83606 
vt -24.5866 2.83606 
vt -24.5117 0.881439 
vt -24.5867 0.881439 
vt -25.5526 2.23506 
vt -25.5847 2.23506 
vt -25.5526 1.27256 
vt -25.5849 1.27256 
vt -24.9644 1.27281 
vt -24.9644 1.30506 
vt -25.5846 1.27281 
vt -25.5846 1.30506 
vt -26.5502 1.86644 
vt -26.5502 1.83419 
vt -25.5714 1.86644 
vt -25.5714 1.83419 
vt -27.9415 1.29631 
vt -27.9415 1.26406 
vt -24.5265 1.29619 
vt -24.5265 1.26406 
vt -24.5816 1.86644 
vt -24.5816 1.83419 
vt -24.5274 1.86644 
vt -24.5274 1.83419 
vt -27.9409 1.58381 
vt -27.9409 1.55156 
vt -27.8866 1.58381 
vt -27.8866 1.55156 
vt -27.9409 2.72781 
vt -27.9409 2.69556 
vt -27.8866 2.72781 
vt -27.8866 2.69556 
vt -27.9409 2.47231 
vt -27.9409 2.44006 
vt -27.8866 2.47231 
vt -27.8866 2.44006 
vt -27.9409 1.86644 
vt -27.9409 1.83419 
vt -27.8866 1.86644 
vt -27.8866 1.83419 
vt -27.9409 2.20444 
vt -27.9409 2.17219 
vt -27.8866 2.20444 
vt -27.8866 2.17219 
vt -24.5816 1.58381 
vt -24.5816 1.55156 
vt -24.5275 1.58381 
vt -24.5275 1.55156 
vt -24.5816 2.20444 
vt -24.5816 2.17219 
vt -24.5274 2.20444 
vt -24.5274 2.17219 
vt -24.5816 2.72781 
vt -24.5816 2.69556 
vt -24.5274 2.72781 
vt -24.5274 2.69556 
vt -24.5816 2.47244 
vt -24.5816 2.44019 
vt -24.5274 2.47244 
vt -24.5274 2.44019 
vt -26.7691 1.27681 
vt -26.7691 1.26406 
vt -26.715 1.27681 
vt -26.715 1.26406 
vt -26.9577 1.27706 
vt -26.9577 1.26381 
vt -26.9014 1.27706 
vt -26.9014 1.26381 
vt -27.1441 1.27681 
vt -27.1441 1.26406 
vt -27.09 1.27681 
vt -27.09 1.26406 
vt -26.5441 1.27681 
vt -26.5441 1.26406 
vt -26.49 1.27681 
vt -26.49 1.26406 
vt -25.3441 1.27681 
vt -25.3441 1.26406 
vt -25.2899 1.27681 
vt -25.2899 1.26406 
vt -27.7691 1.27681 
vt -27.7691 1.26406 
vt -27.69 1.27681 
vt -27.69 1.26406 
vt -25.7566 1.27681 
vt -25.7566 1.26406 
vt -25.7024 1.27681 
vt -25.7024 1.26406 
vt -27.5611 1.27781 
vt -27.5611 1.26306 
vt -27.498 1.27781 
vt -27.498 1.26306 
vt -27.3316 1.27681 
vt -27.3316 1.26406 
vt -27.2775 1.27681 
vt -27.2775 1.26406 
vt -27.9409 1.29631 
vt -27.9409 1.26406 
vt -27.8866 1.29631 
vt -27.8866 1.26406 
vt -25.5691 1.27681 
vt -25.5691 1.26406 
vt -25.5149 1.27681 
vt -25.5149 1.26406 
vt -25.9816 1.27681 
vt -25.9816 1.26406 
vt -25.9274 1.27681 
vt -25.9274 1.26406 
vt -24.5816 1.29631 
vt -24.5816 1.26406 
vt -24.5274 1.29631 
vt -24.5274 1.26406 
vt -26.1691 1.27681 
vt -26.1691 1.26406 
vt -26.115 1.27681 
vt -26.115 1.26406 
vt -25.1566 1.27681 
vt -25.1566 1.26406 
vt -25.1024 1.27681 
vt -25.1024 1.26406 
vt -26.3566 1.27681 
vt -26.3566 1.26406 
vt -26.3025 1.27681 
vt -26.3025 1.26406 
vt -24.7441 1.27681 
vt -24.7441 1.26406 
vt -24.6899 1.27681 
vt -24.6899 1.26406 
vt -24.9316 1.27681 
vt -24.9316 1.26406 
vt -24.8774 1.27681 
vt -24.8774 1.26406 
vt -24.5759 1.26844 
vt -24.5759 1.28106 
vt -27.8925 1.26844 
vt -27.8925 1.28106 
vt -28.0497 2.49356 
vt -28.0495 3.54169 
vt -28.0495 3.46506 
vt -28.0495 2.41981 
vt -28.0459 2.53156 
vt -28.0459 2.45481 
vt -24.5759 1.26844 
vt -24.5759 1.28106 
vt -27.8925 1.26844 
vt -27.8925 1.28106 
vt -24.5759 1.26844 
vt -24.5759 1.28106 
vt -27.8925 1.26844 
vt -27.8925 1.28106 
vt -27.9577 2.83606 
vt -27.9577 0.881439 
vt -27.9415 1.86644 
vt -27.9415 1.83419 
vt -27.9414 2.17219 
vt -27.9414 2.72781 
vt -27.9414 2.69556 
vt -27.9414 2.47231 
vt -27.9414 2.44019 
vt -27.9415 1.29631 
vt -27.9415 1.26406 
vt -27.9415 1.29631 
vt -27.9415 1.26406 
vt -27.9409 1.83419 
vt -27.9409 1.86644 
vt -27.9409 2.44006 
vt -27.9409 1.83419 
vt -27.9466 2.28756 
vt -27.94 1.81119 
vt -27.94 1.81119 
vt -27.9466 2.28756 
vt -27.9462 2.26681 
vt -27.9466 2.29181 
vt -26.1612 0.881439 
vt -27.3816 1.26844 
vt -27.3396 1.61456 
vt -27.3816 1.61456 
vt -27.4896 1.61456 
vt -27.5316 1.61456 
vt -27.6066 1.61456 
vt -27.6396 1.26844 
vt -27.6816 1.26844 
vt -26.3316 1.61456 
vt -26.4816 1.26844 
vt -26.4395 1.61456 
vt -26.4816 1.61456 
vt -26.5146 1.26844 
vt -26.5566 1.26844 
vt -26.5146 1.61456 
vt -26.5566 1.61456 
vt -26.6316 1.26844 
vt -26.7066 1.26844 
vt -26.7396 1.61456 
vt -26.7816 1.61456 
vt -27.0066 1.26844 
vt -27.0066 1.61456 
vt -27.0816 1.61456 
vt -27.1146 1.61456 
vt -24.5759 1.26844 
vt -24.5759 1.28106 
vt -27.8925 1.26844 
vt -27.8925 1.28106 
vt -27.7112 1.64131 
vt -27.7112 1.60919 
vt -27.7829 1.60919 
vt -26.2329 1.64131 
vt -26.2329 1.60919 
vt -26.7691 1.27669 
vt -26.9014 1.26381 
vt -26.9577 1.27694 
vt -27.1441 1.27669 
vt -27.498 1.26294 
vt -27.5611 1.27781 
vt -27.2775 1.26406 
vt -27.3316 1.27669 
vt -27.9019 2.74556 
vt -27.9019 2.67806 
vt -27.7334 1.26919 
vt -27.7334 1.28681 
vt -27.7691 1.27669 
vt -24.9644 2.24494 
vt -24.9644 2.21269 
vt -24.4537 3.54169 
vt -24.6247 3.54169 
vt -24.4537 3.46506 
vt -24.6247 3.46506 
vt -27.8784 3.54169 
vt -28.0495 3.54169 
vt -27.8784 3.46506 
vt -28.0495 3.46506 
vt -24.5759 1.26844 
vt -24.5759 1.28106 
vt -27.8925 1.26844 
vt -27.8925 1.28106 
vt -26.2142 1.26844 
vt -25.028 1.08106 
vt -27.8769 2.56869 
vt -28.0497 2.56869 
vt -27.8769 2.49356 
vt -28.0497 2.49356 
vt -24.4521 2.56869 
vt -24.625 2.56869 
vt -24.4521 2.49356 
vt -24.625 2.49356 
vt -24.467 2.56906 
vt -28.031 2.56906 
vt -24.467 2.49394 
vt -28.031 2.49394 
vt -24.5759 1.26844 
vt -24.5759 1.28106 
vt -27.8925 1.26844 
vt -27.8925 1.28106 
vt -27.7829 1.64131 
vt -27.7831 1.66894 
vt -27.7831 0.881439 
vt -27.7831 2.56894 
vt -27.7831 1.27231 
vt -27.783 1.64131 
vt -27.783 1.60919 
vt -27.7334 1.28681 
vt -27.732 1.26844 
vt -27.7334 1.28681 
vt -27.7334 1.26919 
vt -27.7334 1.28681 
vt -27.7334 1.26919 
vt -27.7334 1.28681 
vt -27.7334 1.26919 
vt -27.7334 1.26919 
vt -27.7334 1.28681 
vt -27.7334 1.28681 
vt -27.7334 1.26919 
vt -27.7334 1.28681 
vt -27.7334 1.28681 
vt -27.7334 1.26919 
vt -24.5759 1.26844 
vt -24.5759 1.28106 
vt -27.8925 1.26844 
vt -27.8925 1.28106 
vt -27.6816 1.61456 
vt -24.5759 1.26844 
vt -24.5759 1.28106 
vt -27.8925 1.26844 
vt -27.8925 1.28106 
vt -27.8827 2.83606 
vt -24.5866 2.83606 
vt -27.6066 1.26844 
vt -24.5759 1.26844 
vt -24.5759 1.28106 
vt -27.8925 1.26844 
vt -27.8925 1.28106 
vt -25.2832 2.29631 
vt -25.2832 2.27131 
vt -25.2832 2.27131 
vt -25.2834 1.79519 
vt -24.5759 1.26844 
vt -24.5759 1.28106 
vt -27.8925 1.26844 
vt -27.8925 1.28106 
vt -26.2362 2.55769 
vt -24.5759 1.26844 
vt -24.5759 1.28106 
vt -27.8925 1.26844 
vt -27.8925 1.28106 
vt -27.732 1.26844 
vt -26.182 1.26844 
vt -24.5759 1.26844 
vt -24.5759 1.28106 
vt -27.8925 1.26844 
vt -27.8925 1.28106 
vt -27.3816 1.26844 
vt -27.3816 1.61456 
vt -27.7081 2.56894 
vt -26.1612 2.55769 
vt -26.2362 2.55769 
vt -24.5759 1.26844 
vt -24.5759 1.28106 
vt -27.8925 1.26844 
vt -27.8925 1.28106 
vt -27.2949 1.30506 
vt -27.2949 1.27281 
vt -27.2949 2.24494 
vt -27.2949 2.21269 
vt -24.5759 1.26844 
vt -24.5759 1.28106 
vt -27.8925 1.26844 
vt -27.8925 1.28106 
vt -24.5877 2.29106 
vt -24.5874 2.26606 
vt -24.533 2.29181 
vt -24.5326 2.26681 
vt -24.5811 1.81044 
vt -24.5809 1.78544 
vt -24.5264 1.81119 
vt -24.5261 1.78619 
vt -24.533 2.28756 
vt -24.5877 2.28681 
vt -24.5261 1.79056 
vt -24.5809 1.78981 
vt -27.9466 2.29181 
vt -27.9462 2.26681 
vt -27.8919 2.29256 
vt -27.8915 2.26756 
vt -27.94 1.81119 
vt -27.9397 1.78619 
vt -27.8852 1.81194 
vt -27.8852 1.81194 
vt -27.9397 1.78619 
vt -27.8849 1.78694 
vt -27.8917 2.28831 
vt -27.9466 2.28756 
vt -27.885 1.79131 
vt -27.9397 1.79056 
vt -25.58 2.29206 
vt -25.58 1.79519 
vt -27.2316 1.61456 
vt -24.5759 1.26844 
vt -24.5759 1.28106 
vt -27.8925 1.26844 
vt -27.8925 1.28106 
vt -24.5759 1.26844 
vt -24.5759 1.28106 
vt -27.8925 1.26844 
vt -27.8925 1.28106 
vt -26.1612 0.881439 
vt -26.2362 0.881439 
vt -27.7081 0.881439 
vt -27.8827 0.881439 
vt -24.5867 0.881439 
vt -27.1566 1.26844 
vt -27.1566 1.61456 
vt -26.1726 1.26919 
vt -27.8919 2.29256 
vt -27.8917 2.28831 
vt -27.8866 1.58381 
vt -24.5816 2.17219 
vt -25.889 2.17219 
vt -24.5759 1.26844 
vt -24.5759 1.28106 
vt -27.8925 1.26844 
vt -27.8925 1.28106 
vt -25.605 2.29206 
vt -25.8725 2.29206 
vt -25.3084 2.29206 
vt -27.0816 1.26844 
vt -24.5877 2.28681 
vt -27.8784 2.41981 
vt -24.5759 1.26844 
vt -24.5759 1.28106 
vt -27.8925 1.26844 
vt -27.8925 1.28106 
vt -27.2627 2.23506 
vt -26.6752 2.23506 
vt -27.0066 1.26844 
vt -27.0066 1.61456 
vt -27.2824 2.20444 
vt -26.6869 2.20444 
vt -24.5759 1.26844 
vt -24.5759 1.28106 
vt -27.8925 1.26844 
vt -27.8925 1.28106 
vt -24.5647 2.67806 
vt -24.5647 2.74556 
vt -27.9019 2.67806 
vt -27.9019 2.74556 
vt -25.8879 1.86631 
vt -24.5759 1.26844 
vt -24.5759 1.28106 
vt -27.8925 1.26844 
vt -27.8925 1.28106 
vt -26.8566 1.61456 
vt -24.5759 1.26844 
vt -24.5759 1.28106 
vt -27.8925 1.26844 
vt -27.8925 1.28106 
vt -24.5759 1.26844 
vt -24.5759 1.28106 
vt -27.8925 1.26844 
vt -27.8925 1.28106 
vt -26.7816 1.26844 
vt -26.7816 1.61456 
vt -26.1726 1.26919 
vt -27.3396 1.26844 
vt -27.732 1.26844 
vt -27.732 1.26844 
vt -26.3316 1.26844 
vt -26.4395 1.26844 
vt -26.5566 1.26844 
vt -26.2142 1.26844 
vt -26.182 1.26844 
vt -26.182 1.26844 
vt -26.182 1.26844 
vt -26.8896 1.26844 
vt -27.1146 1.26844 
vt -27.2646 1.26844 
vt -27.7081 1.27231 
vt -25.5846 1.27281 
vt -27.2627 1.27256 
vt -26.7075 1.27256 
vt -26.2362 1.28344 
vt -24.5759 1.26844 
vt -24.5759 1.28106 
vt -27.8925 1.26844 
vt -27.8925 1.28106 
vt -26.6945 1.86644 
vt -26.6945 1.83419 
vt -24.533 2.28756 
vt -24.5877 2.28681 
vt -24.5261 1.79056 
vt -24.5809 1.78981 
vt -26.6869 2.17219 
vt -27.8917 2.28831 
vt -27.9466 2.28756 
vt -27.885 1.79131 
vt -27.9397 1.79056 
vt -26.1695 1.64131 
vt -26.1695 1.60919 
vt -26.1726 1.28681 
vt -26.1726 1.28681 
vt -26.1726 1.28681 
vt -26.1726 1.28681 
vt -26.1726 1.28681 
vt -26.1726 1.28681 
vt -26.1726 1.28681 
vt -26.1726 1.28681 
vt -26.1726 1.28681 
vt -27.2765 1.86644 
vt -27.8866 1.86644 
vt -24.5816 1.86644 
vt -24.5816 1.83419 
vt -24.5274 1.86644 
vt -24.5274 1.83419 
vt -25.2981 1.86631 
vt -24.5816 2.20444 
vt -24.5816 2.17219 
vt -24.5274 2.20444 
vt -24.5274 2.17219 
vt -24.5759 1.26844 
vt -24.5759 1.28106 
vt -27.8925 1.26844 
vt -27.8925 1.28106 
vt -27.9409 2.20444 
vt -27.9409 2.17219 
vt -27.8866 2.20444 
vt -27.8866 2.17219 
vt -27.9409 1.86644 
vt -27.9409 1.83419 
vt -27.8866 1.86644 
vt -27.8866 1.83419 
vt -27.8852 1.81194 
vt -26.6316 1.61456 
vt -25.897 1.81569 
vt -24.5759 1.26844 
vt -24.5759 1.28106 
vt -27.8925 1.26844 
vt -27.8925 1.28106 
vt -24.5811 1.81044 
vt -24.5759 1.26844 
vt -24.5759 1.28106 
vt -27.8925 1.26844 
vt -27.8925 1.28106 
vt -24.5759 1.26844 
vt -24.5759 1.28106 
vt -27.8925 1.26844 
vt -27.8925 1.28106 
vt -27.7081 1.66894 
vt -26.2362 1.65769 
vt -27.7112 1.64131 
vt -27.7112 1.60919 
vt -27.4896 1.61456 
vt -26.4395 1.61456 
vt -24.5759 1.26844 
vt -24.5759 1.28106 
vt -27.8925 1.26844 
vt -27.8925 1.28106 
vt -26.6646 1.61456 
vt -26.8896 1.61456 
vt -26.9646 1.61456 
vt -27.2646 1.61456 
vt -24.5759 1.26844 
vt -24.5759 1.28106 
vt -27.8925 1.26844 
vt -27.8925 1.28106 
vt -26.5359 2.27281 
vt -24.5759 1.26844 
vt -24.5759 1.28106 
vt -27.8925 1.26844 
vt -27.8925 1.28106 
vt -25.605 1.79519 
vt -24.5759 1.26844 
vt -24.5759 1.28106 
vt -27.8925 1.26844 
vt -27.8925 1.28106 
vt -25.2981 1.83406 
vt -27.2765 1.83419 
vt -27.8866 1.83419 
vt -27.8915 2.26756 
vt -26.6745 1.30506 
vt -24.5759 1.26831 
vt -24.5759 1.28106 
vt -27.8925 1.26844 
vt -27.8925 1.28106 
vt -25.5846 1.30506 
vt -24.5759 1.26831 
vt -24.5759 1.28106 
vt -27.8925 1.26844 
vt -27.8925 1.28106 
vt -24.5759 1.26831 
vt -24.5759 1.28106 
vt -27.8925 1.26844 
vt -27.8925 1.28106 
vt -24.5759 1.26831 
vt -24.5759 1.28106 
vt -27.8925 1.26844 
vt -27.8925 1.28106 
vt -24.5759 1.26831 
vt -24.5759 1.28106 
vt -27.8925 1.26844 
vt -27.8925 1.28106 
vt -25.897 2.27131 
vt -25.5214 1.08106 
vt -27.1457 2.17219 
vt -25.2965 2.17219 
vt -24.4634 2.53156 
vt -28.0459 2.53156 
vt -24.4634 2.45481 
vt -28.0459 2.45481 
vt -24.5759 1.26831 
vt -24.5759 1.28106 
vt -27.8925 1.26844 
vt -27.8925 1.28106 
vt -27.8827 2.83606 
vt -27.9577 2.83606 
vt -27.8827 0.881439 
vt -27.9577 0.881439 
vt -24.5117 2.83606 
vt -24.5866 2.83606 
vt -24.5117 0.881439 
vt -24.5867 0.881439 
vt -24.5759 1.26831 
vt -24.5759 1.28106 
vt -27.8925 1.26844 
vt -27.8925 1.28106 
vt -25.58 2.29206 
vt -25.605 2.29206 
vt -25.58 1.79519 
vt -25.605 1.79519 
vt -25.2832 1.79069 
vt -25.2832 1.81569 
vt -25.897 1.79069 
vt -25.897 1.81569 
vt -25.8725 2.29206 
vt -25.8975 2.29206 
vt -25.8725 1.79519 
vt -25.8975 1.79519 
vt -25.2832 2.27131 
vt -25.2832 2.29631 
vt -25.897 2.27131 
vt -25.897 2.29631 
vt -25.2834 2.29206 
vt -25.3084 2.29206 
vt -25.2834 1.79519 
vt -25.3084 1.79519 
vt -25.2981 1.86631 
vt -25.2981 1.83406 
vt -24.5265 1.86631 
vt -24.5265 1.83406 
vt -27.9415 1.86644 
vt -27.9415 1.83419 
vt -27.2765 1.86644 
vt -27.2765 1.83419 
vt -27.9414 2.20444 
vt -27.9414 2.17219 
vt -27.2824 2.20444 
vt -27.2824 2.17219 
vt -27.9415 1.58381 
vt -27.9415 1.55156 
vt -27.2765 1.58381 
vt -27.2765 1.55156 
vt -27.9414 2.72781 
vt -27.9414 2.69556 
vt -24.5265 2.72781 
vt -24.5265 2.69556 
vt -26.6945 1.86644 
vt -26.6945 1.83419 
vt -25.8879 1.86631 
vt -25.8879 1.83419 
vt -27.9414 2.47231 
vt -27.9414 2.44019 
vt -24.5265 2.47231 
vt -24.5265 2.44006 
vt -26.6896 1.58381 
vt -26.6896 1.55156 
vt -24.5265 1.58381 
vt -24.5265 1.55156 
vt -25.2965 2.20431 
vt -25.2965 2.17219 
vt -24.5302 2.20431 
vt -24.5302 2.17206 
vt -26.6869 2.20444 
vt -26.6869 2.17219 
vt -25.889 2.20431 
vt -25.889 2.17219 
vt -26.6745 1.27281 
vt -26.6745 1.30506 
vt -27.2949 1.27281 
vt -27.2949 1.30506 
vt -27.2627 2.23506 
vt -27.295 2.23506 
vt -27.2627 1.27256 
vt -27.295 1.27256 
vt -26.6752 2.23506 
vt -26.7075 2.23506 
vt -26.6752 1.27256 
vt -26.7075 1.27256 
vt -26.6745 2.21269 
vt -26.6745 2.24494 
vt -27.2949 2.21269 
vt -27.2949 2.24494 
vt -27.9415 1.29631 
vt -27.9415 1.26406 
vt -24.5265 1.29631 
vt -24.5265 1.26406 
vt -27.7334 1.28681 
vt -27.7334 1.26919 
vt -26.1726 1.28681 
vt -26.1726 1.26919 
vt -26.23 2.40144 
vt -26.23 2.36919 
vt -26.163 2.40144 
vt -26.163 2.36919 
vt -27.7829 2.40144 
vt -27.7829 2.36919 
vt -27.7112 2.40144 
vt -27.7112 2.36919 
vt -27.7829 1.64131 
vt -27.7829 1.60919 
vt -27.7112 1.64131 
vt -27.7112 1.60919 
vt -26.2329 1.64131 
vt -26.2329 1.60919 
vt -26.1612 1.64131 
vt -26.1612 1.60919 
vt -27.7334 1.28681 
vt -27.7334 1.26919 
vt -26.1726 1.28681 
vt -26.1726 1.26919 
vt -27.7642 1.26844 
vt -27.732 1.26844 
vt -27.7642 1.61456 
vt -27.732 1.61456 
vt -26.2142 1.26844 
vt -26.182 1.26844 
vt -26.2142 1.61456 
vt -26.182 1.61456 
vt -27.7334 1.28681 
vt -27.7334 1.26919 
vt -26.1726 1.28681 
vt -26.1726 1.26919 
vt -27.7642 1.26844 
vt -27.732 1.26844 
vt -27.7642 1.61456 
vt -27.732 1.61456 
vt -26.2142 1.26844 
vt -26.182 1.26844 
vt -26.2142 1.61456 
vt -26.182 1.61456 
vt -27.7334 1.28681 
vt -27.7334 1.26919 
vt -26.1726 1.28681 
vt -26.1726 1.26919 
vt -27.7642 1.26844 
vt -27.732 1.26844 
vt -27.7642 1.61456 
vt -27.732 1.61456 
vt -26.2142 1.26844 
vt -26.182 1.26844 
vt -26.2142 1.61456 
vt -26.182 1.61456 
vt -27.7334 1.28681 
vt -27.7334 1.26919 
vt -26.1726 1.28681 
vt -26.1726 1.26919 
vt -27.7334 1.28681 
vt -27.7334 1.26919 
vt -26.1726 1.28681 
vt -26.1726 1.26919 
vt -27.7642 1.26844 
vt -27.732 1.26844 
vt -27.7642 1.61456 
vt -27.732 1.61456 
vt -26.2142 1.26844 
vt -26.182 1.26844 
vt -26.2142 1.61456 
vt -26.182 1.61456 
vt -27.7334 1.28681 
vt -27.7334 1.26919 
vt -26.1726 1.28681 
vt -26.1726 1.26919 
vt -26.1612 2.55769 
vt -26.2362 2.55769 
vt -26.1612 1.28344 
vt -26.2362 1.28344 
vt -27.7081 2.56894 
vt -27.7831 2.56894 
vt -27.7081 1.27231 
vt -27.7831 1.27231 
vt -27.7642 1.26844 
vt -27.732 1.26844 
vt -27.7642 1.61456 
vt -27.732 1.61456 
vt -26.2142 1.26844 
vt -26.182 1.26844 
vt -26.2142 1.61456 
vt -26.182 1.61456 
vt -27.7334 1.28681 
vt -27.7334 1.26919 
vt -26.1726 1.28681 
vt -26.1726 1.26919 
vt -27.7642 1.26844 
vt -27.732 1.26844 
vt -27.7642 1.61456 
vt -27.732 1.61456 
vt -26.2142 1.26844 
vt -26.182 1.26844 
vt -26.2142 1.61456 
vt -26.182 1.61456 
vt -27.7334 1.28681 
vt -27.7334 1.26919 
vt -26.1726 1.28681 
vt -26.1726 1.26919 
vt -27.7642 1.26844 
vt -27.732 1.26844 
vt -27.7642 1.61456 
vt -27.732 1.61456 
vt -26.2142 1.26844 
vt -26.182 1.26844 
vt -26.2142 1.61456 
vt -26.182 1.61456 
vt -27.7334 1.28681 
vt -27.7334 1.26919 
vt -26.1726 1.28681 
vt -26.1726 1.26919 
vt -27.7642 1.26844 
vt -27.732 1.26844 
vt -27.7642 1.61456 
vt -27.732 1.61456 
vt -26.2142 1.26844 
vt -26.182 1.26844 
vt -26.2142 1.61456 
vt -26.182 1.61456 
vt -27.7334 1.28681 
vt -27.7334 1.26919 
vt -26.1726 1.28681 
vt -26.1726 1.26919 
vt -27.7334 1.28681 
vt -27.7334 1.26919 
vt -26.1726 1.28681 
vt -26.1726 1.26919 
vt -26.2142 1.26844 
vt -26.182 1.26844 
vt -26.2142 1.61456 
vt -26.182 1.61456 
vt -27.7642 1.26844 
vt -27.732 1.26844 
vt -27.7642 1.61456 
vt -27.732 1.61456 
vt -27.7334 1.28681 
vt -27.7334 1.26919 
vt -26.1726 1.28681 
vt -26.1726 1.26919 
vt -26.1612 1.65769 
vt -26.2362 1.65769 
vt -26.1612 0.881439 
vt -26.2362 0.881439 
vt -27.7081 1.66894 
vt -27.7831 1.66894 
vt -27.7081 0.881439 
vt -27.7831 0.881439 
vt -27.783 1.64131 
vt -27.783 1.60919 
vt -26.1695 1.64131 
vt -26.1695 1.60919 
vt -27.3816 1.26844 
vt -27.3396 1.26844 
vt -27.3816 1.61456 
vt -27.3396 1.61456 
vt -27.4566 1.26844 
vt -27.4146 1.26844 
vt -27.4566 1.61456 
vt -27.4146 1.61456 
vt -27.5316 1.26844 
vt -27.4896 1.26844 
vt -27.5316 1.61456 
vt -27.4896 1.61456 
vt -27.6066 1.26844 
vt -27.5646 1.26844 
vt -27.6066 1.61456 
vt -27.5646 1.61456 
vt -27.6816 1.26844 
vt -27.6396 1.26844 
vt -27.6816 1.61456 
vt -27.6396 1.61456 
vt -26.3316 1.26844 
vt -26.2895 1.26844 
vt -26.3316 1.61456 
vt -26.2895 1.61456 
vt -26.4066 1.26844 
vt -26.3645 1.26844 
vt -26.4066 1.61456 
vt -26.3645 1.61456 
vt -26.4816 1.26844 
vt -26.4395 1.26844 
vt -26.4816 1.61456 
vt -26.4395 1.61456 
vt -26.5566 1.26844 
vt -26.5146 1.26844 
vt -26.5566 1.61456 
vt -26.5146 1.61456 
vt -26.6316 1.26844 
vt -26.5896 1.26844 
vt -26.6316 1.61456 
vt -26.5896 1.61456 
vt -26.7066 1.26844 
vt -26.6646 1.26844 
vt -26.7066 1.61456 
vt -26.6646 1.61456 
vt -26.7816 1.26844 
vt -26.7396 1.26844 
vt -26.7816 1.61456 
vt -26.7396 1.61456 
vt -26.8566 1.26844 
vt -26.8146 1.26844 
vt -26.8566 1.61456 
vt -26.8146 1.61456 
vt -26.9316 1.26844 
vt -26.8896 1.26844 
vt -26.9316 1.61456 
vt -26.8896 1.61456 
vt -27.0066 1.26844 
vt -26.9646 1.26844 
vt -27.0066 1.61456 
vt -26.9646 1.61456 
vt -27.0816 1.26844 
vt -27.0396 1.26844 
vt -27.0816 1.61456 
vt -27.0396 1.61456 
vt -27.1566 1.26844 
vt -27.1146 1.26844 
vt -27.1566 1.61456 
vt -27.1146 1.61456 
vt -27.2316 1.26844 
vt -27.1896 1.26844 
vt -27.2316 1.61456 
vt -27.1896 1.61456 
vt -27.3066 1.26844 
vt -27.2646 1.26844 
vt -27.3066 1.61456 
vt -27.2646 1.61456 
vt -27.7742 1.28894 
vt -27.7742 1.25669 
vt -26.162 1.28894 
vt -26.162 1.25669 

usemtl Frame1Mtl

f 534/534/534 535/535/535 536/536/536 
f 536/536/536 535/535/535 537/537/537 
f 538/538/538 539/539/539 540/540/540 
f 540/540/540 539/539/539 541/541/541 
f 542/542/542 543/543/543 544/544/544 
f 544/544/544 543/543/543 545/545/545 
f 546/546/546 547/547/547 548/548/548 
f 548/548/548 547/547/547 549/549/549 
f 550/550/550 551/551/551 552/552/552 
f 552/552/552 551/551/551 553/553/553 
f 554/554/554 555/555/555 556/556/556 
f 556/556/556 555/555/555 557/557/557 
f 558/558/558 559/559/559 560/560/560 
f 560/560/560 559/559/559 561/561/561 
f 562/562/562 563/563/563 564/564/564 
f 564/564/564 563/563/563 565/565/565 
f 566/566/566 567/567/567 568/568/568 
f 568/568/568 567/567/567 569/569/569 
f 570/570/570 571/571/571 572/572/572 
f 572/572/572 571/571/571 573/573/573 
f 574/574/574 575/575/575 576/576/576 
f 576/576/576 575/575/575 577/577/577 
f 578/578/578 579/579/579 580/580/580 
f 580/580/580 579/579/579 581/581/581 
f 582/582/582 583/583/583 584/584/584 
f 584/584/584 583/583/583 585/585/585 
f 586/586/586 587/587/587 588/588/588 
f 588/588/588 587/587/587 589/589/589 
f 590/590/590 591/591/591 592/592/592 
f 592/592/592 591/591/591 593/593/593 
f 594/594/594 595/595/595 596/596/596 
f 596/596/596 595/595/595 597/597/597 
f 598/598/598 599/599/599 600/600/600 
f 600/600/600 599/599/599 601/601/601 
f 602/602/602 603/603/603 604/604/604 
f 604/604/604 603/603/603 605/605/605 
f 606/606/606 607/607/607 608/608/608 
f 608/608/608 607/607/607 609/609/609 
f 610/610/610 611/611/611 612/612/612 
f 612/612/612 611/611/611 613/613/613 
f 614/614/614 615/615/615 616/616/616 
f 616/616/616 615/615/615 617/617/617 
f 618/618/618 619/619/619 620/620/620 
f 620/620/620 619/619/619 621/621/621 
f 622/622/622 623/623/623 624/624/624 
f 624/624/624 623/623/623 625/625/625 
f 626/626/626 627/627/627 628/628/628 
f 628/628/628 627/627/627 629/629/629 
f 630/630/630 631/631/631 632/632/632 
f 632/632/632 631/631/631 633/633/633 
f 634/634/634 635/635/635 636/636/636 
f 636/636/636 635/635/635 637/637/637 
f 638/638/638 639/639/639 640/640/640 
f 640/640/640 639/639/639 641/641/641 
f 642/642/642 643/643/643 644/644/644 
f 644/644/644 643/643/643 645/645/645 
f 659/659/659 660/660/660 661/661/661 
f 661/661/661 660/660/660 662/662/662 
f 663/663/663 664/664/664 665/665/665 
f 665/665/665 664/664/664 666/666/666 
f 667/667/667 668/668/668 669/669/669 
f 669/669/669 668/668/668 670/670/670 
f 671/671/671 672/672/672 673/673/673 
f 673/673/673 672/672/672 674/674/674 
f 675/675/675 676/676/676 677/677/677 
f 677/677/677 676/676/676 678/678/678 
f 679/679/679 680/680/680 681/681/681 
f 681/681/681 680/680/680 682/682/682 
f 683/683/683 684/684/684 685/685/685 
f 685/685/685 684/684/684 686/686/686 
f 687/687/687 688/688/688 689/689/689 
f 689/689/689 688/688/688 690/690/690 
f 691/691/691 692/692/692 693/693/693 
f 693/693/693 692/692/692 694/694/694 
f 695/695/695 696/696/696 697/697/697 
f 697/697/697 696/696/696 698/698/698 
f 699/699/699 700/700/700 701/701/701 
f 701/701/701 700/700/700 702/702/702 
f 703/703/703 704/704/704 705/705/705 
f 705/705/705 704/704/704 706/706/706 
f 707/707/707 708/708/708 709/709/709 
f 709/709/709 708/708/708 710/710/710 
f 711/711/711 712/712/712 713/713/713 
f 713/713/713 712/712/712 714/714/714 
f 715/715/715 716/716/716 717/717/717 
f 717/717/717 716/716/716 718/718/718 
f 719/719/719 720/720/720 721/721/721 
f 721/721/721 720/720/720 722/722/722 
f 723/723/723 724/724/724 725/725/725 
f 725/725/725 724/724/724 726/726/726 
f 727/727/727 728/728/728 729/729/729 
f 729/729/729 728/728/728 730/730/730 
f 731/731/731 732/732/732 733/733/733 
f 733/733/733 732/732/732 734/734/734 
f 735/735/735 736/736/736 737/737/737 
f 737/737/737 736/736/736 738/738/738 
f 739/739/739 740/740/740 741/741/741 
f 741/741/741 740/740/740 742/742/742 
f 743/743/743 744/744/744 745/745/745 
f 745/745/745 744/744/744 746/746/746 
f 747/747/747 748/748/748 749/749/749 
f 749/749/749 748/748/748 750/750/750 
f 751/751/751 752/752/752 753/753/753 
f 753/753/753 752/752/752 754/754/754 
f 755/755/755 756/756/756 757/757/757 
f 757/757/757 756/756/756 758/758/758 
f 759/759/759 760/760/760 761/761/761 
f 761/761/761 760/760/760 762/762/762 
f 763/763/763 764/764/764 765/765/765 
f 765/765/765 764/764/764 766/766/766 
f 767/767/767 768/768/768 769/769/769 
f 769/769/769 768/768/768 770/770/770 
f 771/771/771 772/772/772 773/773/773 
f 773/773/773 772/772/772 774/774/774 
f 775/775/775 776/776/776 777/777/777 
f 777/777/777 776/776/776 778/778/778 
f 779/779/779 780/780/780 781/781/781 
f 781/781/781 780/780/780 782/782/782 
f 783/783/783 784/784/784 785/785/785 
f 785/785/785 784/784/784 786/786/786 
f 787/787/787 788/788/788 789/789/789 
f 789/789/789 788/788/788 790/790/790 
f 791/791/791 792/792/792 793/793/793 
f 793/793/793 792/792/792 794/794/794 
f 795/795/795 796/796/796 797/797/797 
f 797/797/797 796/796/796 798/798/798 
f 799/799/799 800/800/800 801/801/801 
f 801/801/801 800/800/800 802/802/802 
f 803/803/803 804/804/804 805/805/805 
f 805/805/805 804/804/804 806/806/806 
f 807/807/807 808/808/808 809/809/809 
f 809/809/809 808/808/808 810/810/810 
f 811/811/811 812/812/812 813/813/813 
f 813/813/813 812/812/812 814/814/814 
f 815/815/815 816/816/816 817/817/817 
f 817/817/817 816/816/816 818/818/818 
f 819/819/819 820/820/820 821/821/821 
f 821/821/821 820/820/820 822/822/822 
f 830/830/830 831/831/831 832/832/832 
f 832/832/832 831/831/831 833/833/833 
f 834/834/834 835/835/835 836/836/836 
f 836/836/836 835/835/835 837/837/837 
f 838/838/838 839/839/839 840/840/840 
f 840/840/840 839/839/839 841/841/841 
f 842/842/842 843/843/843 844/844/844 
f 844/844/844 843/843/843 845/845/845 
f 846/846/846 847/847/847 848/848/848 
f 848/848/848 847/847/847 849/849/849 
f 850/850/850 851/851/851 852/852/852 
f 852/852/852 851/851/851 853/853/853 
f 854/854/854 855/855/855 856/856/856 
f 856/856/856 855/855/855 857/857/857 
f 858/858/858 859/859/859 860/860/860 
f 860/860/860 859/859/859 861/861/861 
f 862/862/862 863/863/863 864/864/864 
f 864/864/864 863/863/863 865/865/865 
f 866/866/866 867/867/867 868/868/868 
f 868/868/868 867/867/867 869/869/869 
f 870/870/870 871/871/871 872/872/872 
f 872/872/872 871/871/871 873/873/873 
f 874/874/874 875/875/875 876/876/876 
f 876/876/876 875/875/875 877/877/877 
f 878/878/878 879/879/879 880/880/880 
f 880/880/880 879/879/879 881/881/881 
f 882/882/882 883/883/883 884/884/884 
f 884/884/884 883/883/883 885/885/885 
f 886/886/886 887/887/887 888/888/888 
f 888/888/888 887/887/887 889/889/889 
f 890/890/890 891/891/891 892/892/892 
f 892/892/892 891/891/891 893/893/893 
f 897/897/897 898/898/898 899/899/899 
f 899/899/899 898/898/898 900/900/900 
f 901/901/901 902/902/902 903/903/903 
f 903/903/903 902/902/902 904/904/904 
f 905/905/905 906/906/906 907/907/907 
f 907/907/907 906/906/906 908/908/908 
f 909/909/909 910/910/910 911/911/911 
f 911/911/911 910/910/910 912/912/912 
f 913/913/913 914/914/914 915/915/915 
f 915/915/915 914/914/914 916/916/916 
f 917/917/917 918/918/918 919/919/919 
f 919/919/919 918/918/918 920/920/920 
f 921/921/921 922/922/922 923/923/923 
f 923/923/923 922/922/922 924/924/924 
f 925/925/925 926/926/926 927/927/927 
f 927/927/927 926/926/926 928/928/928 
f 929/929/929 930/930/930 931/931/931 
f 931/931/931 930/930/930 932/932/932 
f 933/933/933 934/934/934 935/935/935 
f 935/935/935 934/934/934 936/936/936 
f 937/937/937 938/938/938 939/939/939 
f 939/939/939 938/938/938 940/940/940 
f 941/941/941 942/942/942 943/943/943 
f 943/943/943 942/942/942 944/944/944 
f 945/945/945 946/946/946 947/947/947 
f 947/947/947 946/946/946 948/948/948 
f 949/949/949 950/950/950 951/951/951 
f 951/951/951 950/950/950 952/952/952 
f 959/959/959 960/960/960 961/961/961 
f 961/961/961 960/960/960 962/962/962 
f 966/966/966 967/967/967 968/968/968 
f 968/968/968 967/967/967 969/969/969 
f 975/975/975 976/976/976 977/977/977 
f 977/977/977 976/976/976 978/978/978 
f 985/985/985 986/986/986 987/987/987 
f 987/987/987 986/986/986 988/988/988 
f 992/992/992 993/993/993 994/994/994 
f 994/994/994 993/993/993 995/995/995 
f 1001/1001/1001 1002/1002/1002 1003/1003/1003 
f 1003/1003/1003 1002/1002/1002 1004/1004/1004 
f 1005/1005/1005 1006/1006/1006 1007/1007/1007 
f 1007/1007/1007 1006/1006/1006 1008/1008/1008 
f 1009/1009/1009 1010/1010/1010 1011/1011/1011 
f 1011/1011/1011 1010/1010/1010 1012/1012/1012 
f 1013/1013/1013 1014/1014/1014 1015/1015/1015 
f 1015/1015/1015 1014/1014/1014 1016/1016/1016 
f 1017/1017/1017 1018/1018/1018 1019/1019/1019 
f 1019/1019/1019 1018/1018/1018 1020/1020/1020 
f 1030/1030/1030 1031/1031/1031 1032/1032/1032 
f 1032/1032/1032 1031/1031/1031 1033/1033/1033 
f 1043/1043/1043 1044/1044/1044 1045/1045/1045 
f 1045/1045/1045 1044/1044/1044 1046/1046/1046 
f 1047/1047/1047 1048/1048/1048 1049/1049/1049 
f 1049/1049/1049 1048/1048/1048 1050/1050/1050 
f 1051/1051/1051 1052/1052/1052 1053/1053/1053 
f 1053/1053/1053 1052/1052/1052 1054/1054/1054 
f 1055/1055/1055 1056/1056/1056 1057/1057/1057 
f 1057/1057/1057 1056/1056/1056 1058/1058/1058 
f 1059/1059/1059 1060/1060/1060 1061/1061/1061 
f 1061/1061/1061 1060/1060/1060 1062/1062/1062 
f 1087/1087/1087 1088/1088/1088 1089/1089/1089 
f 1089/1089/1089 1088/1088/1088 1090/1090/1090 
f 1096/1096/1096 1097/1097/1097 1098/1098/1098 
f 1098/1098/1098 1097/1097/1097 1099/1099/1099 
f 1101/1101/1101 1102/1102/1102 1103/1103/1103 
f 1103/1103/1103 1102/1102/1102 1104/1104/1104 
f 1106/1106/1106 1107/1107/1107 1108/1108/1108 
f 1108/1108/1108 1107/1107/1107 1109/1109/1109 
f 1112/1112/1112 1113/1113/1113 1114/1114/1114 
f 1114/1114/1114 1113/1113/1113 1115/1115/1115 
f 1116/1116/1116 1117/1117/1117 1118/1118/1118 
f 1118/1118/1118 1117/1117/1117 1119/1119/1119 
f 1132/1132/1132 1133/1133/1133 1134/1134/1134 
f 1134/1134/1134 1133/1133/1133 1135/1135/1135 
f 1140/1140/1140 1141/1141/1141 1142/1142/1142 
f 1142/1142/1142 1141/1141/1141 1143/1143/1143 
f 1144/1144/1144 1145/1145/1145 1146/1146/1146 
f 1146/1146/1146 1145/1145/1145 1147/1147/1147 
f 1148/1148/1148 1149/1149/1149 1150/1150/1150 
f 1150/1150/1150 1149/1149/1149 1151/1151/1151 
f 1152/1152/1152 1153/1153/1153 1154/1154/1154 
f 1154/1154/1154 1153/1153/1153 1155/1155/1155 
f 1156/1156/1156 1157/1157/1157 1158/1158/1158 
f 1158/1158/1158 1157/1157/1157 1159/1159/1159 
f 1168/1168/1168 1169/1169/1169 1170/1170/1170 
f 1170/1170/1170 1169/1169/1169 1171/1171/1171 
f 1174/1174/1174 1175/1175/1175 1176/1176/1176 
f 1176/1176/1176 1175/1175/1175 1177/1177/1177 
f 1178/1178/1178 1179/1179/1179 1180/1180/1180 
f 1180/1180/1180 1179/1179/1179 1181/1181/1181 
f 1182/1182/1182 1183/1183/1183 1184/1184/1184 
f 1184/1184/1184 1183/1183/1183 1185/1185/1185 
f 1186/1186/1186 1187/1187/1187 1188/1188/1188 
f 1188/1188/1188 1187/1187/1187 1189/1189/1189 
f 1190/1190/1190 1191/1191/1191 1192/1192/1192 
f 1192/1192/1192 1191/1191/1191 1193/1193/1193 
f 1194/1194/1194 1195/1195/1195 1196/1196/1196 
f 1196/1196/1196 1195/1195/1195 1197/1197/1197 
f 1203/1203/1203 1204/1204/1204 1205/1205/1205 
f 1205/1205/1205 1204/1204/1204 1206/1206/1206 
f 1207/1207/1207 1208/1208/1208 1209/1209/1209 
f 1209/1209/1209 1208/1208/1208 1210/1210/1210 
f 1211/1211/1211 1212/1212/1212 1213/1213/1213 
f 1213/1213/1213 1212/1212/1212 1214/1214/1214 
f 1216/1216/1216 1217/1217/1217 1218/1218/1218 
f 1218/1218/1218 1217/1217/1217 1219/1219/1219 
f 1220/1220/1220 1221/1221/1221 1222/1222/1222 
f 1222/1222/1222 1221/1221/1221 1223/1223/1223 
f 1224/1224/1224 1225/1225/1225 1226/1226/1226 
f 1226/1226/1226 1225/1225/1225 1227/1227/1227 
f 1228/1228/1228 1229/1229/1229 1230/1230/1230 
f 1230/1230/1230 1229/1229/1229 1231/1231/1231 
f 1232/1232/1232 1233/1233/1233 1234/1234/1234 
f 1234/1234/1234 1233/1233/1233 1235/1235/1235 
f 1236/1236/1236 1237/1237/1237 1238/1238/1238 
f 1238/1238/1238 1237/1237/1237 1239/1239/1239 
f 1240/1240/1240 1241/1241/1241 1242/1242/1242 
f 1242/1242/1242 1241/1241/1241 1243/1243/1243 
f 1244/1244/1244 1245/1245/1245 1246/1246/1246 
f 1246/1246/1246 1245/1245/1245 1247/1247/1247 
f 1248/1248/1248 1249/1249/1249 1250/1250/1250 
f 1250/1250/1250 1249/1249/1249 1251/1251/1251 
f 1252/1252/1252 1253/1253/1253 1254/1254/1254 
f 1254/1254/1254 1253/1253/1253 1255/1255/1255 
f 1256/1256/1256 1257/1257/1257 1258/1258/1258 
f 1258/1258/1258 1257/1257/1257 1259/1259/1259 
f 1260/1260/1260 1261/1261/1261 1262/1262/1262 
f 1262/1262/1262 1261/1261/1261 1263/1263/1263 
f 1264/1264/1264 1265/1265/1265 1266/1266/1266 
f 1266/1266/1266 1265/1265/1265 1267/1267/1267 
f 1270/1270/1270 1271/1271/1271 1272/1272/1272 
f 1272/1272/1272 1271/1271/1271 1273/1273/1273 
f 1274/1274/1274 1275/1275/1275 1276/1276/1276 
f 1276/1276/1276 1275/1275/1275 1277/1277/1277 
f 1279/1279/1279 1280/1280/1280 1281/1281/1281 
f 1281/1281/1281 1280/1280/1280 1282/1282/1282 
f 1283/1283/1283 1284/1284/1284 1285/1285/1285 
f 1285/1285/1285 1284/1284/1284 1286/1286/1286 
f 1287/1287/1287 1288/1288/1288 1289/1289/1289 
f 1289/1289/1289 1288/1288/1288 1290/1290/1290 
f 1294/1294/1294 1295/1295/1295 1296/1296/1296 
f 1296/1296/1296 1295/1295/1295 1297/1297/1297 
f 1298/1298/1298 1299/1299/1299 1300/1300/1300 
f 1300/1300/1300 1299/1299/1299 1301/1301/1301 
f 1302/1302/1302 1303/1303/1303 1304/1304/1304 
f 1304/1304/1304 1303/1303/1303 1305/1305/1305 
f 1306/1306/1306 1307/1307/1307 1308/1308/1308 
f 1308/1308/1308 1307/1307/1307 1309/1309/1309 
f 1310/1310/1310 1311/1311/1311 1312/1312/1312 
f 1312/1312/1312 1311/1311/1311 1313/1313/1313 
f 1314/1314/1314 1315/1315/1315 1316/1316/1316 
f 1316/1316/1316 1315/1315/1315 1317/1317/1317 
f 1318/1318/1318 1319/1319/1319 1320/1320/1320 
f 1320/1320/1320 1319/1319/1319 1321/1321/1321 
f 1322/1322/1322 1323/1323/1323 1324/1324/1324 
f 1324/1324/1324 1323/1323/1323 1325/1325/1325 
f 1326/1326/1326 1327/1327/1327 1328/1328/1328 
f 1328/1328/1328 1327/1327/1327 1329/1329/1329 
f 1330/1330/1330 1331/1331/1331 1332/1332/1332 
f 1332/1332/1332 1331/1331/1331 1333/1333/1333 
f 1334/1334/1334 1335/1335/1335 1336/1336/1336 
f 1336/1336/1336 1335/1335/1335 1337/1337/1337 
f 1338/1338/1338 1339/1339/1339 1340/1340/1340 
f 1340/1340/1340 1339/1339/1339 1341/1341/1341 
f 1342/1342/1342 1343/1343/1343 1344/1344/1344 
f 1344/1344/1344 1343/1343/1343 1345/1345/1345 
f 1346/1346/1346 1347/1347/1347 1348/1348/1348 
f 1348/1348/1348 1347/1347/1347 1349/1349/1349 
f 1350/1350/1350 1351/1351/1351 1352/1352/1352 
f 1352/1352/1352 1351/1351/1351 1353/1353/1353 
f 1354/1354/1354 1355/1355/1355 1356/1356/1356 
f 1356/1356/1356 1355/1355/1355 1357/1357/1357 
f 1358/1358/1358 1359/1359/1359 1360/1360/1360 
f 1360/1360/1360 1359/1359/1359 1361/1361/1361 
f 1362/1362/1362 1363/1363/1363 1364/1364/1364 
f 1364/1364/1364 1363/1363/1363 1365/1365/1365 
f 1366/1366/1366 1367/1367/1367 1368/1368/1368 
f 1368/1368/1368 1367/1367/1367 1369/1369/1369 
f 1370/1370/1370 1371/1371/1371 1372/1372/1372 
f 1372/1372/1372 1371/1371/1371 1373/1373/1373 
f 1374/1374/1374 1375/1375/1375 1376/1376/1376 
f 1376/1376/1376 1375/1375/1375 1377/1377/1377 
f 1378/1378/1378 1379/1379/1379 1380/1380/1380 
f 1380/1380/1380 1379/1379/1379 1381/1381/1381 
f 1382/1382/1382 1383/1383/1383 1384/1384/1384 
f 1384/1384/1384 1383/1383/1383 1385/1385/1385 
f 1386/1386/1386 1387/1387/1387 1388/1388/1388 
f 1388/1388/1388 1387/1387/1387 1389/1389/1389 
f 1390/1390/1390 1391/1391/1391 1392/1392/1392 
f 1392/1392/1392 1391/1391/1391 1393/1393/1393 
f 1394/1394/1394 1395/1395/1395 1396/1396/1396 
f 1396/1396/1396 1395/1395/1395 1397/1397/1397 
f 1398/1398/1398 1399/1399/1399 1400/1400/1400 
f 1400/1400/1400 1399/1399/1399 1401/1401/1401 
f 1402/1402/1402 1403/1403/1403 1404/1404/1404 
f 1404/1404/1404 1403/1403/1403 1405/1405/1405 
f 1406/1406/1406 1407/1407/1407 1408/1408/1408 
f 1408/1408/1408 1407/1407/1407 1409/1409/1409 
f 1410/1410/1410 1411/1411/1411 1412/1412/1412 
f 1412/1412/1412 1411/1411/1411 1413/1413/1413 
f 1414/1414/1414 1415/1415/1415 1416/1416/1416 
f 1416/1416/1416 1415/1415/1415 1417/1417/1417 
f 1418/1418/1418 1419/1419/1419 1420/1420/1420 
f 1420/1420/1420 1419/1419/1419 1421/1421/1421 
f 1422/1422/1422 1423/1423/1423 1424/1424/1424 
f 1424/1424/1424 1423/1423/1423 1425/1425/1425 
f 1426/1426/1426 1427/1427/1427 1428/1428/1428 
f 1428/1428/1428 1427/1427/1427 1429/1429/1429 
f 1430/1430/1430 1431/1431/1431 1432/1432/1432 
f 1432/1432/1432 1431/1431/1431 1433/1433/1433 
f 1434/1434/1434 1435/1435/1435 1436/1436/1436 
f 1436/1436/1436 1435/1435/1435 1437/1437/1437 
f 1438/1438/1438 1439/1439/1439 1440/1440/1440 
f 1440/1440/1440 1439/1439/1439 1441/1441/1441 
f 1442/1442/1442 1443/1443/1443 1444/1444/1444 
f 1444/1444/1444 1443/1443/1443 1445/1445/1445 
f 1446/1446/1446 1447/1447/1447 1448/1448/1448 
f 1448/1448/1448 1447/1447/1447 1449/1449/1449 
f 1470/1470/1470 1471/1471/1471 1472/1472/1472 
f 1472/1472/1472 1471/1471/1471 1473/1473/1473 
f 1474/1474/1474 1475/1475/1475 1476/1476/1476 
f 1476/1476/1476 1475/1475/1475 1477/1477/1477 
f 1478/1478/1478 1479/1479/1479 1480/1480/1480 
f 1480/1480/1480 1479/1479/1479 1481/1481/1481 
f 1821/1821/1821 1822/1822/1822 1823/1823/1823 
f 1823/1823/1823 1822/1822/1822 1824/1824/1824 
f 1825/1825/1825 1826/1826/1826 1827/1827/1827 
f 1827/1827/1827 1826/1826/1826 1828/1828/1828 
f 1829/1829/1829 1830/1830/1830 1831/1831/1831 
f 1831/1831/1831 1830/1830/1830 1832/1832/1832 
f 1871/1871/1871 1872/1872/1872 1873/1873/1873 
f 1873/1873/1873 1872/1872/1872 1874/1874/1874 
f 1875/1875/1875 1876/1876/1876 1877/1877/1877 
f 1877/1877/1877 1876/1876/1876 1878/1878/1878 
f 1879/1879/1879 1880/1880/1880 1881/1881/1881 
f 1881/1881/1881 1880/1880/1880 1882/1882/1882 
f 1883/1883/1883 1884/1884/1884 1885/1885/1885 
f 1885/1885/1885 1884/1884/1884 1886/1886/1886 
f 1895/1895/1895 1896/1896/1896 1897/1897/1897 
f 1897/1897/1897 1896/1896/1896 1898/1898/1898 
f 1902/1902/1902 1903/1903/1903 1904/1904/1904 
f 1904/1904/1904 1903/1903/1903 1905/1905/1905 
f 1906/1906/1906 1907/1907/1907 1908/1908/1908 
f 1908/1908/1908 1907/1907/1907 1909/1909/1909 
f 1910/1910/1910 1911/1911/1911 1912/1912/1912 
f 1912/1912/1912 1911/1911/1911 1913/1913/1913 
f 1914/1914/1914 1915/1915/1915 1916/1916/1916 
f 1916/1916/1916 1915/1915/1915 1917/1917/1917 
f 1920/1920/1920 1921/1921/1921 1922/1922/1922 
f 1922/1922/1922 1921/1921/1921 1923/1923/1923 
f 1924/1924/1924 1925/1925/1925 1926/1926/1926 
f 1926/1926/1926 1925/1925/1925 1927/1927/1927 
f 1934/1934/1934 1935/1935/1935 1936/1936/1936 
f 1936/1936/1936 1935/1935/1935 1937/1937/1937 
f 1940/1940/1940 1941/1941/1941 1942/1942/1942 
f 1942/1942/1942 1941/1941/1941 1943/1943/1943 
f 1954/1954/1954 1955/1955/1955 1956/1956/1956 
f 1956/1956/1956 1955/1955/1955 1957/1957/1957 
f 1958/1958/1958 1959/1959/1959 1960/1960/1960 
f 1960/1960/1960 1959/1959/1959 1961/1961/1961 
f 1962/1962/1962 1963/1963/1963 1964/1964/1964 
f 1964/1964/1964 1963/1963/1963 1965/1965/1965 
f 1966/1966/1966 1967/1967/1967 1968/1968/1968 
f 1968/1968/1968 1967/1967/1967 1969/1969/1969 
f 1979/1979/1979 1980/1980/1980 1981/1981/1981 
f 1981/1981/1981 1980/1980/1980 1982/1982/1982 
f 1983/1983/1983 1984/1984/1984 1985/1985/1985 
f 1985/1985/1985 1984/1984/1984 1986/1986/1986 
f 2004/2004/2004 2005/2005/2005 2006/2006/2006 
f 2006/2006/2006 2005/2005/2005 2007/2007/2007 
f 2010/2010/2010 2011/2011/2011 2012/2012/2012 
f 2012/2012/2012 2011/2011/2011 2013/2013/2013 
f 2014/2014/2014 2015/2015/2015 2016/2016/2016 
f 2016/2016/2016 2015/2015/2015 2017/2017/2017 
f 2045/2045/2045 2046/2046/2046 2047/2047/2047 
f 2047/2047/2047 2046/2046/2046 2048/2048/2048 
f 2049/2049/2049 2050/2050/2050 2051/2051/2051 
f 2051/2051/2051 2050/2050/2050 2052/2052/2052 
f 2053/2053/2053 2054/2054/2054 2055/2055/2055 
f 2055/2055/2055 2054/2054/2054 2056/2056/2056 
f 2057/2057/2057 2058/2058/2058 2059/2059/2059 
f 2059/2059/2059 2058/2058/2058 2060/2060/2060 
f 2061/2061/2061 2062/2062/2062 2063/2063/2063 
f 2063/2063/2063 2062/2062/2062 2064/2064/2064 
f 2065/2065/2065 2066/2066/2066 2067/2067/2067 
f 2067/2067/2067 2066/2066/2066 2068/2068/2068 
f 2069/2069/2069 2070/2070/2070 2071/2071/2071 
f 2071/2071/2071 2070/2070/2070 2072/2072/2072 
f 2074/2074/2074 2075/2075/2075 2076/2076/2076 
f 2076/2076/2076 2075/2075/2075 2077/2077/2077 
f 2078/2078/2078 2079/2079/2079 2080/2080/2080 
f 2080/2080/2080 2079/2079/2079 2081/2081/2081 
f 2082/2082/2082 2083/2083/2083 2084/2084/2084 
f 2084/2084/2084 2083/2083/2083 2085/2085/2085 
f 2087/2087/2087 2088/2088/2088 2089/2089/2089 
f 2089/2089/2089 2088/2088/2088 2090/2090/2090 
f 2091/2091/2091 2092/2092/2092 2093/2093/2093 
f 2093/2093/2093 2092/2092/2092 2094/2094/2094 
f 2097/2097/2097 2098/2098/2098 2099/2099/2099 
f 2099/2099/2099 2098/2098/2098 2100/2100/2100 
f 2101/2101/2101 2102/2102/2102 2103/2103/2103 
f 2103/2103/2103 2102/2102/2102 2104/2104/2104 
f 2105/2105/2105 2106/2106/2106 2107/2107/2107 
f 2107/2107/2107 2106/2106/2106 2108/2108/2108 
f 2109/2109/2109 2110/2110/2110 2111/2111/2111 
f 2111/2111/2111 2110/2110/2110 2112/2112/2112 
f 2113/2113/2113 2114/2114/2114 2115/2115/2115 
f 2115/2115/2115 2114/2114/2114 2116/2116/2116 
f 2117/2117/2117 2118/2118/2118 2119/2119/2119 
f 2119/2119/2119 2118/2118/2118 2120/2120/2120 
f 2121/2121/2121 2122/2122/2122 2123/2123/2123 
f 2123/2123/2123 2122/2122/2122 2124/2124/2124 
f 2125/2125/2125 2126/2126/2126 2127/2127/2127 
f 2127/2127/2127 2126/2126/2126 2128/2128/2128 
f 2129/2129/2129 2130/2130/2130 2131/2131/2131 
f 2131/2131/2131 2130/2130/2130 2132/2132/2132 
f 2133/2133/2133 2134/2134/2134 2135/2135/2135 
f 2135/2135/2135 2134/2134/2134 2136/2136/2136 
f 2137/2137/2137 2138/2138/2138 2139/2139/2139 
f 2139/2139/2139 2138/2138/2138 2140/2140/2140 
f 2141/2141/2141 2142/2142/2142 2143/2143/2143 
f 2143/2143/2143 2142/2142/2142 2144/2144/2144 
f 2145/2145/2145 2146/2146/2146 2147/2147/2147 
f 2147/2147/2147 2146/2146/2146 2148/2148/2148 
f 2149/2149/2149 2150/2150/2150 2151/2151/2151 
f 2151/2151/2151 2150/2150/2150 2152/2152/2152 
f 2194/2194/2194 2195/2195/2195 2196/2196/2196 
f 2196/2196/2196 2195/2195/2195 2197/2197/2197 
f 2198/2198/2198 2199/2199/2199 2200/2200/2200 
f 2200/2200/2200 2199/2199/2199 2201/2201/2201 
f 2202/2202/2202 2203/2203/2203 2204/2204/2204 
f 2204/2204/2204 2203/2203/2203 2205/2205/2205 
f 2206/2206/2206 2207/2207/2207 2208/2208/2208 
f 2208/2208/2208 2207/2207/2207 2209/2209/2209 
f 2210/2210/2210 2211/2211/2211 2212/2212/2212 
f 2212/2212/2212 2211/2211/2211 2213/2213/2213 
f 2215/2215/2215 2216/2216/2216 2217/2217/2217 
f 2217/2217/2217 2216/2216/2216 2218/2218/2218 
f 2219/2219/2219 2220/2220/2220 2221/2221/2221 
f 2221/2221/2221 2220/2220/2220 2222/2222/2222 
f 2223/2223/2223 2224/2224/2224 2225/2225/2225 
f 2225/2225/2225 2224/2224/2224 2226/2226/2226 
f 2227/2227/2227 2228/2228/2228 2229/2229/2229 
f 2229/2229/2229 2228/2228/2228 2230/2230/2230 
f 2232/2232/2232 2233/2233/2233 2234/2234/2234 
f 2234/2234/2234 2233/2233/2233 2235/2235/2235 
f 2237/2237/2237 2238/2238/2238 2239/2239/2239 
f 2239/2239/2239 2238/2238/2238 2240/2240/2240 
f 2241/2241/2241 2242/2242/2242 2243/2243/2243 
f 2243/2243/2243 2242/2242/2242 2244/2244/2244 
f 2245/2245/2245 2246/2246/2246 2247/2247/2247 
f 2247/2247/2247 2246/2246/2246 2248/2248/2248 
f 2249/2249/2249 2250/2250/2250 2251/2251/2251 
f 2251/2251/2251 2250/2250/2250 2252/2252/2252 
f 2254/2254/2254 2255/2255/2255 2256/2256/2256 
f 2256/2256/2256 2255/2255/2255 2257/2257/2257 
f 2258/2258/2258 2259/2259/2259 2260/2260/2260 
f 2260/2260/2260 2259/2259/2259 2261/2261/2261 
f 2262/2262/2262 2263/2263/2263 2264/2264/2264 
f 2264/2264/2264 2263/2263/2263 2265/2265/2265 
f 2266/2266/2266 2267/2267/2267 2268/2268/2268 
f 2268/2268/2268 2267/2267/2267 2269/2269/2269 
f 2270/2270/2270 2271/2271/2271 2272/2272/2272 
f 2272/2272/2272 2271/2271/2271 2273/2273/2273 
f 2276/2276/2276 2277/2277/2277 2278/2278/2278 
f 2278/2278/2278 2277/2277/2277 2279/2279/2279 
f 2280/2280/2280 2281/2281/2281 2282/2282/2282 
f 2282/2282/2282 2281/2281/2281 2283/2283/2283 
f 2284/2284/2284 2285/2285/2285 2286/2286/2286 
f 2286/2286/2286 2285/2285/2285 2287/2287/2287 
f 2288/2288/2288 2289/2289/2289 2290/2290/2290 
f 2290/2290/2290 2289/2289/2289 2291/2291/2291 
f 2292/2292/2292 2293/2293/2293 2294/2294/2294 
f 2294/2294/2294 2293/2293/2293 2295/2295/2295 
f 2296/2296/2296 2297/2297/2297 2298/2298/2298 
f 2298/2298/2298 2297/2297/2297 2299/2299/2299 
f 2300/2300/2300 2301/2301/2301 2302/2302/2302 
f 2302/2302/2302 2301/2301/2301 2303/2303/2303 
f 2304/2304/2304 2305/2305/2305 2306/2306/2306 
f 2306/2306/2306 2305/2305/2305 2307/2307/2307 
f 2308/2308/2308 2309/2309/2309 2310/2310/2310 
f 2310/2310/2310 2309/2309/2309 2311/2311/2311 
f 2312/2312/2312 2313/2313/2313 2314/2314/2314 
f 2314/2314/2314 2313/2313/2313 2315/2315/2315 
f 2316/2316/2316 2317/2317/2317 2318/2318/2318 
f 2318/2318/2318 2317/2317/2317 2319/2319/2319 
f 2320/2320/2320 2321/2321/2321 2322/2322/2322 
f 2322/2322/2322 2321/2321/2321 2323/2323/2323 
f 2324/2324/2324 2325/2325/2325 2326/2326/2326 
f 2326/2326/2326 2325/2325/2325 2327/2327/2327 
f 2328/2328/2328 2329/2329/2329 2330/2330/2330 
f 2330/2330/2330 2329/2329/2329 2331/2331/2331 
f 2332/2332/2332 2333/2333/2333 2334/2334/2334 
f 2334/2334/2334 2333/2333/2333 2335/2335/2335 
f 2336/2336/2336 2337/2337/2337 2338/2338/2338 
f 2338/2338/2338 2337/2337/2337 2339/2339/2339 
f 2340/2340/2340 2341/2341/2341 2342/2342/2342 
f 2342/2342/2342 2341/2341/2341 2343/2343/2343 
f 2344/2344/2344 2345/2345/2345 2346/2346/2346 
f 2346/2346/2346 2345/2345/2345 2347/2347/2347 
f 2348/2348/2348 2349/2349/2349 2350/2350/2350 
f 2350/2350/2350 2349/2349/2349 2351/2351/2351 
f 2352/2352/2352 2353/2353/2353 2354/2354/2354 
f 2354/2354/2354 2353/2353/2353 2355/2355/2355 
f 2356/2356/2356 2357/2357/2357 2358/2358/2358 
f 2358/2358/2358 2357/2357/2357 2359/2359/2359 
f 2360/2360/2360 2361/2361/2361 2362/2362/2362 
f 2362/2362/2362 2361/2361/2361 2363/2363/2363 
f 2364/2364/2364 2365/2365/2365 2366/2366/2366 
f 2366/2366/2366 2365/2365/2365 2367/2367/2367 
f 2368/2368/2368 2369/2369/2369 2370/2370/2370 
f 2370/2370/2370 2369/2369/2369 2371/2371/2371 
f 2372/2372/2372 2373/2373/2373 2374/2374/2374 
f 2374/2374/2374 2373/2373/2373 2375/2375/2375 
f 2376/2376/2376 2377/2377/2377 2378/2378/2378 
f 2378/2378/2378 2377/2377/2377 2379/2379/2379 
f 2380/2380/2380 2381/2381/2381 2382/2382/2382 
f 2382/2382/2382 2381/2381/2381 2383/2383/2383 
f 2384/2384/2384 2385/2385/2385 2386/2386/2386 
f 2386/2386/2386 2385/2385/2385 2387/2387/2387 
f 2388/2388/2388 2389/2389/2389 2390/2390/2390 
f 2390/2390/2390 2389/2389/2389 2391/2391/2391 
f 2392/2392/2392 2393/2393/2393 2394/2394/2394 
f 2394/2394/2394 2393/2393/2393 2395/2395/2395 
f 2396/2396/2396 2397/2397/2397 2398/2398/2398 
f 2398/2398/2398 2397/2397/2397 2399/2399/2399 
f 2400/2400/2400 2401/2401/2401 2402/2402/2402 
f 2402/2402/2402 2401/2401/2401 2403/2403/2403 
f 2404/2404/2404 2405/2405/2405 2406/2406/2406 
f 2406/2406/2406 2405/2405/2405 2407/2407/2407 
f 2408/2408/2408 2409/2409/2409 2410/2410/2410 
f 2410/2410/2410 2409/2409/2409 2411/2411/2411 
f 2412/2412/2412 2413/2413/2413 2414/2414/2414 
f 2414/2414/2414 2413/2413/2413 2415/2415/2415 
f 2416/2416/2416 2417/2417/2417 2418/2418/2418 
f 2418/2418/2418 2417/2417/2417 2419/2419/2419 
f 2420/2420/2420 2421/2421/2421 2422/2422/2422 
f 2422/2422/2422 2421/2421/2421 2423/2423/2423 
f 2424/2424/2424 2425/2425/2425 2426/2426/2426 
f 2426/2426/2426 2425/2425/2425 2427/2427/2427 
f 2428/2428/2428 2429/2429/2429 2430/2430/2430 
f 2430/2430/2430 2429/2429/2429 2431/2431/2431 
f 2432/2432/2432 2433/2433/2433 2434/2434/2434 
f 2434/2434/2434 2433/2433/2433 2435/2435/2435 
f 2436/2436/2436 2437/2437/2437 2438/2438/2438 
f 2438/2438/2438 2437/2437/2437 2439/2439/2439 
f 2440/2440/2440 2441/2441/2441 2442/2442/2442 
f 2442/2442/2442 2441/2441/2441 2443/2443/2443 
f 2444/2444/2444 2445/2445/2445 2446/2446/2446 
f 2446/2446/2446 2445/2445/2445 2447/2447/2447 
f 2456/2456/2456 2457/2457/2457 2458/2458/2458 
f 2458/2458/2458 2457/2457/2457 2459/2459/2459 
f 2460/2460/2460 2461/2461/2461 2462/2462/2462 
f 2462/2462/2462 2461/2461/2461 2463/2463/2463 
f 2464/2464/2464 2465/2465/2465 2466/2466/2466 
f 2466/2466/2466 2465/2465/2465 2467/2467/2467 
f 2468/2468/2468 2469/2469/2469 2470/2470/2470 
f 2470/2470/2470 2469/2469/2469 2471/2471/2471 
f 2472/2472/2472 2473/2473/2473 2474/2474/2474 
f 2474/2474/2474 2473/2473/2473 2475/2475/2475 
f 2476/2476/2476 2477/2477/2477 2478/2478/2478 
f 2478/2478/2478 2477/2477/2477 2479/2479/2479 
f 2480/2480/2480 2481/2481/2481 2482/2482/2482 
f 2482/2482/2482 2481/2481/2481 2483/2483/2483 
f 2484/2484/2484 2485/2485/2485 2486/2486/2486 
f 2486/2486/2486 2485/2485/2485 2487/2487/2487 
f 2488/2488/2488 2489/2489/2489 2490/2490/2490 
f 2490/2490/2490 2489/2489/2489 2491/2491/2491 
f 2492/2492/2492 2493/2493/2493 2494/2494/2494 
f 2494/2494/2494 2493/2493/2493 2495/2495/2495 
f 2496/2496/2496 2497/2497/2497 2498/2498/2498 
f 2498/2498/2498 2497/2497/2497 2499/2499/2499 
f 2500/2500/2500 2501/2501/2501 2502/2502/2502 
f 2502/2502/2502 2501/2501/2501 2503/2503/2503 
f 2504/2504/2504 2505/2505/2505 2506/2506/2506 
f 2506/2506/2506 2505/2505/2505 2507/2507/2507 
f 2508/2508/2508 2509/2509/2509 2510/2510/2510 
f 2510/2510/2510 2509/2509/2509 2511/2511/2511 
f 2512/2512/2512 2513/2513/2513 2514/2514/2514 
f 2514/2514/2514 2513/2513/2513 2515/2515/2515 
f 2516/2516/2516 2517/2517/2517 2518/2518/2518 
f 2518/2518/2518 2517/2517/2517 2519/2519/2519 
f 2520/2520/2520 2521/2521/2521 2522/2522/2522 
f 2522/2522/2522 2521/2521/2521 2523/2523/2523 
f 2524/2524/2524 2525/2525/2525 2526/2526/2526 
f 2526/2526/2526 2525/2525/2525 2527/2527/2527 
f 2528/2528/2528 2529/2529/2529 2530/2530/2530 
f 2530/2530/2530 2529/2529/2529 2531/2531/2531 
f 2532/2532/2532 2533/2533/2533 2534/2534/2534 
f 2534/2534/2534 2533/2533/2533 2535/2535/2535 
f 2536/2536/2536 2537/2537/2537 2538/2538/2538 
f 2538/2538/2538 2537/2537/2537 2539/2539/2539 
f 2540/2540/2540 2541/2541/2541 2542/2542/2542 
f 2542/2542/2542 2541/2541/2541 2543/2543/2543 
f 2544/2544/2544 2545/2545/2545 2546/2546/2546 
f 2546/2546/2546 2545/2545/2545 2547/2547/2547 
f 2548/2548/2548 2549/2549/2549 2550/2550/2550 
f 2550/2550/2550 2549/2549/2549 2551/2551/2551 
f 2552/2552/2552 2553/2553/2553 2554/2554/2554 
f 2554/2554/2554 2553/2553/2553 2555/2555/2555 
f 2556/2556/2556 2557/2557/2557 2558/2558/2558 
f 2558/2558/2558 2557/2557/2557 2559/2559/2559 
f 2560/2560/2560 2561/2561/2561 2562/2562/2562 
f 2562/2562/2562 2561/2561/2561 2563/2563/2563 
f 2564/2564/2564 2565/2565/2565 2566/2566/2566 
f 2566/2566/2566 2565/2565/2565 2567/2567/2567 
f 2568/2568/2568 2569/2569/2569 2570/2570/2570 
f 2570/2570/2570 2569/2569/2569 2571/2571/2571 
f 2572/2572/2572 2573/2573/2573 2574/2574/2574 
f 2574/2574/2574 2573/2573/2573 2575/2575/2575 
f 2576/2576/2576 2577/2577/2577 2578/2578/2578 
f 2578/2578/2578 2577/2577/2577 2579/2579/2579 
f 2580/2580/2580 2581/2581/2581 2582/2582/2582 
f 2582/2582/2582 2581/2581/2581 2583/2583/2583 
f 2584/2584/2584 2585/2585/2585 2586/2586/2586 
f 2586/2586/2586 2585/2585/2585 2587/2587/2587 
f 2588/2588/2588 2589/2589/2589 2590/2590/2590 
f 2590/2590/2590 2589/2589/2589 2591/2591/2591 
f 2592/2592/2592 2593/2593/2593 2594/2594/2594 
f 2594/2594/2594 2593/2593/2593 2595/2595/2595 
f 2596/2596/2596 2597/2597/2597 2598/2598/2598 
f 2598/2598/2598 2597/2597/2597 2599/2599/2599 
f 2600/2600/2600 2601/2601/2601 2602/2602/2602 
f 2602/2602/2602 2601/2601/2601 2603/2603/2603 
f 2604/2604/2604 2605/2605/2605 2606/2606/2606 
f 2606/2606/2606 2605/2605/2605 2607/2607/2607 
f 2608/2608/2608 2609/2609/2609 2610/2610/2610 
f 2610/2610/2610 2609/2609/2609 2611/2611/2611 
f 2612/2612/2612 2613/2613/2613 2614/2614/2614 
f 2614/2614/2614 2613/2613/2613 2615/2615/2615 
f 2616/2616/2616 2617/2617/2617 2618/2618/2618 
f 2618/2618/2618 2617/2617/2617 2619/2619/2619 
f 2620/2620/2620 2621/2621/2621 2622/2622/2622 
f 2622/2622/2622 2621/2621/2621 2623/2623/2623 
f 2624/2624/2624 2625/2625/2625 2626/2626/2626 
f 2626/2626/2626 2625/2625/2625 2627/2627/2627 
f 2628/2628/2628 2629/2629/2629 2630/2630/2630 
f 2630/2630/2630 2629/2629/2629 2631/2631/2631 
f 2632/2632/2632 2633/2633/2633 2634/2634/2634 
f 2634/2634/2634 2633/2633/2633 2635/2635/2635 
f 2636/2636/2636 2637/2637/2637 2638/2638/2638 
f 2638/2638/2638 2637/2637/2637 2639/2639/2639 
f 2640/2640/2640 2641/2641/2641 2642/2642/2642 
f 2642/2642/2642 2641/2641/2641 2643/2643/2643 
f 2644/2644/2644 2645/2645/2645 2646/2646/2646 
f 2646/2646/2646 2645/2645/2645 2647/2647/2647 
f 2648/2648/2648 2649/2649/2649 2650/2650/2650 
f 2650/2650/2650 2649/2649/2649 2651/2651/2651 
f 2652/2652/2652 2653/2653/2653 2654/2654/2654 
f 2654/2654/2654 2653/2653/2653 2655/2655/2655 
f 2656/2656/2656 2657/2657/2657 2658/2658/2658 
f 2658/2658/2658 2657/2657/2657 2659/2659/2659 
f 2660/2660/2660 2661/2661/2661 2662/2662/2662 
f 2662/2662/2662 2661/2661/2661 2663/2663/2663 
f 2664/2664/2664 2665/2665/2665 2666/2666/2666 
f 2666/2666/2666 2665/2665/2665 2667/2667/2667 
f 2668/2668/2668 2669/2669/2669 2670/2670/2670 
f 2670/2670/2670 2669/2669/2669 2671/2671/2671 
f 2672/2672/2672 2673/2673/2673 2674/2674/2674 
f 2674/2674/2674 2673/2673/2673 2675/2675/2675 
f 2676/2676/2676 2677/2677/2677 2678/2678/2678 
f 2678/2678/2678 2677/2677/2677 2679/2679/2679 
f 2680/2680/2680 2681/2681/2681 2682/2682/2682 
f 2682/2682/2682 2681/2681/2681 2683/2683/2683 
f 2684/2684/2684 2685/2685/2685 2686/2686/2686 
f 2686/2686/2686 2685/2685/2685 2687/2687/2687 
f 2688/2688/2688 2689/2689/2689 2690/2690/2690 
f 2690/2690/2690 2689/2689/2689 2691/2691/2691 
f 2692/2692/2692 2693/2693/2693 2694/2694/2694 
f 2694/2694/2694 2693/2693/2693 2695/2695/2695 
f 2696/2696/2696 2697/2697/2697 2698/2698/2698 
f 2698/2698/2698 2697/2697/2697 2699/2699/2699 
f 2700/2700/2700 2701/2701/2701 2702/2702/2702 
f 2702/2702/2702 2701/2701/2701 2703/2703/2703 
f 2704/2704/2704 2705/2705/2705 2706/2706/2706 
f 2706/2706/2706 2705/2705/2705 2707/2707/2707 
f 2708/2708/2708 2709/2709/2709 2710/2710/2710 
f 2710/2710/2710 2709/2709/2709 2711/2711/2711 
f 2712/2712/2712 2713/2713/2713 2714/2714/2714 
f 2714/2714/2714 2713/2713/2713 2715/2715/2715 
f 2716/2716/2716 2717/2717/2717 2718/2718/2718 
f 2718/2718/2718 2717/2717/2717 2719/2719/2719 
f 2720/2720/2720 2721/2721/2721 2722/2722/2722 
f 2722/2722/2722 2721/2721/2721 2723/2723/2723 
f 2724/2724/2724 2725/2725/2725 2726/2726/2726 
f 2726/2726/2726 2725/2725/2725 2727/2727/2727 
f 2728/2728/2728 2729/2729/2729 2730/2730/2730 
f 2730/2730/2730 2729/2729/2729 2731/2731/2731 
f 2732/2732/2732 2733/2733/2733 2734/2734/2734 
f 2734/2734/2734 2733/2733/2733 2735/2735/2735 
f 2736/2736/2736 2737/2737/2737 2738/2738/2738 
f 2738/2738/2738 2737/2737/2737 2739/2739/2739 
f 2740/2740/2740 2741/2741/2741 2742/2742/2742 
f 2742/2742/2742 2741/2741/2741 2743/2743/2743 
f 2744/2744/2744 2745/2745/2745 2746/2746/2746 
f 2746/2746/2746 2745/2745/2745 2747/2747/2747 
f 2748/2748/2748 2749/2749/2749 2750/2750/2750 
f 2750/2750/2750 2749/2749/2749 2751/2751/2751 
f 2752/2752/2752 2753/2753/2753 2754/2754/2754 
f 2754/2754/2754 2753/2753/2753 2755/2755/2755 
f 2756/2756/2756 2757/2757/2757 2758/2758/2758 
f 2758/2758/2758 2757/2757/2757 2759/2759/2759 
f 2761/2761/2761 2762/2762/2762 2763/2763/2763 
f 2763/2763/2763 2762/2762/2762 2764/2764/2764 
f 2766/2766/2766 2767/2767/2767 2768/2768/2768 
f 2768/2768/2768 2767/2767/2767 2769/2769/2769 
f 2770/2770/2770 2771/2771/2771 2772/2772/2772 
f 2772/2772/2772 2771/2771/2771 2773/2773/2773 
f 2774/2774/2774 2775/2775/2775 2776/2776/2776 
f 2776/2776/2776 2775/2775/2775 2777/2777/2777 
f 2843/2843/2843 2844/2844/2844 2845/2845/2845 
f 2845/2845/2845 2844/2844/2844 2846/2846/2846 
f 2870/2870/2870 2871/2871/2871 2872/2872/2872 
f 2872/2872/2872 2871/2871/2871 2873/2873/2873 
f 2874/2874/2874 2875/2875/2875 2876/2876/2876 
f 2876/2876/2876 2875/2875/2875 2877/2877/2877 
f 2878/2878/2878 2879/2879/2879 2880/2880/2880 
f 2880/2880/2880 2879/2879/2879 2881/2881/2881 
f 2882/2882/2882 2883/2883/2883 2884/2884/2884 
f 2884/2884/2884 2883/2883/2883 2885/2885/2885 
f 2886/2886/2886 2887/2887/2887 2888/2888/2888 
f 2888/2888/2888 2887/2887/2887 2889/2889/2889 
f 2890/2890/2890 2891/2891/2891 2892/2892/2892 
f 2892/2892/2892 2891/2891/2891 2893/2893/2893 
f 2894/2894/2894 2895/2895/2895 2896/2896/2896 
f 2896/2896/2896 2895/2895/2895 2897/2897/2897 
f 2898/2898/2898 2899/2899/2899 2900/2900/2900 
f 2900/2900/2900 2899/2899/2899 2901/2901/2901 
f 2902/2902/2902 2903/2903/2903 2904/2904/2904 
f 2904/2904/2904 2903/2903/2903 2905/2905/2905 
f 2906/2906/2906 2907/2907/2907 2908/2908/2908 
f 2908/2908/2908 2907/2907/2907 2909/2909/2909 
f 2910/2910/2910 2911/2911/2911 2912/2912/2912 
f 2912/2912/2912 2911/2911/2911 2913/2913/2913 
f 2914/2914/2914 2915/2915/2915 2916/2916/2916 
f 2916/2916/2916 2915/2915/2915 2917/2917/2917 
f 2918/2918/2918 2919/2919/2919 2920/2920/2920 
f 2920/2920/2920 2919/2919/2919 2921/2921/2921 
f 2922/2922/2922 2923/2923/2923 2924/2924/2924 
f 2924/2924/2924 2923/2923/2923 2925/2925/2925 
f 2926/2926/2926 2927/2927/2927 2928/2928/2928 
f 2928/2928/2928 2927/2927/2927 2929/2929/2929 
f 2930/2930/2930 2931/2931/2931 2932/2932/2932 
f 2932/2932/2932 2931/2931/2931 2933/2933/2933 
f 2934/2934/2934 2935/2935/2935 2936/2936/2936 
f 2936/2936/2936 2935/2935/2935 2937/2937/2937 
f 2938/2938/2938 2939/2939/2939 2940/2940/2940 
f 2940/2940/2940 2939/2939/2939 2941/2941/2941 
f 2942/2942/2942 2943/2943/2943 2944/2944/2944 
f 2944/2944/2944 2943/2943/2943 2945/2945/2945 
f 2946/2946/2946 2947/2947/2947 2948/2948/2948 
f 2948/2948/2948 2947/2947/2947 2949/2949/2949 
f 2950/2950/2950 2951/2951/2951 2952/2952/2952 
f 2952/2952/2952 2951/2951/2951 2953/2953/2953 
f 2954/2954/2954 2955/2955/2955 2956/2956/2956 
f 2956/2956/2956 2955/2955/2955 2957/2957/2957 
f 2958/2958/2958 2959/2959/2959 2960/2960/2960 
f 2960/2960/2960 2959/2959/2959 2961/2961/2961 
f 2962/2962/2962 2963/2963/2963 2964/2964/2964 
f 2964/2964/2964 2963/2963/2963 2965/2965/2965 
f 2966/2966/2966 2967/2967/2967 2968/2968/2968 
f 2968/2968/2968 2967/2967/2967 2969/2969/2969 
f 2970/2970/2970 2971/2971/2971 2972/2972/2972 
f 2972/2972/2972 2971/2971/2971 2973/2973/2973 
f 2974/2974/2974 2975/2975/2975 2976/2976/2976 
f 2976/2976/2976 2975/2975/2975 2977/2977/2977 
f 2978/2978/2978 2979/2979/2979 2980/2980/2980 
f 2980/2980/2980 2979/2979/2979 2981/2981/2981 
f 2982/2982/2982 2983/2983/2983 2984/2984/2984 
f 2984/2984/2984 2983/2983/2983 2985/2985/2985 
f 2986/2986/2986 2987/2987/2987 2988/2988/2988 
f 2988/2988/2988 2987/2987/2987 2989/2989/2989 
f 2990/2990/2990 2991/2991/2991 2992/2992/2992 
f 2992/2992/2992 2991/2991/2991 2993/2993/2993 
f 2997/2997/2997 2998/2998/2998 2999/2999/2999 
f 2999/2999/2999 2998/2998/2998 3000/3000/3000 
f 3001/3001/3001 3002/3002/3002 3003/3003/3003 
f 3003/3003/3003 3002/3002/3002 3004/3004/3004 
f 3008/3008/3008 3009/3009/3009 3010/3010/3010 
f 3010/3010/3010 3009/3009/3009 3011/3011/3011 
f 3012/3012/3012 3013/3013/3013 3014/3014/3014 
f 3014/3014/3014 3013/3013/3013 3015/3015/3015 
f 3016/3016/3016 3017/3017/3017 3018/3018/3018 
f 3018/3018/3018 3017/3017/3017 3019/3019/3019 
f 3029/3029/3029 3030/3030/3030 3031/3031/3031 
f 3031/3031/3031 3030/3030/3030 3032/3032/3032 
f 3033/3033/3033 3034/3034/3034 3035/3035/3035 
f 3035/3035/3035 3034/3034/3034 3036/3036/3036 
f 3037/3037/3037 3038/3038/3038 3039/3039/3039 
f 3039/3039/3039 3038/3038/3038 3040/3040/3040 
f 3053/3053/3053 3054/3054/3054 3055/3055/3055 
f 3055/3055/3055 3054/3054/3054 3056/3056/3056 
f 3058/3058/3058 3059/3059/3059 3060/3060/3060 
f 3060/3060/3060 3059/3059/3059 3061/3061/3061 
f 3062/3062/3062 3063/3063/3063 3064/3064/3064 
f 3064/3064/3064 3063/3063/3063 3065/3065/3065 
f 3070/3070/3070 3071/3071/3071 3072/3072/3072 
f 3072/3072/3072 3071/3071/3071 3073/3073/3073 
f 3075/3075/3075 3076/3076/3076 3077/3077/3077 
f 3077/3077/3077 3076/3076/3076 3078/3078/3078 
f 3079/3079/3079 3080/3080/3080 3081/3081/3081 
f 3081/3081/3081 3080/3080/3080 3082/3082/3082 
f 3083/3083/3083 3084/3084/3084 3085/3085/3085 
f 3085/3085/3085 3084/3084/3084 3086/3086/3086 
f 3090/3090/3090 3091/3091/3091 3092/3092/3092 
f 3092/3092/3092 3091/3091/3091 3093/3093/3093 
f 3094/3094/3094 3095/3095/3095 3096/3096/3096 
f 3096/3096/3096 3095/3095/3095 3097/3097/3097 
f 3100/3100/3100 3101/3101/3101 3102/3102/3102 
f 3102/3102/3102 3101/3101/3101 3103/3103/3103 
f 3104/3104/3104 3105/3105/3105 3106/3106/3106 
f 3106/3106/3106 3105/3105/3105 3107/3107/3107 
f 3108/3108/3108 3109/3109/3109 3110/3110/3110 
f 3110/3110/3110 3109/3109/3109 3111/3111/3111 
f 3113/3113/3113 3114/3114/3114 3115/3115/3115 
f 3115/3115/3115 3114/3114/3114 3116/3116/3116 
f 3117/3117/3117 3118/3118/3118 3119/3119/3119 
f 3119/3119/3119 3118/3118/3118 3120/3120/3120 
f 3121/3121/3121 3122/3122/3122 3123/3123/3123 
f 3123/3123/3123 3122/3122/3122 3124/3124/3124 
f 3125/3125/3125 3126/3126/3126 3127/3127/3127 
f 3127/3127/3127 3126/3126/3126 3128/3128/3128 
f 3129/3129/3129 3130/3130/3130 3131/3131/3131 
f 3131/3131/3131 3130/3130/3130 3132/3132/3132 
f 3133/3133/3133 3134/3134/3134 3135/3135/3135 
f 3135/3135/3135 3134/3134/3134 3136/3136/3136 
f 3139/3139/3139 3140/3140/3140 3141/3141/3141 
f 3141/3141/3141 3140/3140/3140 3142/3142/3142 
f 3143/3143/3143 3144/3144/3144 3145/3145/3145 
f 3145/3145/3145 3144/3144/3144 3146/3146/3146 
f 3149/3149/3149 3150/3150/3150 3151/3151/3151 
f 3151/3151/3151 3150/3150/3150 3152/3152/3152 
f 3156/3156/3156 3157/3157/3157 3158/3158/3158 
f 3158/3158/3158 3157/3157/3157 3159/3159/3159 
f 3160/3160/3160 3161/3161/3161 3162/3162/3162 
f 3162/3162/3162 3161/3161/3161 3163/3163/3163 
f 3172/3172/3172 3173/3173/3173 3174/3174/3174 
f 3174/3174/3174 3173/3173/3173 3175/3175/3175 
f 3177/3177/3177 3178/3178/3178 3179/3179/3179 
f 3179/3179/3179 3178/3178/3178 3180/3180/3180 
f 3181/3181/3181 3182/3182/3182 3183/3183/3183 
f 3183/3183/3183 3182/3182/3182 3184/3184/3184 
f 3185/3185/3185 3186/3186/3186 3187/3187/3187 
f 3187/3187/3187 3186/3186/3186 3188/3188/3188 
f 3196/3196/3196 3197/3197/3197 3198/3198/3198 
f 3198/3198/3198 3197/3197/3197 3199/3199/3199 
f 3200/3200/3200 3201/3201/3201 3202/3202/3202 
f 3202/3202/3202 3201/3201/3201 3203/3203/3203 
f 3204/3204/3204 3205/3205/3205 3206/3206/3206 
f 3206/3206/3206 3205/3205/3205 3207/3207/3207 
f 3208/3208/3208 3209/3209/3209 3210/3210/3210 
f 3210/3210/3210 3209/3209/3209 3211/3211/3211 
f 3212/3212/3212 3213/3213/3213 3214/3214/3214 
f 3214/3214/3214 3213/3213/3213 3215/3215/3215 
f 3216/3216/3216 3217/3217/3217 3218/3218/3218 
f 3218/3218/3218 3217/3217/3217 3219/3219/3219 
f 3220/3220/3220 3221/3221/3221 3222/3222/3222 
f 3222/3222/3222 3221/3221/3221 3223/3223/3223 
f 3224/3224/3224 3225/3225/3225 3226/3226/3226 
f 3226/3226/3226 3225/3225/3225 3227/3227/3227 
f 3228/3228/3228 3229/3229/3229 3230/3230/3230 
f 3230/3230/3230 3229/3229/3229 3231/3231/3231 
f 3232/3232/3232 3233/3233/3233 3234/3234/3234 
f 3234/3234/3234 3233/3233/3233 3235/3235/3235 
f 3236/3236/3236 3237/3237/3237 3238/3238/3238 
f 3238/3238/3238 3237/3237/3237 3239/3239/3239 
f 3240/3240/3240 3241/3241/3241 3242/3242/3242 
f 3242/3242/3242 3241/3241/3241 3243/3243/3243 
f 3244/3244/3244 3245/3245/3245 3246/3246/3246 
f 3246/3246/3246 3245/3245/3245 3247/3247/3247 
f 3248/3248/3248 3249/3249/3249 3250/3250/3250 
f 3250/3250/3250 3249/3249/3249 3251/3251/3251 
f 3253/3253/3253 3254/3254/3254 3255/3255/3255 
f 3255/3255/3255 3254/3254/3254 3256/3256/3256 
f 3257/3257/3257 3258/3258/3258 3259/3259/3259 
f 3259/3259/3259 3258/3258/3258 3260/3260/3260 
f 3262/3262/3262 3263/3263/3263 3264/3264/3264 
f 3264/3264/3264 3263/3263/3263 3265/3265/3265 
f 3266/3266/3266 3267/3267/3267 3268/3268/3268 
f 3268/3268/3268 3267/3267/3267 3269/3269/3269 
f 3270/3270/3270 3271/3271/3271 3272/3272/3272 
f 3272/3272/3272 3271/3271/3271 3273/3273/3273 
f 3274/3274/3274 3275/3275/3275 3276/3276/3276 
f 3276/3276/3276 3275/3275/3275 3277/3277/3277 
f 3278/3278/3278 3279/3279/3279 3280/3280/3280 
f 3280/3280/3280 3279/3279/3279 3281/3281/3281 
f 3282/3282/3282 3283/3283/3283 3284/3284/3284 
f 3284/3284/3284 3283/3283/3283 3285/3285/3285 
f 3286/3286/3286 3287/3287/3287 3288/3288/3288 
f 3288/3288/3288 3287/3287/3287 3289/3289/3289 
f 3290/3290/3290 3291/3291/3291 3292/3292/3292 
f 3292/3292/3292 3291/3291/3291 3293/3293/3293 
f 3294/3294/3294 3295/3295/3295 3296/3296/3296 
f 3296/3296/3296 3295/3295/3295 3297/3297/3297 
f 3298/3298/3298 3299/3299/3299 3300/3300/3300 
f 3300/3300/3300 3299/3299/3299 3301/3301/3301 
f 3302/3302/3302 3303/3303/3303 3304/3304/3304 
f 3304/3304/3304 3303/3303/3303 3305/3305/3305 
f 3306/3306/3306 3307/3307/3307 3308/3308/3308 
f 3308/3308/3308 3307/3307/3307 3309/3309/3309 
f 3310/3310/3310 3311/3311/3311 3312/3312/3312 
f 3312/3312/3312 3311/3311/3311 3313/3313/3313 
f 3314/3314/3314 3315/3315/3315 3316/3316/3316 
f 3316/3316/3316 3315/3315/3315 3317/3317/3317 
f 3318/3318/3318 3319/3319/3319 3320/3320/3320 
f 3320/3320/3320 3319/3319/3319 3321/3321/3321 
f 3322/3322/3322 3323/3323/3323 3324/3324/3324 
f 3324/3324/3324 3323/3323/3323 3325/3325/3325 
f 3326/3326/3326 3327/3327/3327 3328/3328/3328 
f 3328/3328/3328 3327/3327/3327 3329/3329/3329 
f 3330/3330/3330 3331/3331/3331 3332/3332/3332 
f 3332/3332/3332 3331/3331/3331 3333/3333/3333 
f 3334/3334/3334 3335/3335/3335 3336/3336/3336 
f 3336/3336/3336 3335/3335/3335 3337/3337/3337 
f 3338/3338/3338 3339/3339/3339 3340/3340/3340 
f 3340/3340/3340 3339/3339/3339 3341/3341/3341 
f 3342/3342/3342 3343/3343/3343 3344/3344/3344 
f 3344/3344/3344 3343/3343/3343 3345/3345/3345 
f 3346/3346/3346 3347/3347/3347 3348/3348/3348 
f 3348/3348/3348 3347/3347/3347 3349/3349/3349 
f 3350/3350/3350 3351/3351/3351 3352/3352/3352 
f 3352/3352/3352 3351/3351/3351 3353/3353/3353 
f 3354/3354/3354 3355/3355/3355 3356/3356/3356 
f 3356/3356/3356 3355/3355/3355 3357/3357/3357 
f 3358/3358/3358 3359/3359/3359 3360/3360/3360 
f 3360/3360/3360 3359/3359/3359 3361/3361/3361 
f 3362/3362/3362 3363/3363/3363 3364/3364/3364 
f 3364/3364/3364 3363/3363/3363 3365/3365/3365 
f 3366/3366/3366 3367/3367/3367 3368/3368/3368 
f 3368/3368/3368 3367/3367/3367 3369/3369/3369 
f 3373/3373/3373 3374/3374/3374 3375/3375/3375 
f 3375/3375/3375 3374/3374/3374 3376/3376/3376 
f 3377/3377/3377 3378/3378/3378 3379/3379/3379 
f 3379/3379/3379 3378/3378/3378 3380/3380/3380 
f 3381/3381/3381 3382/3382/3382 3383/3383/3383 
f 3383/3383/3383 3382/3382/3382 3384/3384/3384 
f 3386/3386/3386 3387/3387/3387 3388/3388/3388 
f 3388/3388/3388 3387/3387/3387 3389/3389/3389 
f 3390/3390/3390 3391/3391/3391 3392/3392/3392 
f 3392/3392/3392 3391/3391/3391 3393/3393/3393 
f 3396/3396/3396 3397/3397/3397 3398/3398/3398 
f 3398/3398/3398 3397/3397/3397 3399/3399/3399 
f 3400/3400/3400 3401/3401/3401 3402/3402/3402 
f 3402/3402/3402 3401/3401/3401 3403/3403/3403 
f 3404/3404/3404 3405/3405/3405 3406/3406/3406 
f 3406/3406/3406 3405/3405/3405 3407/3407/3407 
f 3408/3408/3408 3409/3409/3409 3410/3410/3410 
f 3410/3410/3410 3409/3409/3409 3411/3411/3411 
f 3413/3413/3413 3414/3414/3414 3415/3415/3415 
f 3415/3415/3415 3414/3414/3414 3416/3416/3416 
f 3418/3418/3418 3419/3419/3419 3420/3420/3420 
f 3420/3420/3420 3419/3419/3419 3421/3421/3421 
f 3437/3437/3437 3438/3438/3438 3439/3439/3439 
f 3439/3439/3439 3438/3438/3438 3440/3440/3440 
f 3448/3448/3448 3449/3449/3449 3450/3450/3450 
f 3450/3450/3450 3449/3449/3449 3451/3451/3451 
f 3457/3457/3457 3458/3458/3458 3459/3459/3459 
f 3459/3459/3459 3458/3458/3458 3460/3460/3460 
f 3462/3462/3462 3463/3463/3463 3464/3464/3464 
f 3464/3464/3464 3463/3463/3463 3465/3465/3465 
f 3466/3466/3466 3467/3467/3467 3468/3468/3468 
f 3468/3468/3468 3467/3467/3467 3469/3469/3469 
f 3470/3470/3470 3471/3471/3471 3472/3472/3472 
f 3472/3472/3472 3471/3471/3471 3473/3473/3473 
f 3480/3480/3480 3481/3481/3481 3482/3482/3482 
f 3482/3482/3482 3481/3481/3481 3483/3483/3483 
f 3485/3485/3485 3486/3486/3486 3487/3487/3487 
f 3487/3487/3487 3486/3486/3486 3488/3488/3488 
f 3490/3490/3490 3491/3491/3491 3492/3492/3492 
f 3492/3492/3492 3491/3491/3491 3493/3493/3493 
f 3495/3495/3495 3496/3496/3496 3497/3497/3497 
f 3497/3497/3497 3496/3496/3496 3498/3498/3498 
f 3499/3499/3499 3500/3500/3500 3501/3501/3501 
f 3501/3501/3501 3500/3500/3500 3502/3502/3502 
f 3503/3503/3503 3504/3504/3504 3505/3505/3505 
f 3506/3506/3506 3507/3507/3507 3508/3508/3508 
f 3509/3509/3509 3510/3510/3510 3511/3511/3511 
f 3511/3511/3511 3510/3510/3510 3512/3512/3512 
f 3513/3513/3513 3514/3514/3514 3515/3515/3515 
f 3515/3515/3515 3514/3514/3514 3516/3516/3516 
f 3517/3517/3517 3518/3518/3518 3519/3519/3519 
f 3519/3519/3519 3518/3518/3518 3520/3520/3520 
f 3521/3521/3521 3522/3522/3522 3523/3523/3523 
f 3523/3523/3523 3522/3522/3522 3524/3524/3524 
f 3526/3526/3526 3527/3527/3527 3528/3528/3528 
f 3528/3528/3528 3527/3527/3527 3529/3529/3529 
f 3530/3530/3530 3531/3531/3531 3532/3532/3532 
f 3532/3532/3532 3531/3531/3531 3533/3533/3533 
f 3534/3534/3534 3535/3535/3535 3536/3536/3536 
f 3536/3536/3536 3535/3535/3535 3537/3537/3537 
f 3539/3539/3539 3540/3540/3540 3541/3541/3541 
f 3541/3541/3541 3540/3540/3540 3542/3542/3542 
f 3543/3543/3543 3544/3544/3544 3545/3545/3545 
f 3545/3545/3545 3544/3544/3544 3546/3546/3546 
f 3550/3550/3550 3551/3551/3551 3552/3552/3552 
f 3552/3552/3552 3551/3551/3551 3553/3553/3553 
f 3554/3554/3554 3555/3555/3555 3556/3556/3556 
f 3556/3556/3556 3555/3555/3555 3557/3557/3557 
f 3559/3559/3559 3560/3560/3560 3561/3561/3561 
f 3561/3561/3561 3560/3560/3560 3562/3562/3562 
f 3563/3563/3563 3564/3564/3564 3565/3565/3565 
f 3565/3565/3565 3564/3564/3564 3566/3566/3566 
f 3567/3567/3567 3568/3568/3568 3569/3569/3569 
f 3569/3569/3569 3568/3568/3568 3570/3570/3570 
f 3571/3571/3571 3572/3572/3572 3573/3573/3573 
f 3573/3573/3573 3572/3572/3572 3574/3574/3574 
f 3575/3575/3575 3576/3576/3576 3577/3577/3577 
f 3577/3577/3577 3576/3576/3576 3578/3578/3578 
f 3579/3579/3579 3580/3580/3580 3581/3581/3581 
f 3581/3581/3581 3580/3580/3580 3582/3582/3582 
f 3583/3583/3583 3584/3584/3584 3585/3585/3585 
f 3585/3585/3585 3584/3584/3584 3586/3586/3586 
f 3587/3587/3587 3588/3588/3588 3589/3589/3589 
f 3589/3589/3589 3588/3588/3588 3590/3590/3590 
f 3591/3591/3591 3592/3592/3592 3593/3593/3593 
f 3593/3593/3593 3592/3592/3592 3594/3594/3594 
f 3595/3595/3595 3596/3596/3596 3597/3597/3597 
f 3597/3597/3597 3596/3596/3596 3598/3598/3598 
f 3599/3599/3599 3600/3600/3600 3601/3601/3601 
f 3601/3601/3601 3600/3600/3600 3602/3602/3602 
f 3603/3603/3603 3604/3604/3604 3605/3605/3605 
f 3605/3605/3605 3604/3604/3604 3606/3606/3606 
f 3607/3607/3607 3608/3608/3608 3609/3609/3609 
f 3609/3609/3609 3608/3608/3608 3610/3610/3610 
f 3611/3611/3611 3612/3612/3612 3613/3613/3613 
f 3613/3613/3613 3612/3612/3612 3614/3614/3614 
f 3615/3615/3615 3616/3616/3616 3617/3617/3617 
f 3617/3617/3617 3616/3616/3616 3618/3618/3618 
f 3619/3619/3619 3620/3620/3620 3621/3621/3621 
f 3621/3621/3621 3620/3620/3620 3622/3622/3622 
f 3623/3623/3623 3624/3624/3624 3625/3625/3625 
f 3625/3625/3625 3624/3624/3624 3626/3626/3626 
f 3627/3627/3627 3628/3628/3628 3629/3629/3629 
f 3629/3629/3629 3628/3628/3628 3630/3630/3630 
f 3631/3631/3631 3632/3632/3632 3633/3633/3633 
f 3633/3633/3633 3632/3632/3632 3634/3634/3634 
f 3635/3635/3635 3636/3636/3636 3637/3637/3637 
f 3637/3637/3637 3636/3636/3636 3638/3638/3638 
f 3639/3639/3639 3640/3640/3640 3641/3641/3641 
f 3641/3641/3641 3640/3640/3640 3642/3642/3642 
f 3643/3643/3643 3644/3644/3644 3645/3645/3645 
f 3645/3645/3645 3644/3644/3644 3646/3646/3646 
f 3647/3647/3647 3648/3648/3648 3649/3649/3649 
f 3649/3649/3649 3648/3648/3648 3650/3650/3650 
f 3651/3651/3651 3652/3652/3652 3653/3653/3653 
f 3653/3653/3653 3652/3652/3652 3654/3654/3654 
f 3655/3655/3655 3656/3656/3656 3657/3657/3657 
f 3657/3657/3657 3656/3656/3656 3658/3658/3658 
f 3659/3659/3659 3660/3660/3660 3661/3661/3661 
f 3661/3661/3661 3660/3660/3660 3662/3662/3662 
f 3663/3663/3663 3664/3664/3664 3665/3665/3665 
f 3665/3665/3665 3664/3664/3664 3666/3666/3666 
f 3667/3667/3667 3668/3668/3668 3669/3669/3669 
f 3669/3669/3669 3668/3668/3668 3670/3670/3670 
f 3671/3671/3671 3672/3672/3672 3673/3673/3673 
f 3673/3673/3673 3672/3672/3672 3674/3674/3674 
f 3675/3675/3675 3676/3676/3676 3677/3677/3677 
f 3677/3677/3677 3676/3676/3676 3678/3678/3678 
f 3679/3679/3679 3680/3680/3680 3681/3681/3681 
f 3681/3681/3681 3680/3680/3680 3682/3682/3682 
f 3683/3683/3683 3684/3684/3684 3685/3685/3685 
f 3685/3685/3685 3684/3684/3684 3686/3686/3686 
f 3687/3687/3687 3688/3688/3688 3689/3689/3689 
f 3689/3689/3689 3688/3688/3688 3690/3690/3690 
f 3691/3691/3691 3692/3692/3692 3693/3693/3693 
f 3693/3693/3693 3692/3692/3692 3694/3694/3694 
f 3695/3695/3695 3696/3696/3696 3697/3697/3697 
f 3697/3697/3697 3696/3696/3696 3698/3698/3698 
f 3699/3699/3699 3700/3700/3700 3701/3701/3701 
f 3701/3701/3701 3700/3700/3700 3702/3702/3702 
f 3703/3703/3703 3704/3704/3704 3705/3705/3705 
f 3705/3705/3705 3704/3704/3704 3706/3706/3706 
f 3707/3707/3707 3708/3708/3708 3709/3709/3709 
f 3709/3709/3709 3708/3708/3708 3710/3710/3710 
f 3711/3711/3711 3712/3712/3712 3713/3713/3713 
f 3713/3713/3713 3712/3712/3712 3714/3714/3714 
f 3715/3715/3715 3716/3716/3716 3717/3717/3717 
f 3717/3717/3717 3716/3716/3716 3718/3718/3718 
f 3719/3719/3719 3720/3720/3720 3721/3721/3721 
f 3721/3721/3721 3720/3720/3720 3722/3722/3722 
f 3723/3723/3723 3724/3724/3724 3725/3725/3725 
f 3725/3725/3725 3724/3724/3724 3726/3726/3726 
f 3727/3727/3727 3728/3728/3728 3729/3729/3729 
f 3729/3729/3729 3728/3728/3728 3730/3730/3730 
f 3731/3731/3731 3732/3732/3732 3733/3733/3733 
f 3733/3733/3733 3732/3732/3732 3734/3734/3734 
f 3735/3735/3735 3736/3736/3736 3737/3737/3737 
f 3737/3737/3737 3736/3736/3736 3738/3738/3738 
f 3739/3739/3739 3740/3740/3740 3741/3741/3741 
f 3741/3741/3741 3740/3740/3740 3742/3742/3742 
f 3743/3743/3743 3744/3744/3744 3745/3745/3745 
f 3745/3745/3745 3744/3744/3744 3746/3746/3746 
f 3747/3747/3747 3748/3748/3748 3749/3749/3749 
f 3749/3749/3749 3748/3748/3748 3750/3750/3750 
f 3757/3757/3757 3758/3758/3758 3759/3759/3759 
f 3759/3759/3759 3758/3758/3758 3760/3760/3760 
f 3761/3761/3761 3762/3762/3762 3763/3763/3763 
f 3763/3763/3763 3762/3762/3762 3764/3764/3764 
f 3767/3767/3767 3768/3768/3768 3769/3769/3769 
f 3769/3769/3769 3768/3768/3768 3770/3770/3770 
f 3771/3771/3771 3772/3772/3772 3773/3773/3773 
f 3773/3773/3773 3772/3772/3772 3774/3774/3774 
f 3777/3777/3777 3778/3778/3778 3779/3779/3779 
f 3779/3779/3779 3778/3778/3778 3780/3780/3780 
f 3781/3781/3781 3782/3782/3782 3783/3783/3783 
f 3783/3783/3783 3782/3782/3782 3784/3784/3784 
f 3785/3785/3785 3786/3786/3786 3787/3787/3787 
f 3787/3787/3787 3786/3786/3786 3788/3788/3788 
f 3789/3789/3789 3790/3790/3790 3791/3791/3791 
f 3791/3791/3791 3790/3790/3790 3792/3792/3792 
f 3793/3793/3793 3794/3794/3794 3795/3795/3795 
f 3795/3795/3795 3794/3794/3794 3796/3796/3796 
f 3797/3797/3797 3798/3798/3798 3799/3799/3799 
f 3799/3799/3799 3798/3798/3798 3800/3800/3800 
f 3801/3801/3801 3802/3802/3802 3803/3803/3803 
f 3803/3803/3803 3802/3802/3802 3804/3804/3804 
f 3805/3805/3805 3806/3806/3806 3807/3807/3807 
f 3807/3807/3807 3806/3806/3806 3808/3808/3808 
f 3809/3809/3809 3810/3810/3810 3811/3811/3811 
f 3811/3811/3811 3810/3810/3810 3812/3812/3812 
f 3813/3813/3813 3814/3814/3814 3815/3815/3815 
f 3815/3815/3815 3814/3814/3814 3816/3816/3816 
f 3817/3817/3817 3818/3818/3818 3819/3819/3819 
f 3819/3819/3819 3818/3818/3818 3820/3820/3820 
f 3821/3821/3821 3822/3822/3822 3823/3823/3823 
f 3823/3823/3823 3822/3822/3822 3824/3824/3824 
f 3825/3825/3825 3826/3826/3826 3827/3827/3827 
f 3827/3827/3827 3826/3826/3826 3828/3828/3828 
f 3829/3829/3829 3830/3830/3830 3831/3831/3831 
f 3831/3831/3831 3830/3830/3830 3832/3832/3832 
f 3833/3833/3833 3834/3834/3834 3835/3835/3835 
f 3835/3835/3835 3834/3834/3834 3836/3836/3836 
f 3837/3837/3837 3838/3838/3838 3839/3839/3839 
f 3839/3839/3839 3838/3838/3838 3840/3840/3840 
f 3841/3841/3841 3842/3842/3842 3843/3843/3843 
f 3843/3843/3843 3842/3842/3842 3844/3844/3844 
f 3845/3845/3845 3846/3846/3846 3847/3847/3847 
f 3847/3847/3847 3846/3846/3846 3848/3848/3848 
f 3849/3849/3849 3850/3850/3850 3851/3851/3851 
f 3851/3851/3851 3850/3850/3850 3852/3852/3852 
f 3853/3853/3853 3854/3854/3854 3855/3855/3855 
f 3855/3855/3855 3854/3854/3854 3856/3856/3856 
f 3857/3857/3857 3858/3858/3858 3859/3859/3859 
f 3859/3859/3859 3858/3858/3858 3860/3860/3860 
f 3861/3861/3861 3862/3862/3862 3863/3863/3863 
f 3863/3863/3863 3862/3862/3862 3864/3864/3864 
f 3865/3865/3865 3866/3866/3866 3867/3867/3867 
f 3867/3867/3867 3866/3866/3866 3868/3868/3868 
f 3869/3869/3869 3870/3870/3870 3871/3871/3871 
f 3871/3871/3871 3870/3870/3870 3872/3872/3872 
f 3873/3873/3873 3874/3874/3874 3875/3875/3875 
f 3875/3875/3875 3874/3874/3874 3876/3876/3876 
f 3877/3877/3877 3878/3878/3878 3879/3879/3879 
f 3879/3879/3879 3878/3878/3878 3880/3880/3880 
f 3882/3882/3882 3883/3883/3883 3884/3884/3884 
f 3884/3884/3884 3883/3883/3883 3885/3885/3885 
f 3886/3886/3886 3887/3887/3887 3888/3888/3888 
f 3888/3888/3888 3887/3887/3887 3889/3889/3889 
f 3890/3890/3890 3891/3891/3891 3892/3892/3892 
f 3892/3892/3892 3891/3891/3891 3893/3893/3893 
f 3894/3894/3894 3895/3895/3895 3896/3896/3896 
f 3896/3896/3896 3895/3895/3895 3897/3897/3897 
f 3898/3898/3898 3899/3899/3899 3900/3900/3900 
f 3900/3900/3900 3899/3899/3899 3901/3901/3901 
f 3902/3902/3902 3903/3903/3903 3904/3904/3904 
f 3904/3904/3904 3903/3903/3903 3905/3905/3905 
f 3906/3906/3906 3907/3907/3907 3908/3908/3908 
f 3908/3908/3908 3907/3907/3907 3909/3909/3909 
f 3910/3910/3910 3911/3911/3911 3912/3912/3912 
f 3912/3912/3912 3911/3911/3911 3913/3913/3913 
f 3914/3914/3914 3915/3915/3915 3916/3916/3916 
f 3916/3916/3916 3915/3915/3915 3917/3917/3917 
f 3918/3918/3918 3919/3919/3919 3920/3920/3920 
f 3920/3920/3920 3919/3919/3919 3921/3921/3921 
f 3922/3922/3922 3923/3923/3923 3924/3924/3924 
f 3924/3924/3924 3923/3923/3923 3925/3925/3925 
f 3926/3926/3926 3927/3927/3927 3928/3928/3928 
f 3928/3928/3928 3927/3927/3927 3929/3929/3929 
f 3930/3930/3930 3931/3931/3931 3932/3932/3932 
f 3932/3932/3932 3931/3931/3931 3933/3933/3933 
f 3934/3934/3934 3935/3935/3935 3936/3936/3936 
f 3936/3936/3936 3935/3935/3935 3937/3937/3937 
f 3938/3938/3938 3939/3939/3939 3940/3940/3940 
f 3940/3940/3940 3939/3939/3939 3941/3941/3941 
f 3942/3942/3942 3943/3943/3943 3944/3944/3944 
f 3944/3944/3944 3943/3943/3943 3945/3945/3945 
f 3946/3946/3946 3947/3947/3947 3948/3948/3948 
f 3948/3948/3948 3947/3947/3947 3949/3949/3949 
f 3950/3950/3950 3951/3951/3951 3952/3952/3952 
f 3952/3952/3952 3951/3951/3951 3953/3953/3953 
f 3954/3954/3954 3955/3955/3955 3956/3956/3956 
f 3956/3956/3956 3955/3955/3955 3957/3957/3957 
f 3958/3958/3958 3959/3959/3959 3960/3960/3960 
f 3960/3960/3960 3959/3959/3959 3961/3961/3961 
f 3962/3962/3962 3963/3963/3963 3964/3964/3964 
f 3964/3964/3964 3963/3963/3963 3965/3965/3965 
f 3966/3966/3966 3967/3967/3967 3968/3968/3968 
f 3968/3968/3968 3967/3967/3967 3969/3969/3969 
f 3970/3970/3970 3971/3971/3971 3972/3972/3972 
f 3972/3972/3972 3971/3971/3971 3973/3973/3973 
f 3974/3974/3974 3975/3975/3975 3976/3976/3976 
f 3976/3976/3976 3975/3975/3975 3977/3977/3977 
f 3978/3978/3978 3979/3979/3979 3980/3980/3980 
f 3980/3980/3980 3979/3979/3979 3981/3981/3981 
f 3982/3982/3982 3983/3983/3983 3984/3984/3984 
f 3984/3984/3984 3983/3983/3983 3985/3985/3985 
f 3986/3986/3986 3987/3987/3987 3988/3988/3988 
f 3988/3988/3988 3987/3987/3987 3989/3989/3989 
f 3990/3990/3990 3991/3991/3991 3992/3992/3992 
f 3992/3992/3992 3991/3991/3991 3993/3993/3993 
f 3994/3994/3994 3995/3995/3995 3996/3996/3996 
f 3996/3996/3996 3995/3995/3995 3997/3997/3997 
f 3998/3998/3998 3999/3999/3999 4000/4000/4000 
f 4000/4000/4000 3999/3999/3999 4001/4001/4001 
f 4002/4002/4002 4003/4003/4003 4004/4004/4004 
f 4004/4004/4004 4003/4003/4003 4005/4005/4005 
f 4006/4006/4006 4007/4007/4007 4008/4008/4008 
f 4008/4008/4008 4007/4007/4007 4009/4009/4009 
f 4010/4010/4010 4011/4011/4011 4012/4012/4012 
f 4012/4012/4012 4011/4011/4011 4013/4013/4013 
f 4014/4014/4014 4015/4015/4015 4016/4016/4016 
f 4016/4016/4016 4015/4015/4015 4017/4017/4017 
f 4018/4018/4018 4019/4019/4019 4020/4020/4020 
f 4020/4020/4020 4019/4019/4019 4021/4021/4021 
f 4022/4022/4022 4023/4023/4023 4024/4024/4024 
f 4024/4024/4024 4023/4023/4023 4025/4025/4025 
f 4026/4026/4026 4027/4027/4027 4028/4028/4028 
f 4028/4028/4028 4027/4027/4027 4029/4029/4029 
f 4030/4030/4030 4031/4031/4031 4032/4032/4032 
f 4032/4032/4032 4031/4031/4031 4033/4033/4033 
f 4034/4034/4034 4035/4035/4035 4036/4036/4036 
f 4036/4036/4036 4035/4035/4035 4037/4037/4037 
f 4046/4046/4046 4047/4047/4047 4048/4048/4048 
f 4048/4048/4048 4047/4047/4047 4049/4049/4049 
f 4060/4060/4060 4061/4061/4061 4062/4062/4062 
f 4062/4062/4062 4061/4061/4061 4063/4063/4063 
f 4079/4079/4079 4080/4080/4080 4081/4081/4081 
f 4081/4081/4081 4080/4080/4080 4082/4082/4082 
f 4083/4083/4083 4084/4084/4084 4085/4085/4085 
f 4085/4085/4085 4084/4084/4084 4086/4086/4086 
f 4087/4087/4087 4088/4088/4088 4089/4089/4089 
f 4089/4089/4089 4088/4088/4088 4090/4090/4090 
f 4092/4092/4092 4093/4093/4093 4094/4094/4094 
f 4094/4094/4094 4093/4093/4093 4095/4095/4095 
f 4098/4098/4098 4099/4099/4099 4100/4100/4100 
f 4100/4100/4100 4099/4099/4099 4101/4101/4101 
f 4102/4102/4102 4103/4103/4103 4104/4104/4104 
f 4104/4104/4104 4103/4103/4103 4105/4105/4105 
f 4106/4106/4106 4107/4107/4107 4108/4108/4108 
f 4108/4108/4108 4107/4107/4107 4109/4109/4109 
f 4110/4110/4110 4111/4111/4111 4112/4112/4112 
f 4112/4112/4112 4111/4111/4111 4113/4113/4113 
f 4131/4131/4131 4132/4132/4132 4133/4133/4133 
f 4133/4133/4133 4132/4132/4132 4134/4134/4134 
f 4155/4155/4155 4156/4156/4156 4157/4157/4157 
f 4157/4157/4157 4156/4156/4156 4158/4158/4158 
f 4159/4159/4159 4160/4160/4160 4161/4161/4161 
f 4161/4161/4161 4160/4160/4160 4162/4162/4162 
f 4163/4163/4163 4164/4164/4164 4165/4165/4165 
f 4165/4165/4165 4164/4164/4164 4166/4166/4166 
f 4167/4167/4167 4168/4168/4168 4169/4169/4169 
f 4169/4169/4169 4168/4168/4168 4170/4170/4170 
f 4190/4190/4190 4191/4191/4191 4192/4192/4192 
f 4192/4192/4192 4191/4191/4191 4193/4193/4193 
f 4194/4194/4194 4195/4195/4195 4196/4196/4196 
f 4196/4196/4196 4195/4195/4195 4197/4197/4197 
f 4201/4201/4201 4202/4202/4202 4203/4203/4203 
f 4203/4203/4203 4202/4202/4202 4204/4204/4204 
f 4205/4205/4205 4206/4206/4206 4207/4207/4207 
f 4207/4207/4207 4206/4206/4206 4208/4208/4208 
f 4213/4213/4213 4214/4214/4214 4215/4215/4215 
f 4215/4215/4215 4214/4214/4214 4216/4216/4216 
f 4217/4217/4217 4218/4218/4218 4219/4219/4219 
f 4219/4219/4219 4218/4218/4218 4220/4220/4220 
f 4221/4221/4221 4222/4222/4222 4223/4223/4223 
f 4223/4223/4223 4222/4222/4222 4224/4224/4224 
f 4238/4238/4238 4239/4239/4239 4240/4240/4240 
f 4240/4240/4240 4239/4239/4239 4241/4241/4241 
f 4271/4271/4271 4272/4272/4272 4273/4273/4273 
f 4273/4273/4273 4272/4272/4272 4274/4274/4274 
f 4275/4275/4275 4276/4276/4276 4277/4277/4277 
f 4277/4277/4277 4276/4276/4276 4278/4278/4278 
f 4279/4279/4279 4280/4280/4280 4281/4281/4281 
f 4281/4281/4281 4280/4280/4280 4282/4282/4282 
f 4284/4284/4284 4285/4285/4285 4286/4286/4286 
f 4286/4286/4286 4285/4285/4285 4287/4287/4287 
f 4308/4308/4308 4309/4309/4309 4310/4310/4310 
f 4310/4310/4310 4309/4309/4309 4311/4311/4311 
f 4312/4312/4312 4313/4313/4313 4314/4314/4314 
f 4314/4314/4314 4313/4313/4313 4315/4315/4315 
f 4316/4316/4316 4317/4317/4317 4318/4318/4318 
f 4318/4318/4318 4317/4317/4317 4319/4319/4319 
f 4320/4320/4320 4321/4321/4321 4322/4322/4322 
f 4322/4322/4322 4321/4321/4321 4323/4323/4323 
f 4324/4324/4324 4325/4325/4325 4326/4326/4326 
f 4326/4326/4326 4325/4325/4325 4327/4327/4327 
f 4328/4328/4328 4329/4329/4329 4330/4330/4330 
f 4330/4330/4330 4329/4329/4329 4331/4331/4331 
f 4332/4332/4332 4333/4333/4333 4334/4334/4334 
f 4334/4334/4334 4333/4333/4333 4335/4335/4335 
f 4336/4336/4336 4337/4337/4337 4338/4338/4338 
f 4338/4338/4338 4337/4337/4337 4339/4339/4339 
f 4340/4340/4340 4341/4341/4341 4342/4342/4342 
f 4342/4342/4342 4341/4341/4341 4343/4343/4343 
f 4344/4344/4344 4345/4345/4345 4346/4346/4346 
f 4346/4346/4346 4345/4345/4345 4347/4347/4347 
f 4348/4348/4348 4349/4349/4349 4350/4350/4350 
f 4350/4350/4350 4349/4349/4349 4351/4351/4351 
f 4352/4352/4352 4353/4353/4353 4354/4354/4354 
f 4354/4354/4354 4353/4353/4353 4355/4355/4355 
f 4356/4356/4356 4357/4357/4357 4358/4358/4358 
f 4358/4358/4358 4357/4357/4357 4359/4359/4359 
f 4360/4360/4360 4361/4361/4361 4362/4362/4362 
f 4362/4362/4362 4361/4361/4361 4363/4363/4363 
f 4364/4364/4364 4365/4365/4365 4366/4366/4366 
f 4366/4366/4366 4365/4365/4365 4367/4367/4367 
f 4368/4368/4368 4369/4369/4369 4370/4370/4370 
f 4370/4370/4370 4369/4369/4369 4371/4371/4371 
f 4372/4372/4372 4373/4373/4373 4374/4374/4374 
f 4374/4374/4374 4373/4373/4373 4375/4375/4375 
f 4376/4376/4376 4377/4377/4377 4378/4378/4378 
f 4378/4378/4378 4377/4377/4377 4379/4379/4379 
f 4380/4380/4380 4381/4381/4381 4382/4382/4382 
f 4382/4382/4382 4381/4381/4381 4383/4383/4383 
f 4384/4384/4384 4385/4385/4385 4386/4386/4386 
f 4386/4386/4386 4385/4385/4385 4387/4387/4387 
f 4392/4392/4392 4393/4393/4393 4394/4394/4394 
f 4394/4394/4394 4393/4393/4393 4395/4395/4395 
f 4396/4396/4396 4397/4397/4397 4398/4398/4398 
f 4398/4398/4398 4397/4397/4397 4399/4399/4399 
f 4400/4400/4400 4401/4401/4401 4402/4402/4402 
f 4402/4402/4402 4401/4401/4401 4403/4403/4403 
f 4404/4404/4404 4405/4405/4405 4406/4406/4406 
f 4406/4406/4406 4405/4405/4405 4407/4407/4407 
f 4408/4408/4408 4409/4409/4409 4410/4410/4410 
f 4410/4410/4410 4409/4409/4409 4411/4411/4411 
f 4412/4412/4412 4413/4413/4413 4414/4414/4414 
f 4414/4414/4414 4413/4413/4413 4415/4415/4415 
f 4416/4416/4416 4417/4417/4417 4418/4418/4418 
f 4418/4418/4418 4417/4417/4417 4419/4419/4419 
f 4420/4420/4420 4421/4421/4421 4422/4422/4422 
f 4422/4422/4422 4421/4421/4421 4423/4423/4423 
f 4424/4424/4424 4425/4425/4425 4426/4426/4426 
f 4426/4426/4426 4425/4425/4425 4427/4427/4427 
f 4430/4430/4430 4431/4431/4431 4432/4432/4432 
f 4432/4432/4432 4431/4431/4431 4433/4433/4433 
f 4434/4434/4434 4435/4435/4435 4436/4436/4436 
f 4436/4436/4436 4435/4435/4435 4437/4437/4437 
f 4438/4438/4438 4439/4439/4439 4440/4440/4440 
f 4440/4440/4440 4439/4439/4439 4441/4441/4441 
f 4449/4449/4449 4450/4450/4450 4451/4451/4451 
f 4451/4451/4451 4450/4450/4450 4452/4452/4452 
f 4453/4453/4453 4454/4454/4454 4455/4455/4455 
f 4455/4455/4455 4454/4454/4454 4456/4456/4456 
f 4457/4457/4457 4458/4458/4458 4459/4459/4459 
f 4459/4459/4459 4458/4458/4458 4460/4460/4460 
f 4461/4461/4461 4462/4462/4462 4463/4463/4463 
f 4463/4463/4463 4462/4462/4462 4464/4464/4464 
f 4465/4465/4465 4466/4466/4466 4467/4467/4467 
f 4467/4467/4467 4466/4466/4466 4468/4468/4468 
f 4469/4469/4469 4470/4470/4470 4471/4471/4471 
f 4471/4471/4471 4470/4470/4470 4472/4472/4472 
f 4473/4473/4473 4474/4474/4474 4475/4475/4475 
f 4475/4475/4475 4474/4474/4474 4476/4476/4476 
f 4483/4483/4483 4484/4484/4484 4485/4485/4485 
f 4485/4485/4485 4484/4484/4484 4486/4486/4486 
f 4487/4487/4487 4488/4488/4488 4489/4489/4489 
f 4489/4489/4489 4488/4488/4488 4490/4490/4490 
f 4491/4491/4491 4492/4492/4492 4493/4493/4493 
f 4493/4493/4493 4492/4492/4492 4494/4494/4494 
f 4495/4495/4495 4496/4496/4496 4497/4497/4497 
f 4497/4497/4497 4496/4496/4496 4498/4498/4498 
f 4499/4499/4499 4500/4500/4500 4501/4501/4501 
f 4501/4501/4501 4500/4500/4500 4502/4502/4502 
f 4503/4503/4503 4504/4504/4504 4505/4505/4505 
f 4505/4505/4505 4504/4504/4504 4506/4506/4506 
f 4507/4507/4507 4508/4508/4508 4509/4509/4509 
f 4509/4509/4509 4508/4508/4508 4510/4510/4510 
f 4511/4511/4511 4512/4512/4512 4513/4513/4513 
f 4513/4513/4513 4512/4512/4512 4514/4514/4514 
f 4515/4515/4515 4516/4516/4516 4517/4517/4517 
f 4517/4517/4517 4516/4516/4516 4518/4518/4518 
f 4519/4519/4519 4520/4520/4520 4521/4521/4521 
f 4521/4521/4521 4520/4520/4520 4522/4522/4522 
f 4524/4524/4524 4525/4525/4525 4526/4526/4526 
f 4526/4526/4526 4525/4525/4525 4527/4527/4527 
f 4528/4528/4528 4529/4529/4529 4530/4530/4530 
f 4530/4530/4530 4529/4529/4529 4531/4531/4531 
f 4532/4532/4532 4533/4533/4533 4534/4534/4534 
f 4534/4534/4534 4533/4533/4533 4535/4535/4535 
f 4536/4536/4536 4537/4537/4537 4538/4538/4538 
f 4538/4538/4538 4537/4537/4537 4539/4539/4539 
f 4540/4540/4540 4541/4541/4541 4542/4542/4542 
f 4542/4542/4542 4541/4541/4541 4543/4543/4543 
f 4544/4544/4544 4545/4545/4545 4546/4546/4546 
f 4546/4546/4546 4545/4545/4545 4547/4547/4547 
f 4548/4548/4548 4549/4549/4549 4550/4550/4550 
f 4550/4550/4550 4549/4549/4549 4551/4551/4551 
f 4552/4552/4552 4553/4553/4553 4554/4554/4554 
f 4554/4554/4554 4553/4553/4553 4555/4555/4555 
f 4556/4556/4556 4557/4557/4557 4558/4558/4558 
f 4558/4558/4558 4557/4557/4557 4559/4559/4559 
f 4560/4560/4560 4561/4561/4561 4562/4562/4562 
f 4562/4562/4562 4561/4561/4561 4563/4563/4563 
f 4564/4564/4564 4565/4565/4565 4566/4566/4566 
f 4566/4566/4566 4565/4565/4565 4567/4567/4567 
f 4568/4568/4568 4569/4569/4569 4570/4570/4570 
f 4570/4570/4570 4569/4569/4569 4571/4571/4571 
f 4572/4572/4572 4573/4573/4573 4574/4574/4574 
f 4574/4574/4574 4573/4573/4573 4575/4575/4575 
f 4576/4576/4576 4577/4577/4577 4578/4578/4578 
f 4578/4578/4578 4577/4577/4577 4579/4579/4579 
f 4580/4580/4580 4581/4581/4581 4582/4582/4582 
f 4582/4582/4582 4581/4581/4581 4583/4583/4583 
f 4584/4584/4584 4585/4585/4585 4586/4586/4586 
f 4586/4586/4586 4585/4585/4585 4587/4587/4587 
f 4588/4588/4588 4589/4589/4589 4590/4590/4590 
f 4590/4590/4590 4589/4589/4589 4591/4591/4591 
f 4592/4592/4592 4593/4593/4593 4594/4594/4594 
f 4594/4594/4594 4593/4593/4593 4595/4595/4595 
f 4596/4596/4596 4597/4597/4597 4598/4598/4598 
f 4598/4598/4598 4597/4597/4597 4599/4599/4599 
f 4600/4600/4600 4601/4601/4601 4602/4602/4602 
f 4602/4602/4602 4601/4601/4601 4603/4603/4603 
f 4604/4604/4604 4605/4605/4605 4606/4606/4606 
f 4606/4606/4606 4605/4605/4605 4607/4607/4607 
f 4608/4608/4608 4609/4609/4609 4610/4610/4610 
f 4610/4610/4610 4609/4609/4609 4611/4611/4611 
f 4612/4612/4612 4613/4613/4613 4614/4614/4614 
f 4614/4614/4614 4613/4613/4613 4615/4615/4615 
f 4616/4616/4616 4617/4617/4617 4618/4618/4618 
f 4618/4618/4618 4617/4617/4617 4619/4619/4619 
f 4620/4620/4620 4621/4621/4621 4622/4622/4622 
f 4622/4622/4622 4621/4621/4621 4623/4623/4623 
f 4624/4624/4624 4625/4625/4625 4626/4626/4626 
f 4626/4626/4626 4625/4625/4625 4627/4627/4627 
f 4628/4628/4628 4629/4629/4629 4630/4630/4630 
f 4630/4630/4630 4629/4629/4629 4631/4631/4631 
f 4632/4632/4632 4633/4633/4633 4634/4634/4634 
f 4634/4634/4634 4633/4633/4633 4635/4635/4635 
f 4636/4636/4636 4637/4637/4637 4638/4638/4638 
f 4638/4638/4638 4637/4637/4637 4639/4639/4639 
f 4640/4640/4640 4641/4641/4641 4642/4642/4642 
f 4642/4642/4642 4641/4641/4641 4643/4643/4643 
f 4644/4644/4644 4645/4645/4645 4646/4646/4646 
f 4646/4646/4646 4645/4645/4645 4647/4647/4647 
f 4648/4648/4648 4649/4649/4649 4650/4650/4650 
f 4650/4650/4650 4649/4649/4649 4651/4651/4651 
f 4652/4652/4652 4653/4653/4653 4654/4654/4654 
f 4654/4654/4654 4653/4653/4653 4655/4655/4655 
f 4656/4656/4656 4657/4657/4657 4658/4658/4658 
f 4658/4658/4658 4657/4657/4657 4659/4659/4659 
f 4660/4660/4660 4661/4661/4661 4662/4662/4662 
f 4662/4662/4662 4661/4661/4661 4663/4663/4663 
f 4664/4664/4664 4665/4665/4665 4666/4666/4666 
f 4666/4666/4666 4665/4665/4665 4667/4667/4667 
f 4668/4668/4668 4669/4669/4669 4670/4670/4670 
f 4670/4670/4670 4669/4669/4669 4671/4671/4671 
f 4672/4672/4672 4673/4673/4673 4674/4674/4674 
f 4674/4674/4674 4673/4673/4673 4675/4675/4675 
f 4676/4676/4676 4677/4677/4677 4678/4678/4678 
f 4678/4678/4678 4677/4677/4677 4679/4679/4679 
f 4680/4680/4680 4681/4681/4681 4682/4682/4682 
f 4682/4682/4682 4681/4681/4681 4683/4683/4683 
f 4684/4684/4684 4685/4685/4685 4686/4686/4686 
f 4686/4686/4686 4685/4685/4685 4687/4687/4687 
f 4688/4688/4688 4689/4689/4689 4690/4690/4690 
f 4690/4690/4690 4689/4689/4689 4691/4691/4691 
f 4692/4692/4692 4693/4693/4693 4694/4694/4694 
f 4694/4694/4694 4693/4693/4693 4695/4695/4695 
f 4696/4696/4696 4697/4697/4697 4698/4698/4698 
f 4698/4698/4698 4697/4697/4697 4699/4699/4699 
f 4700/4700/4700 4701/4701/4701 4702/4702/4702 
f 4702/4702/4702 4701/4701/4701 4703/4703/4703 
f 4704/4704/4704 4705/4705/4705 4706/4706/4706 
f 4706/4706/4706 4705/4705/4705 4707/4707/4707 
f 4708/4708/4708 4709/4709/4709 4710/4710/4710 
f 4710/4710/4710 4709/4709/4709 4711/4711/4711 
f 4712/4712/4712 4713/4713/4713 4714/4714/4714 
f 4714/4714/4714 4713/4713/4713 4715/4715/4715 
f 4716/4716/4716 4717/4717/4717 4718/4718/4718 
f 4718/4718/4718 4717/4717/4717 4719/4719/4719 
f 4724/4724/4724 4725/4725/4725 4726/4726/4726 
f 4726/4726/4726 4725/4725/4725 4727/4727/4727 
f 4728/4728/4728 4729/4729/4729 4730/4730/4730 
f 4730/4730/4730 4729/4729/4729 4731/4731/4731 
f 5159/5159/5159 5160/5160/5160 5161/5161/5161 
f 5161/5161/5161 5160/5160/5160 5162/5162/5162 
f 5163/5163/5163 5164/5164/5164 5165/5165/5165 
f 5165/5165/5165 5164/5164/5164 5166/5166/5166 
f 5167/5167/5167 5168/5168/5168 5169/5169/5169 
f 5169/5169/5169 5168/5168/5168 5170/5170/5170 
f 5171/5171/5171 5172/5172/5172 5173/5173/5173 
f 5173/5173/5173 5172/5172/5172 5174/5174/5174 
f 5175/5175/5175 5176/5176/5176 5177/5177/5177 
f 5177/5177/5177 5176/5176/5176 5178/5178/5178 
f 5179/5179/5179 5180/5180/5180 5181/5181/5181 
f 5181/5181/5181 5180/5180/5180 5182/5182/5182 
f 5231/5231/5231 5232/5232/5232 5233/5233/5233 
f 5233/5233/5233 5232/5232/5232 5234/5234/5234 
f 5244/5244/5244 5245/5245/5245 5246/5246/5246 
f 5246/5246/5246 5245/5245/5245 5247/5247/5247 
f 5252/5252/5252 5253/5253/5253 5254/5254/5254 
f 5254/5254/5254 5253/5253/5253 5255/5255/5255 
f 5256/5256/5256 5257/5257/5257 5258/5258/5258 
f 5258/5258/5258 5257/5257/5257 5259/5259/5259 
f 5260/5260/5260 5261/5261/5261 5262/5262/5262 
f 5262/5262/5262 5261/5261/5261 5263/5263/5263 
f 5265/5265/5265 5266/5266/5266 5267/5267/5267 
f 5267/5267/5267 5266/5266/5266 5268/5268/5268 
f 5269/5269/5269 5270/5270/5270 5271/5271/5271 
f 5271/5271/5271 5270/5270/5270 5272/5272/5272 
f 5273/5273/5273 5274/5274/5274 5275/5275/5275 
f 5275/5275/5275 5274/5274/5274 5276/5276/5276 
f 5277/5277/5277 5278/5278/5278 5279/5279/5279 
f 5279/5279/5279 5278/5278/5278 5280/5280/5280 
f 5281/5281/5281 5282/5282/5282 5283/5283/5283 
f 5283/5283/5283 5282/5282/5282 5284/5284/5284 
f 5285/5285/5285 5286/5286/5286 5287/5287/5287 
f 5287/5287/5287 5286/5286/5286 5288/5288/5288 
f 5289/5289/5289 5290/5290/5290 5291/5291/5291 
f 5291/5291/5291 5290/5290/5290 5292/5292/5292 
f 5293/5293/5293 5294/5294/5294 5295/5295/5295 
f 5295/5295/5295 5294/5294/5294 5296/5296/5296 
f 5297/5297/5297 5298/5298/5298 5299/5299/5299 
f 5299/5299/5299 5298/5298/5298 5300/5300/5300 
f 5301/5301/5301 5302/5302/5302 5303/5303/5303 
f 5303/5303/5303 5302/5302/5302 5304/5304/5304 
f 5305/5305/5305 5306/5306/5306 5307/5307/5307 
f 5307/5307/5307 5306/5306/5306 5308/5308/5308 
f 5309/5309/5309 5310/5310/5310 5311/5311/5311 
f 5311/5311/5311 5310/5310/5310 5312/5312/5312 
f 5313/5313/5313 5314/5314/5314 5315/5315/5315 
f 5315/5315/5315 5314/5314/5314 5316/5316/5316 
f 5317/5317/5317 5318/5318/5318 5319/5319/5319 
f 5319/5319/5319 5318/5318/5318 5320/5320/5320 
f 5321/5321/5321 5322/5322/5322 5323/5323/5323 
f 5323/5323/5323 5322/5322/5322 5324/5324/5324 
f 5325/5325/5325 5326/5326/5326 5327/5327/5327 
f 5327/5327/5327 5326/5326/5326 5328/5328/5328 
f 5329/5329/5329 5330/5330/5330 5331/5331/5331 
f 5331/5331/5331 5330/5330/5330 5332/5332/5332 
f 5333/5333/5333 5334/5334/5334 5335/5335/5335 
f 5335/5335/5335 5334/5334/5334 5336/5336/5336 
f 5337/5337/5337 5338/5338/5338 5339/5339/5339 
f 5339/5339/5339 5338/5338/5338 5340/5340/5340 
f 5341/5341/5341 5342/5342/5342 5343/5343/5343 
f 5343/5343/5343 5342/5342/5342 5344/5344/5344 
f 5345/5345/5345 5346/5346/5346 5347/5347/5347 
f 5347/5347/5347 5346/5346/5346 5348/5348/5348 
f 5349/5349/5349 5350/5350/5350 5351/5351/5351 
f 5351/5351/5351 5350/5350/5350 5352/5352/5352 
f 5353/5353/5353 5354/5354/5354 5355/5355/5355 
f 5355/5355/5355 5354/5354/5354 5356/5356/5356 
f 5357/5357/5357 5358/5358/5358 5359/5359/5359 
f 5359/5359/5359 5358/5358/5358 5360/5360/5360 
f 5361/5361/5361 5362/5362/5362 5363/5363/5363 
f 5363/5363/5363 5362/5362/5362 5364/5364/5364 
f 5365/5365/5365 5366/5366/5366 5367/5367/5367 
f 5367/5367/5367 5366/5366/5366 5368/5368/5368 
f 5369/5369/5369 5370/5370/5370 5371/5371/5371 
f 5371/5371/5371 5370/5370/5370 5372/5372/5372 
f 5373/5373/5373 5374/5374/5374 5375/5375/5375 
f 5375/5375/5375 5374/5374/5374 5376/5376/5376 
f 5377/5377/5377 5378/5378/5378 5379/5379/5379 
f 5379/5379/5379 5378/5378/5378 5380/5380/5380 
f 5381/5381/5381 5382/5382/5382 5383/5383/5383 
f 5383/5383/5383 5382/5382/5382 5384/5384/5384 
f 5385/5385/5385 5386/5386/5386 5387/5387/5387 
f 5387/5387/5387 5386/5386/5386 5388/5388/5388 
f 5389/5389/5389 5390/5390/5390 5391/5391/5391 
f 5391/5391/5391 5390/5390/5390 5392/5392/5392 
f 5393/5393/5393 5394/5394/5394 5395/5395/5395 
f 5395/5395/5395 5394/5394/5394 5396/5396/5396 
f 5397/5397/5397 5398/5398/5398 5399/5399/5399 
f 5399/5399/5399 5398/5398/5398 5400/5400/5400 
f 5401/5401/5401 5402/5402/5402 5403/5403/5403 
f 5403/5403/5403 5402/5402/5402 5404/5404/5404 
f 5405/5405/5405 5406/5406/5406 5407/5407/5407 
f 5407/5407/5407 5406/5406/5406 5408/5408/5408 
f 5409/5409/5409 5410/5410/5410 5411/5411/5411 
f 5411/5411/5411 5410/5410/5410 5412/5412/5412 
f 5413/5413/5413 5414/5414/5414 5415/5415/5415 
f 5415/5415/5415 5414/5414/5414 5416/5416/5416 
f 5417/5417/5417 5418/5418/5418 5419/5419/5419 
f 5419/5419/5419 5418/5418/5418 5420/5420/5420 
f 5421/5421/5421 5422/5422/5422 5423/5423/5423 
f 5423/5423/5423 5422/5422/5422 5424/5424/5424 
f 5425/5425/5425 5426/5426/5426 5427/5427/5427 
f 5427/5427/5427 5426/5426/5426 5428/5428/5428 
f 5429/5429/5429 5430/5430/5430 5431/5431/5431 
f 5431/5431/5431 5430/5430/5430 5432/5432/5432 
f 5433/5433/5433 5434/5434/5434 5435/5435/5435 
f 5435/5435/5435 5434/5434/5434 5436/5436/5436 
f 5437/5437/5437 5438/5438/5438 5439/5439/5439 
f 5439/5439/5439 5438/5438/5438 5440/5440/5440 
f 5441/5441/5441 5442/5442/5442 5443/5443/5443 
f 5443/5443/5443 5442/5442/5442 5444/5444/5444 
f 5445/5445/5445 5446/5446/5446 5447/5447/5447 
f 5447/5447/5447 5446/5446/5446 5448/5448/5448 
f 5449/5449/5449 5450/5450/5450 5451/5451/5451 
f 5451/5451/5451 5450/5450/5450 5452/5452/5452 
f 5453/5453/5453 5454/5454/5454 5455/5455/5455 
f 5455/5455/5455 5454/5454/5454 5456/5456/5456 
f 5457/5457/5457 5458/5458/5458 5459/5459/5459 
f 5459/5459/5459 5458/5458/5458 5460/5460/5460 
f 5461/5461/5461 5462/5462/5462 5463/5463/5463 
f 5463/5463/5463 5462/5462/5462 5464/5464/5464 
f 5465/5465/5465 5466/5466/5466 5467/5467/5467 
f 5467/5467/5467 5466/5466/5466 5468/5468/5468 
f 5469/5469/5469 5470/5470/5470 5471/5471/5471 
f 5471/5471/5471 5470/5470/5470 5472/5472/5472 
f 5473/5473/5473 5474/5474/5474 5475/5475/5475 
f 5475/5475/5475 5474/5474/5474 5476/5476/5476 
f 5477/5477/5477 5478/5478/5478 5479/5479/5479 
f 5479/5479/5479 5478/5478/5478 5480/5480/5480 
f 5481/5481/5481 5482/5482/5482 5483/5483/5483 
f 5483/5483/5483 5482/5482/5482 5484/5484/5484 
f 5485/5485/5485 5486/5486/5486 5487/5487/5487 
f 5487/5487/5487 5486/5486/5486 5488/5488/5488 
f 5489/5489/5489 5490/5490/5490 5491/5491/5491 
f 5491/5491/5491 5490/5490/5490 5492/5492/5492 
f 5493/5493/5493 5494/5494/5494 5495/5495/5495 
f 5495/5495/5495 5494/5494/5494 5496/5496/5496 
f 5497/5497/5497 5498/5498/5498 5499/5499/5499 
f 5499/5499/5499 5498/5498/5498 5500/5500/5500 
f 5501/5501/5501 5502/5502/5502 5503/5503/5503 
f 5503/5503/5503 5502/5502/5502 5504/5504/5504 
f 5505/5505/5505 5506/5506/5506 5507/5507/5507 
f 5507/5507/5507 5506/5506/5506 5508/5508/5508 
f 5509/5509/5509 5510/5510/5510 5511/5511/5511 
f 5511/5511/5511 5510/5510/5510 5512/5512/5512 
f 5513/5513/5513 5514/5514/5514 5515/5515/5515 
f 5515/5515/5515 5514/5514/5514 5516/5516/5516 
f 5517/5517/5517 5518/5518/5518 5519/5519/5519 
f 5519/5519/5519 5518/5518/5518 5520/5520/5520 
f 5521/5521/5521 5522/5522/5522 5523/5523/5523 
f 5523/5523/5523 5522/5522/5522 5524/5524/5524 
f 5525/5525/5525 5526/5526/5526 5527/5527/5527 
f 5527/5527/5527 5526/5526/5526 5528/5528/5528 
f 5529/5529/5529 5530/5530/5530 5531/5531/5531 
f 5531/5531/5531 5530/5530/5530 5532/5532/5532 
f 5533/5533/5533 5534/5534/5534 5535/5535/5535 
f 5535/5535/5535 5534/5534/5534 5536/5536/5536 
f 5537/5537/5537 5538/5538/5538 5539/5539/5539 
f 5539/5539/5539 5538/5538/5538 5540/5540/5540 
f 5541/5541/5541 5542/5542/5542 5543/5543/5543 
f 5543/5543/5543 5542/5542/5542 5544/5544/5544 
f 5545/5545/5545 5546/5546/5546 5547/5547/5547 
f 5547/5547/5547 5546/5546/5546 5548/5548/5548 
f 5549/5549/5549 5550/5550/5550 5551/5551/5551 
f 5551/5551/5551 5550/5550/5550 5552/5552/5552 
f 5553/5553/5553 5554/5554/5554 5555/5555/5555 
f 5555/5555/5555 5554/5554/5554 5556/5556/5556 
f 5557/5557/5557 5558/5558/5558 5559/5559/5559 
f 5559/5559/5559 5558/5558/5558 5560/5560/5560 
f 5561/5561/5561 5562/5562/5562 5563/5563/5563 
f 5563/5563/5563 5562/5562/5562 5564/5564/5564 
f 5565/5565/5565 5566/5566/5566 5567/5567/5567 
f 5567/5567/5567 5566/5566/5566 5568/5568/5568 
f 5569/5569/5569 5570/5570/5570 5571/5571/5571 
f 5571/5571/5571 5570/5570/5570 5572/5572/5572 
f 5573/5573/5573 5574/5574/5574 5575/5575/5575 
f 5575/5575/5575 5574/5574/5574 5576/5576/5576 
f 5577/5577/5577 5578/5578/5578 5579/5579/5579 
f 5579/5579/5579 5578/5578/5578 5580/5580/5580 
f 5581/5581/5581 5582/5582/5582 5583/5583/5583 
f 5583/5583/5583 5582/5582/5582 5584/5584/5584 
f 5585/5585/5585 5586/5586/5586 5587/5587/5587 
f 5587/5587/5587 5586/5586/5586 5588/5588/5588 
f 5589/5589/5589 5590/5590/5590 5591/5591/5591 
f 5591/5591/5591 5590/5590/5590 5592/5592/5592 
f 5593/5593/5593 5594/5594/5594 5595/5595/5595 
f 5595/5595/5595 5594/5594/5594 5596/5596/5596 
f 5597/5597/5597 5598/5598/5598 5599/5599/5599 
f 5599/5599/5599 5598/5598/5598 5600/5600/5600 
f 5601/5601/5601 5602/5602/5602 5603/5603/5603 
f 5603/5603/5603 5602/5602/5602 5604/5604/5604 
f 5605/5605/5605 5606/5606/5606 5607/5607/5607 
f 5607/5607/5607 5606/5606/5606 5608/5608/5608 
f 5609/5609/5609 5610/5610/5610 5611/5611/5611 
f 5611/5611/5611 5610/5610/5610 5612/5612/5612 
f 5613/5613/5613 5614/5614/5614 5615/5615/5615 
f 5615/5615/5615 5614/5614/5614 5616/5616/5616 
f 5617/5617/5617 5618/5618/5618 5619/5619/5619 
f 5619/5619/5619 5618/5618/5618 5620/5620/5620 
f 5621/5621/5621 5622/5622/5622 5623/5623/5623 
f 5623/5623/5623 5622/5622/5622 5624/5624/5624 
f 5625/5625/5625 5626/5626/5626 5627/5627/5627 
f 5627/5627/5627 5626/5626/5626 5628/5628/5628 
f 5629/5629/5629 5630/5630/5630 5631/5631/5631 
f 5631/5631/5631 5630/5630/5630 5632/5632/5632 
f 5633/5633/5633 5634/5634/5634 5635/5635/5635 
f 5635/5635/5635 5634/5634/5634 5636/5636/5636 
f 5637/5637/5637 5638/5638/5638 5639/5639/5639 
f 5639/5639/5639 5638/5638/5638 5640/5640/5640 
f 5641/5641/5641 5642/5642/5642 5643/5643/5643 
f 5643/5643/5643 5642/5642/5642 5644/5644/5644 
f 5645/5645/5645 5646/5646/5646 5647/5647/5647 
f 5647/5647/5647 5646/5646/5646 5648/5648/5648 
f 5649/5649/5649 5650/5650/5650 5651/5651/5651 
f 5651/5651/5651 5650/5650/5650 5652/5652/5652 
f 5653/5653/5653 5654/5654/5654 5655/5655/5655 
f 5655/5655/5655 5654/5654/5654 5656/5656/5656 
f 5657/5657/5657 5658/5658/5658 5659/5659/5659 
f 5659/5659/5659 5658/5658/5658 5660/5660/5660 
f 5661/5661/5661 5662/5662/5662 5663/5663/5663 
f 5663/5663/5663 5662/5662/5662 5664/5664/5664 
f 5665/5665/5665 5666/5666/5666 5667/5667/5667 
f 5667/5667/5667 5666/5666/5666 5668/5668/5668 
f 5669/5669/5669 5670/5670/5670 5671/5671/5671 
f 5671/5671/5671 5670/5670/5670 5672/5672/5672 
f 5673/5673/5673 5674/5674/5674 5675/5675/5675 
f 5675/5675/5675 5674/5674/5674 5676/5676/5676 
f 5677/5677/5677 5678/5678/5678 5679/5679/5679 
f 5679/5679/5679 5678/5678/5678 5680/5680/5680 
f 5681/5681/5681 5682/5682/5682 5683/5683/5683 
f 5683/5683/5683 5682/5682/5682 5684/5684/5684 
f 5685/5685/5685 5686/5686/5686 5687/5687/5687 
f 5687/5687/5687 5686/5686/5686 5688/5688/5688 
f 5689/5689/5689 5690/5690/5690 5691/5691/5691 
f 5691/5691/5691 5690/5690/5690 5692/5692/5692 
f 5693/5693/5693 5694/5694/5694 5695/5695/5695 
f 5695/5695/5695 5694/5694/5694 5696/5696/5696 
f 5697/5697/5697 5698/5698/5698 5699/5699/5699 
f 5699/5699/5699 5698/5698/5698 5700/5700/5700 
f 5701/5701/5701 5702/5702/5702 5703/5703/5703 
f 5703/5703/5703 5702/5702/5702 5704/5704/5704 
f 5705/5705/5705 5706/5706/5706 5707/5707/5707 
f 5707/5707/5707 5706/5706/5706 5708/5708/5708 
f 5709/5709/5709 5710/5710/5710 5711/5711/5711 
f 5711/5711/5711 5710/5710/5710 5712/5712/5712 
f 5713/5713/5713 5714/5714/5714 5715/5715/5715 
f 5715/5715/5715 5714/5714/5714 5716/5716/5716 
f 5717/5717/5717 5718/5718/5718 5719/5719/5719 
f 5719/5719/5719 5718/5718/5718 5720/5720/5720 
f 5721/5721/5721 5722/5722/5722 5723/5723/5723 
f 5723/5723/5723 5722/5722/5722 5724/5724/5724 
f 5725/5725/5725 5726/5726/5726 5727/5727/5727 
f 5727/5727/5727 5726/5726/5726 5728/5728/5728 
f 5752/5752/5752 5753/5753/5753 5754/5754/5754 
f 5754/5754/5754 5753/5753/5753 5755/5755/5755 
f 5756/5756/5756 5757/5757/5757 5758/5758/5758 
f 5758/5758/5758 5757/5757/5757 5759/5759/5759 
f 5760/5760/5760 5761/5761/5761 5762/5762/5762 
f 5762/5762/5762 5761/5761/5761 5763/5763/5763 
f 5764/5764/5764 5765/5765/5765 5766/5766/5766 
f 5766/5766/5766 5765/5765/5765 5767/5767/5767 
f 5768/5768/5768 5769/5769/5769 5770/5770/5770 
f 5770/5770/5770 5769/5769/5769 5771/5771/5771 
f 5772/5772/5772 5773/5773/5773 5774/5774/5774 
f 5774/5774/5774 5773/5773/5773 5775/5775/5775 
f 5778/5778/5778 5779/5779/5779 5780/5780/5780 
f 5780/5780/5780 5779/5779/5779 5781/5781/5781 
f 5782/5782/5782 5783/5783/5783 5784/5784/5784 
f 5784/5784/5784 5783/5783/5783 5785/5785/5785 
f 5786/5786/5786 5787/5787/5787 5788/5788/5788 
f 5788/5788/5788 5787/5787/5787 5789/5789/5789 
f 5791/5791/5791 5792/5792/5792 5793/5793/5793 
f 5793/5793/5793 5792/5792/5792 5794/5794/5794 
f 5795/5795/5795 5796/5796/5796 5797/5797/5797 
f 5797/5797/5797 5796/5796/5796 5798/5798/5798 
f 5799/5799/5799 5800/5800/5800 5801/5801/5801 
f 5801/5801/5801 5800/5800/5800 5802/5802/5802 
f 5803/5803/5803 5804/5804/5804 5805/5805/5805 
f 5805/5805/5805 5804/5804/5804 5806/5806/5806 
f 5807/5807/5807 5808/5808/5808 5809/5809/5809 
f 5809/5809/5809 5808/5808/5808 5810/5810/5810 
f 5811/5811/5811 5812/5812/5812 5813/5813/5813 
f 5813/5813/5813 5812/5812/5812 5814/5814/5814 
f 5815/5815/5815 5816/5816/5816 5817/5817/5817 
f 5817/5817/5817 5816/5816/5816 5818/5818/5818 
f 5819/5819/5819 5820/5820/5820 5821/5821/5821 
f 5821/5821/5821 5820/5820/5820 5822/5822/5822 
f 5823/5823/5823 5824/5824/5824 5825/5825/5825 
f 5825/5825/5825 5824/5824/5824 5826/5826/5826 
f 5827/5827/5827 5828/5828/5828 5829/5829/5829 
f 5829/5829/5829 5828/5828/5828 5830/5830/5830 
f 5831/5831/5831 5832/5832/5832 5833/5833/5833 
f 5833/5833/5833 5832/5832/5832 5834/5834/5834 
f 5835/5835/5835 5836/5836/5836 5837/5837/5837 
f 5837/5837/5837 5836/5836/5836 5838/5838/5838 
f 5839/5839/5839 5840/5840/5840 5841/5841/5841 
f 5841/5841/5841 5840/5840/5840 5842/5842/5842 
f 5844/5844/5844 5845/5845/5845 5846/5846/5846 
f 5846/5846/5846 5845/5845/5845 5847/5847/5847 
f 5848/5848/5848 5849/5849/5849 5850/5850/5850 
f 5850/5850/5850 5849/5849/5849 5851/5851/5851 
f 5852/5852/5852 5853/5853/5853 5854/5854/5854 
f 5854/5854/5854 5853/5853/5853 5855/5855/5855 
f 5856/5856/5856 5857/5857/5857 5858/5858/5858 
f 5858/5858/5858 5857/5857/5857 5859/5859/5859 
f 5860/5860/5860 5861/5861/5861 5862/5862/5862 
f 5862/5862/5862 5861/5861/5861 5863/5863/5863 
f 5864/5864/5864 5865/5865/5865 5866/5866/5866 
f 5866/5866/5866 5865/5865/5865 5867/5867/5867 
f 5868/5868/5868 5869/5869/5869 5870/5870/5870 
f 5870/5870/5870 5869/5869/5869 5871/5871/5871 
f 5872/5872/5872 5873/5873/5873 5874/5874/5874 
f 5874/5874/5874 5873/5873/5873 5875/5875/5875 
f 5876/5876/5876 5877/5877/5877 5878/5878/5878 
f 5878/5878/5878 5877/5877/5877 5879/5879/5879 
f 5880/5880/5880 5881/5881/5881 5882/5882/5882 
f 5882/5882/5882 5881/5881/5881 5883/5883/5883 
f 5890/5890/5890 5891/5891/5891 5892/5892/5892 
f 5892/5892/5892 5891/5891/5891 5893/5893/5893 
f 5894/5894/5894 5895/5895/5895 5896/5896/5896 
f 5896/5896/5896 5895/5895/5895 5897/5897/5897 
f 5898/5898/5898 5899/5899/5899 5900/5900/5900 
f 5900/5900/5900 5899/5899/5899 5901/5901/5901 
f 5902/5902/5902 5903/5903/5903 5904/5904/5904 
f 5904/5904/5904 5903/5903/5903 5905/5905/5905 
f 5906/5906/5906 5907/5907/5907 5908/5908/5908 
f 5908/5908/5908 5907/5907/5907 5909/5909/5909 
f 5910/5910/5910 5911/5911/5911 5912/5912/5912 
f 5912/5912/5912 5911/5911/5911 5913/5913/5913 
f 5914/5914/5914 5915/5915/5915 5916/5916/5916 
f 5916/5916/5916 5915/5915/5915 5917/5917/5917 
f 5918/5918/5918 5919/5919/5919 5920/5920/5920 
f 5920/5920/5920 5919/5919/5919 5921/5921/5921 
f 5922/5922/5922 5923/5923/5923 5924/5924/5924 
f 5924/5924/5924 5923/5923/5923 5925/5925/5925 
f 5926/5926/5926 5927/5927/5927 5928/5928/5928 
f 5928/5928/5928 5927/5927/5927 5929/5929/5929 
f 5930/5930/5930 5931/5931/5931 5932/5932/5932 
f 5932/5932/5932 5931/5931/5931 5933/5933/5933 
f 5934/5934/5934 5935/5935/5935 5936/5936/5936 
f 5936/5936/5936 5935/5935/5935 5937/5937/5937 
f 5938/5938/5938 5939/5939/5939 5940/5940/5940 
f 5940/5940/5940 5939/5939/5939 5941/5941/5941 
f 5943/5943/5943 5944/5944/5944 5945/5945/5945 
f 5945/5945/5945 5944/5944/5944 5946/5946/5946 
f 5947/5947/5947 5948/5948/5948 5949/5949/5949 
f 5949/5949/5949 5948/5948/5948 5950/5950/5950 
f 5951/5951/5951 5952/5952/5952 5953/5953/5953 
f 5953/5953/5953 5952/5952/5952 5954/5954/5954 
f 5955/5955/5955 5956/5956/5956 5957/5957/5957 
f 5957/5957/5957 5956/5956/5956 5958/5958/5958 
f 5959/5959/5959 5960/5960/5960 5961/5961/5961 
f 5961/5961/5961 5960/5960/5960 5962/5962/5962 
f 5963/5963/5963 5964/5964/5964 5965/5965/5965 
f 5965/5965/5965 5964/5964/5964 5966/5966/5966 
f 5967/5967/5967 5968/5968/5968 5969/5969/5969 
f 5969/5969/5969 5968/5968/5968 5970/5970/5970 
f 5971/5971/5971 5972/5972/5972 5973/5973/5973 
f 5973/5973/5973 5972/5972/5972 5974/5974/5974 
f 5975/5975/5975 5976/5976/5976 5977/5977/5977 
f 5977/5977/5977 5976/5976/5976 5978/5978/5978 
f 5979/5979/5979 5980/5980/5980 5981/5981/5981 
f 5981/5981/5981 5980/5980/5980 5982/5982/5982 
f 5983/5983/5983 5984/5984/5984 5985/5985/5985 
f 5985/5985/5985 5984/5984/5984 5986/5986/5986 
f 5987/5987/5987 5988/5988/5988 5989/5989/5989 
f 5989/5989/5989 5988/5988/5988 5990/5990/5990 
f 5991/5991/5991 5992/5992/5992 5993/5993/5993 
f 5993/5993/5993 5992/5992/5992 5994/5994/5994 
f 5995/5995/5995 5996/5996/5996 5997/5997/5997 
f 5997/5997/5997 5996/5996/5996 5998/5998/5998 
f 5999/5999/5999 6000/6000/6000 6001/6001/6001 
f 6001/6001/6001 6000/6000/6000 6002/6002/6002 
f 6003/6003/6003 6004/6004/6004 6005/6005/6005 
f 6005/6005/6005 6004/6004/6004 6006/6006/6006 
f 6007/6007/6007 6008/6008/6008 6009/6009/6009 
f 6009/6009/6009 6008/6008/6008 6010/6010/6010 
f 6011/6011/6011 6012/6012/6012 6013/6013/6013 
f 6013/6013/6013 6012/6012/6012 6014/6014/6014 
f 6015/6015/6015 6016/6016/6016 6017/6017/6017 
f 6017/6017/6017 6016/6016/6016 6018/6018/6018 
f 6019/6019/6019 6020/6020/6020 6021/6021/6021 
f 6021/6021/6021 6020/6020/6020 6022/6022/6022 
f 6023/6023/6023 6024/6024/6024 6025/6025/6025 
f 6025/6025/6025 6024/6024/6024 6026/6026/6026 
f 6027/6027/6027 6028/6028/6028 6029/6029/6029 
f 6029/6029/6029 6028/6028/6028 6030/6030/6030 
f 6031/6031/6031 6032/6032/6032 6033/6033/6033 
f 6033/6033/6033 6032/6032/6032 6034/6034/6034 
f 6035/6035/6035 6036/6036/6036 6037/6037/6037 
f 6037/6037/6037 6036/6036/6036 6038/6038/6038 
f 6043/6043/6043 6044/6044/6044 6045/6045/6045 
f 6045/6045/6045 6044/6044/6044 6046/6046/6046 
f 6082/6082/6082 6083/6083/6083 6084/6084/6084 
f 6084/6084/6084 6083/6083/6083 6085/6085/6085 
f 6089/6089/6089 6090/6090/6090 6091/6091/6091 
f 6091/6091/6091 6090/6090/6090 6092/6092/6092 
f 6093/6093/6093 6094/6094/6094 6095/6095/6095 
f 6095/6095/6095 6094/6094/6094 6096/6096/6096 
f 6097/6097/6097 6098/6098/6098 6099/6099/6099 
f 6099/6099/6099 6098/6098/6098 6100/6100/6100 
f 6101/6101/6101 6102/6102/6102 6103/6103/6103 
f 6103/6103/6103 6102/6102/6102 6104/6104/6104 
f 6105/6105/6105 6106/6106/6106 6107/6107/6107 
f 6107/6107/6107 6106/6106/6106 6108/6108/6108 
f 6109/6109/6109 6110/6110/6110 6111/6111/6111 
f 6111/6111/6111 6110/6110/6110 6112/6112/6112 
f 6113/6113/6113 6114/6114/6114 6115/6115/6115 
f 6115/6115/6115 6114/6114/6114 6116/6116/6116 
f 6117/6117/6117 6118/6118/6118 6119/6119/6119 
f 6119/6119/6119 6118/6118/6118 6120/6120/6120 
f 6121/6121/6121 6122/6122/6122 6123/6123/6123 
f 6123/6123/6123 6122/6122/6122 6124/6124/6124 
f 6125/6125/6125 6126/6126/6126 6127/6127/6127 
f 6127/6127/6127 6126/6126/6126 6128/6128/6128 
f 6129/6129/6129 6130/6130/6130 6131/6131/6131 
f 6131/6131/6131 6130/6130/6130 6132/6132/6132 
f 6133/6133/6133 6134/6134/6134 6135/6135/6135 
f 6135/6135/6135 6134/6134/6134 6136/6136/6136 
f 6137/6137/6137 6138/6138/6138 6139/6139/6139 
f 6139/6139/6139 6138/6138/6138 6140/6140/6140 
f 6141/6141/6141 6142/6142/6142 6143/6143/6143 
f 6143/6143/6143 6142/6142/6142 6144/6144/6144 
f 6145/6145/6145 6146/6146/6146 6147/6147/6147 
f 6147/6147/6147 6146/6146/6146 6148/6148/6148 
f 6149/6149/6149 6150/6150/6150 6151/6151/6151 
f 6151/6151/6151 6150/6150/6150 6152/6152/6152 
f 6153/6153/6153 6154/6154/6154 6155/6155/6155 
f 6155/6155/6155 6154/6154/6154 6156/6156/6156 
f 6157/6157/6157 6158/6158/6158 6159/6159/6159 
f 6159/6159/6159 6158/6158/6158 6160/6160/6160 
f 6161/6161/6161 6162/6162/6162 6163/6163/6163 
f 6163/6163/6163 6162/6162/6162 6164/6164/6164 
f 6165/6165/6165 6166/6166/6166 6167/6167/6167 
f 6167/6167/6167 6166/6166/6166 6168/6168/6168 
f 6169/6169/6169 6170/6170/6170 6171/6171/6171 
f 6171/6171/6171 6170/6170/6170 6172/6172/6172 
f 6173/6173/6173 6174/6174/6174 6175/6175/6175 
f 6175/6175/6175 6174/6174/6174 6176/6176/6176 
f 6177/6177/6177 6178/6178/6178 6179/6179/6179 
f 6179/6179/6179 6178/6178/6178 6180/6180/6180 
f 6181/6181/6181 6182/6182/6182 6183/6183/6183 
f 6183/6183/6183 6182/6182/6182 6184/6184/6184 
f 6185/6185/6185 6186/6186/6186 6187/6187/6187 
f 6187/6187/6187 6186/6186/6186 6188/6188/6188 
f 6189/6189/6189 6190/6190/6190 6191/6191/6191 
f 6191/6191/6191 6190/6190/6190 6192/6192/6192 
f 6193/6193/6193 6194/6194/6194 6195/6195/6195 
f 6195/6195/6195 6194/6194/6194 6196/6196/6196 
f 6197/6197/6197 6198/6198/6198 6199/6199/6199 
f 6199/6199/6199 6198/6198/6198 6200/6200/6200 
f 6201/6201/6201 6202/6202/6202 6203/6203/6203 
f 6203/6203/6203 6202/6202/6202 6204/6204/6204 
f 6205/6205/6205 6206/6206/6206 6207/6207/6207 
f 6207/6207/6207 6206/6206/6206 6208/6208/6208 
f 6209/6209/6209 6210/6210/6210 6211/6211/6211 
f 6211/6211/6211 6210/6210/6210 6212/6212/6212 
f 6213/6213/6213 6214/6214/6214 6215/6215/6215 
f 6215/6215/6215 6214/6214/6214 6216/6216/6216 
f 6217/6217/6217 6218/6218/6218 6219/6219/6219 
f 6219/6219/6219 6218/6218/6218 6220/6220/6220 
f 6221/6221/6221 6222/6222/6222 6223/6223/6223 
f 6223/6223/6223 6222/6222/6222 6224/6224/6224 
f 6225/6225/6225 6226/6226/6226 6227/6227/6227 
f 6227/6227/6227 6226/6226/6226 6228/6228/6228 
f 6229/6229/6229 6230/6230/6230 6231/6231/6231 
f 6231/6231/6231 6230/6230/6230 6232/6232/6232 
f 6233/6233/6233 6234/6234/6234 6235/6235/6235 
f 6235/6235/6235 6234/6234/6234 6236/6236/6236 
f 6237/6237/6237 6238/6238/6238 6239/6239/6239 
f 6239/6239/6239 6238/6238/6238 6240/6240/6240 
f 6241/6241/6241 6242/6242/6242 6243/6243/6243 
f 6243/6243/6243 6242/6242/6242 6244/6244/6244 
f 6245/6245/6245 6246/6246/6246 6247/6247/6247 
f 6247/6247/6247 6246/6246/6246 6248/6248/6248 
f 6249/6249/6249 6250/6250/6250 6251/6251/6251 
f 6251/6251/6251 6250/6250/6250 6252/6252/6252 
f 6253/6253/6253 6254/6254/6254 6255/6255/6255 
f 6255/6255/6255 6254/6254/6254 6256/6256/6256 
f 6257/6257/6257 6258/6258/6258 6259/6259/6259 
f 6259/6259/6259 6258/6258/6258 6260/6260/6260 
f 6261/6261/6261 6262/6262/6262 6263/6263/6263 
f 6263/6263/6263 6262/6262/6262 6264/6264/6264 
f 6265/6265/6265 6266/6266/6266 6267/6267/6267 
f 6267/6267/6267 6266/6266/6266 6268/6268/6268 
f 6269/6269/6269 6270/6270/6270 6271/6271/6271 
f 6271/6271/6271 6270/6270/6270 6272/6272/6272 
f 6273/6273/6273 6274/6274/6274 6275/6275/6275 
f 6275/6275/6275 6274/6274/6274 6276/6276/6276 
f 6277/6277/6277 6278/6278/6278 6279/6279/6279 
f 6279/6279/6279 6278/6278/6278 6280/6280/6280 
f 6281/6281/6281 6282/6282/6282 6283/6283/6283 
f 6283/6283/6283 6282/6282/6282 6284/6284/6284 
f 6285/6285/6285 6286/6286/6286 6287/6287/6287 
f 6287/6287/6287 6286/6286/6286 6288/6288/6288 
f 6295/6295/6295 6296/6296/6296 6297/6297/6297 
f 6297/6297/6297 6296/6296/6296 6298/6298/6298 
f 6299/6299/6299 6300/6300/6300 6301/6301/6301 
f 6301/6301/6301 6300/6300/6300 6302/6302/6302 
f 6351/6351/6351 6352/6352/6352 6353/6353/6353 
f 6353/6353/6353 6352/6352/6352 6354/6354/6354 
f 6375/6375/6375 6376/6376/6376 6377/6377/6377 
f 6377/6377/6377 6376/6376/6376 6378/6378/6378 
f 6379/6379/6379 6380/6380/6380 6381/6381/6381 
f 6381/6381/6381 6380/6380/6380 6382/6382/6382 
f 6383/6383/6383 6384/6384/6384 6385/6385/6385 
f 6385/6385/6385 6384/6384/6384 6386/6386/6386 
f 6389/6389/6389 6390/6390/6390 6391/6391/6391 
f 6391/6391/6391 6390/6390/6390 6392/6392/6392 
f 6393/6393/6393 6394/6394/6394 6395/6395/6395 
f 6395/6395/6395 6394/6394/6394 6396/6396/6396 
f 6397/6397/6397 6398/6398/6398 6399/6399/6399 
f 6399/6399/6399 6398/6398/6398 6400/6400/6400 
f 6401/6401/6401 6402/6402/6402 6403/6403/6403 
f 6403/6403/6403 6402/6402/6402 6404/6404/6404 
f 6427/6427/6427 6428/6428/6428 6429/6429/6429 
f 6429/6429/6429 6428/6428/6428 6430/6430/6430 
f 6432/6432/6432 6433/6433/6433 6434/6434/6434 
f 6434/6434/6434 6433/6433/6433 6435/6435/6435 
f 6439/6439/6439 6440/6440/6440 6441/6441/6441 
f 6441/6441/6441 6440/6440/6440 6442/6442/6442 
f 6447/6447/6447 6448/6448/6448 6449/6449/6449 
f 6449/6449/6449 6448/6448/6448 6450/6450/6450 
f 6452/6452/6452 6453/6453/6453 6454/6454/6454 
f 6454/6454/6454 6453/6453/6453 6455/6455/6455 
f 6458/6458/6458 6459/6459/6459 6460/6460/6460 
f 6460/6460/6460 6459/6459/6459 6461/6461/6461 
f 6467/6467/6467 6468/6468/6468 6469/6469/6469 
f 6469/6469/6469 6468/6468/6468 6470/6470/6470 
f 6475/6475/6475 6476/6476/6476 6477/6477/6477 
f 6477/6477/6477 6476/6476/6476 6478/6478/6478 
f 6479/6479/6479 6480/6480/6480 6481/6481/6481 
f 6481/6481/6481 6480/6480/6480 6482/6482/6482 
f 6483/6483/6483 6484/6484/6484 6485/6485/6485 
f 6485/6485/6485 6484/6484/6484 6486/6486/6486 
f 6487/6487/6487 6488/6488/6488 6489/6489/6489 
f 6489/6489/6489 6488/6488/6488 6490/6490/6490 
f 6491/6491/6491 6492/6492/6492 6493/6493/6493 
f 6493/6493/6493 6492/6492/6492 6494/6494/6494 
f 6495/6495/6495 6496/6496/6496 6497/6497/6497 
f 6498/6498/6498 6499/6499/6499 6500/6500/6500 
f 6501/6501/6501 6502/6502/6502 6503/6503/6503 
f 6503/6503/6503 6502/6502/6502 6504/6504/6504 
f 6508/6508/6508 6509/6509/6509 6510/6510/6510 
f 6510/6510/6510 6509/6509/6509 6511/6511/6511 
f 6512/6512/6512 6513/6513/6513 6514/6514/6514 
f 6514/6514/6514 6513/6513/6513 6515/6515/6515 
f 6529/6529/6529 6530/6530/6530 6531/6531/6531 
f 6531/6531/6531 6530/6530/6530 6532/6532/6532 
f 6539/6539/6539 6540/6540/6540 6541/6541/6541 
f 6541/6541/6541 6540/6540/6540 6542/6542/6542 
f 6549/6549/6549 6550/6550/6550 6551/6551/6551 
f 6551/6551/6551 6550/6550/6550 6552/6552/6552 
f 6553/6553/6553 6554/6554/6554 6555/6555/6555 
f 6555/6555/6555 6554/6554/6554 6556/6556/6556 
f 6558/6558/6558 6559/6559/6559 6560/6560/6560 
f 6560/6560/6560 6559/6559/6559 6561/6561/6561 
f 6563/6563/6563 6564/6564/6564 6565/6565/6565 
f 6565/6565/6565 6564/6564/6564 6566/6566/6566 
f 6567/6567/6567 6568/6568/6568 6569/6569/6569 
f 6569/6569/6569 6568/6568/6568 6570/6570/6570 
f 6592/6592/6592 6593/6593/6593 6594/6594/6594 
f 6594/6594/6594 6593/6593/6593 6595/6595/6595 
f 6598/6598/6598 6599/6599/6599 6600/6600/6600 
f 6600/6600/6600 6599/6599/6599 6601/6601/6601 
f 6603/6603/6603 6604/6604/6604 6605/6605/6605 
f 6605/6605/6605 6604/6604/6604 6606/6606/6606 
f 6620/6620/6620 6621/6621/6621 6622/6622/6622 
f 6622/6622/6622 6621/6621/6621 6623/6623/6623 
f 6625/6625/6625 6626/6626/6626 6627/6627/6627 
f 6627/6627/6627 6626/6626/6626 6628/6628/6628 
f 6629/6629/6629 6630/6630/6630 6631/6631/6631 
f 6631/6631/6631 6630/6630/6630 6632/6632/6632 
f 6633/6633/6633 6634/6634/6634 6635/6635/6635 
f 6635/6635/6635 6634/6634/6634 6636/6636/6636 
f 6637/6637/6637 6638/6638/6638 6639/6639/6639 
f 6639/6639/6639 6638/6638/6638 6640/6640/6640 
f 6644/6644/6644 6645/6645/6645 6646/6646/6646 
f 6646/6646/6646 6645/6645/6645 6647/6647/6647 
f 6649/6649/6649 6650/6650/6650 6651/6651/6651 
f 6651/6651/6651 6650/6650/6650 6652/6652/6652 
f 6653/6653/6653 6654/6654/6654 6655/6655/6655 
f 6655/6655/6655 6654/6654/6654 6656/6656/6656 
f 6663/6663/6663 6664/6664/6664 6665/6665/6665 
f 6665/6665/6665 6664/6664/6664 6666/6666/6666 
f 6671/6671/6671 6672/6672/6672 6673/6673/6673 
f 6673/6673/6673 6672/6672/6672 6674/6674/6674 
f 6676/6676/6676 6677/6677/6677 6678/6678/6678 
f 6678/6678/6678 6677/6677/6677 6679/6679/6679 
f 6681/6681/6681 6682/6682/6682 6683/6683/6683 
f 6683/6683/6683 6682/6682/6682 6684/6684/6684 
f 6690/6690/6690 6691/6691/6691 6692/6692/6692 
f 6692/6692/6692 6691/6691/6691 6693/6693/6693 
f 6695/6695/6695 6696/6696/6696 6697/6697/6697 
f 6697/6697/6697 6696/6696/6696 6698/6698/6698 
f 6699/6699/6699 6700/6700/6700 6701/6701/6701 
f 6701/6701/6701 6700/6700/6700 6702/6702/6702 
f 6703/6703/6703 6704/6704/6704 6705/6705/6705 
f 6705/6705/6705 6704/6704/6704 6706/6706/6706 
f 6707/6707/6707 6708/6708/6708 6709/6709/6709 
f 6709/6709/6709 6708/6708/6708 6710/6710/6710 
f 6715/6715/6715 6716/6716/6716 6717/6717/6717 
f 6717/6717/6717 6716/6716/6716 6718/6718/6718 
f 6719/6719/6719 6720/6720/6720 6721/6721/6721 
f 6721/6721/6721 6720/6720/6720 6722/6722/6722 
f 6723/6723/6723 6724/6724/6724 6725/6725/6725 
f 6725/6725/6725 6724/6724/6724 6726/6726/6726 
f 6727/6727/6727 6728/6728/6728 6729/6729/6729 
f 6729/6729/6729 6728/6728/6728 6730/6730/6730 
f 6731/6731/6731 6732/6732/6732 6733/6733/6733 
f 6733/6733/6733 6732/6732/6732 6734/6734/6734 
f 6735/6735/6735 6736/6736/6736 6737/6737/6737 
f 6737/6737/6737 6736/6736/6736 6738/6738/6738 
f 6739/6739/6739 6740/6740/6740 6741/6741/6741 
f 6741/6741/6741 6740/6740/6740 6742/6742/6742 
f 6743/6743/6743 6744/6744/6744 6745/6745/6745 
f 6745/6745/6745 6744/6744/6744 6746/6746/6746 
f 6747/6747/6747 6748/6748/6748 6749/6749/6749 
f 6749/6749/6749 6748/6748/6748 6750/6750/6750 
f 6751/6751/6751 6752/6752/6752 6753/6753/6753 
f 6753/6753/6753 6752/6752/6752 6754/6754/6754 
f 6755/6755/6755 6756/6756/6756 6757/6757/6757 
f 6757/6757/6757 6756/6756/6756 6758/6758/6758 
f 6759/6759/6759 6760/6760/6760 6761/6761/6761 
f 6761/6761/6761 6760/6760/6760 6762/6762/6762 
f 6763/6763/6763 6764/6764/6764 6765/6765/6765 
f 6765/6765/6765 6764/6764/6764 6766/6766/6766 
f 6767/6767/6767 6768/6768/6768 6769/6769/6769 
f 6769/6769/6769 6768/6768/6768 6770/6770/6770 
f 6771/6771/6771 6772/6772/6772 6773/6773/6773 
f 6773/6773/6773 6772/6772/6772 6774/6774/6774 
f 6775/6775/6775 6776/6776/6776 6777/6777/6777 
f 6777/6777/6777 6776/6776/6776 6778/6778/6778 
f 6779/6779/6779 6780/6780/6780 6781/6781/6781 
f 6781/6781/6781 6780/6780/6780 6782/6782/6782 
f 6783/6783/6783 6784/6784/6784 6785/6785/6785 
f 6785/6785/6785 6784/6784/6784 6786/6786/6786 
f 6787/6787/6787 6788/6788/6788 6789/6789/6789 
f 6789/6789/6789 6788/6788/6788 6790/6790/6790 
f 6791/6791/6791 6792/6792/6792 6793/6793/6793 
f 6793/6793/6793 6792/6792/6792 6794/6794/6794 
f 6795/6795/6795 6796/6796/6796 6797/6797/6797 
f 6797/6797/6797 6796/6796/6796 6798/6798/6798 
f 6799/6799/6799 6800/6800/6800 6801/6801/6801 
f 6801/6801/6801 6800/6800/6800 6802/6802/6802 
f 6803/6803/6803 6804/6804/6804 6805/6805/6805 
f 6805/6805/6805 6804/6804/6804 6806/6806/6806 
f 6807/6807/6807 6808/6808/6808 6809/6809/6809 
f 6809/6809/6809 6808/6808/6808 6810/6810/6810 
f 6811/6811/6811 6812/6812/6812 6813/6813/6813 
f 6813/6813/6813 6812/6812/6812 6814/6814/6814 
f 6815/6815/6815 6816/6816/6816 6817/6817/6817 
f 6817/6817/6817 6816/6816/6816 6818/6818/6818 
f 6819/6819/6819 6820/6820/6820 6821/6821/6821 
f 6821/6821/6821 6820/6820/6820 6822/6822/6822 
f 6823/6823/6823 6824/6824/6824 6825/6825/6825 
f 6825/6825/6825 6824/6824/6824 6826/6826/6826 
f 6827/6827/6827 6828/6828/6828 6829/6829/6829 
f 6829/6829/6829 6828/6828/6828 6830/6830/6830 
f 6831/6831/6831 6832/6832/6832 6833/6833/6833 
f 6833/6833/6833 6832/6832/6832 6834/6834/6834 
f 6835/6835/6835 6836/6836/6836 6837/6837/6837 
f 6837/6837/6837 6836/6836/6836 6838/6838/6838 
f 6839/6839/6839 6840/6840/6840 6841/6841/6841 
f 6841/6841/6841 6840/6840/6840 6842/6842/6842 
f 6843/6843/6843 6844/6844/6844 6845/6845/6845 
f 6845/6845/6845 6844/6844/6844 6846/6846/6846 
f 6847/6847/6847 6848/6848/6848 6849/6849/6849 
f 6849/6849/6849 6848/6848/6848 6850/6850/6850 
f 6851/6851/6851 6852/6852/6852 6853/6853/6853 
f 6853/6853/6853 6852/6852/6852 6854/6854/6854 
f 6855/6855/6855 6856/6856/6856 6857/6857/6857 
f 6857/6857/6857 6856/6856/6856 6858/6858/6858 
f 6859/6859/6859 6860/6860/6860 6861/6861/6861 
f 6861/6861/6861 6860/6860/6860 6862/6862/6862 
f 6863/6863/6863 6864/6864/6864 6865/6865/6865 
f 6865/6865/6865 6864/6864/6864 6866/6866/6866 
f 6867/6867/6867 6868/6868/6868 6869/6869/6869 
f 6869/6869/6869 6868/6868/6868 6870/6870/6870 
f 6871/6871/6871 6872/6872/6872 6873/6873/6873 
f 6873/6873/6873 6872/6872/6872 6874/6874/6874 
f 6875/6875/6875 6876/6876/6876 6877/6877/6877 
f 6877/6877/6877 6876/6876/6876 6878/6878/6878 
f 6879/6879/6879 6880/6880/6880 6881/6881/6881 
f 6881/6881/6881 6880/6880/6880 6882/6882/6882 
f 6883/6883/6883 6884/6884/6884 6885/6885/6885 
f 6885/6885/6885 6884/6884/6884 6886/6886/6886 
f 6887/6887/6887 6888/6888/6888 6889/6889/6889 
f 6889/6889/6889 6888/6888/6888 6890/6890/6890 
f 6891/6891/6891 6892/6892/6892 6893/6893/6893 
f 6893/6893/6893 6892/6892/6892 6894/6894/6894 
f 6895/6895/6895 6896/6896/6896 6897/6897/6897 
f 6897/6897/6897 6896/6896/6896 6898/6898/6898 
f 6899/6899/6899 6900/6900/6900 6901/6901/6901 
f 6901/6901/6901 6900/6900/6900 6902/6902/6902 
f 6903/6903/6903 6904/6904/6904 6905/6905/6905 
f 6905/6905/6905 6904/6904/6904 6906/6906/6906 
f 6907/6907/6907 6908/6908/6908 6909/6909/6909 
f 6909/6909/6909 6908/6908/6908 6910/6910/6910 
f 6911/6911/6911 6912/6912/6912 6913/6913/6913 
f 6913/6913/6913 6912/6912/6912 6914/6914/6914 
f 6915/6915/6915 6916/6916/6916 6917/6917/6917 
f 6917/6917/6917 6916/6916/6916 6918/6918/6918 
f 6919/6919/6919 6920/6920/6920 6921/6921/6921 
f 6921/6921/6921 6920/6920/6920 6922/6922/6922 
f 6923/6923/6923 6924/6924/6924 6925/6925/6925 
f 6925/6925/6925 6924/6924/6924 6926/6926/6926 
f 6927/6927/6927 6928/6928/6928 6929/6929/6929 
f 6929/6929/6929 6928/6928/6928 6930/6930/6930 
f 6931/6931/6931 6932/6932/6932 6933/6933/6933 
f 6933/6933/6933 6932/6932/6932 6934/6934/6934 
f 6935/6935/6935 6936/6936/6936 6937/6937/6937 
f 6937/6937/6937 6936/6936/6936 6938/6938/6938 
f 6939/6939/6939 6940/6940/6940 6941/6941/6941 
f 6941/6941/6941 6940/6940/6940 6942/6942/6942 
f 6943/6943/6943 6944/6944/6944 6945/6945/6945 
f 6945/6945/6945 6944/6944/6944 6946/6946/6946 
f 6947/6947/6947 6948/6948/6948 6949/6949/6949 
f 6949/6949/6949 6948/6948/6948 6950/6950/6950 
f 6951/6951/6951 6952/6952/6952 6953/6953/6953 
f 6953/6953/6953 6952/6952/6952 6954/6954/6954 
f 6955/6955/6955 6956/6956/6956 6957/6957/6957 
f 6957/6957/6957 6956/6956/6956 6958/6958/6958 
f 6959/6959/6959 6960/6960/6960 6961/6961/6961 
f 6961/6961/6961 6960/6960/6960 6962/6962/6962 
f 6963/6963/6963 6964/6964/6964 6965/6965/6965 
f 6965/6965/6965 6964/6964/6964 6966/6966/6966 
f 6967/6967/6967 6968/6968/6968 6969/6969/6969 
f 6969/6969/6969 6968/6968/6968 6970/6970/6970 
f 6971/6971/6971 6972/6972/6972 6973/6973/6973 
f 6973/6973/6973 6972/6972/6972 6974/6974/6974 
f 6975/6975/6975 6976/6976/6976 6977/6977/6977 
f 6977/6977/6977 6976/6976/6976 6978/6978/6978 
f 6979/6979/6979 6980/6980/6980 6981/6981/6981 
f 6981/6981/6981 6980/6980/6980 6982/6982/6982 
f 6983/6983/6983 6984/6984/6984 6985/6985/6985 
f 6985/6985/6985 6984/6984/6984 6986/6986/6986 
f 6987/6987/6987 6988/6988/6988 6989/6989/6989 
f 6989/6989/6989 6988/6988/6988 6990/6990/6990 
f 6991/6991/6991 6992/6992/6992 6993/6993/6993 
f 6993/6993/6993 6992/6992/6992 6994/6994/6994 
f 6995/6995/6995 6996/6996/6996 6997/6997/6997 
f 6997/6997/6997 6996/6996/6996 6998/6998/6998 
f 6999/6999/6999 7000/7000/7000 7001/7001/7001 
f 7001/7001/7001 7000/7000/7000 7002/7002/7002 
f 7003/7003/7003 7004/7004/7004 7005/7005/7005 
f 7005/7005/7005 7004/7004/7004 7006/7006/7006 
f 7007/7007/7007 7008/7008/7008 7009/7009/7009 
f 7009/7009/7009 7008/7008/7008 7010/7010/7010 
f 7011/7011/7011 7012/7012/7012 7013/7013/7013 
f 7013/7013/7013 7012/7012/7012 7014/7014/7014 
f 7015/7015/7015 7016/7016/7016 7017/7017/7017 
f 7017/7017/7017 7016/7016/7016 7018/7018/7018 
f 7019/7019/7019 7020/7020/7020 7021/7021/7021 
f 7021/7021/7021 7020/7020/7020 7022/7022/7022 
f 7023/7023/7023 7024/7024/7024 7025/7025/7025 
f 7025/7025/7025 7024/7024/7024 7026/7026/7026 
f 7027/7027/7027 7028/7028/7028 7029/7029/7029 
f 7029/7029/7029 7028/7028/7028 7030/7030/7030 
f 7031/7031/7031 7032/7032/7032 7033/7033/7033 
f 7033/7033/7033 7032/7032/7032 7034/7034/7034 
f 7035/7035/7035 7036/7036/7036 7037/7037/7037 
f 7037/7037/7037 7036/7036/7036 7038/7038/7038 
f 7039/7039/7039 7040/7040/7040 7041/7041/7041 
f 7041/7041/7041 7040/7040/7040 7042/7042/7042 
f 7043/7043/7043 7044/7044/7044 7045/7045/7045 
f 7045/7045/7045 7044/7044/7044 7046/7046/7046 
f 7047/7047/7047 7048/7048/7048 7049/7049/7049 
f 7049/7049/7049 7048/7048/7048 7050/7050/7050 
f 7051/7051/7051 7052/7052/7052 7053/7053/7053 
f 7053/7053/7053 7052/7052/7052 7054/7054/7054 

