# This file is brought to you by Roblox Corporation
# Generated by Roblox Studio

mtllib batsya.mtl

g Meshesbowl1

v -41.6806 1.23927 -24.9386 
v -41.6806 0.455029 -24.9386 
v -43.1538 0.455029 -25.9447 
v -46.6294 0.455029 -25.9447 
v -46.6294 1.23927 -25.9447 
v -47.4145 1.23927 -25.5158 
v -48.1027 0.455029 -24.9386 
v -48.1027 1.23927 -24.9386 
v -48.6674 0.455029 -24.2353 
v -48.1027 1.23927 -24.9386 
v -48.1027 0.455029 -24.9386 
v -48.6674 1.23927 -24.2353 
v -48.6674 1.23927 -24.2353 
v -48.6674 0.455029 -24.2353 
v -49.0871 0.455029 -23.4329 
v -49.0871 1.23927 -23.4329 
v -49.0871 1.23927 -23.4329 
v -49.0871 0.455029 -23.4329 
v -49.3455 0.455029 -22.5623 
v -49.3455 1.23927 -22.5623 
v -49.3455 1.23927 -22.5623 
v -49.3455 0.455029 -22.5623 
v -49.4327 0.455029 -21.6569 
v -49.4327 1.23927 -21.6569 
v -49.4327 1.23927 -21.6569 
v -49.4327 0.455029 -21.6569 
v -49.3455 0.455029 -20.7514 
v -49.3455 1.23927 -20.7514 
v -41.6806 0.455029 -18.3751 
v -41.1159 0.455029 -19.0784 
v -40.6962 1.23927 -19.8808 
v -40.4378 0.455029 -20.7514 
v -40.3506 0.455029 -21.6569 
v -40.6962 0.455029 -23.4329 
v -41.1159 0.455029 -24.2353 
v -49.3455 1.23927 -20.7514 
v -49.3455 0.455029 -20.7514 
v -49.0871 0.455029 -19.8808 
v -49.0871 1.23927 -19.8808 
v -49.0871 1.23927 -19.8808 
v -49.0871 0.455029 -19.8808 
v -48.6674 0.455029 -19.0784 
v -48.6674 1.23927 -19.0784 
v -48.1027 0.455029 -18.3751 
v -48.6674 1.23927 -19.0784 
v -48.6674 0.455029 -19.0784 
v -48.1027 1.23927 -18.3751 
v -46.6294 0.455029 -17.3691 
v -46.6294 1.23927 -17.3691 
v -43.2794 1.36851 -25.6349 
v -47.8707 1.36851 -24.7015 
v -47.8707 1.36851 -24.7015 
v -48.6674 1.23927 -24.2353 
v -48.3946 1.36851 -24.049 
v -48.1027 1.23927 -24.9386 
v -48.3946 1.36851 -24.049 
v -49.0871 1.23927 -23.4329 
v -48.7839 1.36851 -23.3046 
v -48.6674 1.23927 -24.2353 
v -48.7839 1.36851 -23.3046 
v -49.3455 1.23927 -22.5623 
v -49.0237 1.36851 -22.4969 
v -49.0871 1.23927 -23.4329 
v -49.0237 1.36851 -22.4969 
v -49.4327 1.23927 -21.6569 
v -49.1046 1.36851 -21.6569 
v -49.3455 1.23927 -22.5623 
v -49.4327 1.23927 -21.6569 
v -49.0237 1.36851 -20.8168 
v -49.1046 1.36851 -21.6569 
v -49.3455 1.23927 -20.7514 
v -49.3455 1.23927 -20.7514 
v -48.7839 1.36851 -20.0091 
v -49.0237 1.36851 -20.8168 
v -49.0871 1.23927 -19.8808 
v -40.9993 1.36851 -23.3046 
v -49.0871 1.23927 -19.8808 
v -48.3946 1.36851 -19.2647 
v -48.7839 1.36851 -20.0091 
v -48.6674 1.23927 -19.0784 
v -48.6674 1.23927 -19.0784 
v -47.8707 1.36851 -18.6122 
v -48.3946 1.36851 -19.2647 
v -48.1027 1.23927 -18.3751 
v -46.5039 1.36851 -17.6788 
v -48.1011 1.40581 -23.8486 
v -47.6211 1.40581 -24.4464 
v -47.6211 1.36851 -24.4464 
v -48.1011 1.36851 -23.8486 
v -42.1622 1.40581 -24.4464 
v -48.1011 1.40581 -19.4651 
v -48.4578 1.40581 -20.1472 
v -48.4578 1.36851 -20.1472 
v -48.1011 1.36851 -19.4651 
v -47.6211 1.40581 -18.8673 
v -48.1011 1.40581 -19.4651 
v -48.1011 1.36851 -19.4651 
v -47.6211 1.36851 -18.8673 
v -47.0361 1.40581 -18.3767 
v -48.4578 1.40581 -23.1665 
v -48.1011 1.40581 -23.8486 
v -48.1011 1.36851 -23.8486 
v -48.4578 1.36851 -23.1665 
v -48.6775 1.40581 -22.4265 
v -48.4578 1.40581 -23.1665 
v -48.4578 1.36851 -23.1665 
v -48.6775 1.36851 -22.4265 
v -48.7516 1.40581 -21.6569 
v -48.6775 1.40581 -22.4265 
v -48.6775 1.36851 -22.4265 
v -48.7516 1.36851 -21.6569 
v -48.6775 1.40581 -20.8872 
v -48.7516 1.40581 -21.6569 
v -48.7516 1.36851 -21.6569 
v -48.6775 1.36851 -20.8872 
v -48.4578 1.40581 -20.1472 
v -48.6775 1.40581 -20.8872 
v -48.6775 1.36851 -20.8872 
v -48.4578 1.36851 -20.1472 
v -41.9817 0.455072 -18.6828 
v -41.4699 0.455072 -19.3202 
v -41.0896 0.455072 -23.2664 
v -41.9817 0.455072 -24.6309 
v -43.3168 0.455072 -25.5426 
v -47.178 0.455072 -25.1539 
v -43.3168 0.964274 -25.5426 
v -41.4699 0.964274 -23.9935 
v -41.9817 0.964274 -24.6309 
v -42.6053 0.964274 -18.1598 
v -41.4699 0.964274 -19.3202 
v -41.9817 0.964274 -18.6828 
v -40.8554 0.964274 -20.8363 
v -41.0896 0.964274 -20.0473 
v -40.8554 0.964274 -22.4774 
v -41.0896 0.964274 -23.2664 
v -40.7763 0.964274 -21.6569 
v -40.7763 0.455072 -21.6569 
v -40.7763 0.949396 -21.6569 
v -40.8554 0.455072 -22.4774 
v -40.8554 0.949396 -22.4774 
v -40.7763 0.964274 -21.6569 
v -40.8554 0.964274 -22.4774 
v -40.8554 0.455072 -22.4774 
v -40.8554 0.949396 -22.4774 
v -41.0896 0.455072 -23.2664 
v -41.0896 0.949396 -23.2664 
v -40.8554 0.964274 -22.4774 
v -41.0896 0.964274 -23.2664 
v -41.0896 0.455072 -23.2664 
v -41.0896 0.949396 -23.2664 
v -41.4699 0.455072 -23.9935 
v -41.4699 0.949396 -23.9935 
v -41.0896 0.964274 -23.2664 
v -41.4699 0.964274 -23.9935 
v -47.8016 0.949396 -18.6828 
v -43.3168 0.949396 -17.7711 
v -41.9817 0.455072 -18.6828 
v -41.9817 0.949396 -18.6828 
v -41.4699 0.455072 -19.3202 
v -41.4699 0.949396 -19.3202 
v -41.9817 0.964274 -18.6828 
v -41.4699 0.964274 -19.3202 
v -41.4699 0.455072 -19.3202 
v -41.4699 0.949396 -19.3202 
v -41.0896 0.455072 -20.0473 
v -41.0896 0.949396 -20.0473 
v -41.4699 0.964274 -19.3202 
v -41.0896 0.964274 -20.0473 
v -41.0896 0.455072 -20.0473 
v -41.0896 0.949396 -20.0473 
v -40.8554 0.455072 -20.8363 
v -40.8554 0.949396 -20.8363 
v -41.0896 0.964274 -20.0473 
v -40.8554 0.964274 -20.8363 
v -40.8554 0.455072 -20.8363 
v -40.8554 0.949396 -20.8363 
v -40.7763 0.455072 -21.6569 
v -40.7763 0.949396 -21.6569 
v -40.8554 0.964274 -20.8363 
v -40.7763 0.964274 -21.6569 
v -48.6937 0.949396 -23.2664 
v -41.4699 0.455072 -23.9935 
v -41.4699 0.949396 -23.9935 
v -41.9817 0.455072 -24.6309 
v -41.9817 0.949396 -24.6309 
v -41.4699 0.964274 -23.9935 
v -41.9817 0.964274 -24.6309 
v -42.3688 0.455029 -25.5158 
v -41.6806 1.23927 -24.9386 
v -41.6806 0.455029 -24.9386 
v -43.1538 0.455029 -25.9447 
v -44.0057 0.455029 -26.2088 
v -45.7776 0.455029 -26.2088 
v -46.6294 0.455029 -25.9447 
v -47.4145 0.455029 -25.5158 
v -47.4145 1.23927 -25.5158 
v -48.1027 0.455029 -24.9386 
v -41.6806 0.455029 -18.3751 
v -41.1159 0.455029 -19.0784 
v -40.6962 0.455029 -19.8808 
v -40.6962 1.23927 -19.8808 
v -40.4378 0.455029 -20.7514 
v -40.6962 0.455029 -23.4329 
v -41.1159 0.455029 -24.2353 
v -48.6674 0.455029 -19.0784 
v -48.1027 0.455029 -18.3751 
v -48.1027 1.23927 -18.3751 
v -46.6294 0.455029 -17.3691 
v -48.3946 1.36851 -19.2647 
v -46.5039 1.36851 -17.6788 
v -47.6211 1.36851 -18.8673 
v -44.0888 0.455072 -17.5318 
v -44.8916 0.455029 -17.0158 
v -44.8916 0.455072 -17.451 
v -44.0057 0.455029 -17.105 
v -45.6945 0.455072 -17.5318 
v -45.7776 0.455029 -17.105 
v -43.3168 0.455072 -17.7711 
v -44.0057 0.455029 -17.105 
v -44.0888 0.455072 -17.5318 
v -43.1538 0.455029 -17.3691 
v -42.3688 0.455029 -17.7979 
v -43.1538 0.455029 -17.3691 
v -43.3168 0.455072 -17.7711 
v -42.6053 0.455072 -18.1598 
v -42.3688 0.455029 -17.7979 
v -41.9817 0.455072 -18.6828 
v -41.6806 0.455029 -18.3751 
v -42.6053 0.455072 -18.1598 
v -41.1159 0.455029 -19.0784 
v -41.4699 0.455072 -19.3202 
v -41.1159 0.455029 -19.0784 
v -41.0896 0.455072 -20.0473 
v -40.6962 0.455029 -19.8808 
v -41.4699 0.455072 -19.3202 
v -40.4378 0.455029 -20.7514 
v -40.6962 0.455029 -19.8808 
v -41.0896 0.455072 -20.0473 
v -40.8554 0.455072 -20.8363 
v -40.3506 0.455029 -21.6569 
v -40.8554 0.455072 -20.8363 
v -40.7763 0.455072 -21.6569 
v -40.4378 0.455029 -20.7514 
v -40.8554 0.455072 -22.4774 
v -40.4378 0.455029 -22.5623 
v -41.0896 0.455072 -23.2664 
v -40.4378 0.455029 -22.5623 
v -40.8554 0.455072 -22.4774 
v -40.6962 0.455029 -23.4329 
v -41.1159 0.455029 -24.2353 
v -41.0896 0.455072 -23.2664 
v -41.4699 0.455072 -23.9935 
v -40.6962 0.455029 -23.4329 
v -41.9817 0.455072 -24.6309 
v -41.1159 0.455029 -24.2353 
v -41.4699 0.455072 -23.9935 
v -41.6806 0.455029 -24.9386 
v -42.3688 0.455029 -25.5158 
v -42.6053 0.455072 -25.1539 
v -42.3688 0.455029 -25.5158 
v -43.3168 0.455072 -25.5426 
v -43.1538 0.455029 -25.9447 
v -42.6053 0.455072 -25.1539 
v -44.0057 0.455029 -26.2088 
v -43.1538 0.455029 -25.9447 
v -43.3168 0.455072 -25.5426 
v -44.0888 0.455072 -25.7819 
v -44.8916 0.455029 -26.2979 
v -44.0057 0.455029 -26.2088 
v -44.0888 0.455072 -25.7819 
v -44.8916 0.455072 -25.8628 
v -45.6945 0.455072 -25.7819 
v -45.7776 0.455029 -26.2088 
v -45.7776 0.455029 -26.2088 
v -46.4665 0.455072 -25.5426 
v -46.6294 0.455029 -25.9447 
v -45.6945 0.455072 -25.7819 
v -47.4145 0.455029 -25.5158 
v -46.4665 0.455072 -25.5426 
v -47.178 0.455072 -25.1539 
v -46.6294 0.455029 -25.9447 
v -47.8016 0.455072 -24.6309 
v -47.4145 0.455029 -25.5158 
v -47.178 0.455072 -25.1539 
v -48.1027 0.455029 -24.9386 
v -48.6674 0.455029 -24.2353 
v -48.3134 0.455072 -23.9935 
v -48.6937 0.455072 -23.2664 
v -48.6674 0.455029 -24.2353 
v -48.3134 0.455072 -23.9935 
v -49.0871 0.455029 -23.4329 
v -48.6937 0.455072 -23.2664 
v -48.9278 0.455072 -22.4774 
v -49.3455 0.455029 -22.5623 
v -49.0871 0.455029 -23.4329 
v -49.3455 0.455029 -22.5623 
v -48.9278 0.455072 -22.4774 
v -49.4327 0.455029 -21.6569 
v -49.0069 0.455072 -21.6569 
v -48.9278 0.455072 -20.8363 
v -49.3455 0.455029 -20.7514 
v -49.3455 0.455029 -20.7514 
v -48.6937 0.455072 -20.0473 
v -49.0871 0.455029 -19.8808 
v -48.9278 0.455072 -20.8363 
v -48.6674 0.455029 -19.0784 
v -49.0871 0.455029 -19.8808 
v -48.6937 0.455072 -20.0473 
v -48.3134 0.455072 -19.3202 
v -48.6674 0.455029 -19.0784 
v -47.8016 0.455072 -18.6828 
v -48.1027 0.455029 -18.3751 
v -48.3134 0.455072 -19.3202 
v -47.4145 0.455029 -17.7979 
v -47.178 0.455072 -18.1598 
v -46.4665 0.455072 -17.7711 
v -47.4145 0.455029 -17.7979 
v -47.178 0.455072 -18.1598 
v -46.6294 0.455029 -17.3691 
v -45.7776 0.455029 -17.105 
v -46.4665 0.455072 -17.7711 
v -45.6945 0.455072 -17.5318 
v -46.6294 0.455029 -17.3691 
v -47.178 0.964274 -25.1539 
v -45.6945 0.964274 -25.7819 
v -42.6053 0.964274 -25.1539 
v -46.4665 0.964274 -25.5426 
v -44.0888 0.964274 -25.7819 
v -44.8916 0.964274 -25.8628 
v -43.3168 0.964274 -25.5426 
v -48.3134 0.964274 -23.9935 
v -47.8016 0.964274 -24.6309 
v -47.178 0.964274 -18.1598 
v -41.4699 0.964274 -23.9935 
v -41.9817 0.964274 -24.6309 
v -48.9278 0.964274 -22.4774 
v -48.6937 0.964274 -23.2664 
v -48.3134 0.964274 -19.3202 
v -47.8016 0.964274 -18.6828 
v -48.9278 0.964274 -20.8363 
v -49.0069 0.964274 -21.6569 
v -48.6937 0.964274 -20.0473 
v -45.6945 0.964274 -17.5318 
v -46.4665 0.964274 -17.7711 
v -42.6053 0.964274 -18.1598 
v -44.0888 0.964274 -17.5318 
v -44.8916 0.964274 -17.451 
v -43.3168 0.964274 -17.7711 
v -41.4699 0.964274 -19.3202 
v -41.9817 0.964274 -18.6828 
v -40.8554 0.964274 -20.8363 
v -41.0896 0.964274 -20.0473 
v -40.8554 0.964274 -22.4774 
v -41.0896 0.964274 -23.2664 
v -40.7763 0.964274 -21.6569 
v -42.3688 0.455029 -25.5158 
v -41.6806 1.23927 -24.9386 
v -41.6806 0.455029 -24.9386 
v -43.1538 0.455029 -25.9447 
v -44.0057 0.455029 -26.2088 
v -44.8916 0.455029 -26.2979 
v -45.7776 0.455029 -26.2088 
v -46.6294 0.455029 -25.9447 
v -47.4145 0.455029 -25.5158 
v -47.4145 1.23927 -25.5158 
v -48.1027 0.455029 -24.9386 
v -44.0057 0.455029 -17.105 
v -44.0057 1.23927 -17.105 
v -44.8916 1.23927 -17.0158 
v -44.8916 0.455029 -17.0158 
v -43.1538 0.455029 -17.3691 
v -43.1538 1.23927 -17.3691 
v -44.0057 1.23927 -17.105 
v -44.0057 0.455029 -17.105 
v -42.3688 0.455029 -17.7979 
v -42.3688 1.23927 -17.7979 
v -43.1538 1.23927 -17.3691 
v -43.1538 0.455029 -17.3691 
v -41.6806 0.455029 -18.3751 
v -41.6806 1.23927 -18.3751 
v -42.3688 1.23927 -17.7979 
v -42.3688 0.455029 -17.7979 
v -41.1159 0.455029 -19.0784 
v -41.1159 1.23927 -19.0784 
v -40.6962 0.455029 -19.8808 
v -40.6962 1.23927 -19.8808 
v -40.6962 0.455029 -23.4329 
v -49.0871 1.23927 -19.8808 
v -48.1027 0.455029 -18.3751 
v -48.1027 1.23927 -18.3751 
v -47.4145 0.455029 -17.7979 
v -47.4145 1.23927 -17.7979 
v -48.1027 1.23927 -18.3751 
v -48.1027 0.455029 -18.3751 
v -46.6294 0.455029 -17.3691 
v -46.6294 1.23927 -17.3691 
v -47.4145 1.23927 -17.7979 
v -47.4145 0.455029 -17.7979 
v -45.7776 0.455029 -17.105 
v -45.7776 1.23927 -17.105 
v -46.6294 1.23927 -17.3691 
v -46.6294 0.455029 -17.3691 
v -44.8916 0.455029 -17.0158 
v -44.8916 1.23927 -17.0158 
v -45.7776 1.23927 -17.105 
v -45.7776 0.455029 -17.105 
v -48.7839 1.36851 -20.0091 
v -44.8916 1.36851 -17.3511 
v -44.8916 1.23927 -17.0158 
v -44.0697 1.36851 -17.4338 
v -44.0057 1.23927 -17.105 
v -44.0697 1.36851 -17.4338 
v -44.0057 1.23927 -17.105 
v -43.2794 1.36851 -17.6788 
v -43.1538 1.23927 -17.3691 
v -43.2794 1.36851 -17.6788 
v -43.1538 1.23927 -17.3691 
v -42.551 1.36851 -18.0767 
v -42.3688 1.23927 -17.7979 
v -42.551 1.36851 -18.0767 
v -42.3688 1.23927 -17.7979 
v -41.9126 1.36851 -18.6122 
v -41.6806 1.23927 -18.3751 
v -41.3887 1.36851 -19.2647 
v -47.8707 1.36851 -18.6122 
v -47.8707 1.36851 -18.6122 
v -47.4145 1.23927 -17.7979 
v -47.2323 1.36851 -18.0767 
v -48.1027 1.23927 -18.3751 
v -47.2323 1.36851 -18.0767 
v -46.6294 1.23927 -17.3691 
v -46.5039 1.36851 -17.6788 
v -47.4145 1.23927 -17.7979 
v -46.5039 1.36851 -17.6788 
v -45.7776 1.23927 -17.105 
v -45.7136 1.36851 -17.4338 
v -46.6294 1.23927 -17.3691 
v -45.7136 1.36851 -17.4338 
v -44.8916 1.23927 -17.0158 
v -44.8916 1.36851 -17.3511 
v -45.7776 1.23927 -17.105 
v -48.1011 1.40581 -19.4651 
v -47.0361 1.40581 -18.3767 
v -47.6211 1.40581 -18.8673 
v -47.6211 1.36851 -18.8673 
v -47.0361 1.36851 -18.3767 
v -46.3688 1.40581 -18.0122 
v -47.0361 1.40581 -18.3767 
v -47.0361 1.36851 -18.3767 
v -46.3688 1.36851 -18.0122 
v -44.1386 1.40581 -17.7877 
v -44.8916 1.40581 -17.7119 
v -44.8916 1.36851 -17.7119 
v -44.1386 1.36851 -17.7877 
v -43.4145 1.40581 -18.0122 
v -44.1386 1.40581 -17.7877 
v -44.1386 1.36851 -17.7877 
v -43.4145 1.36851 -18.0122 
v -42.7471 1.40581 -18.3767 
v -43.4145 1.40581 -18.0122 
v -43.4145 1.36851 -18.0122 
v -42.7471 1.36851 -18.3767 
v -42.1622 1.40581 -18.8673 
v -42.7471 1.40581 -18.3767 
v -42.7471 1.36851 -18.3767 
v -42.1622 1.36851 -18.8673 
v -45.6447 1.40581 -17.7877 
v -46.3688 1.40581 -18.0122 
v -46.3688 1.36851 -18.0122 
v -45.6447 1.36851 -17.7877 
v -44.8916 1.40581 -17.7119 
v -45.6447 1.40581 -17.7877 
v -45.6447 1.36851 -17.7877 
v -44.8916 1.36851 -17.7119 
v -41.4699 0.455072 -19.3202 
v -41.0896 0.455072 -23.2664 
v -41.9817 0.455072 -24.6309 
v -43.3168 0.455072 -25.5426 
v -47.178 0.455072 -25.1539 
v -47.178 0.964274 -25.1539 
v -45.6945 0.964274 -25.7819 
v -42.6053 0.964274 -25.1539 
v -46.4665 0.964274 -25.5426 
v -44.0888 0.964274 -25.7819 
v -44.8916 0.964274 -25.8628 
v -43.3168 0.964274 -25.5426 
v -47.8016 0.964274 -24.6309 
v -41.9817 0.964274 -24.6309 
v -40.8554 0.964274 -22.4774 
v -41.0896 0.964274 -23.2664 
v -43.3168 0.949396 -17.7711 
v -48.6937 0.949396 -23.2664 
v -42.6053 0.949396 -25.1539 
v -42.6053 0.455072 -25.1539 
v -41.9817 0.949396 -24.6309 
v -41.9817 0.455072 -24.6309 
v -41.9817 0.964274 -24.6309 
v -42.6053 0.964274 -25.1539 
v -43.3168 0.949396 -25.5426 
v -43.3168 0.455072 -25.5426 
v -42.6053 0.949396 -25.1539 
v -42.6053 0.455072 -25.1539 
v -42.6053 0.964274 -25.1539 
v -43.3168 0.964274 -25.5426 
v -44.0888 0.949396 -25.7819 
v -44.0888 0.455072 -25.7819 
v -43.3168 0.949396 -25.5426 
v -43.3168 0.455072 -25.5426 
v -43.3168 0.964274 -25.5426 
v -44.0888 0.964274 -25.7819 
v -44.8916 0.949396 -25.8628 
v -44.8916 0.455072 -25.8628 
v -44.0888 0.949396 -25.7819 
v -44.0888 0.455072 -25.7819 
v -44.0888 0.964274 -25.7819 
v -44.8916 0.964274 -25.8628 
v -45.6945 0.949396 -25.7819 
v -45.6945 0.455072 -25.7819 
v -44.8916 0.949396 -25.8628 
v -44.8916 0.455072 -25.8628 
v -44.8916 0.964274 -25.8628 
v -45.6945 0.964274 -25.7819 
v -46.4665 0.949396 -25.5426 
v -46.4665 0.455072 -25.5426 
v -45.6945 0.949396 -25.7819 
v -45.6945 0.455072 -25.7819 
v -45.6945 0.964274 -25.7819 
v -46.4665 0.964274 -25.5426 
v -47.178 0.949396 -25.1539 
v -47.178 0.455072 -25.1539 
v -46.4665 0.949396 -25.5426 
v -46.4665 0.455072 -25.5426 
v -46.4665 0.964274 -25.5426 
v -47.178 0.964274 -25.1539 
v -47.8016 0.949396 -24.6309 
v -47.8016 0.455072 -24.6309 
v -47.178 0.949396 -25.1539 
v -47.178 0.455072 -25.1539 
v -47.178 0.964274 -25.1539 
v -47.8016 0.964274 -24.6309 
v -42.3688 0.455029 -25.5158 
v -41.6806 1.23927 -24.9386 
v -41.6806 0.455029 -24.9386 
v -42.3688 1.23927 -25.5158 
v -46.6294 0.455029 -25.9447 
v -47.4145 0.455029 -25.5158 
v -47.4145 1.23927 -25.5158 
v -48.1027 0.455029 -24.9386 
v -48.6674 0.455029 -24.2353 
v -49.3455 0.455029 -22.5623 
v -49.4327 0.455029 -21.6569 
v -49.3455 0.455029 -20.7514 
v -41.6806 0.455029 -18.3751 
v -41.6806 1.23927 -18.3751 
v -41.1159 0.455029 -19.0784 
v -41.1159 1.23927 -19.0784 
v -41.6806 1.23927 -18.3751 
v -41.6806 0.455029 -18.3751 
v -40.6962 0.455029 -19.8808 
v -40.6962 1.23927 -19.8808 
v -41.1159 1.23927 -19.0784 
v -41.1159 0.455029 -19.0784 
v -40.4378 0.455029 -20.7514 
v -40.4378 1.23927 -20.7514 
v -40.6962 1.23927 -19.8808 
v -40.6962 0.455029 -19.8808 
v -40.3506 0.455029 -21.6569 
v -40.3506 1.23927 -21.6569 
v -40.4378 1.23927 -20.7514 
v -40.4378 0.455029 -20.7514 
v -40.4378 0.455029 -22.5623 
v -40.4378 1.23927 -22.5623 
v -40.3506 1.23927 -21.6569 
v -40.3506 0.455029 -21.6569 
v -40.6962 0.455029 -23.4329 
v -40.6962 1.23927 -23.4329 
v -40.4378 1.23927 -22.5623 
v -40.4378 0.455029 -22.5623 
v -41.1159 0.455029 -24.2353 
v -41.1159 1.23927 -24.2353 
v -40.6962 1.23927 -23.4329 
v -40.6962 0.455029 -23.4329 
v -41.6806 0.455029 -24.9386 
v -41.6806 1.23927 -24.9386 
v -41.1159 1.23927 -24.2353 
v -41.1159 0.455029 -24.2353 
v -49.0871 0.455029 -19.8808 
v -48.6674 0.455029 -19.0784 
v -48.1027 0.455029 -18.3751 
v -48.1027 1.23927 -18.3751 
v -46.6294 0.455029 -17.3691 
v -41.6806 1.23927 -24.9386 
v -41.9126 1.36851 -24.7015 
v -41.1159 1.23927 -24.2353 
v -41.3887 1.36851 -24.049 
v -41.9126 1.36851 -18.6122 
v -41.1159 1.23927 -19.0784 
v -41.9126 1.36851 -18.6122 
v -41.6806 1.23927 -18.3751 
v -41.3887 1.36851 -19.2647 
v -40.6962 1.23927 -19.8808 
v -41.3887 1.36851 -19.2647 
v -41.1159 1.23927 -19.0784 
v -40.9993 1.36851 -20.0091 
v -40.4378 1.23927 -20.7514 
v -40.9993 1.36851 -20.0091 
v -40.6962 1.23927 -19.8808 
v -40.7596 1.36851 -20.8168 
v -40.3506 1.23927 -21.6569 
v -40.7596 1.36851 -20.8168 
v -40.4378 1.23927 -20.7514 
v -40.6786 1.36851 -21.6569 
v -40.4378 1.23927 -22.5623 
v -40.7596 1.36851 -22.4969 
v -40.3506 1.23927 -21.6569 
v -40.6786 1.36851 -21.6569 
v -40.6962 1.23927 -23.4329 
v -40.9993 1.36851 -23.3046 
v -40.4378 1.23927 -22.5623 
v -40.7596 1.36851 -22.4969 
v -41.1159 1.23927 -24.2353 
v -41.3887 1.36851 -24.049 
v -40.6962 1.23927 -23.4329 
v -40.9993 1.36851 -23.3046 
v -41.0317 1.40581 -21.6569 
v -41.1058 1.36851 -20.8872 
v -41.0317 1.36851 -21.6569 
v -41.1058 1.40581 -20.8872 
v -41.1058 1.40581 -22.4265 
v -41.0317 1.36851 -21.6569 
v -41.1058 1.36851 -22.4265 
v -41.0317 1.40581 -21.6569 
v -41.3255 1.40581 -23.1665 
v -41.1058 1.36851 -22.4265 
v -41.3255 1.36851 -23.1665 
v -41.1058 1.40581 -22.4265 
v -41.6822 1.40581 -23.8486 
v -41.3255 1.36851 -23.1665 
v -41.6822 1.36851 -23.8486 
v -41.3255 1.40581 -23.1665 
v -42.1622 1.40581 -24.4464 
v -41.6822 1.36851 -23.8486 
v -42.1622 1.36851 -24.4464 
v -41.6822 1.40581 -23.8486 
v -41.6822 1.40581 -19.4651 
v -42.1622 1.36851 -18.8673 
v -41.6822 1.36851 -19.4651 
v -42.1622 1.40581 -18.8673 
v -41.3255 1.40581 -20.1472 
v -41.6822 1.36851 -19.4651 
v -41.3255 1.36851 -20.1472 
v -41.6822 1.40581 -19.4651 
v -41.1058 1.40581 -20.8872 
v -41.3255 1.36851 -20.1472 
v -41.1058 1.36851 -20.8872 
v -41.3255 1.40581 -20.1472 
v -41.4699 0.455072 -19.3202 
v -41.9817 0.455072 -24.6309 
v -47.178 0.455072 -25.1539 
v -47.8016 0.455072 -18.6828 
v -46.4665 0.964274 -25.5426 
v -48.3134 0.964274 -23.9935 
v -47.8016 0.964274 -24.6309 
v -48.9278 0.964274 -22.4774 
v -48.3134 0.964274 -19.3202 
v -47.8016 0.964274 -18.6828 
v -48.9278 0.964274 -20.8363 
v -49.0069 0.964274 -21.6569 
v -48.6937 0.964274 -20.0473 
v -41.0896 0.949396 -23.2664 
v -48.6937 0.949396 -20.0473 
v -48.3134 0.455072 -19.3202 
v -48.6937 0.455072 -20.0473 
v -48.3134 0.949396 -19.3202 
v -48.6937 0.964274 -20.0473 
v -48.3134 0.964274 -19.3202 
v -48.3134 0.949396 -19.3202 
v -47.8016 0.455072 -18.6828 
v -48.3134 0.455072 -19.3202 
v -47.8016 0.949396 -18.6828 
v -48.3134 0.964274 -19.3202 
v -47.8016 0.964274 -18.6828 
v -48.3134 0.949396 -23.9935 
v -48.6937 0.455072 -23.2664 
v -48.3134 0.455072 -23.9935 
v -48.6937 0.949396 -23.2664 
v -48.3134 0.964274 -23.9935 
v -48.6937 0.964274 -23.2664 
v -49.0069 0.964274 -21.6569 
v -48.9278 0.949396 -20.8363 
v -49.0069 0.949396 -21.6569 
v -48.9278 0.964274 -20.8363 
v -48.9278 0.455072 -20.8363 
v -49.0069 0.455072 -21.6569 
v -48.6937 0.949396 -23.2664 
v -48.9278 0.455072 -22.4774 
v -48.6937 0.455072 -23.2664 
v -48.9278 0.949396 -22.4774 
v -48.6937 0.964274 -23.2664 
v -48.9278 0.964274 -22.4774 
v -48.9278 0.949396 -22.4774 
v -49.0069 0.455072 -21.6569 
v -48.9278 0.455072 -22.4774 
v -49.0069 0.949396 -21.6569 
v -48.9278 0.964274 -22.4774 
v -49.0069 0.964274 -21.6569 
v -48.9278 0.949396 -20.8363 
v -48.6937 0.455072 -20.0473 
v -48.9278 0.455072 -20.8363 
v -48.6937 0.949396 -20.0473 
v -48.9278 0.964274 -20.8363 
v -48.6937 0.964274 -20.0473 
v -47.8016 0.949396 -24.6309 
v -48.3134 0.455072 -23.9935 
v -47.8016 0.455072 -24.6309 
v -48.3134 0.949396 -23.9935 
v -47.8016 0.964274 -24.6309 
v -48.3134 0.964274 -23.9935 
v -41.6806 1.23927 -24.9386 
v -42.3688 1.23927 -25.5158 
v -44.0057 1.23927 -26.2088 
v -47.4145 1.23927 -25.5158 
v -48.1027 1.23927 -24.9386 
v -48.6674 1.23927 -24.2353 
v -49.3455 1.23927 -22.5623 
v -49.4327 1.23927 -21.6569 
v -44.8916 1.23927 -17.0158 
v -43.1538 1.23927 -17.3691 
v -42.3688 1.23927 -17.7979 
v -41.1159 1.23927 -19.0784 
v -40.6962 1.23927 -19.8808 
v -40.6962 1.23927 -23.4329 
v -41.1159 1.23927 -24.2353 
v -49.0871 1.23927 -19.8808 
v -48.6674 1.23927 -19.0784 
v -48.1027 1.23927 -18.3751 
v -47.4145 1.23927 -17.7979 
v -46.6294 1.23927 -17.3691 
v -41.9126 1.36851 -24.7015 
v -43.2794 1.36851 -25.6349 
v -44.0697 1.36851 -25.8799 
v -44.8916 1.36851 -25.9626 
v -45.7136 1.36851 -25.8799 
v -46.5039 1.36851 -25.6349 
v -47.8707 1.36851 -24.7015 
v -48.3946 1.36851 -24.049 
v -48.7839 1.36851 -23.3046 
v -49.0237 1.36851 -22.4969 
v -49.0237 1.36851 -20.8168 
v -48.7839 1.36851 -20.0091 
v -44.8916 1.36851 -17.3511 
v -44.0697 1.36851 -17.4338 
v -43.2794 1.36851 -17.6788 
v -41.9126 1.36851 -18.6122 
v -41.3887 1.36851 -19.2647 
v -40.9993 1.36851 -20.0091 
v -40.7596 1.36851 -20.8168 
v -40.6786 1.36851 -21.6569 
v -40.7596 1.36851 -22.4969 
v -40.9993 1.36851 -23.3046 
v -48.3946 1.36851 -19.2647 
v -47.8707 1.36851 -18.6122 
v -46.5039 1.36851 -17.6788 
v -45.7136 1.36851 -17.4338 
v -45.6447 1.40581 -25.526 
v -44.8916 1.40581 -25.6018 
v -47.0361 1.40581 -24.937 
v -48.1011 1.40581 -23.8486 
v -42.1622 1.36851 -24.4464 
v -42.7471 1.40581 -24.937 
v -42.1622 1.40581 -24.4464 
v -48.1011 1.40581 -19.4651 
v -43.4145 1.40581 -25.3015 
v -47.6211 1.40581 -18.8673 
v -47.6211 1.36851 -18.8673 
v -47.0361 1.40581 -18.3767 
v -46.3688 1.40581 -18.0122 
v -41.0317 1.40581 -21.6569 
v -41.1058 1.40581 -20.8872 
v -48.4578 1.40581 -23.1665 
v -41.3255 1.40581 -23.1665 
v -48.7516 1.40581 -21.6569 
v -41.6822 1.40581 -23.8486 
v -48.6775 1.40581 -20.8872 
v -44.8916 1.40581 -17.7119 
v -43.4145 1.40581 -18.0122 
v -42.7471 1.40581 -18.3767 
v -41.6822 1.40581 -19.4651 
v -46.3688 1.40581 -25.3015 
v -46.3688 1.40581 -18.0122 
v -43.4145 1.40581 -25.3015 
v -42.1622 1.40581 -24.4464 
v -42.7471 1.40581 -24.937 
v -41.3255 1.40581 -23.1665 
v -41.6822 1.40581 -23.8486 
v -44.8916 1.40581 -25.6018 
v -44.1386 1.40581 -25.526 
v -45.6447 1.40581 -25.526 
v -41.0317 1.40581 -21.6569 
v -41.1058 1.40581 -22.4265 
v -47.6211 1.40581 -24.4464 
v -47.0361 1.40581 -24.937 
v -41.3255 1.40581 -20.1472 
v -41.1058 1.40581 -20.8872 
v -48.4578 1.40581 -23.1665 
v -48.1011 1.40581 -23.8486 
v -43.4145 1.40581 -18.0122 
v -42.1622 1.40581 -18.8673 
v -41.6822 1.40581 -19.4651 
v -42.7471 1.40581 -18.3767 
v -44.8916 1.40581 -17.7119 
v -44.1386 1.40581 -17.7877 
v -45.6447 1.40581 -17.7877 
v -47.6211 1.40581 -18.8673 
v -47.0361 1.40581 -18.3767 
v -48.4578 1.40581 -20.1472 
v -48.1011 1.40581 -19.4651 
v -48.7516 1.40581 -21.6569 
v -48.6775 1.40581 -20.8872 
v -48.6775 1.40581 -22.4265 
v -44.8916 1.36851 -17.3511 
v -44.1386 1.36851 -17.7877 
v -44.8916 1.36851 -17.7119 
v -45.6447 1.36851 -17.7877 
v -44.0697 1.36851 -17.4338 
v -45.7136 1.36851 -17.4338 
v -43.2794 1.36851 -17.6788 
v -46.5039 1.36851 -17.6788 
v -43.4145 1.36851 -18.0122 
v -46.3688 1.36851 -18.0122 
v -42.551 1.36851 -18.0767 
v -47.2323 1.36851 -18.0767 
v -42.7471 1.36851 -18.3767 
v -47.0361 1.36851 -18.3767 
v -42.1622 1.36851 -18.8673 
v -47.6211 1.36851 -18.8673 
v -41.9126 1.36851 -18.6122 
v -47.8707 1.36851 -18.6122 
v -41.3887 1.36851 -19.2647 
v -48.3946 1.36851 -19.2647 
v -41.6822 1.36851 -19.4651 
v -48.1011 1.36851 -19.4651 
v -41.3255 1.36851 -20.1472 
v -48.4578 1.36851 -20.1472 
v -40.9993 1.36851 -20.0091 
v -48.7839 1.36851 -20.0091 
v -41.1058 1.36851 -20.8872 
v -48.6775 1.36851 -20.8872 
v -40.7596 1.36851 -20.8168 
v -49.0237 1.36851 -20.8168 
v -40.6786 1.36851 -21.6569 
v -49.1046 1.36851 -21.6569 
v -41.0317 1.36851 -21.6569 
v -48.7516 1.36851 -21.6569 
v -41.1058 1.36851 -22.4265 
v -48.6775 1.36851 -22.4265 
v -40.7596 1.36851 -22.4969 
v -49.0237 1.36851 -22.4969 
v -40.9993 1.36851 -23.3046 
v -48.7839 1.36851 -23.3046 
v -41.3255 1.36851 -23.1665 
v -48.4578 1.36851 -23.1665 
v -41.3887 1.36851 -24.049 
v -48.3946 1.36851 -24.049 
v -41.6822 1.36851 -23.8486 
v -48.1011 1.36851 -23.8486 
v -42.1622 1.36851 -24.4464 
v -47.6211 1.36851 -24.4464 
v -41.9126 1.36851 -24.7015 
v -47.8707 1.36851 -24.7015 
v -42.551 1.36851 -25.237 
v -47.2323 1.36851 -25.237 
v -42.7471 1.36851 -24.937 
v -47.0361 1.36851 -24.937 
v -43.4145 1.36851 -25.3015 
v -46.3688 1.36851 -25.3015 
v -43.2794 1.36851 -25.6349 
v -46.5039 1.36851 -25.6349 
v -44.1386 1.36851 -25.526 
v -45.6447 1.36851 -25.526 
v -44.0697 1.36851 -25.8799 
v -45.7136 1.36851 -25.8799 
v -44.8916 1.36851 -25.9626 
v -44.8916 1.36851 -25.6018 
v -42.3688 0.455029 -25.5158 
v -41.6806 1.23927 -24.9386 
v -41.6806 0.455029 -24.9386 
v -42.3688 1.23927 -25.5158 
v -43.1538 0.455029 -25.9447 
v -42.3688 1.23927 -25.5158 
v -42.3688 0.455029 -25.5158 
v -43.1538 1.23927 -25.9447 
v -44.0057 0.455029 -26.2088 
v -43.1538 1.23927 -25.9447 
v -43.1538 0.455029 -25.9447 
v -44.0057 1.23927 -26.2088 
v -44.8916 0.455029 -26.2979 
v -44.0057 1.23927 -26.2088 
v -44.0057 0.455029 -26.2088 
v -44.8916 1.23927 -26.2979 
v -45.7776 0.455029 -26.2088 
v -44.8916 1.23927 -26.2979 
v -44.8916 0.455029 -26.2979 
v -45.7776 1.23927 -26.2088 
v -46.6294 0.455029 -25.9447 
v -45.7776 1.23927 -26.2088 
v -45.7776 0.455029 -26.2088 
v -46.6294 1.23927 -25.9447 
v -47.4145 0.455029 -25.5158 
v -46.6294 1.23927 -25.9447 
v -46.6294 0.455029 -25.9447 
v -47.4145 1.23927 -25.5158 
v -48.1027 0.455029 -24.9386 
v -47.4145 1.23927 -25.5158 
v -47.4145 0.455029 -25.5158 
v -48.1027 1.23927 -24.9386 
v -44.8916 0.455029 -17.0158 
v -43.1538 0.455029 -17.3691 
v -42.3688 0.455029 -17.7979 
v -41.6806 0.455029 -18.3751 
v -41.1159 0.455029 -19.0784 
v -40.6962 1.23927 -19.8808 
v -41.1159 0.455029 -24.2353 
v -41.1159 1.23927 -24.2353 
v -48.6674 0.455029 -19.0784 
v -48.1027 0.455029 -18.3751 
v -48.1027 1.23927 -18.3751 
v -47.4145 0.455029 -17.7979 
v -46.6294 0.455029 -17.3691 
v -45.7776 0.455029 -17.105 
v -41.9126 1.36851 -24.7015 
v -42.3688 1.23927 -25.5158 
v -41.9126 1.36851 -24.7015 
v -41.6806 1.23927 -24.9386 
v -42.551 1.36851 -25.237 
v -43.1538 1.23927 -25.9447 
v -42.551 1.36851 -25.237 
v -42.3688 1.23927 -25.5158 
v -43.2794 1.36851 -25.6349 
v -44.0057 1.23927 -26.2088 
v -43.2794 1.36851 -25.6349 
v -43.1538 1.23927 -25.9447 
v -44.0697 1.36851 -25.8799 
v -44.8916 1.23927 -26.2979 
v -44.0697 1.36851 -25.8799 
v -44.0057 1.23927 -26.2088 
v -44.8916 1.36851 -25.9626 
v -44.8916 1.23927 -26.2979 
v -45.7776 1.23927 -26.2088 
v -45.7136 1.36851 -25.8799 
v -44.8916 1.36851 -25.9626 
v -45.7776 1.23927 -26.2088 
v -46.6294 1.23927 -25.9447 
v -46.5039 1.36851 -25.6349 
v -45.7136 1.36851 -25.8799 
v -46.6294 1.23927 -25.9447 
v -47.4145 1.23927 -25.5158 
v -47.2323 1.36851 -25.237 
v -46.5039 1.36851 -25.6349 
v -47.4145 1.23927 -25.5158 
v -48.1027 1.23927 -24.9386 
v -47.8707 1.36851 -24.7015 
v -47.2323 1.36851 -25.237 
v -44.8916 1.36851 -25.6018 
v -45.6447 1.36851 -25.526 
v -45.6447 1.40581 -25.526 
v -44.8916 1.40581 -25.6018 
v -45.6447 1.36851 -25.526 
v -46.3688 1.36851 -25.3015 
v -46.3688 1.40581 -25.3015 
v -45.6447 1.40581 -25.526 
v -47.0361 1.40581 -24.937 
v -46.3688 1.36851 -25.3015 
v -47.0361 1.36851 -24.937 
v -46.3688 1.40581 -25.3015 
v -47.6211 1.40581 -24.4464 
v -47.0361 1.36851 -24.937 
v -47.6211 1.36851 -24.4464 
v -47.0361 1.40581 -24.937 
v -42.1622 1.36851 -24.4464 
v -42.7471 1.36851 -24.937 
v -42.7471 1.40581 -24.937 
v -42.1622 1.40581 -24.4464 
v -42.7471 1.36851 -24.937 
v -43.4145 1.36851 -25.3015 
v -43.4145 1.40581 -25.3015 
v -42.7471 1.40581 -24.937 
v -44.1386 1.40581 -25.526 
v -43.4145 1.36851 -25.3015 
v -44.1386 1.36851 -25.526 
v -43.4145 1.40581 -25.3015 
v -44.8916 1.40581 -25.6018 
v -44.1386 1.36851 -25.526 
v -44.8916 1.36851 -25.6018 
v -44.1386 1.40581 -25.526 
v -41.9817 0.455072 -18.6828 
v -41.9817 0.455072 -24.6309 
v -47.178 0.455072 -25.1539 
v -47.8016 0.455072 -18.6828 
v -47.178 0.964274 -18.1598 
v -48.3134 0.964274 -19.3202 
v -47.8016 0.964274 -18.6828 
v -45.6945 0.964274 -17.5318 
v -46.4665 0.964274 -17.7711 
v -42.6053 0.964274 -18.1598 
v -44.8916 0.964274 -17.451 
v -43.3168 0.964274 -17.7711 
v -41.4699 0.964274 -19.3202 
v -41.9817 0.964274 -18.6828 
v -44.8916 0.949396 -17.451 
v -44.0888 0.455072 -17.5318 
v -44.8916 0.455072 -17.451 
v -44.0888 0.949396 -17.5318 
v -44.8916 0.964274 -17.451 
v -44.0888 0.964274 -17.5318 
v -47.8016 0.949396 -18.6828 
v -44.0888 0.949396 -17.5318 
v -43.3168 0.455072 -17.7711 
v -44.0888 0.455072 -17.5318 
v -43.3168 0.949396 -17.7711 
v -44.0888 0.964274 -17.5318 
v -43.3168 0.964274 -17.7711 
v -47.8016 0.455072 -18.6828 
v -47.8016 0.949396 -18.6828 
v -47.178 0.455072 -18.1598 
v -47.178 0.949396 -18.1598 
v -47.8016 0.964274 -18.6828 
v -47.178 0.964274 -18.1598 
v -43.3168 0.949396 -17.7711 
v -42.6053 0.455072 -18.1598 
v -43.3168 0.455072 -17.7711 
v -42.6053 0.949396 -18.1598 
v -43.3168 0.964274 -17.7711 
v -42.6053 0.964274 -18.1598 
v -47.178 0.455072 -18.1598 
v -47.178 0.949396 -18.1598 
v -46.4665 0.455072 -17.7711 
v -46.4665 0.949396 -17.7711 
v -47.178 0.964274 -18.1598 
v -46.4665 0.964274 -17.7711 
v -42.6053 0.949396 -18.1598 
v -41.9817 0.455072 -18.6828 
v -42.6053 0.455072 -18.1598 
v -41.9817 0.949396 -18.6828 
v -42.6053 0.964274 -18.1598 
v -41.9817 0.964274 -18.6828 
v -46.4665 0.455072 -17.7711 
v -46.4665 0.949396 -17.7711 
v -45.6945 0.455072 -17.5318 
v -45.6945 0.949396 -17.5318 
v -46.4665 0.964274 -17.7711 
v -45.6945 0.964274 -17.5318 
v -45.6945 0.949396 -17.5318 
v -44.8916 0.455072 -17.451 
v -45.6945 0.455072 -17.5318 
v -44.8916 0.949396 -17.451 
v -45.6945 0.964274 -17.5318 
v -44.8916 0.964274 -17.451 

vn 0.645669 0 -0.76378 
vn 0.645669 0 -0.76378 
vn 0.480315 0 -0.874016 
vn -0.299213 0 -0.952756 
vn -0.299213 0 -0.952756 
vn -0.480315 0 -0.874016 
vn -0.645669 0 -0.76378 
vn -0.645669 0 -0.76378 
vn -0.779528 0 -0.629921 
vn -0.779528 0 -0.629921 
vn -0.779528 0 -0.629921 
vn -0.779528 0 -0.629921 
vn -0.889764 0 -0.464567 
vn -0.889764 0 -0.464567 
vn -0.889764 0 -0.464567 
vn -0.889764 0 -0.464567 
vn -0.96063 0 -0.283465 
vn -0.96063 0 -0.283465 
vn -0.96063 0 -0.283465 
vn -0.96063 0 -0.283465 
vn -0.992126 0 -0.0944882 
vn -0.992126 0 -0.0944882 
vn -0.992126 0 -0.0944882 
vn -0.992126 0 -0.0944882 
vn -0.992126 0 0.0944882 
vn -0.992126 0 0.0944882 
vn -0.992126 0 0.0944882 
vn -0.992126 0 0.0944882 
vn 0.645669 0 0.76378 
vn 0.779528 0 0.629921 
vn 0.889764 0 0.464567 
vn 0.96063 0 0.283465 
vn 0.992126 0 0.0944882 
vn 0.96063 0 -0.283465 
vn 0.889764 0 -0.464567 
vn -0.96063 0 0.283465 
vn -0.96063 0 0.283465 
vn -0.96063 0 0.283465 
vn -0.96063 0 0.283465 
vn -0.889764 0 0.464567 
vn -0.889764 0 0.464567 
vn -0.889764 0 0.464567 
vn -0.889764 0 0.464567 
vn -0.779528 0 0.629921 
vn -0.779528 0 0.629921 
vn -0.779528 0 0.629921 
vn -0.779528 0 0.629921 
vn -0.480315 0 0.874016 
vn -0.480315 0 0.874016 
vn 0.173228 0.929134 -0.314961 
vn -0.23622 0.929134 -0.275591 
vn -0.283465 0.929134 -0.228346 
vn -0.283465 0.929134 -0.228346 
vn -0.283465 0.929134 -0.228346 
vn -0.283465 0.929134 -0.228346 
vn -0.322835 0.929134 -0.173228 
vn -0.322835 0.929134 -0.173228 
vn -0.322835 0.929134 -0.173228 
vn -0.322835 0.929134 -0.173228 
vn -0.354331 0.929134 -0.102362 
vn -0.354331 0.929134 -0.102362 
vn -0.354331 0.929134 -0.102362 
vn -0.354331 0.929134 -0.102362 
vn -0.370079 0.929134 -0.0314961 
vn -0.370079 0.929134 -0.0314961 
vn -0.370079 0.929134 -0.0314961 
vn -0.370079 0.929134 -0.0314961 
vn -0.370079 0.929134 0.0314961 
vn -0.370079 0.929134 0.0314961 
vn -0.370079 0.929134 0.0314961 
vn -0.370079 0.929134 0.0314961 
vn -0.354331 0.929134 0.102362 
vn -0.354331 0.929134 0.102362 
vn -0.354331 0.929134 0.102362 
vn -0.354331 0.929134 0.102362 
vn 0.354331 0.929134 -0.102362 
vn -0.322835 0.929134 0.173228 
vn -0.322835 0.929134 0.173228 
vn -0.322835 0.929134 0.173228 
vn -0.322835 0.929134 0.173228 
vn -0.283465 0.929134 0.228346 
vn -0.283465 0.929134 0.228346 
vn -0.283465 0.929134 0.228346 
vn -0.283465 0.929134 0.228346 
vn -0.173228 0.929134 0.314961 
vn -0.779528 0 -0.629921 
vn -0.779528 0 -0.629921 
vn -0.779528 0 -0.629921 
vn -0.779528 0 -0.629921 
vn 0.645669 0 -0.76378 
vn -0.889764 0 0.464567 
vn -0.889764 0 0.464567 
vn -0.889764 0 0.464567 
vn -0.889764 0 0.464567 
vn -0.779528 0 0.629921 
vn -0.779528 0 0.629921 
vn -0.779528 0 0.629921 
vn -0.779528 0 0.629921 
vn -0.645669 0 0.76378 
vn -0.889764 0 -0.464567 
vn -0.889764 0 -0.464567 
vn -0.889764 0 -0.464567 
vn -0.889764 0 -0.464567 
vn -0.96063 0 -0.283465 
vn -0.96063 0 -0.283465 
vn -0.96063 0 -0.283465 
vn -0.96063 0 -0.283465 
vn -0.992126 0 -0.0944882 
vn -0.992126 0 -0.0944882 
vn -0.992126 0 -0.0944882 
vn -0.992126 0 -0.0944882 
vn -0.992126 0 0.0944882 
vn -0.992126 0 0.0944882 
vn -0.992126 0 0.0944882 
vn -0.992126 0 0.0944882 
vn -0.96063 0 0.283465 
vn -0.96063 0 0.283465 
vn -0.96063 0 0.283465 
vn -0.96063 0 0.283465 
vn 0 -1 0 
vn 0 -1 0 
vn 0 -1 0 
vn 0 -1 0 
vn 0 -1 0 
vn 0 -1 0 
vn 0 -1 0 
vn 0 -1 0 
vn 0 -1 0 
vn 0 -1 0 
vn 0 -1 0 
vn 0 -1 0 
vn 0 -1 0 
vn 0 -1 0 
vn 0 -1 0 
vn 0 -1 0 
vn 0 -1 0 
vn -0.992126 0 0.0944882 
vn -0.992126 0 0.0944882 
vn -0.992126 0 0.0944882 
vn -0.992126 0 0.0944882 
vn -0.992126 0 0.0944882 
vn -0.992126 0 0.0944882 
vn -0.96063 0 0.283465 
vn -0.96063 0 0.283465 
vn -0.96063 0 0.283465 
vn -0.96063 0 0.283465 
vn -0.96063 0 0.283465 
vn -0.96063 0 0.283465 
vn -0.889764 0 0.464567 
vn -0.889764 0 0.464567 
vn -0.889764 0 0.464567 
vn -0.889764 0 0.464567 
vn -0.889764 0 0.464567 
vn -0.889764 0 0.464567 
vn 0.779528 0 -0.629921 
vn -0.299213 0 -0.952756 
vn -0.779528 0 -0.629921 
vn -0.779528 0 -0.629921 
vn -0.779528 0 -0.629921 
vn -0.779528 0 -0.629921 
vn -0.779528 0 -0.629921 
vn -0.779528 0 -0.629921 
vn -0.889764 0 -0.464567 
vn -0.889764 0 -0.464567 
vn -0.889764 0 -0.464567 
vn -0.889764 0 -0.464567 
vn -0.889764 0 -0.464567 
vn -0.889764 0 -0.464567 
vn -0.96063 0 -0.283465 
vn -0.96063 0 -0.283465 
vn -0.96063 0 -0.283465 
vn -0.96063 0 -0.283465 
vn -0.96063 0 -0.283465 
vn -0.96063 0 -0.283465 
vn -0.992126 0 -0.0944882 
vn -0.992126 0 -0.0944882 
vn -0.992126 0 -0.0944882 
vn -0.992126 0 -0.0944882 
vn -0.992126 0 -0.0944882 
vn -0.992126 0 -0.0944882 
vn 0.889764 0 0.464567 
vn -0.779528 0 0.629921 
vn -0.779528 0 0.629921 
vn -0.779528 0 0.629921 
vn -0.779528 0 0.629921 
vn -0.779528 0 0.629921 
vn -0.779528 0 0.629921 
vn 0.645669 0 -0.76378 
vn 0.645669 0 -0.76378 
vn 0.645669 0 -0.76378 
vn 0.480315 0 -0.874016 
vn 0.299213 0 -0.952756 
vn -0.102362 0 -0.992126 
vn -0.299213 0 -0.952756 
vn -0.480315 0 -0.874016 
vn -0.480315 0 -0.874016 
vn -0.645669 0 -0.76378 
vn 0.645669 0 0.76378 
vn 0.779528 0 0.629921 
vn 0.889764 0 0.464567 
vn 0.889764 0 0.464567 
vn 0.96063 0 0.283465 
vn 0.96063 0 -0.283465 
vn 0.889764 0 -0.464567 
vn -0.889764 0 0.464567 
vn -0.779528 0 0.629921 
vn -0.779528 0 0.629921 
vn -0.480315 0 0.874016 
vn -0.322835 0.929134 0.173228 
vn -0.173228 0.929134 0.314961 
vn -0.779528 0 0.629921 
vn 0 -1 0 
vn 0 -1 0 
vn 0 -1 0 
vn 0 -1 0 
vn 0 -1 0 
vn 0 -1 0 
vn 0 -1 0 
vn 0 -1 0 
vn 0 -1 0 
vn 0 -1 0 
vn 0 -1 0 
vn 0 -1 0 
vn 0 -1 0 
vn 0 -1 0 
vn 0 -1 0 
vn 0 -1 0 
vn 0 -1 0 
vn 0 -1 0 
vn 0 -1 0 
vn 0 -1 0 
vn 0 -1 0 
vn 0 -1 0 
vn 0 -1 0 
vn 0 -1 0 
vn 0 -1 0 
vn 0 -1 0 
vn 0 -1 0 
vn 0 -1 0 
vn 0 -1 0 
vn 0 -1 0 
vn 0 -1 0 
vn 0 -1 0 
vn 0 -1 0 
vn 0 -1 0 
vn 0 -1 0 
vn 0 -1 0 
vn 0 -1 0 
vn 0 -1 0 
vn 0 -1 0 
vn 0 -1 0 
vn 0 -1 0 
vn 0 -1 0 
vn 0 -1 0 
vn 0 -1 0 
vn 0 -1 0 
vn 0 -1 0 
vn 0 -1 0 
vn 0 -1 0 
vn 0 -1 0 
vn 0 -1 0 
vn 0 -1 0 
vn 0 -1 0 
vn 0 -1 0 
vn 0 -1 0 
vn 0 -1 0 
vn 0 -1 0 
vn 0 -1 0 
vn 0 -1 0 
vn 0 -1 0 
vn 0 -1 0 
vn 0 -1 0 
vn 0 -1 0 
vn 0 -1 0 
vn 0 -1 0 
vn 0 -1 0 
vn 0 -1 0 
vn 0 -1 0 
vn 0 -1 0 
vn 0 -1 0 
vn 0 -1 0 
vn 0 -1 0 
vn 0 -1 0 
vn 0 -1 0 
vn 0 -1 0 
vn 0 -1 0 
vn 0 -1 0 
vn 0 -1 0 
vn 0 -1 0 
vn 0 -1 0 
vn 0 -1 0 
vn 0 -1 0 
vn 0 -1 0 
vn 0 -1 0 
vn 0 -1 0 
vn 0 -1 0 
vn 0 -1 0 
vn 0 -1 0 
vn 0 -1 0 
vn 0 -1 0 
vn 0 -1 0 
vn 0 -1 0 
vn 0 -1 0 
vn 0 -1 0 
vn 0 -1 0 
vn 0 -1 0 
vn 0 -1 0 
vn 0 -1 0 
vn 0 -1 0 
vn 0 -1 0 
vn 0 -1 0 
vn 0 -1 0 
vn 0 -1 0 
vn 0 -1 0 
vn 0 -1 0 
vn 0 -1 0 
vn 0 -1 0 
vn 0 -1 0 
vn 0 -1 0 
vn 0 -1 0 
vn 0 -1 0 
vn 0 -1 0 
vn 0 -1 0 
vn 0 -1 0 
vn 0 -1 0 
vn 0 -1 0 
vn 0 -1 0 
vn 0 -1 0 
vn 0 -1 0 
vn 0 -1 0 
vn 0 -1 0 
vn 0 -1 0 
vn 0 -1 0 
vn 0 -1 0 
vn 0 -1 0 
vn 0 -1 0 
vn 0 -1 0 
vn 0 -1 0 
vn 0 -1 0 
vn 0 -1 0 
vn 0 -1 0 
vn 0 -1 0 
vn 0 -1 0 
vn 0 -1 0 
vn 0 -1 0 
vn 0 -1 0 
vn 0 -1 0 
vn 0 -1 0 
vn 0 -1 0 
vn 0 -1 0 
vn 0 -1 0 
vn 0 -1 0 
vn 0 -1 0 
vn 0 -1 0 
vn 0 -1 0 
vn 0.645669 0 -0.76378 
vn 0.645669 0 -0.76378 
vn 0.645669 0 -0.76378 
vn 0.480315 0 -0.874016 
vn 0.299213 0 -0.952756 
vn 0.102362 0 -0.992126 
vn -0.102362 0 -0.992126 
vn -0.299213 0 -0.952756 
vn -0.480315 0 -0.874016 
vn -0.480315 0 -0.874016 
vn -0.645669 0 -0.76378 
vn 0.102362 0 0.992126 
vn 0.102362 0 0.992126 
vn 0.102362 0 0.992126 
vn 0.102362 0 0.992126 
vn 0.299213 0 0.952756 
vn 0.299213 0 0.952756 
vn 0.299213 0 0.952756 
vn 0.299213 0 0.952756 
vn 0.480315 0 0.874016 
vn 0.480315 0 0.874016 
vn 0.480315 0 0.874016 
vn 0.480315 0 0.874016 
vn 0.645669 0 0.76378 
vn 0.645669 0 0.76378 
vn 0.645669 0 0.76378 
vn 0.645669 0 0.76378 
vn 0.779528 0 0.629921 
vn 0.779528 0 0.629921 
vn 0.889764 0 0.464567 
vn 0.889764 0 0.464567 
vn 0.96063 0 -0.283465 
vn -0.96063 0 0.283465 
vn -0.779528 0 0.629921 
vn -0.779528 0 0.629921 
vn -0.645669 0 0.76378 
vn -0.645669 0 0.76378 
vn -0.645669 0 0.76378 
vn -0.645669 0 0.76378 
vn -0.480315 0 0.874016 
vn -0.480315 0 0.874016 
vn -0.480315 0 0.874016 
vn -0.480315 0 0.874016 
vn -0.299213 0 0.952756 
vn -0.299213 0 0.952756 
vn -0.299213 0 0.952756 
vn -0.299213 0 0.952756 
vn -0.102362 0 0.992126 
vn -0.102362 0 0.992126 
vn -0.102362 0 0.992126 
vn -0.102362 0 0.992126 
vn -0.354331 0.929134 0.102362 
vn 0.0393701 0.929134 0.362205 
vn 0.0393701 0.929134 0.362205 
vn 0.0393701 0.929134 0.362205 
vn 0.0393701 0.929134 0.362205 
vn 0.110236 0.929134 0.346457 
vn 0.110236 0.929134 0.346457 
vn 0.110236 0.929134 0.346457 
vn 0.110236 0.929134 0.346457 
vn 0.173228 0.929134 0.314961 
vn 0.173228 0.929134 0.314961 
vn 0.173228 0.929134 0.314961 
vn 0.173228 0.929134 0.314961 
vn 0.23622 0.929134 0.275591 
vn 0.23622 0.929134 0.275591 
vn 0.23622 0.929134 0.275591 
vn 0.23622 0.929134 0.275591 
vn 0.283465 0.929134 0.228346 
vn -0.283465 0.929134 0.228346 
vn -0.23622 0.929134 0.275591 
vn -0.23622 0.929134 0.275591 
vn -0.23622 0.929134 0.275591 
vn -0.23622 0.929134 0.275591 
vn -0.173228 0.929134 0.314961 
vn -0.173228 0.929134 0.314961 
vn -0.173228 0.929134 0.314961 
vn -0.173228 0.929134 0.314961 
vn -0.110236 0.929134 0.346457 
vn -0.110236 0.929134 0.346457 
vn -0.110236 0.929134 0.346457 
vn -0.110236 0.929134 0.346457 
vn -0.0393701 0.929134 0.362205 
vn -0.0393701 0.929134 0.362205 
vn -0.0393701 0.929134 0.362205 
vn -0.0393701 0.929134 0.362205 
vn -0.889764 0 0.464567 
vn -0.645669 0 0.76378 
vn -0.645669 0 0.76378 
vn -0.645669 0 0.76378 
vn -0.645669 0 0.76378 
vn -0.480315 0 0.874016 
vn -0.480315 0 0.874016 
vn -0.480315 0 0.874016 
vn -0.480315 0 0.874016 
vn 0.102362 0 0.992126 
vn 0.102362 0 0.992126 
vn 0.102362 0 0.992126 
vn 0.102362 0 0.992126 
vn 0.299213 0 0.952756 
vn 0.299213 0 0.952756 
vn 0.299213 0 0.952756 
vn 0.299213 0 0.952756 
vn 0.480315 0 0.874016 
vn 0.480315 0 0.874016 
vn 0.480315 0 0.874016 
vn 0.480315 0 0.874016 
vn 0.645669 0 0.76378 
vn 0.645669 0 0.76378 
vn 0.645669 0 0.76378 
vn 0.645669 0 0.76378 
vn -0.299213 0 0.952756 
vn -0.299213 0 0.952756 
vn -0.299213 0 0.952756 
vn -0.299213 0 0.952756 
vn -0.102362 0 0.992126 
vn -0.102362 0 0.992126 
vn -0.102362 0 0.992126 
vn -0.102362 0 0.992126 
vn 0 -1 0 
vn 0 -1 0 
vn 0 -1 0 
vn 0 -1 0 
vn 0 -1 0 
vn 0 -1 0 
vn 0 -1 0 
vn 0 -1 0 
vn 0 -1 0 
vn 0 -1 0 
vn 0 -1 0 
vn 0 -1 0 
vn 0 -1 0 
vn 0 -1 0 
vn 0 -1 0 
vn 0 -1 0 
vn -0.299213 0 -0.952756 
vn 0.889764 0 0.464567 
vn -0.645669 0 0.76378 
vn -0.645669 0 0.76378 
vn -0.645669 0 0.76378 
vn -0.645669 0 0.76378 
vn -0.645669 0 0.76378 
vn -0.645669 0 0.76378 
vn -0.480315 0 0.874016 
vn -0.480315 0 0.874016 
vn -0.480315 0 0.874016 
vn -0.480315 0 0.874016 
vn -0.480315 0 0.874016 
vn -0.480315 0 0.874016 
vn -0.299213 0 0.952756 
vn -0.299213 0 0.952756 
vn -0.299213 0 0.952756 
vn -0.299213 0 0.952756 
vn -0.299213 0 0.952756 
vn -0.299213 0 0.952756 
vn -0.102362 0 0.992126 
vn -0.102362 0 0.992126 
vn -0.102362 0 0.992126 
vn -0.102362 0 0.992126 
vn -0.102362 0 0.992126 
vn -0.102362 0 0.992126 
vn 0.102362 0 0.992126 
vn 0.102362 0 0.992126 
vn 0.102362 0 0.992126 
vn 0.102362 0 0.992126 
vn 0.102362 0 0.992126 
vn 0.102362 0 0.992126 
vn 0.299213 0 0.952756 
vn 0.299213 0 0.952756 
vn 0.299213 0 0.952756 
vn 0.299213 0 0.952756 
vn 0.299213 0 0.952756 
vn 0.299213 0 0.952756 
vn 0.480315 0 0.874016 
vn 0.480315 0 0.874016 
vn 0.480315 0 0.874016 
vn 0.480315 0 0.874016 
vn 0.480315 0 0.874016 
vn 0.480315 0 0.874016 
vn 0.645669 0 0.76378 
vn 0.645669 0 0.76378 
vn 0.645669 0 0.76378 
vn 0.645669 0 0.76378 
vn 0.645669 0 0.76378 
vn 0.645669 0 0.76378 
vn 0.645669 0 -0.76378 
vn 0.645669 0 -0.76378 
vn 0.645669 0 -0.76378 
vn 0.645669 0 -0.76378 
vn -0.299213 0 -0.952756 
vn -0.480315 0 -0.874016 
vn -0.480315 0 -0.874016 
vn -0.645669 0 -0.76378 
vn -0.779528 0 -0.629921 
vn -0.96063 0 -0.283465 
vn -0.992126 0 -0.0944882 
vn -0.992126 0 0.0944882 
vn 0.645669 0 0.76378 
vn 0.645669 0 0.76378 
vn 0.779528 0 0.629921 
vn 0.779528 0 0.629921 
vn 0.779528 0 0.629921 
vn 0.779528 0 0.629921 
vn 0.889764 0 0.464567 
vn 0.889764 0 0.464567 
vn 0.889764 0 0.464567 
vn 0.889764 0 0.464567 
vn 0.96063 0 0.283465 
vn 0.96063 0 0.283465 
vn 0.96063 0 0.283465 
vn 0.96063 0 0.283465 
vn 0.992126 0 0.0944882 
vn 0.992126 0 0.0944882 
vn 0.992126 0 0.0944882 
vn 0.992126 0 0.0944882 
vn 0.992126 0 -0.0944882 
vn 0.992126 0 -0.0944882 
vn 0.992126 0 -0.0944882 
vn 0.992126 0 -0.0944882 
vn 0.96063 0 -0.283465 
vn 0.96063 0 -0.283465 
vn 0.96063 0 -0.283465 
vn 0.96063 0 -0.283465 
vn 0.889764 0 -0.464567 
vn 0.889764 0 -0.464567 
vn 0.889764 0 -0.464567 
vn 0.889764 0 -0.464567 
vn 0.779528 0 -0.629921 
vn 0.779528 0 -0.629921 
vn 0.779528 0 -0.629921 
vn 0.779528 0 -0.629921 
vn -0.96063 0 0.283465 
vn -0.889764 0 0.464567 
vn -0.779528 0 0.629921 
vn -0.779528 0 0.629921 
vn -0.480315 0 0.874016 
vn 0.283465 0.929134 -0.228346 
vn 0.283465 0.929134 -0.228346 
vn 0.283465 0.929134 -0.228346 
vn 0.283465 0.929134 -0.228346 
vn 0.23622 0.929134 0.275591 
vn 0.283465 0.929134 0.228346 
vn 0.283465 0.929134 0.228346 
vn 0.283465 0.929134 0.228346 
vn 0.283465 0.929134 0.228346 
vn 0.322835 0.929134 0.173228 
vn 0.322835 0.929134 0.173228 
vn 0.322835 0.929134 0.173228 
vn 0.322835 0.929134 0.173228 
vn 0.354331 0.929134 0.102362 
vn 0.354331 0.929134 0.102362 
vn 0.354331 0.929134 0.102362 
vn 0.354331 0.929134 0.102362 
vn 0.370079 0.929134 0.0314961 
vn 0.370079 0.929134 0.0314961 
vn 0.370079 0.929134 0.0314961 
vn 0.370079 0.929134 0.0314961 
vn 0.370079 0.929134 -0.0314961 
vn 0.370079 0.929134 -0.0314961 
vn 0.370079 0.929134 -0.0314961 
vn 0.370079 0.929134 -0.0314961 
vn 0.354331 0.929134 -0.102362 
vn 0.354331 0.929134 -0.102362 
vn 0.354331 0.929134 -0.102362 
vn 0.354331 0.929134 -0.102362 
vn 0.322835 0.929134 -0.173228 
vn 0.322835 0.929134 -0.173228 
vn 0.322835 0.929134 -0.173228 
vn 0.322835 0.929134 -0.173228 
vn 0.992126 0 0.0944882 
vn 0.992126 0 0.0944882 
vn 0.992126 0 0.0944882 
vn 0.992126 0 0.0944882 
vn 0.992126 0 -0.0944882 
vn 0.992126 0 -0.0944882 
vn 0.992126 0 -0.0944882 
vn 0.992126 0 -0.0944882 
vn 0.96063 0 -0.283465 
vn 0.96063 0 -0.283465 
vn 0.96063 0 -0.283465 
vn 0.96063 0 -0.283465 
vn 0.889764 0 -0.464567 
vn 0.889764 0 -0.464567 
vn 0.889764 0 -0.464567 
vn 0.889764 0 -0.464567 
vn 0.779528 0 -0.629921 
vn 0.779528 0 -0.629921 
vn 0.779528 0 -0.629921 
vn 0.779528 0 -0.629921 
vn 0.779528 0 0.629921 
vn 0.779528 0 0.629921 
vn 0.779528 0 0.629921 
vn 0.779528 0 0.629921 
vn 0.889764 0 0.464567 
vn 0.889764 0 0.464567 
vn 0.889764 0 0.464567 
vn 0.889764 0 0.464567 
vn 0.96063 0 0.283465 
vn 0.96063 0 0.283465 
vn 0.96063 0 0.283465 
vn 0.96063 0 0.283465 
vn 0 -1 0 
vn 0 -1 0 
vn 0 -1 0 
vn 0 -1 0 
vn 0 -1 0 
vn 0 -1 0 
vn 0 -1 0 
vn 0 -1 0 
vn 0 -1 0 
vn 0 -1 0 
vn 0 -1 0 
vn 0 -1 0 
vn 0 -1 0 
vn -0.96063 0 0.283465 
vn 0.889764 0 -0.464567 
vn 0.889764 0 -0.464567 
vn 0.889764 0 -0.464567 
vn 0.889764 0 -0.464567 
vn 0.889764 0 -0.464567 
vn 0.889764 0 -0.464567 
vn 0.779528 0 -0.629921 
vn 0.779528 0 -0.629921 
vn 0.779528 0 -0.629921 
vn 0.779528 0 -0.629921 
vn 0.779528 0 -0.629921 
vn 0.779528 0 -0.629921 
vn 0.889764 0 0.464567 
vn 0.889764 0 0.464567 
vn 0.889764 0 0.464567 
vn 0.889764 0 0.464567 
vn 0.889764 0 0.464567 
vn 0.889764 0 0.464567 
vn 0.992126 0 -0.0944882 
vn 0.992126 0 -0.0944882 
vn 0.992126 0 -0.0944882 
vn 0.992126 0 -0.0944882 
vn 0.992126 0 -0.0944882 
vn 0.992126 0 -0.0944882 
vn 0.96063 0 0.283465 
vn 0.96063 0 0.283465 
vn 0.96063 0 0.283465 
vn 0.96063 0 0.283465 
vn 0.96063 0 0.283465 
vn 0.96063 0 0.283465 
vn 0.992126 0 0.0944882 
vn 0.992126 0 0.0944882 
vn 0.992126 0 0.0944882 
vn 0.992126 0 0.0944882 
vn 0.992126 0 0.0944882 
vn 0.992126 0 0.0944882 
vn 0.96063 0 -0.283465 
vn 0.96063 0 -0.283465 
vn 0.96063 0 -0.283465 
vn 0.96063 0 -0.283465 
vn 0.96063 0 -0.283465 
vn 0.96063 0 -0.283465 
vn 0.779528 0 0.629921 
vn 0.779528 0 0.629921 
vn 0.779528 0 0.629921 
vn 0.779528 0 0.629921 
vn 0.779528 0 0.629921 
vn 0.779528 0 0.629921 
vn 0.645669 0 -0.76378 
vn 0.645669 0 -0.76378 
vn 0.299213 0 -0.952756 
vn -0.480315 0 -0.874016 
vn -0.645669 0 -0.76378 
vn -0.779528 0 -0.629921 
vn -0.96063 0 -0.283465 
vn -0.992126 0 -0.0944882 
vn 0.102362 0 0.992126 
vn 0.299213 0 0.952756 
vn 0.480315 0 0.874016 
vn 0.779528 0 0.629921 
vn 0.889764 0 0.464567 
vn 0.96063 0 -0.283465 
vn 0.889764 0 -0.464567 
vn -0.96063 0 0.283465 
vn -0.889764 0 0.464567 
vn -0.779528 0 0.629921 
vn -0.645669 0 0.76378 
vn -0.480315 0 0.874016 
vn 0.283465 0.929134 -0.228346 
vn 0.173228 0.929134 -0.314961 
vn 0.110236 0.929134 -0.346457 
vn 0.0393701 0.929134 -0.362205 
vn -0.0393701 0.929134 -0.362205 
vn -0.110236 0.929134 -0.346457 
vn -0.23622 0.929134 -0.275591 
vn -0.283465 0.929134 -0.228346 
vn -0.322835 0.929134 -0.173228 
vn -0.354331 0.929134 -0.102362 
vn -0.370079 0.929134 0.0314961 
vn -0.354331 0.929134 0.102362 
vn 0.0393701 0.929134 0.362205 
vn 0.0393701 0.929134 0.362205 
vn 0.110236 0.929134 0.346457 
vn 0.23622 0.929134 0.275591 
vn 0.283465 0.929134 0.228346 
vn 0.322835 0.929134 0.173228 
vn 0.354331 0.929134 0.102362 
vn 0.370079 0.929134 0.0314961 
vn 0.370079 0.929134 -0.0314961 
vn 0.354331 0.929134 -0.102362 
vn -0.322835 0.929134 0.173228 
vn -0.283465 0.929134 0.228346 
vn -0.173228 0.929134 0.314961 
vn -0.110236 0.929134 0.346457 
vn -0.102362 0 -0.992126 
vn -0.102362 0 -0.992126 
vn -0.480315 0 -0.874016 
vn -0.779528 0 -0.629921 
vn 0.645669 0 -0.76378 
vn 0.645669 0 -0.76378 
vn 0.645669 0 -0.76378 
vn -0.889764 0 0.464567 
vn 0.480315 0 -0.874016 
vn -0.779528 0 0.629921 
vn -0.779528 0 0.629921 
vn -0.645669 0 0.76378 
vn -0.480315 0 0.874016 
vn 0.992126 0 0.0944882 
vn 0.992126 0 0.0944882 
vn -0.889764 0 -0.464567 
vn 0.96063 0 -0.283465 
vn -0.992126 0 -0.0944882 
vn 0.889764 0 -0.464567 
vn -0.992126 0 0.0944882 
vn 0.102362 0 0.992126 
vn 0.299213 0 0.952756 
vn 0.480315 0 0.874016 
vn 0.779528 0 0.629921 
vn 0 1 0 
vn 0 1 0 
vn 0 1 0 
vn 0 1 0 
vn 0 1 0 
vn 0 1 0 
vn 0 1 0 
vn 0 1 0 
vn 0 1 0 
vn 0 1 0 
vn 0 1 0 
vn 0 1 0 
vn 0 1 0 
vn 0 1 0 
vn 0 1 0 
vn 0 1 0 
vn 0 1 0 
vn 0 1 0 
vn 0 1 0 
vn 0 1 0 
vn 0 1 0 
vn 0 1 0 
vn 0 1 0 
vn 0 1 0 
vn 0 1 0 
vn 0 1 0 
vn 0 1 0 
vn 0 1 0 
vn 0 1 0 
vn 0 1 0 
vn 0 1 0 
vn 0 1 0 
vn 0 1 0 
vn 0 1 0 
vn 0 1 0 
vn 0 1 0 
vn 0 1 0 
vn 0 1 0 
vn 0 1 0 
vn 0 1 0 
vn 0 1 0 
vn 0 1 0 
vn 0 1 0 
vn 0 1 0 
vn 0 1 0 
vn 0 1 0 
vn 0 1 0 
vn 0 1 0 
vn 0 1 0 
vn 0 1 0 
vn 0 1 0 
vn 0 1 0 
vn 0 1 0 
vn 0 1 0 
vn 0 1 0 
vn 0 1 0 
vn 0 1 0 
vn 0 1 0 
vn 0 1 0 
vn 0 1 0 
vn 0 1 0 
vn 0 1 0 
vn 0 1 0 
vn 0 1 0 
vn 0 1 0 
vn 0 1 0 
vn 0 1 0 
vn 0 1 0 
vn 0 1 0 
vn 0 1 0 
vn 0 1 0 
vn 0 1 0 
vn 0 1 0 
vn 0 1 0 
vn 0 1 0 
vn 0 1 0 
vn 0 1 0 
vn 0 1 0 
vn 0 1 0 
vn 0 1 0 
vn 0 1 0 
vn 0 1 0 
vn 0 1 0 
vn 0 1 0 
vn 0 1 0 
vn 0 1 0 
vn 0 1 0 
vn 0 1 0 
vn 0 1 0 
vn 0 1 0 
vn 0 1 0 
vn 0 1 0 
vn 0 1 0 
vn 0 1 0 
vn 0 1 0 
vn 0 1 0 
vn 0.645669 0 -0.76378 
vn 0.645669 0 -0.76378 
vn 0.645669 0 -0.76378 
vn 0.645669 0 -0.76378 
vn 0.480315 0 -0.874016 
vn 0.480315 0 -0.874016 
vn 0.480315 0 -0.874016 
vn 0.480315 0 -0.874016 
vn 0.299213 0 -0.952756 
vn 0.299213 0 -0.952756 
vn 0.299213 0 -0.952756 
vn 0.299213 0 -0.952756 
vn 0.102362 0 -0.992126 
vn 0.102362 0 -0.992126 
vn 0.102362 0 -0.992126 
vn 0.102362 0 -0.992126 
vn -0.102362 0 -0.992126 
vn -0.102362 0 -0.992126 
vn -0.102362 0 -0.992126 
vn -0.102362 0 -0.992126 
vn -0.299213 0 -0.952756 
vn -0.299213 0 -0.952756 
vn -0.299213 0 -0.952756 
vn -0.299213 0 -0.952756 
vn -0.480315 0 -0.874016 
vn -0.480315 0 -0.874016 
vn -0.480315 0 -0.874016 
vn -0.480315 0 -0.874016 
vn -0.645669 0 -0.76378 
vn -0.645669 0 -0.76378 
vn -0.645669 0 -0.76378 
vn -0.645669 0 -0.76378 
vn 0.102362 0 0.992126 
vn 0.299213 0 0.952756 
vn 0.480315 0 0.874016 
vn 0.645669 0 0.76378 
vn 0.779528 0 0.629921 
vn 0.889764 0 0.464567 
vn 0.889764 0 -0.464567 
vn 0.889764 0 -0.464567 
vn -0.889764 0 0.464567 
vn -0.779528 0 0.629921 
vn -0.779528 0 0.629921 
vn -0.645669 0 0.76378 
vn -0.480315 0 0.874016 
vn -0.299213 0 0.952756 
vn 0.283465 0.929134 -0.228346 
vn 0.23622 0.929134 -0.275591 
vn 0.23622 0.929134 -0.275591 
vn 0.23622 0.929134 -0.275591 
vn 0.23622 0.929134 -0.275591 
vn 0.173228 0.929134 -0.314961 
vn 0.173228 0.929134 -0.314961 
vn 0.173228 0.929134 -0.314961 
vn 0.173228 0.929134 -0.314961 
vn 0.110236 0.929134 -0.346457 
vn 0.110236 0.929134 -0.346457 
vn 0.110236 0.929134 -0.346457 
vn 0.110236 0.929134 -0.346457 
vn 0.0393701 0.929134 -0.362205 
vn 0.0393701 0.929134 -0.362205 
vn 0.0393701 0.929134 -0.362205 
vn 0.0393701 0.929134 -0.362205 
vn -0.0393701 0.929134 -0.362205 
vn -0.0393701 0.929134 -0.362205 
vn -0.0393701 0.929134 -0.362205 
vn -0.0393701 0.929134 -0.362205 
vn -0.110236 0.929134 -0.346457 
vn -0.110236 0.929134 -0.346457 
vn -0.110236 0.929134 -0.346457 
vn -0.110236 0.929134 -0.346457 
vn -0.173228 0.929134 -0.314961 
vn -0.173228 0.929134 -0.314961 
vn -0.173228 0.929134 -0.314961 
vn -0.173228 0.929134 -0.314961 
vn -0.23622 0.929134 -0.275591 
vn -0.23622 0.929134 -0.275591 
vn -0.23622 0.929134 -0.275591 
vn -0.23622 0.929134 -0.275591 
vn -0.102362 0 -0.992126 
vn -0.102362 0 -0.992126 
vn -0.102362 0 -0.992126 
vn -0.102362 0 -0.992126 
vn -0.299213 0 -0.952756 
vn -0.299213 0 -0.952756 
vn -0.299213 0 -0.952756 
vn -0.299213 0 -0.952756 
vn -0.480315 0 -0.874016 
vn -0.480315 0 -0.874016 
vn -0.480315 0 -0.874016 
vn -0.480315 0 -0.874016 
vn -0.645669 0 -0.76378 
vn -0.645669 0 -0.76378 
vn -0.645669 0 -0.76378 
vn -0.645669 0 -0.76378 
vn 0.645669 0 -0.76378 
vn 0.645669 0 -0.76378 
vn 0.645669 0 -0.76378 
vn 0.645669 0 -0.76378 
vn 0.480315 0 -0.874016 
vn 0.480315 0 -0.874016 
vn 0.480315 0 -0.874016 
vn 0.480315 0 -0.874016 
vn 0.299213 0 -0.952756 
vn 0.299213 0 -0.952756 
vn 0.299213 0 -0.952756 
vn 0.299213 0 -0.952756 
vn 0.102362 0 -0.992126 
vn 0.102362 0 -0.992126 
vn 0.102362 0 -0.992126 
vn 0.102362 0 -0.992126 
vn 0 -1 0 
vn 0 -1 0 
vn 0 -1 0 
vn 0 -1 0 
vn 0 -1 0 
vn 0 -1 0 
vn 0 -1 0 
vn 0 -1 0 
vn 0 -1 0 
vn 0 -1 0 
vn 0 -1 0 
vn 0 -1 0 
vn 0 -1 0 
vn 0 -1 0 
vn -0.102362 0 -0.992126 
vn -0.102362 0 -0.992126 
vn -0.102362 0 -0.992126 
vn -0.102362 0 -0.992126 
vn -0.102362 0 -0.992126 
vn -0.102362 0 -0.992126 
vn 0.779528 0 -0.629921 
vn -0.299213 0 -0.952756 
vn -0.299213 0 -0.952756 
vn -0.299213 0 -0.952756 
vn -0.299213 0 -0.952756 
vn -0.299213 0 -0.952756 
vn -0.299213 0 -0.952756 
vn 0.645669 0 -0.76378 
vn 0.645669 0 -0.76378 
vn 0.645669 0 -0.76378 
vn 0.645669 0 -0.76378 
vn 0.645669 0 -0.76378 
vn 0.645669 0 -0.76378 
vn -0.480315 0 -0.874016 
vn -0.480315 0 -0.874016 
vn -0.480315 0 -0.874016 
vn -0.480315 0 -0.874016 
vn -0.480315 0 -0.874016 
vn -0.480315 0 -0.874016 
vn 0.480315 0 -0.874016 
vn 0.480315 0 -0.874016 
vn 0.480315 0 -0.874016 
vn 0.480315 0 -0.874016 
vn 0.480315 0 -0.874016 
vn 0.480315 0 -0.874016 
vn -0.645669 0 -0.76378 
vn -0.645669 0 -0.76378 
vn -0.645669 0 -0.76378 
vn -0.645669 0 -0.76378 
vn -0.645669 0 -0.76378 
vn -0.645669 0 -0.76378 
vn 0.299213 0 -0.952756 
vn 0.299213 0 -0.952756 
vn 0.299213 0 -0.952756 
vn 0.299213 0 -0.952756 
vn 0.299213 0 -0.952756 
vn 0.299213 0 -0.952756 
vn 0.102362 0 -0.992126 
vn 0.102362 0 -0.992126 
vn 0.102362 0 -0.992126 
vn 0.102362 0 -0.992126 
vn 0.102362 0 -0.992126 
vn 0.102362 0 -0.992126 

vt 6.85503 -8.11174 
vt 6.85503 -8.01371 
vt 6.98079 -8.01371 
vt 6.98079 -8.01371 
vt 6.98079 -8.11174 
vt 6.92718 -8.11174 
vt 6.85503 -8.01371 
vt 6.85503 -8.11174 
vt 6.76712 -8.01371 
vt 6.85503 -8.11174 
vt 6.85503 -8.01371 
vt 6.76712 -8.11174 
vt 6.76712 -8.11174 
vt 6.76712 -8.01371 
vt 6.66682 -8.01371 
vt 6.66682 -8.11174 
vt 6.66682 -8.11174 
vt 6.66682 -8.01371 
vt 6.55799 -8.01371 
vt 6.55799 -8.11174 
vt 6.55799 -8.11174 
vt 6.55799 -8.01371 
vt 6.44481 -8.01371 
vt 6.44481 -8.11174 
vt 6.44481 -8.11174 
vt 6.44481 -8.01371 
vt 6.33163 -8.01371 
vt 6.33163 -8.11174 
vt 6.0346 -8.01371 
vt 6.12251 -8.01371 
vt 6.22281 -8.11174 
vt 6.33163 -8.01371 
vt 6.44481 -8.01371 
vt 6.66682 -8.01371 
vt 6.76712 -8.01371 
vt 6.33163 -8.11174 
vt 6.33163 -8.01371 
vt 6.22281 -8.01371 
vt 6.22281 -8.11174 
vt 6.22281 -8.11174 
vt 6.22281 -8.01371 
vt 6.12251 -8.01371 
vt 6.12251 -8.11174 
vt 6.0346 -8.01371 
vt 6.12251 -8.11174 
vt 6.12251 -8.01371 
vt 6.0346 -8.11174 
vt 5.90884 -8.01371 
vt 5.90884 -8.11174 
vt 6.94207 -8.1279 
vt 6.82539 -8.1279 
vt 6.82539 -8.1279 
vt 6.76712 -8.11174 
vt 6.74383 -8.1279 
vt 6.85503 -8.11174 
vt 6.74383 -8.1279 
vt 6.66682 -8.11174 
vt 6.65078 -8.1279 
vt 6.76712 -8.11174 
vt 6.65078 -8.1279 
vt 6.55799 -8.11174 
vt 6.54982 -8.1279 
vt 6.66682 -8.11174 
vt 6.54982 -8.1279 
vt 6.44481 -8.11174 
vt 6.44481 -8.1279 
vt 6.55799 -8.11174 
vt 6.44481 -8.11174 
vt 6.33981 -8.1279 
vt 6.44481 -8.1279 
vt 6.33163 -8.11174 
vt 6.33163 -8.11174 
vt 6.23885 -8.1279 
vt 6.33981 -8.1279 
vt 6.22281 -8.11174 
vt 6.65078 -8.1279 
vt 6.22281 -8.11174 
vt 6.14579 -8.1279 
vt 6.23885 -8.1279 
vt 6.12251 -8.11174 
vt 6.12251 -8.11174 
vt 6.06423 -8.1279 
vt 6.14579 -8.1279 
vt 6.0346 -8.11174 
vt 5.94756 -8.1279 
vt 6.71878 -8.13256 
vt 6.7935 -8.13256 
vt 6.7935 -8.1279 
vt 6.71878 -8.1279 
vt 6.7935 -8.13256 
vt 6.17085 -8.13256 
vt 6.2561 -8.13256 
vt 6.2561 -8.1279 
vt 6.17085 -8.1279 
vt 6.09612 -8.13256 
vt 6.17085 -8.13256 
vt 6.17085 -8.1279 
vt 6.09612 -8.1279 
vt 6.0348 -8.13256 
vt 6.63352 -8.13256 
vt 6.71878 -8.13256 
vt 6.71878 -8.1279 
vt 6.63352 -8.1279 
vt 6.54102 -8.13256 
vt 6.63352 -8.13256 
vt 6.63352 -8.1279 
vt 6.54102 -8.1279 
vt 6.44481 -8.13256 
vt 6.54102 -8.13256 
vt 6.54102 -8.1279 
vt 6.44481 -8.1279 
vt 6.34861 -8.13256 
vt 6.44481 -8.13256 
vt 6.44481 -8.1279 
vt 6.34861 -8.1279 
vt 6.2561 -8.13256 
vt 6.34861 -8.13256 
vt 6.34861 -8.1279 
vt 6.2561 -8.1279 
vt 6.07306 -8.01372 
vt 6.15273 -8.01372 
vt 6.646 -8.01372 
vt 6.81657 -8.01372 
vt 6.93053 -8.01372 
vt 6.88195 -8.01372 
vt 6.93053 -8.07737 
vt 6.7369 -8.07737 
vt 6.81657 -8.07737 
vt 6.00768 -8.07737 
vt 6.15273 -8.07737 
vt 6.07306 -8.07737 
vt 6.34225 -8.07737 
vt 6.24362 -8.07737 
vt 6.54738 -8.07737 
vt 6.646 -8.07737 
vt 6.44481 -8.07737 
vt 6.44481 -8.01372 
vt 6.44481 -8.07551 
vt 6.54738 -8.01372 
vt 6.54738 -8.07551 
vt 6.44481 -8.07737 
vt 6.54738 -8.07737 
vt 6.54738 -8.01372 
vt 6.54738 -8.07551 
vt 6.646 -8.01372 
vt 6.646 -8.07551 
vt 6.54738 -8.07737 
vt 6.646 -8.07737 
vt 6.646 -8.01372 
vt 6.646 -8.07551 
vt 6.7369 -8.01372 
vt 6.7369 -8.07551 
vt 6.646 -8.07737 
vt 6.7369 -8.07737 
vt 6.07306 -8.07551 
vt 5.95909 -8.07551 
vt 6.07306 -8.01372 
vt 6.07306 -8.07551 
vt 6.15273 -8.01372 
vt 6.15273 -8.07551 
vt 6.07306 -8.07737 
vt 6.15273 -8.07737 
vt 6.15273 -8.01372 
vt 6.15273 -8.07551 
vt 6.24362 -8.01372 
vt 6.24362 -8.07551 
vt 6.15273 -8.07737 
vt 6.24362 -8.07737 
vt 6.24362 -8.01372 
vt 6.24362 -8.07551 
vt 6.34225 -8.01372 
vt 6.34225 -8.07551 
vt 6.24362 -8.07737 
vt 6.34225 -8.07737 
vt 6.34225 -8.01372 
vt 6.34225 -8.07551 
vt 6.44481 -8.01372 
vt 6.44481 -8.07551 
vt 6.34225 -8.07737 
vt 6.44481 -8.07737 
vt 6.646 -8.07551 
vt 6.7369 -8.01372 
vt 6.7369 -8.07551 
vt 6.81657 -8.01372 
vt 6.81657 -8.07551 
vt 6.7369 -8.07737 
vt 6.81657 -8.07737 
vt 6.76017 -8.5555 
vt 6.84619 -8.48335 
vt 6.84619 -8.48335 
vt 6.66204 -8.60911 
vt 6.55555 -8.64213 
vt 6.33407 -8.64213 
vt 6.22759 -8.60911 
vt 6.12945 -8.5555 
vt 6.12945 -8.5555 
vt 6.04344 -8.48335 
vt 6.84619 -7.66292 
vt 6.91678 -7.75083 
vt 6.96924 -7.85113 
vt 6.96924 -7.85113 
vt 7.00154 -7.95996 
vt 6.96924 -8.29514 
vt 6.91678 -8.39544 
vt 5.97284 -7.75083 
vt 6.04344 -7.66292 
vt 6.04344 -7.66292 
vt 6.22759 -7.53716 
vt 6.00694 -7.77412 
vt 6.24328 -7.57588 
vt 6.10364 -7.72445 
vt 6.54517 -7.5575 
vt 6.44481 -7.493 
vt 6.44481 -7.5474 
vt 6.55555 -7.50415 
vt 6.34446 -7.5575 
vt 6.33407 -7.50415 
vt 6.64167 -7.58742 
vt 6.55555 -7.50415 
vt 6.54517 -7.5575 
vt 6.66204 -7.53716 
vt 6.76017 -7.59077 
vt 6.66204 -7.53716 
vt 6.64167 -7.58742 
vt 6.7306 -7.636 
vt 6.76017 -7.59077 
vt 6.80856 -7.70138 
vt 6.84619 -7.66292 
vt 6.7306 -7.636 
vt 6.91678 -7.75083 
vt 6.87253 -7.78105 
vt 6.91678 -7.75083 
vt 6.92007 -7.87195 
vt 6.96924 -7.85113 
vt 6.87253 -7.78105 
vt 7.00154 -7.95996 
vt 6.96924 -7.85113 
vt 6.92007 -7.87195 
vt 6.94934 -7.97057 
vt 7.01245 -8.07314 
vt 6.94934 -7.97057 
vt 6.95922 -8.07314 
vt 7.00154 -7.95996 
vt 6.94934 -8.1757 
vt 7.00154 -8.18632 
vt 6.92007 -8.27433 
vt 7.00154 -8.18632 
vt 6.94934 -8.1757 
vt 6.96924 -8.29514 
vt 6.91678 -8.39544 
vt 6.92007 -8.27433 
vt 6.87253 -8.36522 
vt 6.96924 -8.29514 
vt 6.80856 -8.44489 
vt 6.91678 -8.39544 
vt 6.87253 -8.36522 
vt 6.84619 -8.48335 
vt 6.76017 -8.5555 
vt 6.7306 -8.51027 
vt 6.76017 -8.5555 
vt 6.64167 -8.55886 
vt 6.66204 -8.60911 
vt 6.7306 -8.51027 
vt 6.55555 -8.64213 
vt 6.66204 -8.60911 
vt 6.64167 -8.55886 
vt 6.54517 -8.58877 
vt 6.44481 -8.65327 
vt 6.55555 -8.64213 
vt 6.54517 -8.58877 
vt 6.44481 -8.59888 
vt 6.34446 -8.58877 
vt 6.33407 -8.64213 
vt 6.33407 -8.64213 
vt 6.24796 -8.55886 
vt 6.22759 -8.60911 
vt 6.34446 -8.58877 
vt 6.12945 -8.5555 
vt 6.24796 -8.55886 
vt 6.15902 -8.51027 
vt 6.22759 -8.60911 
vt 6.08107 -8.44489 
vt 6.12945 -8.5555 
vt 6.15902 -8.51027 
vt 6.04344 -8.48335 
vt 5.97284 -8.39544 
vt 6.0171 -8.36522 
vt 5.96956 -8.27433 
vt 5.97284 -8.39544 
vt 6.0171 -8.36522 
vt 5.92039 -8.29514 
vt 5.96956 -8.27433 
vt 5.94029 -8.1757 
vt 5.88809 -8.18632 
vt 5.92039 -8.29514 
vt 5.88809 -8.18632 
vt 5.94029 -8.1757 
vt 5.87718 -8.07314 
vt 5.9304 -8.07314 
vt 5.94029 -7.97057 
vt 5.88809 -7.95996 
vt 5.88809 -7.95996 
vt 5.96956 -7.87195 
vt 5.92039 -7.85113 
vt 5.94029 -7.97057 
vt 5.97284 -7.75083 
vt 5.92039 -7.85113 
vt 5.96956 -7.87195 
vt 6.0171 -7.78105 
vt 5.97284 -7.75083 
vt 6.08107 -7.70138 
vt 6.04344 -7.66292 
vt 6.0171 -7.78105 
vt 6.12945 -7.59077 
vt 6.15902 -7.636 
vt 6.24796 -7.58742 
vt 6.12945 -7.59077 
vt 6.15902 -7.636 
vt 6.22759 -7.53716 
vt 6.33407 -7.50415 
vt 6.24796 -7.58742 
vt 6.34446 -7.5575 
vt 6.22759 -7.53716 
vt 6.15902 -8.51027 
vt 6.34446 -8.58877 
vt 6.7306 -8.51027 
vt 6.24796 -8.55886 
vt 6.54517 -8.58877 
vt 6.44481 -8.59888 
vt 6.64167 -8.55886 
vt 6.0171 -8.36522 
vt 6.08107 -8.44489 
vt 6.15902 -7.636 
vt 6.87253 -8.36522 
vt 6.80856 -8.44489 
vt 5.94029 -8.1757 
vt 5.96956 -8.27433 
vt 6.0171 -7.78105 
vt 6.08107 -7.70138 
vt 5.94029 -7.97057 
vt 5.9304 -8.07314 
vt 5.96956 -7.87195 
vt 6.34446 -7.5575 
vt 6.24796 -7.58742 
vt 6.7306 -7.636 
vt 6.54517 -7.5575 
vt 6.44481 -7.5474 
vt 6.64167 -7.58742 
vt 6.87253 -7.78105 
vt 6.80856 -7.70138 
vt 6.94934 -7.97057 
vt 6.92007 -7.87195 
vt 6.94934 -8.1757 
vt 6.92007 -8.27433 
vt 6.95922 -8.07314 
vt 6.12945 -8.01371 
vt 6.04344 -8.11174 
vt 6.04344 -8.01371 
vt 6.22759 -8.01371 
vt 6.33407 -8.01371 
vt 6.44481 -8.01371 
vt 6.55555 -8.01371 
vt 6.66204 -8.01371 
vt 6.76017 -8.01371 
vt 6.76017 -8.11174 
vt 6.84619 -8.01371 
vt 6.33407 -8.01371 
vt 6.33407 -8.11174 
vt 6.44481 -8.11174 
vt 6.44481 -8.01371 
vt 6.22759 -8.01371 
vt 6.22759 -8.11174 
vt 6.33407 -8.11174 
vt 6.33407 -8.01371 
vt 6.12945 -8.01371 
vt 6.12945 -8.11174 
vt 6.22759 -8.11174 
vt 6.22759 -8.01371 
vt 6.04344 -8.01371 
vt 6.04344 -8.11174 
vt 6.12945 -8.11174 
vt 6.12945 -8.01371 
vt 5.97284 -8.01371 
vt 5.97284 -8.11174 
vt 5.92039 -8.01371 
vt 5.92039 -8.11174 
vt 5.92039 -8.01371 
vt 6.96924 -8.11174 
vt 6.84619 -8.01371 
vt 6.84619 -8.11174 
vt 6.76017 -8.01371 
vt 6.76017 -8.11174 
vt 6.84619 -8.11174 
vt 6.84619 -8.01371 
vt 6.66204 -8.01371 
vt 6.66204 -8.11174 
vt 6.76017 -8.11174 
vt 6.76017 -8.01371 
vt 6.55555 -8.01371 
vt 6.55555 -8.11174 
vt 6.66204 -8.11174 
vt 6.66204 -8.01371 
vt 6.44481 -8.01371 
vt 6.44481 -8.11174 
vt 6.55555 -8.11174 
vt 6.55555 -8.01371 
vt 6.93135 -8.1279 
vt 6.44481 -8.1279 
vt 6.44481 -8.11174 
vt 6.34207 -8.1279 
vt 6.33407 -8.11174 
vt 6.34207 -8.1279 
vt 6.33407 -8.11174 
vt 6.24328 -8.1279 
vt 6.22759 -8.11174 
vt 6.24328 -8.1279 
vt 6.22759 -8.11174 
vt 6.15224 -8.1279 
vt 6.12945 -8.11174 
vt 6.15224 -8.1279 
vt 6.12945 -8.11174 
vt 6.07243 -8.1279 
vt 6.04344 -8.11174 
vt 6.00694 -8.1279 
vt 6.81719 -8.1279 
vt 6.81719 -8.1279 
vt 6.76017 -8.11174 
vt 6.73739 -8.1279 
vt 6.84619 -8.11174 
vt 6.73739 -8.1279 
vt 6.66204 -8.11174 
vt 6.64634 -8.1279 
vt 6.76017 -8.11174 
vt 6.64634 -8.1279 
vt 6.55555 -8.11174 
vt 6.54755 -8.1279 
vt 6.66204 -8.11174 
vt 6.54755 -8.1279 
vt 6.44481 -8.11174 
vt 6.44481 -8.1279 
vt 6.55555 -8.11174 
vt 6.846 -8.13256 
vt 6.71287 -8.13256 
vt 6.78599 -8.13256 
vt 6.78599 -8.1279 
vt 6.71287 -8.1279 
vt 6.62946 -8.13256 
vt 6.71287 -8.13256 
vt 6.71287 -8.1279 
vt 6.62946 -8.1279 
vt 6.35068 -8.13256 
vt 6.44481 -8.13256 
vt 6.44481 -8.1279 
vt 6.35068 -8.1279 
vt 6.26017 -8.13256 
vt 6.35068 -8.13256 
vt 6.35068 -8.1279 
vt 6.26017 -8.1279 
vt 6.17675 -8.13256 
vt 6.26017 -8.13256 
vt 6.26017 -8.1279 
vt 6.17675 -8.1279 
vt 6.10364 -8.13256 
vt 6.17675 -8.13256 
vt 6.17675 -8.1279 
vt 6.10364 -8.1279 
vt 6.53894 -8.13256 
vt 6.62946 -8.13256 
vt 6.62946 -8.1279 
vt 6.53894 -8.1279 
vt 6.44481 -8.13256 
vt 6.53894 -8.13256 
vt 6.53894 -8.1279 
vt 6.44481 -8.1279 
vt 6.0171 -8.01372 
vt 5.96956 -8.01372 
vt 6.08107 -8.01372 
vt 6.24796 -8.01372 
vt 6.7306 -8.01372 
vt 6.7306 -8.07737 
vt 6.54517 -8.07737 
vt 6.15902 -8.07737 
vt 6.64167 -8.07737 
vt 6.34446 -8.07737 
vt 6.44481 -8.07737 
vt 6.24796 -8.07737 
vt 6.80856 -8.07737 
vt 6.08107 -8.07737 
vt 5.94029 -8.07737 
vt 5.96956 -8.07737 
vt 6.24796 -8.07551 
vt 6.92007 -8.07551 
vt 6.15902 -8.07551 
vt 6.15902 -8.01372 
vt 6.08107 -8.07551 
vt 6.08107 -8.01372 
vt 6.08107 -8.07737 
vt 6.15902 -8.07737 
vt 6.24796 -8.07551 
vt 6.24796 -8.01372 
vt 6.15902 -8.07551 
vt 6.15902 -8.01372 
vt 6.15902 -8.07737 
vt 6.24796 -8.07737 
vt 6.34446 -8.07551 
vt 6.34446 -8.01372 
vt 6.24796 -8.07551 
vt 6.24796 -8.01372 
vt 6.24796 -8.07737 
vt 6.34446 -8.07737 
vt 6.44481 -8.07551 
vt 6.44481 -8.01372 
vt 6.34446 -8.07551 
vt 6.34446 -8.01372 
vt 6.34446 -8.07737 
vt 6.44481 -8.07737 
vt 6.54517 -8.07551 
vt 6.54517 -8.01372 
vt 6.44481 -8.07551 
vt 6.44481 -8.01372 
vt 6.44481 -8.07737 
vt 6.54517 -8.07737 
vt 6.64167 -8.07551 
vt 6.64167 -8.01372 
vt 6.54517 -8.07551 
vt 6.54517 -8.01372 
vt 6.54517 -8.07737 
vt 6.64167 -8.07737 
vt 6.7306 -8.07551 
vt 6.7306 -8.01372 
vt 6.64167 -8.07551 
vt 6.64167 -8.01372 
vt 6.64167 -8.07737 
vt 6.7306 -8.07737 
vt 6.80856 -8.07551 
vt 6.80856 -8.01372 
vt 6.7306 -8.07551 
vt 6.7306 -8.01372 
vt 6.7306 -8.07737 
vt 6.80856 -8.07737 
vt 5.96245 -8.01371 
vt 6.0346 -8.11174 
vt 6.0346 -8.01371 
vt 5.96245 -8.11174 
vt 5.90884 -8.01371 
vt 5.96245 -8.01371 
vt 5.96245 -8.11174 
vt 6.0346 -8.01371 
vt 6.12251 -8.01371 
vt 6.33163 -8.01371 
vt 6.44481 -8.01371 
vt 6.55799 -8.01371 
vt 6.85503 -8.01371 
vt 6.85503 -8.11174 
vt 6.76712 -8.01371 
vt 6.76712 -8.11174 
vt 6.85503 -8.11174 
vt 6.85503 -8.01371 
vt 6.66682 -8.01371 
vt 6.66682 -8.11174 
vt 6.76712 -8.11174 
vt 6.76712 -8.01371 
vt 6.55799 -8.01371 
vt 6.55799 -8.11174 
vt 6.66682 -8.11174 
vt 6.66682 -8.01371 
vt 6.44481 -8.01371 
vt 6.44481 -8.11174 
vt 6.55799 -8.11174 
vt 6.55799 -8.01371 
vt 6.33163 -8.01371 
vt 6.33163 -8.11174 
vt 6.44481 -8.11174 
vt 6.44481 -8.01371 
vt 6.22281 -8.01371 
vt 6.22281 -8.11174 
vt 6.33163 -8.11174 
vt 6.33163 -8.01371 
vt 6.12251 -8.01371 
vt 6.12251 -8.11174 
vt 6.22281 -8.11174 
vt 6.22281 -8.01371 
vt 6.0346 -8.01371 
vt 6.0346 -8.11174 
vt 6.12251 -8.11174 
vt 6.12251 -8.01371 
vt 6.66682 -8.01371 
vt 6.76712 -8.01371 
vt 6.85503 -8.01371 
vt 6.85503 -8.11174 
vt 6.98079 -8.01371 
vt 6.0346 -8.11174 
vt 6.06423 -8.1279 
vt 6.12251 -8.11174 
vt 6.14579 -8.1279 
vt 6.82539 -8.1279 
vt 6.76712 -8.11174 
vt 6.82539 -8.1279 
vt 6.85503 -8.11174 
vt 6.74383 -8.1279 
vt 6.66682 -8.11174 
vt 6.74383 -8.1279 
vt 6.76712 -8.11174 
vt 6.65078 -8.1279 
vt 6.55799 -8.11174 
vt 6.65078 -8.1279 
vt 6.66682 -8.11174 
vt 6.54982 -8.1279 
vt 6.44481 -8.11174 
vt 6.54982 -8.1279 
vt 6.55799 -8.11174 
vt 6.44481 -8.1279 
vt 6.33163 -8.11174 
vt 6.33981 -8.1279 
vt 6.44481 -8.11174 
vt 6.44481 -8.1279 
vt 6.22281 -8.11174 
vt 6.23885 -8.1279 
vt 6.33163 -8.11174 
vt 6.33981 -8.1279 
vt 6.12251 -8.11174 
vt 6.14579 -8.1279 
vt 6.22281 -8.11174 
vt 6.23885 -8.1279 
vt 6.44481 -8.13256 
vt 6.54102 -8.1279 
vt 6.44481 -8.1279 
vt 6.54102 -8.13256 
vt 6.34861 -8.13256 
vt 6.44481 -8.1279 
vt 6.34861 -8.1279 
vt 6.44481 -8.13256 
vt 6.2561 -8.13256 
vt 6.34861 -8.1279 
vt 6.2561 -8.1279 
vt 6.34861 -8.13256 
vt 6.17085 -8.13256 
vt 6.2561 -8.1279 
vt 6.17085 -8.1279 
vt 6.2561 -8.13256 
vt 6.09612 -8.13256 
vt 6.17085 -8.1279 
vt 6.09612 -8.1279 
vt 6.17085 -8.13256 
vt 6.71878 -8.13256 
vt 6.7935 -8.1279 
vt 6.71878 -8.1279 
vt 6.7935 -8.13256 
vt 6.63352 -8.13256 
vt 6.71878 -8.1279 
vt 6.63352 -8.1279 
vt 6.71878 -8.13256 
vt 6.54102 -8.13256 
vt 6.63352 -8.1279 
vt 6.54102 -8.1279 
vt 6.63352 -8.13256 
vt 6.7369 -8.01372 
vt 6.07306 -8.01372 
vt 6.00768 -8.01372 
vt 6.81657 -8.01372 
vt 5.95909 -8.07737 
vt 6.15273 -8.07737 
vt 6.07306 -8.07737 
vt 6.34225 -8.07737 
vt 6.7369 -8.07737 
vt 6.81657 -8.07737 
vt 6.54738 -8.07737 
vt 6.44481 -8.07737 
vt 6.646 -8.07737 
vt 6.24362 -8.07551 
vt 6.646 -8.07551 
vt 6.7369 -8.01372 
vt 6.646 -8.01372 
vt 6.7369 -8.07551 
vt 6.646 -8.07737 
vt 6.7369 -8.07737 
vt 6.7369 -8.07551 
vt 6.81657 -8.01372 
vt 6.7369 -8.01372 
vt 6.81657 -8.07551 
vt 6.7369 -8.07737 
vt 6.81657 -8.07737 
vt 6.15273 -8.07551 
vt 6.24362 -8.01372 
vt 6.15273 -8.01372 
vt 6.24362 -8.07551 
vt 6.15273 -8.07737 
vt 6.24362 -8.07737 
vt 6.44481 -8.07737 
vt 6.54738 -8.07551 
vt 6.44481 -8.07551 
vt 6.54738 -8.07737 
vt 6.54738 -8.01372 
vt 6.44481 -8.01372 
vt 6.24362 -8.07551 
vt 6.34225 -8.01372 
vt 6.24362 -8.01372 
vt 6.34225 -8.07551 
vt 6.24362 -8.07737 
vt 6.34225 -8.07737 
vt 6.34225 -8.07551 
vt 6.44481 -8.01372 
vt 6.34225 -8.01372 
vt 6.44481 -8.07551 
vt 6.34225 -8.07737 
vt 6.44481 -8.07737 
vt 6.54738 -8.07551 
vt 6.646 -8.01372 
vt 6.54738 -8.01372 
vt 6.646 -8.07551 
vt 6.54738 -8.07737 
vt 6.646 -8.07737 
vt 6.07306 -8.07551 
vt 6.15273 -8.01372 
vt 6.07306 -8.01372 
vt 6.15273 -8.07551 
vt 6.07306 -8.07737 
vt 6.15273 -8.07737 
vt 6.04344 -8.48335 
vt 6.12945 -8.5555 
vt 6.33407 -8.64213 
vt 6.76017 -8.5555 
vt 6.84619 -8.48335 
vt 6.91678 -8.39544 
vt 7.00154 -8.18632 
vt 7.01245 -8.07314 
vt 6.44481 -7.493 
vt 6.22759 -7.53716 
vt 6.12945 -7.59077 
vt 5.97284 -7.75083 
vt 5.92039 -7.85113 
vt 5.92039 -8.29514 
vt 5.97284 -8.39544 
vt 6.96924 -7.85113 
vt 6.91678 -7.75083 
vt 6.84619 -7.66292 
vt 6.76017 -7.59077 
vt 6.66204 -7.53716 
vt 6.07243 -8.45372 
vt 6.24328 -8.57039 
vt 6.34207 -8.60102 
vt 6.44481 -8.61136 
vt 6.54755 -8.60102 
vt 6.64634 -8.57039 
vt 6.81719 -8.45372 
vt 6.88269 -8.37216 
vt 6.93135 -8.2791 
vt 6.96132 -8.17814 
vt 6.96132 -7.96813 
vt 6.93135 -7.86717 
vt 6.44481 -7.53491 
vt 6.34207 -7.54526 
vt 6.24328 -7.57588 
vt 6.07243 -7.69256 
vt 6.00694 -7.77412 
vt 5.95828 -7.86717 
vt 5.92831 -7.96813 
vt 5.91819 -8.07314 
vt 5.92831 -8.17814 
vt 5.95828 -8.2791 
vt 6.88269 -7.77412 
vt 6.81719 -7.69256 
vt 6.64634 -7.57588 
vt 6.54755 -7.54526 
vt 6.53894 -8.55678 
vt 6.44481 -8.56626 
vt 6.71287 -8.48315 
vt 6.846 -8.3471 
vt 6.10364 -8.42183 
vt 6.17675 -8.48315 
vt 6.10364 -8.42183 
vt 6.846 -7.79917 
vt 6.26017 -8.52872 
vt 6.78599 -7.72445 
vt 6.78599 -7.72445 
vt 6.71287 -7.66312 
vt 6.62946 -7.61755 
vt 5.96232 -8.07314 
vt 5.97159 -7.97693 
vt 6.89058 -8.26185 
vt 5.99904 -8.26185 
vt 6.92731 -8.07314 
vt 6.04363 -8.3471 
vt 6.91804 -7.97693 
vt 6.44481 -7.58001 
vt 6.26017 -7.61755 
vt 6.17675 -7.66312 
vt 6.04363 -7.79917 
vt 6.62946 -8.52872 
vt 6.62946 -7.61755 
vt 6.26017 -8.52872 
vt 6.10364 -8.42183 
vt 6.17675 -8.48315 
vt 5.99904 -8.26185 
vt 6.04363 -8.3471 
vt 6.44481 -8.56626 
vt 6.35068 -8.55678 
vt 6.53894 -8.55678 
vt 5.96232 -8.07314 
vt 5.97159 -8.16934 
vt 6.78599 -8.42183 
vt 6.71287 -8.48315 
vt 5.99904 -7.88443 
vt 5.97159 -7.97693 
vt 6.89058 -8.26185 
vt 6.846 -8.3471 
vt 6.26017 -7.61755 
vt 6.10364 -7.72445 
vt 6.04363 -7.79917 
vt 6.17675 -7.66312 
vt 6.44481 -7.58001 
vt 6.35068 -7.58949 
vt 6.53894 -7.58949 
vt 6.78599 -7.72445 
vt 6.71287 -7.66312 
vt 6.89058 -7.88443 
vt 6.846 -7.79917 
vt 6.92731 -8.07314 
vt 6.91804 -7.97693 
vt 6.91804 -8.16934 
vt 6.44481 -7.53491 
vt 6.35068 -7.58949 
vt 6.44481 -7.58001 
vt 6.53894 -7.58949 
vt 6.34207 -7.54526 
vt 6.54755 -7.54526 
vt 6.24328 -7.57588 
vt 6.64634 -7.57588 
vt 6.26017 -7.61755 
vt 6.62946 -7.61755 
vt 6.15224 -7.62562 
vt 6.73739 -7.62562 
vt 6.17675 -7.66312 
vt 6.71287 -7.66312 
vt 6.10364 -7.72445 
vt 6.78599 -7.72445 
vt 6.07243 -7.69256 
vt 6.81719 -7.69256 
vt 6.00694 -7.77412 
vt 6.88269 -7.77412 
vt 6.04363 -7.79917 
vt 6.846 -7.79917 
vt 5.99904 -7.88443 
vt 6.89058 -7.88443 
vt 5.95828 -7.86717 
vt 6.93135 -7.86717 
vt 5.97159 -7.97693 
vt 6.91804 -7.97693 
vt 5.92831 -7.96813 
vt 6.96132 -7.96813 
vt 5.91819 -8.07314 
vt 6.97144 -8.07314 
vt 5.96232 -8.07314 
vt 6.92731 -8.07314 
vt 5.97159 -8.16934 
vt 6.91804 -8.16934 
vt 5.92831 -8.17814 
vt 6.96132 -8.17814 
vt 5.95828 -8.2791 
vt 6.93135 -8.2791 
vt 5.99904 -8.26185 
vt 6.89058 -8.26185 
vt 6.00694 -8.37216 
vt 6.88269 -8.37216 
vt 6.04363 -8.3471 
vt 6.846 -8.3471 
vt 6.10364 -8.42183 
vt 6.78599 -8.42183 
vt 6.07243 -8.45372 
vt 6.81719 -8.45372 
vt 6.15224 -8.52065 
vt 6.73739 -8.52065 
vt 6.17675 -8.48315 
vt 6.71287 -8.48315 
vt 6.26017 -8.52872 
vt 6.62946 -8.52872 
vt 6.24328 -8.57039 
vt 6.64634 -8.57039 
vt 6.35068 -8.55678 
vt 6.53894 -8.55678 
vt 6.34207 -8.60102 
vt 6.54755 -8.60102 
vt 6.44481 -8.61136 
vt 6.44481 -8.56626 
vt 6.76017 -8.01371 
vt 6.84619 -8.11174 
vt 6.84619 -8.01371 
vt 6.76017 -8.11174 
vt 6.66204 -8.01371 
vt 6.76017 -8.11174 
vt 6.76017 -8.01371 
vt 6.66204 -8.11174 
vt 6.55555 -8.01371 
vt 6.66204 -8.11174 
vt 6.66204 -8.01371 
vt 6.55555 -8.11174 
vt 6.44481 -8.01371 
vt 6.55555 -8.11174 
vt 6.55555 -8.01371 
vt 6.44481 -8.11174 
vt 6.33407 -8.01371 
vt 6.44481 -8.11174 
vt 6.44481 -8.01371 
vt 6.33407 -8.11174 
vt 6.22759 -8.01371 
vt 6.33407 -8.11174 
vt 6.33407 -8.01371 
vt 6.22759 -8.11174 
vt 6.12945 -8.01371 
vt 6.22759 -8.11174 
vt 6.22759 -8.01371 
vt 6.12945 -8.11174 
vt 6.04344 -8.01371 
vt 6.12945 -8.11174 
vt 6.12945 -8.01371 
vt 6.04344 -8.11174 
vt 6.44481 -8.01371 
vt 6.66204 -8.01371 
vt 6.76017 -8.01371 
vt 6.84619 -8.01371 
vt 6.91678 -8.01371 
vt 6.96924 -8.11174 
vt 6.91678 -8.01371 
vt 6.91678 -8.11174 
vt 5.97284 -8.01371 
vt 6.04344 -8.01371 
vt 6.04344 -8.11174 
vt 6.12945 -8.01371 
vt 6.22759 -8.01371 
vt 6.33407 -8.01371 
vt 6.81719 -8.1279 
vt 6.76017 -8.11174 
vt 6.81719 -8.1279 
vt 6.84619 -8.11174 
vt 6.73739 -8.1279 
vt 6.66204 -8.11174 
vt 6.73739 -8.1279 
vt 6.76017 -8.11174 
vt 6.64634 -8.1279 
vt 6.55555 -8.11174 
vt 6.64634 -8.1279 
vt 6.66204 -8.11174 
vt 6.54755 -8.1279 
vt 6.44481 -8.11174 
vt 6.54755 -8.1279 
vt 6.55555 -8.11174 
vt 6.44481 -8.1279 
vt 6.44481 -8.11174 
vt 6.33407 -8.11174 
vt 6.34207 -8.1279 
vt 6.44481 -8.1279 
vt 6.33407 -8.11174 
vt 6.22759 -8.11174 
vt 6.24328 -8.1279 
vt 6.34207 -8.1279 
vt 6.22759 -8.11174 
vt 6.12945 -8.11174 
vt 6.15224 -8.1279 
vt 6.24328 -8.1279 
vt 6.12945 -8.11174 
vt 6.04344 -8.11174 
vt 6.07243 -8.1279 
vt 6.15224 -8.1279 
vt 6.44481 -8.1279 
vt 6.35068 -8.1279 
vt 6.35068 -8.13256 
vt 6.44481 -8.13256 
vt 6.35068 -8.1279 
vt 6.26017 -8.1279 
vt 6.26017 -8.13256 
vt 6.35068 -8.13256 
vt 6.17675 -8.13256 
vt 6.26017 -8.1279 
vt 6.17675 -8.1279 
vt 6.26017 -8.13256 
vt 6.10364 -8.13256 
vt 6.17675 -8.1279 
vt 6.10364 -8.1279 
vt 6.17675 -8.13256 
vt 6.78599 -8.1279 
vt 6.71287 -8.1279 
vt 6.71287 -8.13256 
vt 6.78599 -8.13256 
vt 6.71287 -8.1279 
vt 6.62946 -8.1279 
vt 6.62946 -8.13256 
vt 6.71287 -8.13256 
vt 6.53894 -8.13256 
vt 6.62946 -8.1279 
vt 6.53894 -8.1279 
vt 6.62946 -8.13256 
vt 6.44481 -8.13256 
vt 6.53894 -8.1279 
vt 6.44481 -8.1279 
vt 6.53894 -8.13256 
vt 6.80856 -8.01372 
vt 6.80856 -8.01372 
vt 6.15902 -8.01372 
vt 6.08107 -8.01372 
vt 6.15902 -8.07737 
vt 6.0171 -8.07737 
vt 6.08107 -8.07737 
vt 6.34446 -8.07737 
vt 6.24796 -8.07737 
vt 6.7306 -8.07737 
vt 6.44481 -8.07737 
vt 6.64167 -8.07737 
vt 6.87253 -8.07737 
vt 6.80856 -8.07737 
vt 6.44481 -8.07551 
vt 6.54517 -8.01372 
vt 6.44481 -8.01372 
vt 6.54517 -8.07551 
vt 6.44481 -8.07737 
vt 6.54517 -8.07737 
vt 6.08107 -8.07551 
vt 6.54517 -8.07551 
vt 6.64167 -8.01372 
vt 6.54517 -8.01372 
vt 6.64167 -8.07551 
vt 6.54517 -8.07737 
vt 6.64167 -8.07737 
vt 6.08107 -8.01372 
vt 6.08107 -8.07551 
vt 6.15902 -8.01372 
vt 6.15902 -8.07551 
vt 6.08107 -8.07737 
vt 6.15902 -8.07737 
vt 6.64167 -8.07551 
vt 6.7306 -8.01372 
vt 6.64167 -8.01372 
vt 6.7306 -8.07551 
vt 6.64167 -8.07737 
vt 6.7306 -8.07737 
vt 6.15902 -8.01372 
vt 6.15902 -8.07551 
vt 6.24796 -8.01372 
vt 6.24796 -8.07551 
vt 6.15902 -8.07737 
vt 6.24796 -8.07737 
vt 6.7306 -8.07551 
vt 6.80856 -8.01372 
vt 6.7306 -8.01372 
vt 6.80856 -8.07551 
vt 6.7306 -8.07737 
vt 6.80856 -8.07737 
vt 6.24796 -8.01372 
vt 6.24796 -8.07551 
vt 6.34446 -8.01372 
vt 6.34446 -8.07551 
vt 6.24796 -8.07737 
vt 6.34446 -8.07737 
vt 6.34446 -8.07551 
vt 6.44481 -8.01372 
vt 6.34446 -8.01372 
vt 6.44481 -8.07551 
vt 6.34446 -8.07737 
vt 6.44481 -8.07737 

usemtl Meshesbowl1Mtl

f 9/9/9 10/10/10 11/11/11 
f 10/10/10 9/9/9 12/12/12 
f 13/13/13 14/14/14 15/15/15 
f 13/13/13 15/15/15 16/16/16 
f 17/17/17 18/18/18 19/19/19 
f 17/17/17 19/19/19 20/20/20 
f 21/21/21 22/22/22 23/23/23 
f 21/21/21 23/23/23 24/24/24 
f 25/25/25 26/26/26 27/27/27 
f 25/25/25 27/27/27 28/28/28 
f 36/36/36 37/37/37 38/38/38 
f 36/36/36 38/38/38 39/39/39 
f 40/40/40 41/41/41 42/42/42 
f 40/40/40 42/42/42 43/43/43 
f 44/44/44 45/45/45 46/46/46 
f 45/45/45 44/44/44 47/47/47 
f 52/52/52 53/53/53 54/54/54 
f 53/53/53 52/52/52 55/55/55 
f 56/56/56 57/57/57 58/58/58 
f 57/57/57 56/56/56 59/59/59 
f 60/60/60 61/61/61 62/62/62 
f 61/61/61 60/60/60 63/63/63 
f 64/64/64 65/65/65 66/66/66 
f 65/65/65 64/64/64 67/67/67 
f 68/68/68 69/69/69 70/70/70 
f 69/69/69 68/68/68 71/71/71 
f 72/72/72 73/73/73 74/74/74 
f 73/73/73 72/72/72 75/75/75 
f 77/77/77 78/78/78 79/79/79 
f 78/78/78 77/77/77 80/80/80 
f 81/81/81 82/82/82 83/83/83 
f 81/81/81 84/84/84 82/82/82 
f 86/86/86 87/87/87 88/88/88 
f 88/88/88 89/89/89 86/86/86 
f 91/91/91 92/92/92 93/93/93 
f 93/93/93 94/94/94 91/91/91 
f 95/95/95 96/96/96 97/97/97 
f 97/97/97 98/98/98 95/95/95 
f 100/100/100 101/101/101 102/102/102 
f 102/102/102 103/103/103 100/100/100 
f 104/104/104 105/105/105 106/106/106 
f 106/106/106 107/107/107 104/104/104 
f 108/108/108 109/109/109 110/110/110 
f 110/110/110 111/111/111 108/108/108 
f 112/112/112 113/113/113 114/114/114 
f 114/114/114 115/115/115 112/112/112 
f 116/116/116 117/117/117 118/118/118 
f 118/118/118 119/119/119 116/116/116 
f 137/137/137 138/138/138 139/139/139 
f 140/140/140 139/139/139 138/138/138 
f 140/140/140 138/138/138 141/141/141 
f 141/141/141 142/142/142 140/140/140 
f 143/143/143 144/144/144 145/145/145 
f 146/146/146 145/145/145 144/144/144 
f 146/146/146 144/144/144 147/147/147 
f 147/147/147 148/148/148 146/146/146 
f 149/149/149 150/150/150 151/151/151 
f 152/152/152 151/151/151 150/150/150 
f 152/152/152 150/150/150 153/153/153 
f 153/153/153 154/154/154 152/152/152 
f 157/157/157 158/158/158 159/159/159 
f 160/160/160 159/159/159 158/158/158 
f 160/160/160 158/158/158 161/161/161 
f 161/161/161 162/162/162 160/160/160 
f 163/163/163 164/164/164 165/165/165 
f 166/166/166 165/165/165 164/164/164 
f 166/166/166 164/164/164 167/167/167 
f 167/167/167 168/168/168 166/166/166 
f 169/169/169 170/170/170 171/171/171 
f 172/172/172 171/171/171 170/170/170 
f 172/172/172 170/170/170 173/173/173 
f 173/173/173 174/174/174 172/172/172 
f 175/175/175 176/176/176 177/177/177 
f 178/178/178 177/177/177 176/176/176 
f 178/178/178 176/176/176 179/179/179 
f 179/179/179 180/180/180 178/178/178 
f 182/182/182 183/183/183 184/184/184 
f 185/185/185 184/184/184 183/183/183 
f 185/185/185 183/183/183 186/186/186 
f 186/186/186 187/187/187 185/185/185 
f 212/212/212 213/213/213 214/214/214 
f 213/213/213 212/212/212 215/215/215 
f 213/213/213 216/216/216 214/214/214 
f 216/216/216 213/213/213 217/217/217 
f 218/218/218 219/219/219 220/220/220 
f 219/219/219 218/218/218 221/221/221 
f 222/222/222 223/223/223 224/224/224 
f 224/224/224 225/225/225 222/222/222 
f 226/226/226 227/227/227 228/228/228 
f 227/227/227 226/226/226 229/229/229 
f 230/230/230 228/228/228 227/227/227 
f 230/230/230 227/227/227 231/231/231 
f 232/232/232 233/233/233 234/234/234 
f 233/233/233 232/232/232 235/235/235 
f 236/236/236 237/237/237 238/238/238 
f 236/236/236 238/238/238 239/239/239 
f 240/240/240 241/241/241 242/242/242 
f 241/241/241 240/240/240 243/243/243 
f 244/244/244 240/240/240 242/242/242 
f 240/240/240 244/244/244 245/245/245 
f 246/246/246 247/247/247 248/248/248 
f 247/247/247 246/246/246 249/249/249 
f 250/250/250 251/251/251 252/252/252 
f 251/251/251 250/250/250 253/253/253 
f 254/254/254 255/255/255 256/256/256 
f 255/255/255 254/254/254 257/257/257 
f 254/254/254 258/258/258 257/257/257 
f 254/254/254 259/259/259 258/258/258 
f 260/260/260 261/261/261 262/262/262 
f 261/261/261 260/260/260 263/263/263 
f 264/264/264 265/265/265 266/266/266 
f 266/266/266 267/267/267 264/264/264 
f 268/268/268 269/269/269 270/270/270 
f 268/268/268 270/270/270 271/271/271 
f 272/272/272 268/268/268 271/271/271 
f 268/268/268 272/272/272 273/273/273 
f 274/274/274 275/275/275 276/276/276 
f 275/275/275 274/274/274 277/277/277 
f 278/278/278 279/279/279 280/280/280 
f 279/279/279 278/278/278 281/281/281 
f 282/282/282 283/283/283 284/284/284 
f 283/283/283 282/282/282 285/285/285 
f 282/282/282 286/286/286 285/285/285 
f 286/286/286 282/282/282 287/287/287 
f 288/288/288 289/289/289 290/290/290 
f 289/289/289 288/288/288 291/291/291 
f 292/292/292 293/293/293 294/294/294 
f 292/292/292 294/294/294 295/295/295 
f 296/296/296 297/297/297 298/298/298 
f 297/297/297 299/299/299 298/298/298 
f 300/300/300 298/298/298 299/299/299 
f 298/298/298 300/300/300 301/301/301 
f 302/302/302 303/303/303 304/304/304 
f 303/303/303 302/302/302 305/305/305 
f 306/306/306 307/307/307 308/308/308 
f 306/306/306 308/308/308 309/309/309 
f 310/310/310 311/311/311 312/312/312 
f 311/311/311 310/310/310 313/313/313 
f 311/311/311 314/314/314 312/312/312 
f 314/314/314 311/311/311 315/315/315 
f 316/316/316 317/317/317 318/318/318 
f 317/317/317 316/316/316 319/319/319 
f 320/320/320 321/321/321 322/322/322 
f 321/321/321 320/320/320 323/323/323 
f 324/324/324 325/325/325 326/326/326 
f 325/325/325 324/324/324 327/327/327 
f 328/328/328 325/325/325 329/329/329 
f 325/325/325 328/328/328 326/326/326 
f 326/326/326 328/328/328 330/330/330 
f 324/324/324 326/326/326 331/331/331 
f 324/324/324 331/331/331 332/332/332 
f 333/333/333 331/331/331 326/326/326 
f 334/334/334 326/326/326 335/335/335 
f 334/334/334 333/333/333 326/326/326 
f 331/331/331 336/336/336 337/337/337 
f 331/331/331 338/338/338 336/336/336 
f 331/331/331 333/333/333 338/338/338 
f 338/338/338 333/333/333 339/339/339 
f 338/338/338 340/340/340 336/336/336 
f 336/336/336 340/340/340 341/341/341 
f 340/340/340 338/338/338 342/342/342 
f 333/333/333 343/343/343 344/344/344 
f 333/333/333 345/345/345 343/343/343 
f 333/333/333 334/334/334 345/345/345 
f 343/343/343 345/345/345 346/346/346 
f 343/343/343 346/346/346 347/347/347 
f 346/346/346 345/345/345 348/348/348 
f 334/334/334 349/349/349 345/345/345 
f 345/345/345 349/349/349 350/350/350 
f 349/349/349 334/334/334 351/351/351 
f 349/349/349 351/351/351 352/352/352 
f 351/351/351 334/334/334 353/353/353 
f 353/353/353 334/334/334 354/354/354 
f 351/351/351 353/353/353 355/355/355 
f 367/367/367 368/368/368 369/369/369 
f 369/369/369 370/370/370 367/367/367 
f 371/371/371 372/372/372 373/373/373 
f 373/373/373 374/374/374 371/371/371 
f 375/375/375 376/376/376 377/377/377 
f 377/377/377 378/378/378 375/375/375 
f 379/379/379 380/380/380 381/381/381 
f 381/381/381 382/382/382 379/379/379 
f 391/391/391 392/392/392 393/393/393 
f 393/393/393 394/394/394 391/391/391 
f 395/395/395 396/396/396 397/397/397 
f 397/397/397 398/398/398 395/395/395 
f 399/399/399 400/400/400 401/401/401 
f 401/401/401 402/402/402 399/399/399 
f 403/403/403 404/404/404 405/405/405 
f 405/405/405 406/406/406 403/403/403 
f 408/408/408 409/409/409 410/410/410 
f 410/410/410 409/409/409 411/411/411 
f 412/412/412 413/413/413 414/414/414 
f 414/414/414 413/413/413 415/415/415 
f 416/416/416 417/417/417 418/418/418 
f 418/418/418 417/417/417 419/419/419 
f 420/420/420 421/421/421 422/422/422 
f 422/422/422 421/421/421 423/423/423 
f 426/426/426 427/427/427 428/428/428 
f 427/427/427 426/426/426 429/429/429 
f 430/430/430 431/431/431 432/432/432 
f 431/431/431 430/430/430 433/433/433 
f 434/434/434 435/435/435 436/436/436 
f 435/435/435 434/434/434 437/437/437 
f 438/438/438 439/439/439 440/440/440 
f 439/439/439 438/438/438 441/441/441 
f 443/443/443 444/444/444 445/445/445 
f 443/443/443 445/445/445 446/446/446 
f 447/447/447 448/448/448 449/449/449 
f 447/447/447 449/449/449 450/450/450 
f 451/451/451 452/452/452 453/453/453 
f 451/451/451 453/453/453 454/454/454 
f 455/455/455 456/456/456 457/457/457 
f 455/455/455 457/457/457 458/458/458 
f 459/459/459 460/460/460 461/461/461 
f 459/459/459 461/461/461 462/462/462 
f 463/463/463 464/464/464 465/465/465 
f 463/463/463 465/465/465 466/466/466 
f 467/467/467 468/468/468 469/469/469 
f 467/467/467 469/469/469 470/470/470 
f 471/471/471 472/472/472 473/473/473 
f 471/471/471 473/473/473 474/474/474 
f 493/493/493 494/494/494 495/495/495 
f 495/495/495 494/494/494 496/496/496 
f 497/497/497 493/493/493 495/495/495 
f 497/497/497 498/498/498 493/493/493 
f 499/499/499 500/500/500 501/501/501 
f 501/501/501 500/500/500 502/502/502 
f 503/503/503 499/499/499 501/501/501 
f 503/503/503 504/504/504 499/499/499 
f 505/505/505 506/506/506 507/507/507 
f 507/507/507 506/506/506 508/508/508 
f 509/509/509 505/505/505 507/507/507 
f 509/509/509 510/510/510 505/505/505 
f 511/511/511 512/512/512 513/513/513 
f 513/513/513 512/512/512 514/514/514 
f 515/515/515 511/511/511 513/513/513 
f 515/515/515 516/516/516 511/511/511 
f 517/517/517 518/518/518 519/519/519 
f 519/519/519 518/518/518 520/520/520 
f 521/521/521 517/517/517 519/519/519 
f 521/521/521 522/522/522 517/517/517 
f 523/523/523 524/524/524 525/525/525 
f 525/525/525 524/524/524 526/526/526 
f 527/527/527 523/523/523 525/525/525 
f 527/527/527 528/528/528 523/523/523 
f 529/529/529 530/530/530 531/531/531 
f 531/531/531 530/530/530 532/532/532 
f 533/533/533 529/529/529 531/531/531 
f 533/533/533 534/534/534 529/529/529 
f 535/535/535 536/536/536 537/537/537 
f 537/537/537 536/536/536 538/538/538 
f 539/539/539 535/535/535 537/537/537 
f 539/539/539 540/540/540 535/535/535 
f 555/555/555 556/556/556 557/557/557 
f 555/555/555 557/557/557 558/558/558 
f 559/559/559 560/560/560 561/561/561 
f 559/559/559 561/561/561 562/562/562 
f 563/563/563 564/564/564 565/565/565 
f 563/563/563 565/565/565 566/566/566 
f 567/567/567 568/568/568 569/569/569 
f 567/567/567 569/569/569 570/570/570 
f 571/571/571 572/572/572 573/573/573 
f 571/571/571 573/573/573 574/574/574 
f 575/575/575 576/576/576 577/577/577 
f 575/575/575 577/577/577 578/578/578 
f 579/579/579 580/580/580 581/581/581 
f 579/579/579 581/581/581 582/582/582 
f 583/583/583 584/584/584 585/585/585 
f 583/583/583 585/585/585 586/586/586 
f 592/592/592 593/593/593 594/594/594 
f 593/593/593 595/595/595 594/594/594 
f 597/597/597 598/598/598 599/599/599 
f 598/598/598 597/597/597 600/600/600 
f 601/601/601 602/602/602 603/603/603 
f 602/602/602 601/601/601 604/604/604 
f 605/605/605 606/606/606 607/607/607 
f 606/606/606 605/605/605 608/608/608 
f 609/609/609 610/610/610 611/611/611 
f 610/610/610 609/609/609 612/612/612 
f 613/613/613 614/614/614 615/615/615 
f 614/614/614 616/616/616 615/615/615 
f 617/617/617 618/618/618 619/619/619 
f 618/618/618 620/620/620 619/619/619 
f 621/621/621 622/622/622 623/623/623 
f 622/622/622 624/624/624 623/623/623 
f 625/625/625 626/626/626 627/627/627 
f 626/626/626 625/625/625 628/628/628 
f 629/629/629 630/630/630 631/631/631 
f 630/630/630 629/629/629 632/632/632 
f 633/633/633 634/634/634 635/635/635 
f 634/634/634 633/633/633 636/636/636 
f 637/637/637 638/638/638 639/639/639 
f 638/638/638 637/637/637 640/640/640 
f 641/641/641 642/642/642 643/643/643 
f 642/642/642 641/641/641 644/644/644 
f 645/645/645 646/646/646 647/647/647 
f 646/646/646 645/645/645 648/648/648 
f 649/649/649 650/650/650 651/651/651 
f 650/650/650 649/649/649 652/652/652 
f 653/653/653 654/654/654 655/655/655 
f 654/654/654 653/653/653 656/656/656 
f 671/671/671 672/672/672 673/673/673 
f 672/672/672 671/671/671 674/674/674 
f 675/675/675 674/674/674 671/671/671 
f 674/674/674 675/675/675 676/676/676 
f 677/677/677 678/678/678 679/679/679 
f 678/678/678 677/677/677 680/680/680 
f 681/681/681 680/680/680 677/677/677 
f 680/680/680 681/681/681 682/682/682 
f 683/683/683 684/684/684 685/685/685 
f 684/684/684 683/683/683 686/686/686 
f 687/687/687 686/686/686 683/683/683 
f 686/686/686 687/687/687 688/688/688 
f 689/689/689 690/690/690 691/691/691 
f 690/690/690 689/689/689 692/692/692 
f 693/693/693 691/691/691 690/690/690 
f 691/691/691 693/693/693 694/694/694 
f 695/695/695 696/696/696 697/697/697 
f 696/696/696 695/695/695 698/698/698 
f 699/699/699 698/698/698 695/695/695 
f 698/698/698 699/699/699 700/700/700 
f 701/701/701 702/702/702 703/703/703 
f 702/702/702 701/701/701 704/704/704 
f 705/705/705 704/704/704 701/701/701 
f 704/704/704 705/705/705 706/706/706 
f 707/707/707 708/708/708 709/709/709 
f 708/708/708 707/707/707 710/710/710 
f 711/711/711 710/710/710 707/707/707 
f 710/710/710 711/711/711 712/712/712 
f 713/713/713 714/714/714 715/715/715 
f 714/714/714 713/713/713 716/716/716 
f 717/717/717 716/716/716 713/713/713 
f 716/716/716 717/717/717 718/718/718 
f 789/789/789 790/790/790 791/791/791 
f 791/791/791 792/792/792 793/793/793 
f 791/791/791 794/794/794 792/792/792 
f 792/792/792 794/794/794 795/795/795 
f 791/791/791 790/790/790 794/794/794 
f 796/796/796 791/791/791 797/797/797 
f 796/796/796 789/789/789 791/791/791 
f 789/789/789 796/796/796 798/798/798 
f 794/794/794 799/799/799 800/800/800 
f 801/801/801 789/789/789 802/802/802 
f 803/803/803 799/799/799 794/794/794 
f 799/799/799 803/803/803 804/804/804 
f 805/805/805 789/789/789 801/801/801 
f 805/805/805 801/801/801 806/806/806 
f 805/805/805 790/790/790 789/789/789 
f 807/807/807 803/803/803 794/794/794 
f 807/807/807 794/794/794 790/790/790 
f 803/803/803 807/807/807 808/808/808 
f 803/803/803 808/808/808 809/809/809 
f 808/808/808 807/807/807 810/810/810 
f 807/807/807 811/811/811 812/812/812 
f 811/811/811 807/807/807 790/790/790 
f 811/811/811 790/790/790 813/813/813 
f 790/790/790 814/814/814 815/815/815 
f 816/816/816 814/814/814 790/790/790 
f 805/805/805 816/816/816 790/790/790 
f 814/814/814 816/816/816 817/817/817 
f 818/818/818 816/816/816 805/805/805 
f 816/816/816 818/818/818 819/819/819 
f 818/818/818 805/805/805 820/820/820 
f 821/821/821 822/822/822 823/823/823 
f 824/824/824 821/821/821 823/823/823 
f 822/822/822 821/821/821 825/825/825 
f 821/821/821 824/824/824 826/826/826 
f 827/827/827 822/822/822 825/825/825 
f 824/824/824 828/828/828 826/826/826 
f 822/822/822 827/827/827 829/829/829 
f 824/824/824 830/830/830 828/828/828 
f 831/831/831 829/829/829 827/827/827 
f 832/832/832 828/828/828 830/830/830 
f 829/829/829 831/831/831 833/833/833 
f 830/830/830 834/834/834 832/832/832 
f 831/831/831 835/835/835 833/833/833 
f 836/836/836 832/832/832 834/834/834 
f 835/835/835 831/831/831 837/837/837 
f 832/832/832 836/836/836 838/838/838 
f 839/839/839 835/835/835 837/837/837 
f 840/840/840 838/838/838 836/836/836 
f 835/835/835 839/839/839 841/841/841 
f 840/840/840 836/836/836 842/842/842 
f 839/839/839 843/843/843 841/841/841 
f 844/844/844 840/840/840 842/842/842 
f 839/839/839 845/845/845 843/843/843 
f 840/840/840 844/844/844 846/846/846 
f 845/845/845 847/847/847 843/843/843 
f 848/848/848 846/846/846 844/844/844 
f 845/845/845 849/849/849 847/847/847 
f 846/846/846 848/848/848 850/850/850 
f 851/851/851 847/847/847 849/849/849 
f 848/848/848 852/852/852 850/850/850 
f 847/847/847 851/851/851 853/853/853 
f 852/852/852 848/848/848 854/854/854 
f 855/855/855 853/853/853 851/851/851 
f 856/856/856 852/852/852 854/854/854 
f 851/851/851 857/857/857 855/855/855 
f 852/852/852 856/856/856 858/858/858 
f 859/859/859 855/855/855 857/857/857 
f 856/856/856 860/860/860 858/858/858 
f 855/855/855 859/859/859 861/861/861 
f 860/860/860 856/856/856 862/862/862 
f 863/863/863 861/861/861 859/859/859 
f 862/862/862 864/864/864 860/860/860 
f 861/861/861 863/863/863 865/865/865 
f 864/864/864 862/862/862 866/866/866 
f 863/863/863 867/867/867 865/865/865 
f 868/868/868 864/864/864 866/866/866 
f 867/867/867 863/863/863 869/869/869 
f 864/864/864 868/868/868 870/870/870 
f 871/871/871 867/867/867 869/869/869 
f 868/868/868 872/872/872 870/870/870 
f 867/867/867 871/871/871 873/873/873 
f 868/868/868 874/874/874 872/872/872 
f 871/871/871 875/875/875 873/873/873 
f 876/876/876 872/872/872 874/874/874 
f 875/875/875 871/871/871 877/877/877 
f 872/872/872 876/876/876 878/878/878 
f 877/877/877 879/879/879 875/875/875 
f 880/880/880 878/878/878 876/876/876 
f 877/877/877 881/881/881 879/879/879 
f 878/878/878 880/880/880 882/882/882 
f 883/883/883 879/879/879 881/881/881 
f 883/883/883 882/882/882 880/880/880 
f 879/879/879 883/883/883 884/884/884 
f 883/883/883 880/880/880 884/884/884 
f 885/885/885 886/886/886 887/887/887 
f 886/886/886 885/885/885 888/888/888 
f 889/889/889 890/890/890 891/891/891 
f 890/890/890 889/889/889 892/892/892 
f 893/893/893 894/894/894 895/895/895 
f 894/894/894 893/893/893 896/896/896 
f 897/897/897 898/898/898 899/899/899 
f 898/898/898 897/897/897 900/900/900 
f 901/901/901 902/902/902 903/903/903 
f 902/902/902 901/901/901 904/904/904 
f 905/905/905 906/906/906 907/907/907 
f 906/906/906 905/905/905 908/908/908 
f 909/909/909 910/910/910 911/911/911 
f 910/910/910 909/909/909 912/912/912 
f 913/913/913 914/914/914 915/915/915 
f 914/914/914 913/913/913 916/916/916 
f 932/932/932 933/933/933 934/934/934 
f 933/933/933 932/932/932 935/935/935 
f 936/936/936 937/937/937 938/938/938 
f 937/937/937 936/936/936 939/939/939 
f 940/940/940 941/941/941 942/942/942 
f 941/941/941 940/940/940 943/943/943 
f 944/944/944 945/945/945 946/946/946 
f 945/945/945 944/944/944 947/947/947 
f 948/948/948 949/949/949 950/950/950 
f 948/948/948 950/950/950 951/951/951 
f 952/952/952 953/953/953 954/954/954 
f 952/952/952 954/954/954 955/955/955 
f 956/956/956 957/957/957 958/958/958 
f 958/958/958 959/959/959 956/956/956 
f 960/960/960 961/961/961 962/962/962 
f 962/962/962 963/963/963 960/960/960 
f 964/964/964 965/965/965 966/966/966 
f 964/964/964 966/966/966 967/967/967 
f 968/968/968 969/969/969 970/970/970 
f 968/968/968 970/970/970 971/971/971 
f 972/972/972 973/973/973 974/974/974 
f 973/973/973 972/972/972 975/975/975 
f 976/976/976 977/977/977 978/978/978 
f 977/977/977 976/976/976 979/979/979 
f 980/980/980 981/981/981 982/982/982 
f 980/980/980 982/982/982 983/983/983 
f 984/984/984 985/985/985 986/986/986 
f 984/984/984 986/986/986 987/987/987 
f 988/988/988 989/989/989 990/990/990 
f 989/989/989 988/988/988 991/991/991 
f 992/992/992 993/993/993 994/994/994 
f 993/993/993 992/992/992 995/995/995 
f 1010/1010/1010 1011/1011/1011 1012/1012/1012 
f 1011/1011/1011 1010/1010/1010 1013/1013/1013 
f 1013/1013/1013 1010/1010/1010 1014/1014/1014 
f 1013/1013/1013 1014/1014/1014 1015/1015/1015 
f 1017/1017/1017 1018/1018/1018 1019/1019/1019 
f 1018/1018/1018 1017/1017/1017 1020/1020/1020 
f 1021/1021/1021 1020/1020/1020 1017/1017/1017 
f 1020/1020/1020 1021/1021/1021 1022/1022/1022 
f 1023/1023/1023 1024/1024/1024 1025/1025/1025 
f 1025/1025/1025 1024/1024/1024 1026/1026/1026 
f 1026/1026/1026 1024/1024/1024 1027/1027/1027 
f 1026/1026/1026 1027/1027/1027 1028/1028/1028 
f 1029/1029/1029 1030/1030/1030 1031/1031/1031 
f 1030/1030/1030 1029/1029/1029 1032/1032/1032 
f 1033/1033/1033 1032/1032/1032 1029/1029/1029 
f 1032/1032/1032 1033/1033/1033 1034/1034/1034 
f 1035/1035/1035 1036/1036/1036 1037/1037/1037 
f 1037/1037/1037 1036/1036/1036 1038/1038/1038 
f 1038/1038/1038 1036/1036/1036 1039/1039/1039 
f 1038/1038/1038 1039/1039/1039 1040/1040/1040 
f 1041/1041/1041 1042/1042/1042 1043/1043/1043 
f 1042/1042/1042 1041/1041/1041 1044/1044/1044 
f 1044/1044/1044 1041/1041/1041 1045/1045/1045 
f 1044/1044/1044 1045/1045/1045 1046/1046/1046 
f 1047/1047/1047 1048/1048/1048 1049/1049/1049 
f 1049/1049/1049 1048/1048/1048 1050/1050/1050 
f 1050/1050/1050 1048/1048/1048 1051/1051/1051 
f 1050/1050/1050 1051/1051/1051 1052/1052/1052 
f 1053/1053/1053 1054/1054/1054 1055/1055/1055 
f 1054/1054/1054 1053/1053/1053 1056/1056/1056 
f 1056/1056/1056 1053/1053/1053 1057/1057/1057 
f 1056/1056/1056 1057/1057/1057 1058/1058/1058 

g Meshesbowl2

v -48.2441 0.406929 -25.08 
v -48.2441 3.00581 -25.08 
v -46.706 3.00581 -26.1294 
v -43.0773 3.00581 -26.1294 
v -43.0773 0.406929 -26.1294 
v -42.2576 0.406929 -25.6821 
v -41.5392 3.00581 -25.08 
v -41.5392 0.406929 -25.08 
v -40.9496 3.00581 -24.3464 
v -41.5392 0.406929 -25.08 
v -41.5392 3.00581 -25.08 
v -40.9496 0.406929 -24.3464 
v -40.9496 0.406929 -24.3464 
v -40.9496 3.00581 -24.3464 
v -40.5114 3.00581 -23.5095 
v -40.5114 0.406929 -23.5095 
v -40.5114 0.406929 -23.5095 
v -40.5114 3.00581 -23.5095 
v -40.2416 3.00581 -22.6013 
v -40.2416 0.406929 -22.6013 
v -40.2416 0.406929 -22.6013 
v -40.2416 3.00581 -22.6013 
v -40.1506 3.00581 -21.6569 
v -40.1506 0.406929 -21.6569 
v -40.1506 0.406929 -21.6569 
v -40.1506 3.00581 -21.6569 
v -40.2416 3.00581 -20.7124 
v -40.2416 0.406929 -20.7124 
v -48.2441 3.00581 -18.2337 
v -48.8337 3.00581 -18.9673 
v -49.2718 0.406929 -19.8043 
v -49.5416 3.00581 -20.7124 
v -49.6327 3.00581 -21.6569 
v -49.2718 3.00581 -23.5095 
v -48.8337 3.00581 -24.3464 
v -40.2416 0.406929 -20.7124 
v -40.2416 3.00581 -20.7124 
v -40.5114 3.00581 -19.8043 
v -40.5114 0.406929 -19.8043 
v -40.5114 0.406929 -19.8043 
v -40.5114 3.00581 -19.8043 
v -40.9496 3.00581 -18.9673 
v -40.9496 0.406929 -18.9673 
v -41.5392 3.00581 -18.2337 
v -40.9496 0.406929 -18.9673 
v -40.9496 3.00581 -18.9673 
v -41.5392 0.406929 -18.2337 
v -43.0773 3.00581 -17.1843 
v -43.0773 0.406929 -17.1843 
v -46.5749 -0.0213675 -25.8063 
v -41.7814 -0.0213675 -24.8327 
v -41.7814 -0.0213675 -24.8327 
v -40.9496 0.406929 -24.3464 
v -41.2344 -0.0213675 -24.1521 
v -41.5392 0.406929 -25.08 
v -41.2344 -0.0213675 -24.1521 
v -40.5114 0.406929 -23.5095 
v -40.8279 -0.0213675 -23.3756 
v -40.9496 0.406929 -24.3464 
v -40.8279 -0.0213675 -23.3756 
v -40.2416 0.406929 -22.6013 
v -40.5776 -0.0213675 -22.5331 
v -40.5114 0.406929 -23.5095 
v -40.5776 -0.0213675 -22.5331 
v -40.1506 0.406929 -21.6569 
v -40.4931 -0.0213675 -21.6569 
v -40.2416 0.406929 -22.6013 
v -40.1506 0.406929 -21.6569 
v -40.5776 -0.0213675 -20.7806 
v -40.4931 -0.0213675 -21.6569 
v -40.2416 0.406929 -20.7124 
v -40.2416 0.406929 -20.7124 
v -40.8279 -0.0213675 -19.9381 
v -40.5776 -0.0213675 -20.7806 
v -40.5114 0.406929 -19.8043 
v -48.9554 -0.0213675 -23.3756 
v -40.5114 0.406929 -19.8043 
v -41.2344 -0.0213675 -19.1616 
v -40.8279 -0.0213675 -19.9381 
v -40.9496 0.406929 -18.9673 
v -40.9496 0.406929 -18.9673 
v -41.7814 -0.0213675 -18.481 
v -41.2344 -0.0213675 -19.1616 
v -41.5392 0.406929 -18.2337 
v -43.2084 -0.0213675 -17.5074 
v -41.5408 -0.144971 -23.943 
v -42.042 -0.144971 -24.5666 
v -42.042 -0.0213675 -24.5666 
v -41.5408 -0.0213675 -23.943 
v -47.7413 -0.144971 -24.5666 
v -41.5408 -0.144971 -19.3707 
v -41.1684 -0.144971 -20.0821 
v -41.1684 -0.0213675 -20.0821 
v -41.5408 -0.0213675 -19.3707 
v -42.042 -0.144971 -18.7471 
v -41.5408 -0.144971 -19.3707 
v -41.5408 -0.0213675 -19.3707 
v -42.042 -0.0213675 -18.7471 
v -42.6527 -0.144971 -18.2354 
v -41.1684 -0.144971 -23.2316 
v -41.5408 -0.144971 -23.943 
v -41.5408 -0.0213675 -23.943 
v -41.1684 -0.0213675 -23.2316 
v -40.9391 -0.144971 -22.4597 
v -41.1684 -0.144971 -23.2316 
v -41.1684 -0.0213675 -23.2316 
v -40.9391 -0.0213675 -22.4597 
v -40.8616 -0.144971 -21.6569 
v -40.9391 -0.144971 -22.4597 
v -40.9391 -0.0213675 -22.4597 
v -40.8616 -0.0213675 -21.6569 
v -40.9391 -0.144971 -20.8541 
v -40.8616 -0.144971 -21.6569 
v -40.8616 -0.0213675 -21.6569 
v -40.9391 -0.0213675 -20.8541 
v -41.1684 -0.144971 -20.0821 
v -40.9391 -0.144971 -20.8541 
v -40.9391 -0.0213675 -20.8541 
v -41.1684 -0.0213675 -20.0821 
v -47.9297 3.00567 -18.5547 
v -48.4641 3.00567 -19.2195 
v -48.8611 3.00567 -23.3357 
v -47.9297 3.00567 -24.7591 
v -46.5358 3.00567 -25.7101 
v -42.5046 3.00567 -25.3046 
v -46.5358 1.31823 -25.7101 
v -48.4641 1.31823 -24.0942 
v -47.9297 1.31823 -24.7591 
v -47.2787 1.31823 -18.0091 
v -48.4641 1.31823 -19.2195 
v -47.9297 1.31823 -18.5547 
v -49.1056 1.31823 -20.801 
v -48.8611 1.31823 -19.978 
v -49.1056 1.31823 -22.5128 
v -48.8611 1.31823 -23.3357 
v -49.1882 1.31823 -21.6569 
v -49.1882 3.00567 -21.6569 
v -49.1882 1.36754 -21.6569 
v -49.1056 3.00567 -22.5128 
v -49.1056 1.36754 -22.5128 
v -49.1882 1.31823 -21.6569 
v -49.1056 1.31823 -22.5128 
v -49.1056 3.00567 -22.5128 
v -49.1056 1.36754 -22.5128 
v -48.8611 3.00567 -23.3357 
v -48.8611 1.36754 -23.3357 
v -49.1056 1.31823 -22.5128 
v -48.8611 1.31823 -23.3357 
v -48.8611 3.00567 -23.3357 
v -48.8611 1.36754 -23.3357 
v -48.4641 3.00567 -24.0942 
v -48.4641 1.36754 -24.0942 
v -48.8611 1.31823 -23.3357 
v -48.4641 1.31823 -24.0942 
v -41.8535 1.36754 -18.5547 
v -46.5358 1.36754 -17.6037 
v -47.9297 3.00567 -18.5547 
v -47.9297 1.36754 -18.5547 
v -48.4641 3.00567 -19.2195 
v -48.4641 1.36754 -19.2195 
v -47.9297 1.31823 -18.5547 
v -48.4641 1.31823 -19.2195 
v -48.4641 3.00567 -19.2195 
v -48.4641 1.36754 -19.2195 
v -48.8611 3.00567 -19.978 
v -48.8611 1.36754 -19.978 
v -48.4641 1.31823 -19.2195 
v -48.8611 1.31823 -19.978 
v -48.8611 3.00567 -19.978 
v -48.8611 1.36754 -19.978 
v -49.1056 3.00567 -20.801 
v -49.1056 1.36754 -20.801 
v -48.8611 1.31823 -19.978 
v -49.1056 1.31823 -20.801 
v -49.1056 3.00567 -20.801 
v -49.1056 1.36754 -20.801 
v -49.1882 3.00567 -21.6569 
v -49.1882 1.36754 -21.6569 
v -49.1056 1.31823 -20.801 
v -49.1882 1.31823 -21.6569 
v -40.9222 1.36754 -23.3357 
v -48.4641 3.00567 -24.0942 
v -48.4641 1.36754 -24.0942 
v -47.9297 3.00567 -24.7591 
v -47.9297 1.36754 -24.7591 
v -48.4641 1.31823 -24.0942 
v -47.9297 1.31823 -24.7591 
v -47.5256 3.00581 -25.6821 
v -48.2441 0.406929 -25.08 
v -48.2441 3.00581 -25.08 
v -46.706 3.00581 -26.1294 
v -45.8166 3.00581 -26.4049 
v -43.9667 3.00581 -26.4049 
v -43.0773 3.00581 -26.1294 
v -42.2576 3.00581 -25.6821 
v -42.2576 0.406929 -25.6821 
v -41.5392 3.00581 -25.08 
v -48.2441 3.00581 -18.2337 
v -48.8337 3.00581 -18.9673 
v -49.2718 3.00581 -19.8043 
v -49.2718 0.406929 -19.8043 
v -49.5416 3.00581 -20.7124 
v -49.2718 3.00581 -23.5095 
v -48.8337 3.00581 -24.3464 
v -40.9496 3.00581 -18.9673 
v -41.5392 3.00581 -18.2337 
v -41.5392 0.406929 -18.2337 
v -43.0773 3.00581 -17.1843 
v -41.2344 -0.0213675 -19.1616 
v -43.2084 -0.0213675 -17.5074 
v -42.042 -0.0213675 -18.7471 
v -45.7298 3.00567 -17.354 
v -44.8916 3.00581 -16.8158 
v -44.8916 3.00567 -17.2697 
v -45.8166 3.00581 -16.9088 
v -44.0534 3.00567 -17.354 
v -43.9667 3.00581 -16.9088 
v -46.5358 3.00567 -17.6037 
v -45.8166 3.00581 -16.9088 
v -45.7298 3.00567 -17.354 
v -46.706 3.00581 -17.1843 
v -47.5256 3.00581 -17.6317 
v -46.706 3.00581 -17.1843 
v -46.5358 3.00567 -17.6037 
v -47.2787 3.00567 -18.0091 
v -47.5256 3.00581 -17.6317 
v -47.9297 3.00567 -18.5547 
v -48.2441 3.00581 -18.2337 
v -47.2787 3.00567 -18.0091 
v -48.8337 3.00581 -18.9673 
v -48.4641 3.00567 -19.2195 
v -48.8337 3.00581 -18.9673 
v -48.8611 3.00567 -19.978 
v -49.2718 3.00581 -19.8043 
v -48.4641 3.00567 -19.2195 
v -49.5416 3.00581 -20.7124 
v -49.2718 3.00581 -19.8043 
v -48.8611 3.00567 -19.978 
v -49.1056 3.00567 -20.801 
v -49.6327 3.00581 -21.6569 
v -49.1056 3.00567 -20.801 
v -49.1882 3.00567 -21.6569 
v -49.5416 3.00581 -20.7124 
v -49.1056 3.00567 -22.5128 
v -49.5416 3.00581 -22.6013 
v -48.8611 3.00567 -23.3357 
v -49.5416 3.00581 -22.6013 
v -49.1056 3.00567 -22.5128 
v -49.2718 3.00581 -23.5095 
v -48.8337 3.00581 -24.3464 
v -48.8611 3.00567 -23.3357 
v -48.4641 3.00567 -24.0942 
v -49.2718 3.00581 -23.5095 
v -47.9297 3.00567 -24.7591 
v -48.8337 3.00581 -24.3464 
v -48.4641 3.00567 -24.0942 
v -48.2441 3.00581 -25.08 
v -47.5256 3.00581 -25.6821 
v -47.2787 3.00567 -25.3046 
v -47.5256 3.00581 -25.6821 
v -46.5358 3.00567 -25.7101 
v -46.706 3.00581 -26.1294 
v -47.2787 3.00567 -25.3046 
v -45.8166 3.00581 -26.4049 
v -46.706 3.00581 -26.1294 
v -46.5358 3.00567 -25.7101 
v -45.7298 3.00567 -25.9597 
v -44.8916 3.00581 -26.4979 
v -45.8166 3.00581 -26.4049 
v -45.7298 3.00567 -25.9597 
v -44.8916 3.00567 -26.044 
v -44.0534 3.00567 -25.9597 
v -43.9667 3.00581 -26.4049 
v -43.9667 3.00581 -26.4049 
v -43.2474 3.00567 -25.7101 
v -43.0773 3.00581 -26.1294 
v -44.0534 3.00567 -25.9597 
v -42.2576 3.00581 -25.6821 
v -43.2474 3.00567 -25.7101 
v -42.5046 3.00567 -25.3046 
v -43.0773 3.00581 -26.1294 
v -41.8535 3.00567 -24.7591 
v -42.2576 3.00581 -25.6821 
v -42.5046 3.00567 -25.3046 
v -41.5392 3.00581 -25.08 
v -40.9496 3.00581 -24.3464 
v -41.3192 3.00567 -24.0942 
v -40.9222 3.00567 -23.3357 
v -40.9496 3.00581 -24.3464 
v -41.3192 3.00567 -24.0942 
v -40.5114 3.00581 -23.5095 
v -40.9222 3.00567 -23.3357 
v -40.6777 3.00567 -22.5128 
v -40.2416 3.00581 -22.6013 
v -40.5114 3.00581 -23.5095 
v -40.2416 3.00581 -22.6013 
v -40.6777 3.00567 -22.5128 
v -40.1506 3.00581 -21.6569 
v -40.5951 3.00567 -21.6569 
v -40.6777 3.00567 -20.801 
v -40.2416 3.00581 -20.7124 
v -40.2416 3.00581 -20.7124 
v -40.9222 3.00567 -19.978 
v -40.5114 3.00581 -19.8043 
v -40.6777 3.00567 -20.801 
v -40.9496 3.00581 -18.9673 
v -40.5114 3.00581 -19.8043 
v -40.9222 3.00567 -19.978 
v -41.3192 3.00567 -19.2195 
v -40.9496 3.00581 -18.9673 
v -41.8535 3.00567 -18.5547 
v -41.5392 3.00581 -18.2337 
v -41.3192 3.00567 -19.2195 
v -42.2576 3.00581 -17.6317 
v -42.5046 3.00567 -18.0091 
v -43.2474 3.00567 -17.6037 
v -42.2576 3.00581 -17.6317 
v -42.5046 3.00567 -18.0091 
v -43.0773 3.00581 -17.1843 
v -43.9667 3.00581 -16.9088 
v -43.2474 3.00567 -17.6037 
v -44.0534 3.00567 -17.354 
v -43.0773 3.00581 -17.1843 
v -42.5046 1.31823 -25.3046 
v -44.0534 1.31823 -25.9597 
v -47.2787 1.31823 -25.3046 
v -43.2474 1.31823 -25.7101 
v -45.7298 1.31823 -25.9597 
v -44.8916 1.31823 -26.044 
v -46.5358 1.31823 -25.7101 
v -41.3192 1.31823 -24.0942 
v -41.8535 1.31823 -24.7591 
v -42.5046 1.31823 -18.0091 
v -48.4641 1.31823 -24.0942 
v -47.9297 1.31823 -24.7591 
v -40.6777 1.31823 -22.5128 
v -40.9222 1.31823 -23.3357 
v -41.3192 1.31823 -19.2195 
v -41.8535 1.31823 -18.5547 
v -40.6777 1.31823 -20.801 
v -40.5951 1.31823 -21.6569 
v -40.9222 1.31823 -19.978 
v -44.0534 1.31823 -17.354 
v -43.2474 1.31823 -17.6037 
v -47.2787 1.31823 -18.0091 
v -45.7298 1.31823 -17.354 
v -44.8916 1.31823 -17.2697 
v -46.5358 1.31823 -17.6037 
v -48.4641 1.31823 -19.2195 
v -47.9297 1.31823 -18.5547 
v -49.1056 1.31823 -20.801 
v -48.8611 1.31823 -19.978 
v -49.1056 1.31823 -22.5128 
v -48.8611 1.31823 -23.3357 
v -49.1882 1.31823 -21.6569 
v -47.5256 3.00581 -25.6821 
v -48.2441 0.406929 -25.08 
v -48.2441 3.00581 -25.08 
v -46.706 3.00581 -26.1294 
v -45.8166 3.00581 -26.4049 
v -44.8916 3.00581 -26.4979 
v -43.9667 3.00581 -26.4049 
v -43.0773 3.00581 -26.1294 
v -42.2576 3.00581 -25.6821 
v -42.2576 0.406929 -25.6821 
v -41.5392 3.00581 -25.08 
v -45.8166 3.00581 -16.9088 
v -45.8166 0.406929 -16.9088 
v -44.8916 0.406929 -16.8158 
v -44.8916 3.00581 -16.8158 
v -46.706 3.00581 -17.1843 
v -46.706 0.406929 -17.1843 
v -45.8166 0.406929 -16.9088 
v -45.8166 3.00581 -16.9088 
v -47.5256 3.00581 -17.6317 
v -47.5256 0.406929 -17.6317 
v -46.706 0.406929 -17.1843 
v -46.706 3.00581 -17.1843 
v -48.2441 3.00581 -18.2337 
v -48.2441 0.406929 -18.2337 
v -47.5256 0.406929 -17.6317 
v -47.5256 3.00581 -17.6317 
v -48.8337 3.00581 -18.9673 
v -48.8337 0.406929 -18.9673 
v -49.2718 3.00581 -19.8043 
v -49.2718 0.406929 -19.8043 
v -49.2718 3.00581 -23.5095 
v -40.5114 0.406929 -19.8043 
v -41.5392 3.00581 -18.2337 
v -41.5392 0.406929 -18.2337 
v -42.2576 3.00581 -17.6317 
v -42.2576 0.406929 -17.6317 
v -41.5392 0.406929 -18.2337 
v -41.5392 3.00581 -18.2337 
v -43.0773 3.00581 -17.1843 
v -43.0773 0.406929 -17.1843 
v -42.2576 0.406929 -17.6317 
v -42.2576 3.00581 -17.6317 
v -43.9667 3.00581 -16.9088 
v -43.9667 0.406929 -16.9088 
v -43.0773 0.406929 -17.1843 
v -43.0773 3.00581 -17.1843 
v -44.8916 3.00581 -16.8158 
v -44.8916 0.406929 -16.8158 
v -43.9667 0.406929 -16.9088 
v -43.9667 3.00581 -16.9088 
v -40.8279 -0.0213675 -19.9381 
v -44.8916 -0.0213675 -17.1655 
v -44.8916 0.406929 -16.8158 
v -45.7498 -0.0213675 -17.2518 
v -45.8166 0.406929 -16.9088 
v -45.7498 -0.0213675 -17.2518 
v -45.8166 0.406929 -16.9088 
v -46.5749 -0.0213675 -17.5074 
v -46.706 0.406929 -17.1843 
v -46.5749 -0.0213675 -17.5074 
v -46.706 0.406929 -17.1843 
v -47.3353 -0.0213675 -17.9225 
v -47.5256 0.406929 -17.6317 
v -47.3353 -0.0213675 -17.9225 
v -47.5256 0.406929 -17.6317 
v -48.0019 -0.0213675 -18.481 
v -48.2441 0.406929 -18.2337 
v -48.5489 -0.0213675 -19.1616 
v -41.7814 -0.0213675 -18.481 
v -41.7814 -0.0213675 -18.481 
v -42.2576 0.406929 -17.6317 
v -42.4479 -0.0213675 -17.9225 
v -41.5392 0.406929 -18.2337 
v -42.4479 -0.0213675 -17.9225 
v -43.0773 0.406929 -17.1843 
v -43.2084 -0.0213675 -17.5074 
v -42.2576 0.406929 -17.6317 
v -43.2084 -0.0213675 -17.5074 
v -43.9667 0.406929 -16.9088 
v -44.0335 -0.0213675 -17.2518 
v -43.0773 0.406929 -17.1843 
v -44.0335 -0.0213675 -17.2518 
v -44.8916 0.406929 -16.8158 
v -44.8916 -0.0213675 -17.1655 
v -43.9667 0.406929 -16.9088 
v -41.5408 -0.144971 -19.3707 
v -42.6527 -0.144971 -18.2354 
v -42.042 -0.144971 -18.7471 
v -42.042 -0.0213675 -18.7471 
v -42.6527 -0.0213675 -18.2354 
v -43.3494 -0.144971 -17.8551 
v -42.6527 -0.144971 -18.2354 
v -42.6527 -0.0213675 -18.2354 
v -43.3494 -0.0213675 -17.8551 
v -45.6778 -0.144971 -17.6209 
v -44.8916 -0.144971 -17.5419 
v -44.8916 -0.0213675 -17.5419 
v -45.6778 -0.0213675 -17.6209 
v -46.4338 -0.144971 -17.8551 
v -45.6778 -0.144971 -17.6209 
v -45.6778 -0.0213675 -17.6209 
v -46.4338 -0.0213675 -17.8551 
v -47.1306 -0.144971 -18.2354 
v -46.4338 -0.144971 -17.8551 
v -46.4338 -0.0213675 -17.8551 
v -47.1306 -0.0213675 -18.2354 
v -47.7413 -0.144971 -18.7471 
v -47.1306 -0.144971 -18.2354 
v -47.1306 -0.0213675 -18.2354 
v -47.7413 -0.0213675 -18.7471 
v -44.1054 -0.144971 -17.6209 
v -43.3494 -0.144971 -17.8551 
v -43.3494 -0.0213675 -17.8551 
v -44.1054 -0.0213675 -17.6209 
v -44.8916 -0.144971 -17.5419 
v -44.1054 -0.144971 -17.6209 
v -44.1054 -0.0213675 -17.6209 
v -44.8916 -0.0213675 -17.5419 
v -48.4641 3.00567 -19.2195 
v -48.8611 3.00567 -23.3357 
v -47.9297 3.00567 -24.7591 
v -46.5358 3.00567 -25.7101 
v -42.5046 3.00567 -25.3046 
v -42.5046 1.31823 -25.3046 
v -44.0534 1.31823 -25.9597 
v -47.2787 1.31823 -25.3046 
v -43.2474 1.31823 -25.7101 
v -45.7298 1.31823 -25.9597 
v -44.8916 1.31823 -26.044 
v -46.5358 1.31823 -25.7101 
v -41.8535 1.31823 -24.7591 
v -47.9297 1.31823 -24.7591 
v -49.1056 1.31823 -22.5128 
v -48.8611 1.31823 -23.3357 
v -46.5358 1.36754 -17.6037 
v -40.9222 1.36754 -23.3357 
v -47.2787 1.36754 -25.3046 
v -47.2787 3.00567 -25.3046 
v -47.9297 1.36754 -24.7591 
v -47.9297 3.00567 -24.7591 
v -47.9297 1.31823 -24.7591 
v -47.2787 1.31823 -25.3046 
v -46.5358 1.36754 -25.7101 
v -46.5358 3.00567 -25.7101 
v -47.2787 1.36754 -25.3046 
v -47.2787 3.00567 -25.3046 
v -47.2787 1.31823 -25.3046 
v -46.5358 1.31823 -25.7101 
v -45.7298 1.36754 -25.9597 
v -45.7298 3.00567 -25.9597 
v -46.5358 1.36754 -25.7101 
v -46.5358 3.00567 -25.7101 
v -46.5358 1.31823 -25.7101 
v -45.7298 1.31823 -25.9597 
v -44.8916 1.36754 -26.044 
v -44.8916 3.00567 -26.044 
v -45.7298 1.36754 -25.9597 
v -45.7298 3.00567 -25.9597 
v -45.7298 1.31823 -25.9597 
v -44.8916 1.31823 -26.044 
v -44.0534 1.36754 -25.9597 
v -44.0534 3.00567 -25.9597 
v -44.8916 1.36754 -26.044 
v -44.8916 3.00567 -26.044 
v -44.8916 1.31823 -26.044 
v -44.0534 1.31823 -25.9597 
v -43.2474 1.36754 -25.7101 
v -43.2474 3.00567 -25.7101 
v -44.0534 1.36754 -25.9597 
v -44.0534 3.00567 -25.9597 
v -44.0534 1.31823 -25.9597 
v -43.2474 1.31823 -25.7101 
v -42.5046 1.36754 -25.3046 
v -42.5046 3.00567 -25.3046 
v -43.2474 1.36754 -25.7101 
v -43.2474 3.00567 -25.7101 
v -43.2474 1.31823 -25.7101 
v -42.5046 1.31823 -25.3046 
v -41.8535 1.36754 -24.7591 
v -41.8535 3.00567 -24.7591 
v -42.5046 1.36754 -25.3046 
v -42.5046 3.00567 -25.3046 
v -42.5046 1.31823 -25.3046 
v -41.8535 1.31823 -24.7591 
v -47.5256 3.00581 -25.6821 
v -48.2441 0.406929 -25.08 
v -48.2441 3.00581 -25.08 
v -47.5256 0.406929 -25.6821 
v -43.0773 3.00581 -26.1294 
v -42.2576 3.00581 -25.6821 
v -42.2576 0.406929 -25.6821 
v -41.5392 3.00581 -25.08 
v -40.9496 3.00581 -24.3464 
v -40.2416 3.00581 -22.6013 
v -40.1506 3.00581 -21.6569 
v -40.2416 3.00581 -20.7124 
v -48.2441 3.00581 -18.2337 
v -48.2441 0.406929 -18.2337 
v -48.8337 3.00581 -18.9673 
v -48.8337 0.406929 -18.9673 
v -48.2441 0.406929 -18.2337 
v -48.2441 3.00581 -18.2337 
v -49.2718 3.00581 -19.8043 
v -49.2718 0.406929 -19.8043 
v -48.8337 0.406929 -18.9673 
v -48.8337 3.00581 -18.9673 
v -49.5416 3.00581 -20.7124 
v -49.5416 0.406929 -20.7124 
v -49.2718 0.406929 -19.8043 
v -49.2718 3.00581 -19.8043 
v -49.6327 3.00581 -21.6569 
v -49.6327 0.406929 -21.6569 
v -49.5416 0.406929 -20.7124 
v -49.5416 3.00581 -20.7124 
v -49.5416 3.00581 -22.6013 
v -49.5416 0.406929 -22.6013 
v -49.6327 0.406929 -21.6569 
v -49.6327 3.00581 -21.6569 
v -49.2718 3.00581 -23.5095 
v -49.2718 0.406929 -23.5095 
v -49.5416 0.406929 -22.6013 
v -49.5416 3.00581 -22.6013 
v -48.8337 3.00581 -24.3464 
v -48.8337 0.406929 -24.3464 
v -49.2718 0.406929 -23.5095 
v -49.2718 3.00581 -23.5095 
v -48.2441 3.00581 -25.08 
v -48.2441 0.406929 -25.08 
v -48.8337 0.406929 -24.3464 
v -48.8337 3.00581 -24.3464 
v -40.5114 3.00581 -19.8043 
v -40.9496 3.00581 -18.9673 
v -41.5392 3.00581 -18.2337 
v -41.5392 0.406929 -18.2337 
v -43.0773 3.00581 -17.1843 
v -48.2441 0.406929 -25.08 
v -48.0019 -0.0213675 -24.8327 
v -48.8337 0.406929 -24.3464 
v -48.5489 -0.0213675 -24.1521 
v -48.0019 -0.0213675 -18.481 
v -48.8337 0.406929 -18.9673 
v -48.0019 -0.0213675 -18.481 
v -48.2441 0.406929 -18.2337 
v -48.5489 -0.0213675 -19.1616 
v -49.2718 0.406929 -19.8043 
v -48.5489 -0.0213675 -19.1616 
v -48.8337 0.406929 -18.9673 
v -48.9554 -0.0213675 -19.9381 
v -49.5416 0.406929 -20.7124 
v -48.9554 -0.0213675 -19.9381 
v -49.2718 0.406929 -19.8043 
v -49.2057 -0.0213675 -20.7806 
v -49.6327 0.406929 -21.6569 
v -49.2057 -0.0213675 -20.7806 
v -49.5416 0.406929 -20.7124 
v -49.2902 -0.0213675 -21.6569 
v -49.5416 0.406929 -22.6013 
v -49.2057 -0.0213675 -22.5331 
v -49.6327 0.406929 -21.6569 
v -49.2902 -0.0213675 -21.6569 
v -49.2718 0.406929 -23.5095 
v -48.9554 -0.0213675 -23.3756 
v -49.5416 0.406929 -22.6013 
v -49.2057 -0.0213675 -22.5331 
v -48.8337 0.406929 -24.3464 
v -48.5489 -0.0213675 -24.1521 
v -49.2718 0.406929 -23.5095 
v -48.9554 -0.0213675 -23.3756 
v -48.9216 -0.144971 -21.6569 
v -48.8442 -0.0213675 -20.8541 
v -48.9216 -0.0213675 -21.6569 
v -48.8442 -0.144971 -20.8541 
v -48.8442 -0.144971 -22.4597 
v -48.9216 -0.0213675 -21.6569 
v -48.8442 -0.0213675 -22.4597 
v -48.9216 -0.144971 -21.6569 
v -48.6149 -0.144971 -23.2316 
v -48.8442 -0.0213675 -22.4597 
v -48.6149 -0.0213675 -23.2316 
v -48.8442 -0.144971 -22.4597 
v -48.2425 -0.144971 -23.943 
v -48.6149 -0.0213675 -23.2316 
v -48.2425 -0.0213675 -23.943 
v -48.6149 -0.144971 -23.2316 
v -47.7413 -0.144971 -24.5666 
v -48.2425 -0.0213675 -23.943 
v -47.7413 -0.0213675 -24.5666 
v -48.2425 -0.144971 -23.943 
v -48.2425 -0.144971 -19.3707 
v -47.7413 -0.0213675 -18.7471 
v -48.2425 -0.0213675 -19.3707 
v -47.7413 -0.144971 -18.7471 
v -48.6149 -0.144971 -20.0821 
v -48.2425 -0.0213675 -19.3707 
v -48.6149 -0.0213675 -20.0821 
v -48.2425 -0.144971 -19.3707 
v -48.8442 -0.144971 -20.8541 
v -48.6149 -0.0213675 -20.0821 
v -48.8442 -0.0213675 -20.8541 
v -48.6149 -0.144971 -20.0821 
v -48.4641 3.00567 -19.2195 
v -47.9297 3.00567 -24.7591 
v -42.5046 3.00567 -25.3046 
v -41.8535 3.00567 -18.5547 
v -43.2474 1.31823 -25.7101 
v -41.3192 1.31823 -24.0942 
v -41.8535 1.31823 -24.7591 
v -40.6777 1.31823 -22.5128 
v -41.3192 1.31823 -19.2195 
v -41.8535 1.31823 -18.5547 
v -40.6777 1.31823 -20.801 
v -40.5951 1.31823 -21.6569 
v -40.9222 1.31823 -19.978 
v -48.8611 1.36754 -23.3357 
v -40.9222 1.36754 -19.978 
v -41.3192 3.00567 -19.2195 
v -40.9222 3.00567 -19.978 
v -41.3192 1.36754 -19.2195 
v -40.9222 1.31823 -19.978 
v -41.3192 1.31823 -19.2195 
v -41.3192 1.36754 -19.2195 
v -41.8535 3.00567 -18.5547 
v -41.3192 3.00567 -19.2195 
v -41.8535 1.36754 -18.5547 
v -41.3192 1.31823 -19.2195 
v -41.8535 1.31823 -18.5547 
v -41.3192 1.36754 -24.0942 
v -40.9222 3.00567 -23.3357 
v -41.3192 3.00567 -24.0942 
v -40.9222 1.36754 -23.3357 
v -41.3192 1.31823 -24.0942 
v -40.9222 1.31823 -23.3357 
v -40.5951 1.31823 -21.6569 
v -40.6777 1.36754 -20.801 
v -40.5951 1.36754 -21.6569 
v -40.6777 1.31823 -20.801 
v -40.6777 3.00567 -20.801 
v -40.5951 3.00567 -21.6569 
v -40.9222 1.36754 -23.3357 
v -40.6777 3.00567 -22.5128 
v -40.9222 3.00567 -23.3357 
v -40.6777 1.36754 -22.5128 
v -40.9222 1.31823 -23.3357 
v -40.6777 1.31823 -22.5128 
v -40.6777 1.36754 -22.5128 
v -40.5951 3.00567 -21.6569 
v -40.6777 3.00567 -22.5128 
v -40.5951 1.36754 -21.6569 
v -40.6777 1.31823 -22.5128 
v -40.5951 1.31823 -21.6569 
v -40.6777 1.36754 -20.801 
v -40.9222 3.00567 -19.978 
v -40.6777 3.00567 -20.801 
v -40.9222 1.36754 -19.978 
v -40.6777 1.31823 -20.801 
v -40.9222 1.31823 -19.978 
v -41.8535 1.36754 -24.7591 
v -41.3192 3.00567 -24.0942 
v -41.8535 3.00567 -24.7591 
v -41.3192 1.36754 -24.0942 
v -41.8535 1.31823 -24.7591 
v -41.3192 1.31823 -24.0942 
v -48.2441 0.406929 -25.08 
v -47.5256 0.406929 -25.6821 
v -45.8166 0.406929 -26.4049 
v -42.2576 0.406929 -25.6821 
v -41.5392 0.406929 -25.08 
v -40.9496 0.406929 -24.3464 
v -40.2416 0.406929 -22.6013 
v -40.1506 0.406929 -21.6569 
v -44.8916 0.406929 -16.8158 
v -46.706 0.406929 -17.1843 
v -47.5256 0.406929 -17.6317 
v -48.8337 0.406929 -18.9673 
v -49.2718 0.406929 -19.8043 
v -49.2718 0.406929 -23.5095 
v -48.8337 0.406929 -24.3464 
v -40.5114 0.406929 -19.8043 
v -40.9496 0.406929 -18.9673 
v -41.5392 0.406929 -18.2337 
v -42.2576 0.406929 -17.6317 
v -43.0773 0.406929 -17.1843 
v -48.0019 -0.0213675 -24.8327 
v -46.5749 -0.0213675 -25.8063 
v -45.7498 -0.0213675 -26.0619 
v -44.8916 -0.0213675 -26.1482 
v -44.0335 -0.0213675 -26.0619 
v -43.2084 -0.0213675 -25.8063 
v -41.7814 -0.0213675 -24.8327 
v -41.2344 -0.0213675 -24.1521 
v -40.8279 -0.0213675 -23.3756 
v -40.5776 -0.0213675 -22.5331 
v -40.5776 -0.0213675 -20.7806 
v -40.8279 -0.0213675 -19.9381 
v -44.8916 -0.0213675 -17.1655 
v -45.7498 -0.0213675 -17.2518 
v -46.5749 -0.0213675 -17.5074 
v -48.0019 -0.0213675 -18.481 
v -48.5489 -0.0213675 -19.1616 
v -48.9554 -0.0213675 -19.9381 
v -49.2057 -0.0213675 -20.7806 
v -49.2902 -0.0213675 -21.6569 
v -49.2057 -0.0213675 -22.5331 
v -48.9554 -0.0213675 -23.3756 
v -41.2344 -0.0213675 -19.1616 
v -41.7814 -0.0213675 -18.481 
v -43.2084 -0.0213675 -17.5074 
v -44.0335 -0.0213675 -17.2518 
v -44.1054 -0.144971 -25.6928 
v -44.8916 -0.144971 -25.7718 
v -42.6527 -0.144971 -25.0784 
v -41.5408 -0.144971 -23.943 
v -47.7413 -0.0213675 -24.5666 
v -47.1306 -0.144971 -25.0784 
v -47.7413 -0.144971 -24.5666 
v -41.5408 -0.144971 -19.3707 
v -46.4338 -0.144971 -25.4586 
v -42.042 -0.144971 -18.7471 
v -42.042 -0.0213675 -18.7471 
v -42.6527 -0.144971 -18.2354 
v -43.3494 -0.144971 -17.8551 
v -48.9216 -0.144971 -21.6569 
v -48.8442 -0.144971 -20.8541 
v -41.1684 -0.144971 -23.2316 
v -48.6149 -0.144971 -23.2316 
v -40.8616 -0.144971 -21.6569 
v -48.2425 -0.144971 -23.943 
v -40.9391 -0.144971 -20.8541 
v -44.8916 -0.144971 -17.5419 
v -46.4338 -0.144971 -17.8551 
v -47.1306 -0.144971 -18.2354 
v -48.2425 -0.144971 -19.3707 
v -43.3494 -0.144971 -25.4586 
v -43.3494 -0.144971 -17.8551 
v -46.4338 -0.144971 -25.4586 
v -47.7413 -0.144971 -24.5666 
v -47.1306 -0.144971 -25.0784 
v -48.6149 -0.144971 -23.2316 
v -48.2425 -0.144971 -23.943 
v -44.8916 -0.144971 -25.7718 
v -45.6778 -0.144971 -25.6928 
v -44.1054 -0.144971 -25.6928 
v -48.9216 -0.144971 -21.6569 
v -48.8442 -0.144971 -22.4597 
v -42.042 -0.144971 -24.5666 
v -42.6527 -0.144971 -25.0784 
v -48.6149 -0.144971 -20.0821 
v -48.8442 -0.144971 -20.8541 
v -41.1684 -0.144971 -23.2316 
v -41.5408 -0.144971 -23.943 
v -46.4338 -0.144971 -17.8551 
v -47.7413 -0.144971 -18.7471 
v -48.2425 -0.144971 -19.3707 
v -47.1306 -0.144971 -18.2354 
v -44.8916 -0.144971 -17.5419 
v -45.6778 -0.144971 -17.6209 
v -44.1054 -0.144971 -17.6209 
v -42.042 -0.144971 -18.7471 
v -42.6527 -0.144971 -18.2354 
v -41.1684 -0.144971 -20.0821 
v -41.5408 -0.144971 -19.3707 
v -40.8616 -0.144971 -21.6569 
v -40.9391 -0.144971 -20.8541 
v -40.9391 -0.144971 -22.4597 
v -44.8916 -0.0213675 -17.1655 
v -45.6778 -0.0213675 -17.6209 
v -44.8916 -0.0213675 -17.5419 
v -44.1054 -0.0213675 -17.6209 
v -45.7498 -0.0213675 -17.2518 
v -44.0335 -0.0213675 -17.2518 
v -46.5749 -0.0213675 -17.5074 
v -43.2084 -0.0213675 -17.5074 
v -46.4338 -0.0213675 -17.8551 
v -43.3494 -0.0213675 -17.8551 
v -47.3353 -0.0213675 -17.9225 
v -42.4479 -0.0213675 -17.9225 
v -47.1306 -0.0213675 -18.2354 
v -42.6527 -0.0213675 -18.2354 
v -47.7413 -0.0213675 -18.7471 
v -42.042 -0.0213675 -18.7471 
v -48.0019 -0.0213675 -18.481 
v -41.7814 -0.0213675 -18.481 
v -48.5489 -0.0213675 -19.1616 
v -41.2344 -0.0213675 -19.1616 
v -48.2425 -0.0213675 -19.3707 
v -41.5408 -0.0213675 -19.3707 
v -48.6149 -0.0213675 -20.0821 
v -41.1684 -0.0213675 -20.0821 
v -48.9554 -0.0213675 -19.9381 
v -40.8279 -0.0213675 -19.9381 
v -48.8442 -0.0213675 -20.8541 
v -40.9391 -0.0213675 -20.8541 
v -49.2057 -0.0213675 -20.7806 
v -40.5776 -0.0213675 -20.7806 
v -49.2902 -0.0213675 -21.6569 
v -40.4931 -0.0213675 -21.6569 
v -48.9216 -0.0213675 -21.6569 
v -40.8616 -0.0213675 -21.6569 
v -48.8442 -0.0213675 -22.4597 
v -40.9391 -0.0213675 -22.4597 
v -49.2057 -0.0213675 -22.5331 
v -40.5776 -0.0213675 -22.5331 
v -48.9554 -0.0213675 -23.3756 
v -40.8279 -0.0213675 -23.3756 
v -48.6149 -0.0213675 -23.2316 
v -41.1684 -0.0213675 -23.2316 
v -48.5489 -0.0213675 -24.1521 
v -41.2344 -0.0213675 -24.1521 
v -48.2425 -0.0213675 -23.943 
v -41.5408 -0.0213675 -23.943 
v -47.7413 -0.0213675 -24.5666 
v -42.042 -0.0213675 -24.5666 
v -48.0019 -0.0213675 -24.8327 
v -41.7814 -0.0213675 -24.8327 
v -47.3353 -0.0213675 -25.3913 
v -42.4479 -0.0213675 -25.3913 
v -47.1306 -0.0213675 -25.0784 
v -42.6527 -0.0213675 -25.0784 
v -46.4338 -0.0213675 -25.4586 
v -43.3494 -0.0213675 -25.4586 
v -46.5749 -0.0213675 -25.8063 
v -43.2084 -0.0213675 -25.8063 
v -45.6778 -0.0213675 -25.6928 
v -44.1054 -0.0213675 -25.6928 
v -45.7498 -0.0213675 -26.0619 
v -44.0335 -0.0213675 -26.0619 
v -44.8916 -0.0213675 -26.1482 
v -44.8916 -0.0213675 -25.7718 
v -47.5256 3.00581 -25.6821 
v -48.2441 0.406929 -25.08 
v -48.2441 3.00581 -25.08 
v -47.5256 0.406929 -25.6821 
v -46.706 3.00581 -26.1294 
v -47.5256 0.406929 -25.6821 
v -47.5256 3.00581 -25.6821 
v -46.706 0.406929 -26.1294 
v -45.8166 3.00581 -26.4049 
v -46.706 0.406929 -26.1294 
v -46.706 3.00581 -26.1294 
v -45.8166 0.406929 -26.4049 
v -44.8916 3.00581 -26.4979 
v -45.8166 0.406929 -26.4049 
v -45.8166 3.00581 -26.4049 
v -44.8916 0.406929 -26.4979 
v -43.9667 3.00581 -26.4049 
v -44.8916 0.406929 -26.4979 
v -44.8916 3.00581 -26.4979 
v -43.9667 0.406929 -26.4049 
v -43.0773 3.00581 -26.1294 
v -43.9667 0.406929 -26.4049 
v -43.9667 3.00581 -26.4049 
v -43.0773 0.406929 -26.1294 
v -42.2576 3.00581 -25.6821 
v -43.0773 0.406929 -26.1294 
v -43.0773 3.00581 -26.1294 
v -42.2576 0.406929 -25.6821 
v -41.5392 3.00581 -25.08 
v -42.2576 0.406929 -25.6821 
v -42.2576 3.00581 -25.6821 
v -41.5392 0.406929 -25.08 
v -44.8916 3.00581 -16.8158 
v -46.706 3.00581 -17.1843 
v -47.5256 3.00581 -17.6317 
v -48.2441 3.00581 -18.2337 
v -48.8337 3.00581 -18.9673 
v -49.2718 0.406929 -19.8043 
v -48.8337 3.00581 -24.3464 
v -48.8337 0.406929 -24.3464 
v -40.9496 3.00581 -18.9673 
v -41.5392 3.00581 -18.2337 
v -41.5392 0.406929 -18.2337 
v -42.2576 3.00581 -17.6317 
v -43.0773 3.00581 -17.1843 
v -43.9667 3.00581 -16.9088 
v -48.0019 -0.0213675 -24.8327 
v -47.5256 0.406929 -25.6821 
v -48.0019 -0.0213675 -24.8327 
v -48.2441 0.406929 -25.08 
v -47.3353 -0.0213675 -25.3913 
v -46.706 0.406929 -26.1294 
v -47.3353 -0.0213675 -25.3913 
v -47.5256 0.406929 -25.6821 
v -46.5749 -0.0213675 -25.8063 
v -45.8166 0.406929 -26.4049 
v -46.5749 -0.0213675 -25.8063 
v -46.706 0.406929 -26.1294 
v -45.7498 -0.0213675 -26.0619 
v -44.8916 0.406929 -26.4979 
v -45.7498 -0.0213675 -26.0619 
v -45.8166 0.406929 -26.4049 
v -44.8916 -0.0213675 -26.1482 
v -44.8916 0.406929 -26.4979 
v -43.9667 0.406929 -26.4049 
v -44.0335 -0.0213675 -26.0619 
v -44.8916 -0.0213675 -26.1482 
v -43.9667 0.406929 -26.4049 
v -43.0773 0.406929 -26.1294 
v -43.2084 -0.0213675 -25.8063 
v -44.0335 -0.0213675 -26.0619 
v -43.0773 0.406929 -26.1294 
v -42.2576 0.406929 -25.6821 
v -42.4479 -0.0213675 -25.3913 
v -43.2084 -0.0213675 -25.8063 
v -42.2576 0.406929 -25.6821 
v -41.5392 0.406929 -25.08 
v -41.7814 -0.0213675 -24.8327 
v -42.4479 -0.0213675 -25.3913 
v -44.8916 -0.0213675 -25.7718 
v -44.1054 -0.0213675 -25.6928 
v -44.1054 -0.144971 -25.6928 
v -44.8916 -0.144971 -25.7718 
v -44.1054 -0.0213675 -25.6928 
v -43.3494 -0.0213675 -25.4586 
v -43.3494 -0.144971 -25.4586 
v -44.1054 -0.144971 -25.6928 
v -42.6527 -0.144971 -25.0784 
v -43.3494 -0.0213675 -25.4586 
v -42.6527 -0.0213675 -25.0784 
v -43.3494 -0.144971 -25.4586 
v -42.042 -0.144971 -24.5666 
v -42.6527 -0.0213675 -25.0784 
v -42.042 -0.0213675 -24.5666 
v -42.6527 -0.144971 -25.0784 
v -47.7413 -0.0213675 -24.5666 
v -47.1306 -0.0213675 -25.0784 
v -47.1306 -0.144971 -25.0784 
v -47.7413 -0.144971 -24.5666 
v -47.1306 -0.0213675 -25.0784 
v -46.4338 -0.0213675 -25.4586 
v -46.4338 -0.144971 -25.4586 
v -47.1306 -0.144971 -25.0784 
v -45.6778 -0.144971 -25.6928 
v -46.4338 -0.0213675 -25.4586 
v -45.6778 -0.0213675 -25.6928 
v -46.4338 -0.144971 -25.4586 
v -44.8916 -0.144971 -25.7718 
v -45.6778 -0.0213675 -25.6928 
v -44.8916 -0.0213675 -25.7718 
v -45.6778 -0.144971 -25.6928 
v -47.9297 3.00567 -18.5547 
v -47.9297 3.00567 -24.7591 
v -42.5046 3.00567 -25.3046 
v -41.8535 3.00567 -18.5547 
v -42.5046 1.31823 -18.0091 
v -41.3192 1.31823 -19.2195 
v -41.8535 1.31823 -18.5547 
v -44.0534 1.31823 -17.354 
v -43.2474 1.31823 -17.6037 
v -47.2787 1.31823 -18.0091 
v -44.8916 1.31823 -17.2697 
v -46.5358 1.31823 -17.6037 
v -48.4641 1.31823 -19.2195 
v -47.9297 1.31823 -18.5547 
v -44.8916 1.36754 -17.2697 
v -45.7298 3.00567 -17.354 
v -44.8916 3.00567 -17.2697 
v -45.7298 1.36754 -17.354 
v -44.8916 1.31823 -17.2697 
v -45.7298 1.31823 -17.354 
v -41.8535 1.36754 -18.5547 
v -45.7298 1.36754 -17.354 
v -46.5358 3.00567 -17.6037 
v -45.7298 3.00567 -17.354 
v -46.5358 1.36754 -17.6037 
v -45.7298 1.31823 -17.354 
v -46.5358 1.31823 -17.6037 
v -41.8535 3.00567 -18.5547 
v -41.8535 1.36754 -18.5547 
v -42.5046 3.00567 -18.0091 
v -42.5046 1.36754 -18.0091 
v -41.8535 1.31823 -18.5547 
v -42.5046 1.31823 -18.0091 
v -46.5358 1.36754 -17.6037 
v -47.2787 3.00567 -18.0091 
v -46.5358 3.00567 -17.6037 
v -47.2787 1.36754 -18.0091 
v -46.5358 1.31823 -17.6037 
v -47.2787 1.31823 -18.0091 
v -42.5046 3.00567 -18.0091 
v -42.5046 1.36754 -18.0091 
v -43.2474 3.00567 -17.6037 
v -43.2474 1.36754 -17.6037 
v -42.5046 1.31823 -18.0091 
v -43.2474 1.31823 -17.6037 
v -47.2787 1.36754 -18.0091 
v -47.9297 3.00567 -18.5547 
v -47.2787 3.00567 -18.0091 
v -47.9297 1.36754 -18.5547 
v -47.2787 1.31823 -18.0091 
v -47.9297 1.31823 -18.5547 
v -43.2474 3.00567 -17.6037 
v -43.2474 1.36754 -17.6037 
v -44.0534 3.00567 -17.354 
v -44.0534 1.36754 -17.354 
v -43.2474 1.31823 -17.6037 
v -44.0534 1.31823 -17.354 
v -44.0534 1.36754 -17.354 
v -44.8916 3.00567 -17.2697 
v -44.0534 3.00567 -17.354 
v -44.8916 1.36754 -17.2697 
v -44.0534 1.31823 -17.354 
v -44.8916 1.31823 -17.2697 

vn -0.645669 0 -0.76378 
vn -0.645669 0 -0.76378 
vn -0.480315 0 -0.874016 
vn 0.299213 0 -0.952756 
vn 0.299213 0 -0.952756 
vn 0.480315 0 -0.874016 
vn 0.645669 0 -0.76378 
vn 0.645669 0 -0.76378 
vn 0.779528 0 -0.629921 
vn 0.779528 0 -0.629921 
vn 0.779528 0 -0.629921 
vn 0.779528 0 -0.629921 
vn 0.889764 0 -0.464567 
vn 0.889764 0 -0.464567 
vn 0.889764 0 -0.464567 
vn 0.889764 0 -0.464567 
vn 0.96063 0 -0.283465 
vn 0.96063 0 -0.283465 
vn 0.96063 0 -0.283465 
vn 0.96063 0 -0.283465 
vn 0.992126 0 -0.0944882 
vn 0.992126 0 -0.0944882 
vn 0.992126 0 -0.0944882 
vn 0.992126 0 -0.0944882 
vn 0.992126 0 0.0944882 
vn 0.992126 0 0.0944882 
vn 0.992126 0 0.0944882 
vn 0.992126 0 0.0944882 
vn -0.645669 0 0.76378 
vn -0.779528 0 0.629921 
vn -0.889764 0 0.464567 
vn -0.96063 0 0.283465 
vn -0.992126 0 0.0944882 
vn -0.96063 0 -0.283465 
vn -0.889764 0 -0.464567 
vn 0.96063 0 0.283465 
vn 0.96063 0 0.283465 
vn 0.96063 0 0.283465 
vn 0.96063 0 0.283465 
vn 0.889764 0 0.464567 
vn 0.889764 0 0.464567 
vn 0.889764 0 0.464567 
vn 0.889764 0 0.464567 
vn 0.779528 0 0.629921 
vn 0.779528 0 0.629921 
vn 0.779528 0 0.629921 
vn 0.779528 0 0.629921 
vn 0.480315 0 0.874016 
vn 0.480315 0 0.874016 
vn -0.370079 -0.629921 -0.685039 
vn 0.503937 -0.629921 -0.598425 
vn 0.606299 -0.622047 -0.488189 
vn 0.606299 -0.622047 -0.488189 
vn 0.606299 -0.622047 -0.488189 
vn 0.606299 -0.622047 -0.488189 
vn 0.692913 -0.622047 -0.362205 
vn 0.692913 -0.622047 -0.362205 
vn 0.692913 -0.622047 -0.362205 
vn 0.692913 -0.622047 -0.362205 
vn 0.748031 -0.622047 -0.220472 
vn 0.748031 -0.622047 -0.220472 
vn 0.748031 -0.622047 -0.220472 
vn 0.748031 -0.622047 -0.220472 
vn 0.779528 -0.622047 -0.0787402 
vn 0.779528 -0.622047 -0.0787402 
vn 0.779528 -0.622047 -0.0787402 
vn 0.779528 -0.622047 -0.0787402 
vn 0.779528 -0.622047 0.0787402 
vn 0.779528 -0.622047 0.0787402 
vn 0.779528 -0.622047 0.0787402 
vn 0.779528 -0.622047 0.0787402 
vn 0.748031 -0.622047 0.220472 
vn 0.748031 -0.622047 0.220472 
vn 0.748031 -0.622047 0.220472 
vn 0.748031 -0.622047 0.220472 
vn -0.748031 -0.622047 -0.220472 
vn 0.692913 -0.622047 0.362205 
vn 0.692913 -0.622047 0.362205 
vn 0.692913 -0.622047 0.362205 
vn 0.692913 -0.622047 0.362205 
vn 0.606299 -0.622047 0.488189 
vn 0.606299 -0.622047 0.488189 
vn 0.606299 -0.622047 0.488189 
vn 0.606299 -0.622047 0.488189 
vn 0.370079 -0.629921 0.685039 
vn 0.779528 0 -0.629921 
vn 0.779528 0 -0.629921 
vn 0.779528 0 -0.629921 
vn 0.779528 0 -0.629921 
vn -0.645669 0 -0.76378 
vn 0.889764 0 0.464567 
vn 0.889764 0 0.464567 
vn 0.889764 0 0.464567 
vn 0.889764 0 0.464567 
vn 0.779528 0 0.629921 
vn 0.779528 0 0.629921 
vn 0.779528 0 0.629921 
vn 0.779528 0 0.629921 
vn 0.645669 0 0.76378 
vn 0.889764 0 -0.464567 
vn 0.889764 0 -0.464567 
vn 0.889764 0 -0.464567 
vn 0.889764 0 -0.464567 
vn 0.96063 0 -0.283465 
vn 0.96063 0 -0.283465 
vn 0.96063 0 -0.283465 
vn 0.96063 0 -0.283465 
vn 0.992126 0 -0.0944882 
vn 0.992126 0 -0.0944882 
vn 0.992126 0 -0.0944882 
vn 0.992126 0 -0.0944882 
vn 0.992126 0 0.0944882 
vn 0.992126 0 0.0944882 
vn 0.992126 0 0.0944882 
vn 0.992126 0 0.0944882 
vn 0.96063 0 0.283465 
vn 0.96063 0 0.283465 
vn 0.96063 0 0.283465 
vn 0.96063 0 0.283465 
vn 0 1 0 
vn 0 1 0 
vn 0 1 0 
vn 0 1 0 
vn 0 1 0 
vn 0 1 0 
vn 0 1 0 
vn 0 1 0 
vn 0 1 0 
vn 0 1 0 
vn 0 1 0 
vn 0 1 0 
vn 0 1 0 
vn 0 1 0 
vn 0 1 0 
vn 0 1 0 
vn 0 1 0 
vn 0.992126 0 0.0944882 
vn 0.992126 0 0.0944882 
vn 0.992126 0 0.0944882 
vn 0.992126 0 0.0944882 
vn 0.992126 0 0.0944882 
vn 0.992126 0 0.0944882 
vn 0.96063 0 0.283465 
vn 0.96063 0 0.283465 
vn 0.96063 0 0.283465 
vn 0.96063 0 0.283465 
vn 0.96063 0 0.283465 
vn 0.96063 0 0.283465 
vn 0.889764 0 0.464567 
vn 0.889764 0 0.464567 
vn 0.889764 0 0.464567 
vn 0.889764 0 0.464567 
vn 0.889764 0 0.464567 
vn 0.889764 0 0.464567 
vn -0.779528 0 -0.629921 
vn 0.299213 0 -0.952756 
vn 0.779528 0 -0.629921 
vn 0.779528 0 -0.629921 
vn 0.779528 0 -0.629921 
vn 0.779528 0 -0.629921 
vn 0.779528 0 -0.629921 
vn 0.779528 0 -0.629921 
vn 0.889764 0 -0.464567 
vn 0.889764 0 -0.464567 
vn 0.889764 0 -0.464567 
vn 0.889764 0 -0.464567 
vn 0.889764 0 -0.464567 
vn 0.889764 0 -0.464567 
vn 0.96063 0 -0.283465 
vn 0.96063 0 -0.283465 
vn 0.96063 0 -0.283465 
vn 0.96063 0 -0.283465 
vn 0.96063 0 -0.283465 
vn 0.96063 0 -0.283465 
vn 0.992126 0 -0.0944882 
vn 0.992126 0 -0.0944882 
vn 0.992126 0 -0.0944882 
vn 0.992126 0 -0.0944882 
vn 0.992126 0 -0.0944882 
vn 0.992126 0 -0.0944882 
vn -0.889764 0 0.464567 
vn 0.779528 0 0.629921 
vn 0.779528 0 0.629921 
vn 0.779528 0 0.629921 
vn 0.779528 0 0.629921 
vn 0.779528 0 0.629921 
vn 0.779528 0 0.629921 
vn -0.645669 0 -0.76378 
vn -0.645669 0 -0.76378 
vn -0.645669 0 -0.76378 
vn -0.480315 0 -0.874016 
vn -0.299213 0 -0.952756 
vn 0.102362 0 -0.992126 
vn 0.299213 0 -0.952756 
vn 0.480315 0 -0.874016 
vn 0.480315 0 -0.874016 
vn 0.645669 0 -0.76378 
vn -0.645669 0 0.76378 
vn -0.779528 0 0.629921 
vn -0.889764 0 0.464567 
vn -0.889764 0 0.464567 
vn -0.96063 0 0.283465 
vn -0.96063 0 -0.283465 
vn -0.889764 0 -0.464567 
vn 0.889764 0 0.464567 
vn 0.779528 0 0.629921 
vn 0.779528 0 0.629921 
vn 0.480315 0 0.874016 
vn 0.692913 -0.622047 0.362205 
vn 0.370079 -0.629921 0.685039 
vn 0.779528 0 0.629921 
vn 0 1 0 
vn 0 1 0 
vn 0 1 0 
vn 0 1 0 
vn 0 1 0 
vn 0 1 0 
vn 0 1 0 
vn 0 1 0 
vn 0 1 0 
vn 0 1 0 
vn 0 1 0 
vn 0 1 0 
vn 0 1 0 
vn 0 1 0 
vn 0 1 0 
vn 0 1 0 
vn 0 1 0 
vn 0 1 0 
vn 0 1 0 
vn 0 1 0 
vn 0 1 0 
vn 0 1 0 
vn 0 1 0 
vn 0 1 0 
vn 0 1 0 
vn 0 1 0 
vn 0 1 0 
vn 0 1 0 
vn 0 1 0 
vn 0 1 0 
vn 0 1 0 
vn 0 1 0 
vn 0 1 0 
vn 0 1 0 
vn 0 1 0 
vn 0 1 0 
vn 0 1 0 
vn 0 1 0 
vn 0 1 0 
vn 0 1 0 
vn 0 1 0 
vn 0 1 0 
vn 0 1 0 
vn 0 1 0 
vn 0 1 0 
vn 0 1 0 
vn 0 1 0 
vn 0 1 0 
vn 0 1 0 
vn 0 1 0 
vn 0 1 0 
vn 0 1 0 
vn 0 1 0 
vn 0 1 0 
vn 0 1 0 
vn 0 1 0 
vn 0 1 0 
vn 0 1 0 
vn 0 1 0 
vn 0 1 0 
vn 0 1 0 
vn 0 1 0 
vn 0 1 0 
vn 0 1 0 
vn 0 1 0 
vn 0 1 0 
vn 0 1 0 
vn 0 1 0 
vn 0 1 0 
vn 0 1 0 
vn 0 1 0 
vn 0 1 0 
vn 0 1 0 
vn 0 1 0 
vn 0 1 0 
vn 0 1 0 
vn 0 1 0 
vn 0 1 0 
vn 0 1 0 
vn 0 1 0 
vn 0 1 0 
vn 0 1 0 
vn 0 1 0 
vn 0 1 0 
vn 0 1 0 
vn 0 1 0 
vn 0 1 0 
vn 0 1 0 
vn 0 1 0 
vn 0 1 0 
vn 0 1 0 
vn 0 1 0 
vn 0 1 0 
vn 0 1 0 
vn 0 1 0 
vn 0 1 0 
vn 0 1 0 
vn 0 1 0 
vn 0 1 0 
vn 0 1 0 
vn 0 1 0 
vn 0 1 0 
vn 0 1 0 
vn 0 1 0 
vn 0 1 0 
vn 0 1 0 
vn 0 1 0 
vn 0 1 0 
vn 0 1 0 
vn 0 1 0 
vn 0 1 0 
vn 0 1 0 
vn 0 1 0 
vn 0 1 0 
vn 0 1 0 
vn 0 1 0 
vn 0 1 0 
vn 0 1 0 
vn 0 1 0 
vn 0 1 0 
vn 0 1 0 
vn 0 1 0 
vn 0 1 0 
vn 0 1 0 
vn 0 1 0 
vn 0 1 0 
vn 0 1 0 
vn 0 1 0 
vn 0 1 0 
vn 0 1 0 
vn 0 1 0 
vn 0 1 0 
vn 0 1 0 
vn 0 1 0 
vn 0 1 0 
vn 0 1 0 
vn 0 1 0 
vn 0 1 0 
vn 0 1 0 
vn 0 1 0 
vn 0 1 0 
vn 0 1 0 
vn 0 1 0 
vn 0 1 0 
vn -0.645669 0 -0.76378 
vn -0.645669 0 -0.76378 
vn -0.645669 0 -0.76378 
vn -0.480315 0 -0.874016 
vn -0.299213 0 -0.952756 
vn -0.102362 0 -0.992126 
vn 0.102362 0 -0.992126 
vn 0.299213 0 -0.952756 
vn 0.480315 0 -0.874016 
vn 0.480315 0 -0.874016 
vn 0.645669 0 -0.76378 
vn -0.102362 0 0.992126 
vn -0.102362 0 0.992126 
vn -0.102362 0 0.992126 
vn -0.102362 0 0.992126 
vn -0.299213 0 0.952756 
vn -0.299213 0 0.952756 
vn -0.299213 0 0.952756 
vn -0.299213 0 0.952756 
vn -0.480315 0 0.874016 
vn -0.480315 0 0.874016 
vn -0.480315 0 0.874016 
vn -0.480315 0 0.874016 
vn -0.645669 0 0.76378 
vn -0.645669 0 0.76378 
vn -0.645669 0 0.76378 
vn -0.645669 0 0.76378 
vn -0.779528 0 0.629921 
vn -0.779528 0 0.629921 
vn -0.889764 0 0.464567 
vn -0.889764 0 0.464567 
vn -0.96063 0 -0.283465 
vn 0.96063 0 0.283465 
vn 0.779528 0 0.629921 
vn 0.779528 0 0.629921 
vn 0.645669 0 0.76378 
vn 0.645669 0 0.76378 
vn 0.645669 0 0.76378 
vn 0.645669 0 0.76378 
vn 0.480315 0 0.874016 
vn 0.480315 0 0.874016 
vn 0.480315 0 0.874016 
vn 0.480315 0 0.874016 
vn 0.299213 0 0.952756 
vn 0.299213 0 0.952756 
vn 0.299213 0 0.952756 
vn 0.299213 0 0.952756 
vn 0.102362 0 0.992126 
vn 0.102362 0 0.992126 
vn 0.102362 0 0.992126 
vn 0.102362 0 0.992126 
vn 0.748031 -0.622047 0.220472 
vn -0.0787402 -0.629921 0.771654 
vn -0.0787402 -0.629921 0.771654 
vn -0.0787402 -0.629921 0.771654 
vn -0.0787402 -0.629921 0.771654 
vn -0.228346 -0.629921 0.740157 
vn -0.228346 -0.629921 0.740157 
vn -0.228346 -0.629921 0.740157 
vn -0.228346 -0.629921 0.740157 
vn -0.370079 -0.629921 0.685039 
vn -0.370079 -0.629921 0.685039 
vn -0.370079 -0.629921 0.685039 
vn -0.370079 -0.629921 0.685039 
vn -0.503937 -0.629921 0.598425 
vn -0.503937 -0.629921 0.598425 
vn -0.503937 -0.629921 0.598425 
vn -0.503937 -0.629921 0.598425 
vn -0.606299 -0.622047 0.488189 
vn 0.606299 -0.622047 0.488189 
vn 0.503937 -0.629921 0.598425 
vn 0.503937 -0.629921 0.598425 
vn 0.503937 -0.629921 0.598425 
vn 0.503937 -0.629921 0.598425 
vn 0.370079 -0.629921 0.685039 
vn 0.370079 -0.629921 0.685039 
vn 0.370079 -0.629921 0.685039 
vn 0.370079 -0.629921 0.685039 
vn 0.228346 -0.629921 0.740157 
vn 0.228346 -0.629921 0.740157 
vn 0.228346 -0.629921 0.740157 
vn 0.228346 -0.629921 0.740157 
vn 0.0787402 -0.629921 0.771654 
vn 0.0787402 -0.629921 0.771654 
vn 0.0787402 -0.629921 0.771654 
vn 0.0787402 -0.629921 0.771654 
vn 0.889764 0 0.464567 
vn 0.645669 0 0.76378 
vn 0.645669 0 0.76378 
vn 0.645669 0 0.76378 
vn 0.645669 0 0.76378 
vn 0.480315 0 0.874016 
vn 0.480315 0 0.874016 
vn 0.480315 0 0.874016 
vn 0.480315 0 0.874016 
vn -0.102362 0 0.992126 
vn -0.102362 0 0.992126 
vn -0.102362 0 0.992126 
vn -0.102362 0 0.992126 
vn -0.299213 0 0.952756 
vn -0.299213 0 0.952756 
vn -0.299213 0 0.952756 
vn -0.299213 0 0.952756 
vn -0.480315 0 0.874016 
vn -0.480315 0 0.874016 
vn -0.480315 0 0.874016 
vn -0.480315 0 0.874016 
vn -0.645669 0 0.76378 
vn -0.645669 0 0.76378 
vn -0.645669 0 0.76378 
vn -0.645669 0 0.76378 
vn 0.299213 0 0.952756 
vn 0.299213 0 0.952756 
vn 0.299213 0 0.952756 
vn 0.299213 0 0.952756 
vn 0.102362 0 0.992126 
vn 0.102362 0 0.992126 
vn 0.102362 0 0.992126 
vn 0.102362 0 0.992126 
vn 0 1 0 
vn 0 1 0 
vn 0 1 0 
vn 0 1 0 
vn 0 1 0 
vn 0 1 0 
vn 0 1 0 
vn 0 1 0 
vn 0 1 0 
vn 0 1 0 
vn 0 1 0 
vn 0 1 0 
vn 0 1 0 
vn 0 1 0 
vn 0 1 0 
vn 0 1 0 
vn 0.299213 0 -0.952756 
vn -0.889764 0 0.464567 
vn 0.645669 0 0.76378 
vn 0.645669 0 0.76378 
vn 0.645669 0 0.76378 
vn 0.645669 0 0.76378 
vn 0.645669 0 0.76378 
vn 0.645669 0 0.76378 
vn 0.480315 0 0.874016 
vn 0.480315 0 0.874016 
vn 0.480315 0 0.874016 
vn 0.480315 0 0.874016 
vn 0.480315 0 0.874016 
vn 0.480315 0 0.874016 
vn 0.299213 0 0.952756 
vn 0.299213 0 0.952756 
vn 0.299213 0 0.952756 
vn 0.299213 0 0.952756 
vn 0.299213 0 0.952756 
vn 0.299213 0 0.952756 
vn 0.102362 0 0.992126 
vn 0.102362 0 0.992126 
vn 0.102362 0 0.992126 
vn 0.102362 0 0.992126 
vn 0.102362 0 0.992126 
vn 0.102362 0 0.992126 
vn -0.102362 0 0.992126 
vn -0.102362 0 0.992126 
vn -0.102362 0 0.992126 
vn -0.102362 0 0.992126 
vn -0.102362 0 0.992126 
vn -0.102362 0 0.992126 
vn -0.299213 0 0.952756 
vn -0.299213 0 0.952756 
vn -0.299213 0 0.952756 
vn -0.299213 0 0.952756 
vn -0.299213 0 0.952756 
vn -0.299213 0 0.952756 
vn -0.480315 0 0.874016 
vn -0.480315 0 0.874016 
vn -0.480315 0 0.874016 
vn -0.480315 0 0.874016 
vn -0.480315 0 0.874016 
vn -0.480315 0 0.874016 
vn -0.645669 0 0.76378 
vn -0.645669 0 0.76378 
vn -0.645669 0 0.76378 
vn -0.645669 0 0.76378 
vn -0.645669 0 0.76378 
vn -0.645669 0 0.76378 
vn -0.645669 0 -0.76378 
vn -0.645669 0 -0.76378 
vn -0.645669 0 -0.76378 
vn -0.645669 0 -0.76378 
vn 0.299213 0 -0.952756 
vn 0.480315 0 -0.874016 
vn 0.480315 0 -0.874016 
vn 0.645669 0 -0.76378 
vn 0.779528 0 -0.629921 
vn 0.96063 0 -0.283465 
vn 0.992126 0 -0.0944882 
vn 0.992126 0 0.0944882 
vn -0.645669 0 0.76378 
vn -0.645669 0 0.76378 
vn -0.779528 0 0.629921 
vn -0.779528 0 0.629921 
vn -0.779528 0 0.629921 
vn -0.779528 0 0.629921 
vn -0.889764 0 0.464567 
vn -0.889764 0 0.464567 
vn -0.889764 0 0.464567 
vn -0.889764 0 0.464567 
vn -0.96063 0 0.283465 
vn -0.96063 0 0.283465 
vn -0.96063 0 0.283465 
vn -0.96063 0 0.283465 
vn -0.992126 0 0.0944882 
vn -0.992126 0 0.0944882 
vn -0.992126 0 0.0944882 
vn -0.992126 0 0.0944882 
vn -0.992126 0 -0.0944882 
vn -0.992126 0 -0.0944882 
vn -0.992126 0 -0.0944882 
vn -0.992126 0 -0.0944882 
vn -0.96063 0 -0.283465 
vn -0.96063 0 -0.283465 
vn -0.96063 0 -0.283465 
vn -0.96063 0 -0.283465 
vn -0.889764 0 -0.464567 
vn -0.889764 0 -0.464567 
vn -0.889764 0 -0.464567 
vn -0.889764 0 -0.464567 
vn -0.779528 0 -0.629921 
vn -0.779528 0 -0.629921 
vn -0.779528 0 -0.629921 
vn -0.779528 0 -0.629921 
vn 0.96063 0 0.283465 
vn 0.889764 0 0.464567 
vn 0.779528 0 0.629921 
vn 0.779528 0 0.629921 
vn 0.480315 0 0.874016 
vn -0.606299 -0.622047 -0.488189 
vn -0.606299 -0.622047 -0.488189 
vn -0.606299 -0.622047 -0.488189 
vn -0.606299 -0.622047 -0.488189 
vn -0.503937 -0.629921 0.598425 
vn -0.606299 -0.622047 0.488189 
vn -0.606299 -0.622047 0.488189 
vn -0.606299 -0.622047 0.488189 
vn -0.606299 -0.622047 0.488189 
vn -0.692913 -0.622047 0.362205 
vn -0.692913 -0.622047 0.362205 
vn -0.692913 -0.622047 0.362205 
vn -0.692913 -0.622047 0.362205 
vn -0.748031 -0.622047 0.220472 
vn -0.748031 -0.622047 0.220472 
vn -0.748031 -0.622047 0.220472 
vn -0.748031 -0.622047 0.220472 
vn -0.779528 -0.622047 0.0787402 
vn -0.779528 -0.622047 0.0787402 
vn -0.779528 -0.622047 0.0787402 
vn -0.779528 -0.622047 0.0787402 
vn -0.779528 -0.622047 -0.0787402 
vn -0.779528 -0.622047 -0.0787402 
vn -0.779528 -0.622047 -0.0787402 
vn -0.779528 -0.622047 -0.0787402 
vn -0.748031 -0.622047 -0.220472 
vn -0.748031 -0.622047 -0.220472 
vn -0.748031 -0.622047 -0.220472 
vn -0.748031 -0.622047 -0.220472 
vn -0.692913 -0.622047 -0.362205 
vn -0.692913 -0.622047 -0.362205 
vn -0.692913 -0.622047 -0.362205 
vn -0.692913 -0.622047 -0.362205 
vn -0.992126 0 0.0944882 
vn -0.992126 0 0.0944882 
vn -0.992126 0 0.0944882 
vn -0.992126 0 0.0944882 
vn -0.992126 0 -0.0944882 
vn -0.992126 0 -0.0944882 
vn -0.992126 0 -0.0944882 
vn -0.992126 0 -0.0944882 
vn -0.96063 0 -0.283465 
vn -0.96063 0 -0.283465 
vn -0.96063 0 -0.283465 
vn -0.96063 0 -0.283465 
vn -0.889764 0 -0.464567 
vn -0.889764 0 -0.464567 
vn -0.889764 0 -0.464567 
vn -0.889764 0 -0.464567 
vn -0.779528 0 -0.629921 
vn -0.779528 0 -0.629921 
vn -0.779528 0 -0.629921 
vn -0.779528 0 -0.629921 
vn -0.779528 0 0.629921 
vn -0.779528 0 0.629921 
vn -0.779528 0 0.629921 
vn -0.779528 0 0.629921 
vn -0.889764 0 0.464567 
vn -0.889764 0 0.464567 
vn -0.889764 0 0.464567 
vn -0.889764 0 0.464567 
vn -0.96063 0 0.283465 
vn -0.96063 0 0.283465 
vn -0.96063 0 0.283465 
vn -0.96063 0 0.283465 
vn 0 1 0 
vn 0 1 0 
vn 0 1 0 
vn 0 1 0 
vn 0 1 0 
vn 0 1 0 
vn 0 1 0 
vn 0 1 0 
vn 0 1 0 
vn 0 1 0 
vn 0 1 0 
vn 0 1 0 
vn 0 1 0 
vn 0.96063 0 0.283465 
vn -0.889764 0 -0.464567 
vn -0.889764 0 -0.464567 
vn -0.889764 0 -0.464567 
vn -0.889764 0 -0.464567 
vn -0.889764 0 -0.464567 
vn -0.889764 0 -0.464567 
vn -0.779528 0 -0.629921 
vn -0.779528 0 -0.629921 
vn -0.779528 0 -0.629921 
vn -0.779528 0 -0.629921 
vn -0.779528 0 -0.629921 
vn -0.779528 0 -0.629921 
vn -0.889764 0 0.464567 
vn -0.889764 0 0.464567 
vn -0.889764 0 0.464567 
vn -0.889764 0 0.464567 
vn -0.889764 0 0.464567 
vn -0.889764 0 0.464567 
vn -0.992126 0 -0.0944882 
vn -0.992126 0 -0.0944882 
vn -0.992126 0 -0.0944882 
vn -0.992126 0 -0.0944882 
vn -0.992126 0 -0.0944882 
vn -0.992126 0 -0.0944882 
vn -0.96063 0 0.283465 
vn -0.96063 0 0.283465 
vn -0.96063 0 0.283465 
vn -0.96063 0 0.283465 
vn -0.96063 0 0.283465 
vn -0.96063 0 0.283465 
vn -0.992126 0 0.0944882 
vn -0.992126 0 0.0944882 
vn -0.992126 0 0.0944882 
vn -0.992126 0 0.0944882 
vn -0.992126 0 0.0944882 
vn -0.992126 0 0.0944882 
vn -0.96063 0 -0.283465 
vn -0.96063 0 -0.283465 
vn -0.96063 0 -0.283465 
vn -0.96063 0 -0.283465 
vn -0.96063 0 -0.283465 
vn -0.96063 0 -0.283465 
vn -0.779528 0 0.629921 
vn -0.779528 0 0.629921 
vn -0.779528 0 0.629921 
vn -0.779528 0 0.629921 
vn -0.779528 0 0.629921 
vn -0.779528 0 0.629921 
vn -0.645669 0 -0.76378 
vn -0.645669 0 -0.76378 
vn -0.299213 0 -0.952756 
vn 0.480315 0 -0.874016 
vn 0.645669 0 -0.76378 
vn 0.779528 0 -0.629921 
vn 0.96063 0 -0.283465 
vn 0.992126 0 -0.0944882 
vn -0.102362 0 0.992126 
vn -0.299213 0 0.952756 
vn -0.480315 0 0.874016 
vn -0.779528 0 0.629921 
vn -0.889764 0 0.464567 
vn -0.96063 0 -0.283465 
vn -0.889764 0 -0.464567 
vn 0.96063 0 0.283465 
vn 0.889764 0 0.464567 
vn 0.779528 0 0.629921 
vn 0.645669 0 0.76378 
vn 0.480315 0 0.874016 
vn -0.606299 -0.622047 -0.488189 
vn -0.370079 -0.629921 -0.685039 
vn -0.228346 -0.629921 -0.740157 
vn -0.0787402 -0.629921 -0.771654 
vn 0.0787402 -0.629921 -0.771654 
vn 0.228346 -0.629921 -0.740157 
vn 0.503937 -0.629921 -0.598425 
vn 0.606299 -0.622047 -0.488189 
vn 0.692913 -0.622047 -0.362205 
vn 0.748031 -0.622047 -0.220472 
vn 0.779528 -0.622047 0.0787402 
vn 0.748031 -0.622047 0.220472 
vn -0.0787402 -0.629921 0.771654 
vn -0.0787402 -0.629921 0.771654 
vn -0.228346 -0.629921 0.740157 
vn -0.503937 -0.629921 0.598425 
vn -0.606299 -0.622047 0.488189 
vn -0.692913 -0.622047 0.362205 
vn -0.748031 -0.622047 0.220472 
vn -0.779528 -0.622047 0.0787402 
vn -0.779528 -0.622047 -0.0787402 
vn -0.748031 -0.622047 -0.220472 
vn 0.692913 -0.622047 0.362205 
vn 0.606299 -0.622047 0.488189 
vn 0.370079 -0.629921 0.685039 
vn 0.228346 -0.629921 0.740157 
vn 0.102362 0 -0.992126 
vn 0.102362 0 -0.992126 
vn 0.480315 0 -0.874016 
vn 0.779528 0 -0.629921 
vn -0.645669 0 -0.76378 
vn -0.645669 0 -0.76378 
vn -0.645669 0 -0.76378 
vn 0.889764 0 0.464567 
vn -0.480315 0 -0.874016 
vn 0.779528 0 0.629921 
vn 0.779528 0 0.629921 
vn 0.645669 0 0.76378 
vn 0.480315 0 0.874016 
vn -0.992126 0 0.0944882 
vn -0.992126 0 0.0944882 
vn 0.889764 0 -0.464567 
vn -0.96063 0 -0.283465 
vn 0.992126 0 -0.0944882 
vn -0.889764 0 -0.464567 
vn 0.992126 0 0.0944882 
vn -0.102362 0 0.992126 
vn -0.299213 0 0.952756 
vn -0.480315 0 0.874016 
vn -0.779528 0 0.629921 
vn 0 -1 0 
vn 0 -1 0 
vn 0 -1 0 
vn 0 -1 0 
vn 0 -1 0 
vn 0 -1 0 
vn 0 -1 0 
vn 0 -1 0 
vn 0 -1 0 
vn 0 -1 0 
vn 0 -1 0 
vn 0 -1 0 
vn 0 -1 0 
vn 0 -1 0 
vn 0 -1 0 
vn 0 -1 0 
vn 0 -1 0 
vn 0 -1 0 
vn 0 -1 0 
vn 0 -1 0 
vn 0 -1 0 
vn 0 -1 0 
vn 0 -1 0 
vn 0 -1 0 
vn 0 -1 0 
vn 0 -1 0 
vn 0 -1 0 
vn 0 -1 0 
vn 0 -1 0 
vn 0 -1 0 
vn 0 -1 0 
vn 0 -1 0 
vn 0 -1 0 
vn 0 -1 0 
vn 0 -1 0 
vn 0 -1 0 
vn 0 -1 0 
vn 0 -1 0 
vn 0 -1 0 
vn 0 -1 0 
vn 0 -1 0 
vn 0 -1 0 
vn 0 -1 0 
vn 0 -1 0 
vn 0 -1 0 
vn 0 -1 0 
vn 0 -1 0 
vn 0 -1 0 
vn 0 -1 0 
vn 0 -1 0 
vn 0 -1 0 
vn 0 -1 0 
vn 0 -1 0 
vn 0 -1 0 
vn 0 -1 0 
vn 0 -1 0 
vn 0 -1 0 
vn 0 -1 0 
vn 0 -1 0 
vn 0 -1 0 
vn 0 -1 0 
vn 0 -1 0 
vn 0 -1 0 
vn 0 -1 0 
vn 0 -1 0 
vn 0 -1 0 
vn 0 -1 0 
vn 0 -1 0 
vn 0 -1 0 
vn 0 -1 0 
vn 0 -1 0 
vn 0 -1 0 
vn 0 -1 0 
vn 0 -1 0 
vn 0 -1 0 
vn 0 -1 0 
vn 0 -1 0 
vn 0 -1 0 
vn 0 -1 0 
vn 0 -1 0 
vn 0 -1 0 
vn 0 -1 0 
vn 0 -1 0 
vn 0 -1 0 
vn 0 -1 0 
vn 0 -1 0 
vn 0 -1 0 
vn 0 -1 0 
vn 0 -1 0 
vn 0 -1 0 
vn 0 -1 0 
vn 0 -1 0 
vn 0 -1 0 
vn 0 -1 0 
vn 0 -1 0 
vn 0 -1 0 
vn -0.645669 0 -0.76378 
vn -0.645669 0 -0.76378 
vn -0.645669 0 -0.76378 
vn -0.645669 0 -0.76378 
vn -0.480315 0 -0.874016 
vn -0.480315 0 -0.874016 
vn -0.480315 0 -0.874016 
vn -0.480315 0 -0.874016 
vn -0.299213 0 -0.952756 
vn -0.299213 0 -0.952756 
vn -0.299213 0 -0.952756 
vn -0.299213 0 -0.952756 
vn -0.102362 0 -0.992126 
vn -0.102362 0 -0.992126 
vn -0.102362 0 -0.992126 
vn -0.102362 0 -0.992126 
vn 0.102362 0 -0.992126 
vn 0.102362 0 -0.992126 
vn 0.102362 0 -0.992126 
vn 0.102362 0 -0.992126 
vn 0.299213 0 -0.952756 
vn 0.299213 0 -0.952756 
vn 0.299213 0 -0.952756 
vn 0.299213 0 -0.952756 
vn 0.480315 0 -0.874016 
vn 0.480315 0 -0.874016 
vn 0.480315 0 -0.874016 
vn 0.480315 0 -0.874016 
vn 0.645669 0 -0.76378 
vn 0.645669 0 -0.76378 
vn 0.645669 0 -0.76378 
vn 0.645669 0 -0.76378 
vn -0.102362 0 0.992126 
vn -0.299213 0 0.952756 
vn -0.480315 0 0.874016 
vn -0.645669 0 0.76378 
vn -0.779528 0 0.629921 
vn -0.889764 0 0.464567 
vn -0.889764 0 -0.464567 
vn -0.889764 0 -0.464567 
vn 0.889764 0 0.464567 
vn 0.779528 0 0.629921 
vn 0.779528 0 0.629921 
vn 0.645669 0 0.76378 
vn 0.480315 0 0.874016 
vn 0.299213 0 0.952756 
vn -0.606299 -0.622047 -0.488189 
vn -0.503937 -0.629921 -0.598425 
vn -0.503937 -0.629921 -0.598425 
vn -0.503937 -0.629921 -0.598425 
vn -0.503937 -0.629921 -0.598425 
vn -0.370079 -0.629921 -0.685039 
vn -0.370079 -0.629921 -0.685039 
vn -0.370079 -0.629921 -0.685039 
vn -0.370079 -0.629921 -0.685039 
vn -0.228346 -0.629921 -0.740157 
vn -0.228346 -0.629921 -0.740157 
vn -0.228346 -0.629921 -0.740157 
vn -0.228346 -0.629921 -0.740157 
vn -0.0787402 -0.629921 -0.771654 
vn -0.0787402 -0.629921 -0.771654 
vn -0.0787402 -0.629921 -0.771654 
vn -0.0787402 -0.629921 -0.771654 
vn 0.0787402 -0.629921 -0.771654 
vn 0.0787402 -0.629921 -0.771654 
vn 0.0787402 -0.629921 -0.771654 
vn 0.0787402 -0.629921 -0.771654 
vn 0.228346 -0.629921 -0.740157 
vn 0.228346 -0.629921 -0.740157 
vn 0.228346 -0.629921 -0.740157 
vn 0.228346 -0.629921 -0.740157 
vn 0.370079 -0.629921 -0.685039 
vn 0.370079 -0.629921 -0.685039 
vn 0.370079 -0.629921 -0.685039 
vn 0.370079 -0.629921 -0.685039 
vn 0.503937 -0.629921 -0.598425 
vn 0.503937 -0.629921 -0.598425 
vn 0.503937 -0.629921 -0.598425 
vn 0.503937 -0.629921 -0.598425 
vn 0.102362 0 -0.992126 
vn 0.102362 0 -0.992126 
vn 0.102362 0 -0.992126 
vn 0.102362 0 -0.992126 
vn 0.299213 0 -0.952756 
vn 0.299213 0 -0.952756 
vn 0.299213 0 -0.952756 
vn 0.299213 0 -0.952756 
vn 0.480315 0 -0.874016 
vn 0.480315 0 -0.874016 
vn 0.480315 0 -0.874016 
vn 0.480315 0 -0.874016 
vn 0.645669 0 -0.76378 
vn 0.645669 0 -0.76378 
vn 0.645669 0 -0.76378 
vn 0.645669 0 -0.76378 
vn -0.645669 0 -0.76378 
vn -0.645669 0 -0.76378 
vn -0.645669 0 -0.76378 
vn -0.645669 0 -0.76378 
vn -0.480315 0 -0.874016 
vn -0.480315 0 -0.874016 
vn -0.480315 0 -0.874016 
vn -0.480315 0 -0.874016 
vn -0.299213 0 -0.952756 
vn -0.299213 0 -0.952756 
vn -0.299213 0 -0.952756 
vn -0.299213 0 -0.952756 
vn -0.102362 0 -0.992126 
vn -0.102362 0 -0.992126 
vn -0.102362 0 -0.992126 
vn -0.102362 0 -0.992126 
vn 0 1 0 
vn 0 1 0 
vn 0 1 0 
vn 0 1 0 
vn 0 1 0 
vn 0 1 0 
vn 0 1 0 
vn 0 1 0 
vn 0 1 0 
vn 0 1 0 
vn 0 1 0 
vn 0 1 0 
vn 0 1 0 
vn 0 1 0 
vn 0.102362 0 -0.992126 
vn 0.102362 0 -0.992126 
vn 0.102362 0 -0.992126 
vn 0.102362 0 -0.992126 
vn 0.102362 0 -0.992126 
vn 0.102362 0 -0.992126 
vn -0.779528 0 -0.629921 
vn 0.299213 0 -0.952756 
vn 0.299213 0 -0.952756 
vn 0.299213 0 -0.952756 
vn 0.299213 0 -0.952756 
vn 0.299213 0 -0.952756 
vn 0.299213 0 -0.952756 
vn -0.645669 0 -0.76378 
vn -0.645669 0 -0.76378 
vn -0.645669 0 -0.76378 
vn -0.645669 0 -0.76378 
vn -0.645669 0 -0.76378 
vn -0.645669 0 -0.76378 
vn 0.480315 0 -0.874016 
vn 0.480315 0 -0.874016 
vn 0.480315 0 -0.874016 
vn 0.480315 0 -0.874016 
vn 0.480315 0 -0.874016 
vn 0.480315 0 -0.874016 
vn -0.480315 0 -0.874016 
vn -0.480315 0 -0.874016 
vn -0.480315 0 -0.874016 
vn -0.480315 0 -0.874016 
vn -0.480315 0 -0.874016 
vn -0.480315 0 -0.874016 
vn 0.645669 0 -0.76378 
vn 0.645669 0 -0.76378 
vn 0.645669 0 -0.76378 
vn 0.645669 0 -0.76378 
vn 0.645669 0 -0.76378 
vn 0.645669 0 -0.76378 
vn -0.299213 0 -0.952756 
vn -0.299213 0 -0.952756 
vn -0.299213 0 -0.952756 
vn -0.299213 0 -0.952756 
vn -0.299213 0 -0.952756 
vn -0.299213 0 -0.952756 
vn -0.102362 0 -0.992126 
vn -0.102362 0 -0.992126 
vn -0.102362 0 -0.992126 
vn -0.102362 0 -0.992126 
vn -0.102362 0 -0.992126 
vn -0.102362 0 -0.992126 

vt 40.4279 -39.1279 
vt 40.4279 -38.8031 
vt 40.5591 -38.8031 
vt 40.5591 -38.8031 
vt 40.5591 -39.1279 
vt 40.5032 -39.1279 
vt 40.4279 -38.8031 
vt 40.4279 -39.1279 
vt 40.3362 -38.8031 
vt 40.4279 -39.1279 
vt 40.4279 -38.8031 
vt 40.3362 -39.1279 
vt 40.3362 -39.1279 
vt 40.3362 -38.8031 
vt 40.2316 -38.8031 
vt 40.2316 -39.1279 
vt 40.2316 -39.1279 
vt 40.2316 -38.8031 
vt 40.1181 -38.8031 
vt 40.1181 -39.1279 
vt 40.1181 -39.1279 
vt 40.1181 -38.8031 
vt 40 -38.8031 
vt 40 -39.1279 
vt 40 -39.1279 
vt 40 -38.8031 
vt 39.8819 -38.8031 
vt 39.8819 -39.1279 
vt 39.5721 -38.8031 
vt 39.6638 -38.8031 
vt 39.7684 -39.1279 
vt 39.8819 -38.8031 
vt 40 -38.8031 
vt 40.2316 -38.8031 
vt 40.3362 -38.8031 
vt 39.8819 -39.1279 
vt 39.8819 -38.8031 
vt 39.7684 -38.8031 
vt 39.7684 -39.1279 
vt 39.7684 -39.1279 
vt 39.7684 -38.8031 
vt 39.6638 -38.8031 
vt 39.6638 -39.1279 
vt 39.5721 -38.8031 
vt 39.6638 -39.1279 
vt 39.6638 -38.8031 
vt 39.5721 -39.1279 
vt 39.4409 -38.8031 
vt 39.4409 -39.1279 
vt 40.5187 -39.1815 
vt 40.397 -39.1815 
vt 40.397 -39.1815 
vt 40.3362 -39.1279 
vt 40.3119 -39.1815 
vt 40.4279 -39.1279 
vt 40.3119 -39.1815 
vt 40.2316 -39.1279 
vt 40.2148 -39.1815 
vt 40.3362 -39.1279 
vt 40.2148 -39.1815 
vt 40.1181 -39.1279 
vt 40.1095 -39.1815 
vt 40.2316 -39.1279 
vt 40.1095 -39.1815 
vt 40 -39.1279 
vt 40 -39.1815 
vt 40.1181 -39.1279 
vt 40 -39.1279 
vt 39.8905 -39.1815 
vt 40 -39.1815 
vt 39.8819 -39.1279 
vt 39.8819 -39.1279 
vt 39.7852 -39.1815 
vt 39.8905 -39.1815 
vt 39.7684 -39.1279 
vt 40.2148 -39.1815 
vt 39.7684 -39.1279 
vt 39.6881 -39.1815 
vt 39.7852 -39.1815 
vt 39.6638 -39.1279 
vt 39.6638 -39.1279 
vt 39.603 -39.1815 
vt 39.6881 -39.1815 
vt 39.5721 -39.1279 
vt 39.4813 -39.1815 
vt 40.2858 -39.1969 
vt 40.3637 -39.1969 
vt 40.3637 -39.1815 
vt 40.2858 -39.1815 
vt 40.3637 -39.1969 
vt 39.7142 -39.1969 
vt 39.8032 -39.1969 
vt 39.8032 -39.1815 
vt 39.7142 -39.1815 
vt 39.6363 -39.1969 
vt 39.7142 -39.1969 
vt 39.7142 -39.1815 
vt 39.6363 -39.1815 
vt 39.5723 -39.1969 
vt 40.1968 -39.1969 
vt 40.2858 -39.1969 
vt 40.2858 -39.1815 
vt 40.1968 -39.1815 
vt 40.1003 -39.1969 
vt 40.1968 -39.1969 
vt 40.1968 -39.1815 
vt 40.1003 -39.1815 
vt 40 -39.1969 
vt 40.1003 -39.1969 
vt 40.1003 -39.1815 
vt 40 -39.1815 
vt 39.8997 -39.1969 
vt 40 -39.1969 
vt 40 -39.1815 
vt 39.8997 -39.1815 
vt 39.8032 -39.1969 
vt 39.8997 -39.1969 
vt 39.8997 -39.1815 
vt 39.8032 -39.1815 
vt 39.6122 -38.8031 
vt 39.6953 -38.8031 
vt 40.2099 -38.8031 
vt 40.3878 -38.8031 
vt 40.5066 -38.8031 
vt 40.456 -38.8031 
vt 40.5066 -39.014 
vt 40.3047 -39.014 
vt 40.3878 -39.014 
vt 39.544 -39.014 
vt 39.6953 -39.014 
vt 39.6122 -39.014 
vt 39.893 -39.014 
vt 39.7901 -39.014 
vt 40.107 -39.014 
vt 40.2099 -39.014 
vt 40 -39.014 
vt 40 -38.8031 
vt 40 -39.0079 
vt 40.107 -38.8031 
vt 40.107 -39.0079 
vt 40 -39.014 
vt 40.107 -39.014 
vt 40.107 -38.8031 
vt 40.107 -39.0079 
vt 40.2099 -38.8031 
vt 40.2099 -39.0079 
vt 40.107 -39.014 
vt 40.2099 -39.014 
vt 40.2099 -38.8031 
vt 40.2099 -39.0079 
vt 40.3047 -38.8031 
vt 40.3047 -39.0079 
vt 40.2099 -39.014 
vt 40.3047 -39.014 
vt 39.6122 -39.0079 
vt 39.4934 -39.0079 
vt 39.6122 -38.8031 
vt 39.6122 -39.0079 
vt 39.6953 -38.8031 
vt 39.6953 -39.0079 
vt 39.6122 -39.014 
vt 39.6953 -39.014 
vt 39.6953 -38.8031 
vt 39.6953 -39.0079 
vt 39.7901 -38.8031 
vt 39.7901 -39.0079 
vt 39.6953 -39.014 
vt 39.7901 -39.014 
vt 39.7901 -38.8031 
vt 39.7901 -39.0079 
vt 39.893 -38.8031 
vt 39.893 -39.0079 
vt 39.7901 -39.014 
vt 39.893 -39.014 
vt 39.893 -38.8031 
vt 39.893 -39.0079 
vt 40 -38.8031 
vt 40 -39.0079 
vt 39.893 -39.014 
vt 40 -39.014 
vt 40.2099 -39.0079 
vt 40.3047 -38.8031 
vt 40.3047 -39.0079 
vt 40.3878 -38.8031 
vt 40.3878 -39.0079 
vt 40.3047 -39.014 
vt 40.3878 -39.014 
vt 40.3293 -39.5032 
vt 40.4191 -39.4279 
vt 40.4191 -39.4279 
vt 40.2268 -39.5591 
vt 40.1156 -39.5935 
vt 39.8844 -39.5935 
vt 39.7732 -39.5591 
vt 39.6707 -39.5032 
vt 39.6707 -39.5032 
vt 39.5809 -39.4279 
vt 40.4191 -38.5721 
vt 40.4928 -38.6638 
vt 40.5475 -38.7684 
vt 40.5475 -38.7684 
vt 40.5812 -38.8819 
vt 40.5475 -39.2316 
vt 40.4928 -39.3362 
vt 39.5072 -38.6638 
vt 39.5809 -38.5721 
vt 39.5809 -38.5721 
vt 39.7732 -38.4409 
vt 39.5428 -38.6881 
vt 39.7896 -38.4813 
vt 39.6438 -38.6363 
vt 40.1048 -38.4621 
vt 40 -38.3949 
vt 40 -38.4516 
vt 40.1156 -38.4065 
vt 39.8952 -38.4621 
vt 39.8844 -38.4065 
vt 40.2055 -38.4934 
vt 40.1156 -38.4065 
vt 40.1048 -38.4621 
vt 40.2268 -38.4409 
vt 40.3293 -38.4968 
vt 40.2268 -38.4409 
vt 40.2055 -38.4934 
vt 40.2984 -38.544 
vt 40.3293 -38.4968 
vt 40.3798 -38.6122 
vt 40.4191 -38.5721 
vt 40.2984 -38.544 
vt 40.4928 -38.6638 
vt 40.4466 -38.6953 
vt 40.4928 -38.6638 
vt 40.4962 -38.7901 
vt 40.5475 -38.7684 
vt 40.4466 -38.6953 
vt 40.5812 -38.8819 
vt 40.5475 -38.7684 
vt 40.4962 -38.7901 
vt 40.5267 -38.893 
vt 40.5926 -39 
vt 40.5267 -38.893 
vt 40.5371 -39 
vt 40.5812 -38.8819 
vt 40.5267 -39.107 
vt 40.5812 -39.1181 
vt 40.4962 -39.2099 
vt 40.5812 -39.1181 
vt 40.5267 -39.107 
vt 40.5475 -39.2316 
vt 40.4928 -39.3362 
vt 40.4962 -39.2099 
vt 40.4466 -39.3047 
vt 40.5475 -39.2316 
vt 40.3798 -39.3878 
vt 40.4928 -39.3362 
vt 40.4466 -39.3047 
vt 40.4191 -39.4279 
vt 40.3293 -39.5032 
vt 40.2984 -39.456 
vt 40.3293 -39.5032 
vt 40.2055 -39.5066 
vt 40.2268 -39.5591 
vt 40.2984 -39.456 
vt 40.1156 -39.5935 
vt 40.2268 -39.5591 
vt 40.2055 -39.5066 
vt 40.1048 -39.5379 
vt 40 -39.6051 
vt 40.1156 -39.5935 
vt 40.1048 -39.5379 
vt 40 -39.5484 
vt 39.8952 -39.5379 
vt 39.8844 -39.5935 
vt 39.8844 -39.5935 
vt 39.7945 -39.5066 
vt 39.7732 -39.5591 
vt 39.8952 -39.5379 
vt 39.6707 -39.5032 
vt 39.7945 -39.5066 
vt 39.7016 -39.456 
vt 39.7732 -39.5591 
vt 39.6202 -39.3878 
vt 39.6707 -39.5032 
vt 39.7016 -39.456 
vt 39.5809 -39.4279 
vt 39.5072 -39.3362 
vt 39.5534 -39.3047 
vt 39.5038 -39.2099 
vt 39.5072 -39.3362 
vt 39.5534 -39.3047 
vt 39.4525 -39.2316 
vt 39.5038 -39.2099 
vt 39.4733 -39.107 
vt 39.4188 -39.1181 
vt 39.4525 -39.2316 
vt 39.4188 -39.1181 
vt 39.4733 -39.107 
vt 39.4074 -39 
vt 39.4629 -39 
vt 39.4733 -38.893 
vt 39.4188 -38.8819 
vt 39.4188 -38.8819 
vt 39.5038 -38.7901 
vt 39.4525 -38.7684 
vt 39.4733 -38.893 
vt 39.5072 -38.6638 
vt 39.4525 -38.7684 
vt 39.5038 -38.7901 
vt 39.5534 -38.6953 
vt 39.5072 -38.6638 
vt 39.6202 -38.6122 
vt 39.5809 -38.5721 
vt 39.5534 -38.6953 
vt 39.6707 -38.4968 
vt 39.7016 -38.544 
vt 39.7945 -38.4934 
vt 39.6707 -38.4968 
vt 39.7016 -38.544 
vt 39.7732 -38.4409 
vt 39.8844 -38.4065 
vt 39.7945 -38.4934 
vt 39.8952 -38.4621 
vt 39.7732 -38.4409 
vt 39.7016 -39.456 
vt 39.8952 -39.5379 
vt 40.2984 -39.456 
vt 39.7945 -39.5066 
vt 40.1048 -39.5379 
vt 40 -39.5484 
vt 40.2055 -39.5066 
vt 39.5534 -39.3047 
vt 39.6202 -39.3878 
vt 39.7016 -38.544 
vt 40.4466 -39.3047 
vt 40.3798 -39.3878 
vt 39.4733 -39.107 
vt 39.5038 -39.2099 
vt 39.5534 -38.6953 
vt 39.6202 -38.6122 
vt 39.4733 -38.893 
vt 39.4629 -39 
vt 39.5038 -38.7901 
vt 39.8952 -38.4621 
vt 39.7945 -38.4934 
vt 40.2984 -38.544 
vt 40.1048 -38.4621 
vt 40 -38.4516 
vt 40.2055 -38.4934 
vt 40.4466 -38.6953 
vt 40.3798 -38.6122 
vt 40.5267 -38.893 
vt 40.4962 -38.7901 
vt 40.5267 -39.107 
vt 40.4962 -39.2099 
vt 40.5371 -39 
vt 39.6707 -38.8031 
vt 39.5809 -39.1279 
vt 39.5809 -38.8031 
vt 39.7732 -38.8031 
vt 39.8844 -38.8031 
vt 40 -38.8031 
vt 40.1156 -38.8031 
vt 40.2268 -38.8031 
vt 40.3293 -38.8031 
vt 40.3293 -39.1279 
vt 40.4191 -38.8031 
vt 39.8844 -38.8031 
vt 39.8844 -39.1279 
vt 40 -39.1279 
vt 40 -38.8031 
vt 39.7732 -38.8031 
vt 39.7732 -39.1279 
vt 39.8844 -39.1279 
vt 39.8844 -38.8031 
vt 39.6707 -38.8031 
vt 39.6707 -39.1279 
vt 39.7732 -39.1279 
vt 39.7732 -38.8031 
vt 39.5809 -38.8031 
vt 39.5809 -39.1279 
vt 39.6707 -39.1279 
vt 39.6707 -38.8031 
vt 39.5072 -38.8031 
vt 39.5072 -39.1279 
vt 39.4525 -38.8031 
vt 39.4525 -39.1279 
vt 39.4525 -38.8031 
vt 40.5475 -39.1279 
vt 40.4191 -38.8031 
vt 40.4191 -39.1279 
vt 40.3293 -38.8031 
vt 40.3293 -39.1279 
vt 40.4191 -39.1279 
vt 40.4191 -38.8031 
vt 40.2268 -38.8031 
vt 40.2268 -39.1279 
vt 40.3293 -39.1279 
vt 40.3293 -38.8031 
vt 40.1156 -38.8031 
vt 40.1156 -39.1279 
vt 40.2268 -39.1279 
vt 40.2268 -38.8031 
vt 40 -38.8031 
vt 40 -39.1279 
vt 40.1156 -39.1279 
vt 40.1156 -38.8031 
vt 40.508 -39.1815 
vt 40 -39.1815 
vt 40 -39.1279 
vt 39.8927 -39.1815 
vt 39.8844 -39.1279 
vt 39.8927 -39.1815 
vt 39.8844 -39.1279 
vt 39.7896 -39.1815 
vt 39.7732 -39.1279 
vt 39.7896 -39.1815 
vt 39.7732 -39.1279 
vt 39.6945 -39.1815 
vt 39.6707 -39.1279 
vt 39.6945 -39.1815 
vt 39.6707 -39.1279 
vt 39.6112 -39.1815 
vt 39.5809 -39.1279 
vt 39.5428 -39.1815 
vt 40.3888 -39.1815 
vt 40.3888 -39.1815 
vt 40.3293 -39.1279 
vt 40.3055 -39.1815 
vt 40.4191 -39.1279 
vt 40.3055 -39.1815 
vt 40.2268 -39.1279 
vt 40.2104 -39.1815 
vt 40.3293 -39.1279 
vt 40.2104 -39.1815 
vt 40.1156 -39.1279 
vt 40.1073 -39.1815 
vt 40.2268 -39.1279 
vt 40.1073 -39.1815 
vt 40 -39.1279 
vt 40 -39.1815 
vt 40.1156 -39.1279 
vt 40.4188 -39.1969 
vt 40.2799 -39.1969 
vt 40.3562 -39.1969 
vt 40.3562 -39.1815 
vt 40.2799 -39.1815 
vt 40.1928 -39.1969 
vt 40.2799 -39.1969 
vt 40.2799 -39.1815 
vt 40.1928 -39.1815 
vt 39.9017 -39.1969 
vt 40 -39.1969 
vt 40 -39.1815 
vt 39.9017 -39.1815 
vt 39.8072 -39.1969 
vt 39.9017 -39.1969 
vt 39.9017 -39.1815 
vt 39.8072 -39.1815 
vt 39.7201 -39.1969 
vt 39.8072 -39.1969 
vt 39.8072 -39.1815 
vt 39.7201 -39.1815 
vt 39.6438 -39.1969 
vt 39.7201 -39.1969 
vt 39.7201 -39.1815 
vt 39.6438 -39.1815 
vt 40.0983 -39.1969 
vt 40.1928 -39.1969 
vt 40.1928 -39.1815 
vt 40.0983 -39.1815 
vt 40 -39.1969 
vt 40.0983 -39.1969 
vt 40.0983 -39.1815 
vt 40 -39.1815 
vt 39.5534 -38.8031 
vt 39.5038 -38.8031 
vt 39.6202 -38.8031 
vt 39.7945 -38.8031 
vt 40.2984 -38.8031 
vt 40.2984 -39.014 
vt 40.1048 -39.014 
vt 39.7016 -39.014 
vt 40.2055 -39.014 
vt 39.8952 -39.014 
vt 40 -39.014 
vt 39.7945 -39.014 
vt 40.3798 -39.014 
vt 39.6202 -39.014 
vt 39.4733 -39.014 
vt 39.5038 -39.014 
vt 39.7945 -39.0079 
vt 40.4962 -39.0079 
vt 39.7016 -39.0079 
vt 39.7016 -38.8031 
vt 39.6202 -39.0079 
vt 39.6202 -38.8031 
vt 39.6202 -39.014 
vt 39.7016 -39.014 
vt 39.7945 -39.0079 
vt 39.7945 -38.8031 
vt 39.7016 -39.0079 
vt 39.7016 -38.8031 
vt 39.7016 -39.014 
vt 39.7945 -39.014 
vt 39.8952 -39.0079 
vt 39.8952 -38.8031 
vt 39.7945 -39.0079 
vt 39.7945 -38.8031 
vt 39.7945 -39.014 
vt 39.8952 -39.014 
vt 40 -39.0079 
vt 40 -38.8031 
vt 39.8952 -39.0079 
vt 39.8952 -38.8031 
vt 39.8952 -39.014 
vt 40 -39.014 
vt 40.1048 -39.0079 
vt 40.1048 -38.8031 
vt 40 -39.0079 
vt 40 -38.8031 
vt 40 -39.014 
vt 40.1048 -39.014 
vt 40.2055 -39.0079 
vt 40.2055 -38.8031 
vt 40.1048 -39.0079 
vt 40.1048 -38.8031 
vt 40.1048 -39.014 
vt 40.2055 -39.014 
vt 40.2984 -39.0079 
vt 40.2984 -38.8031 
vt 40.2055 -39.0079 
vt 40.2055 -38.8031 
vt 40.2055 -39.014 
vt 40.2984 -39.014 
vt 40.3798 -39.0079 
vt 40.3798 -38.8031 
vt 40.2984 -39.0079 
vt 40.2984 -38.8031 
vt 40.2984 -39.014 
vt 40.3798 -39.014 
vt 39.4968 -38.8031 
vt 39.5721 -39.1279 
vt 39.5721 -38.8031 
vt 39.4968 -39.1279 
vt 39.4409 -38.8031 
vt 39.4968 -38.8031 
vt 39.4968 -39.1279 
vt 39.5721 -38.8031 
vt 39.6638 -38.8031 
vt 39.8819 -38.8031 
vt 40 -38.8031 
vt 40.1181 -38.8031 
vt 40.4279 -38.8031 
vt 40.4279 -39.1279 
vt 40.3362 -38.8031 
vt 40.3362 -39.1279 
vt 40.4279 -39.1279 
vt 40.4279 -38.8031 
vt 40.2316 -38.8031 
vt 40.2316 -39.1279 
vt 40.3362 -39.1279 
vt 40.3362 -38.8031 
vt 40.1181 -38.8031 
vt 40.1181 -39.1279 
vt 40.2316 -39.1279 
vt 40.2316 -38.8031 
vt 40 -38.8031 
vt 40 -39.1279 
vt 40.1181 -39.1279 
vt 40.1181 -38.8031 
vt 39.8819 -38.8031 
vt 39.8819 -39.1279 
vt 40 -39.1279 
vt 40 -38.8031 
vt 39.7684 -38.8031 
vt 39.7684 -39.1279 
vt 39.8819 -39.1279 
vt 39.8819 -38.8031 
vt 39.6638 -38.8031 
vt 39.6638 -39.1279 
vt 39.7684 -39.1279 
vt 39.7684 -38.8031 
vt 39.5721 -38.8031 
vt 39.5721 -39.1279 
vt 39.6638 -39.1279 
vt 39.6638 -38.8031 
vt 40.2316 -38.8031 
vt 40.3362 -38.8031 
vt 40.4279 -38.8031 
vt 40.4279 -39.1279 
vt 40.5591 -38.8031 
vt 39.5721 -39.1279 
vt 39.603 -39.1815 
vt 39.6638 -39.1279 
vt 39.6881 -39.1815 
vt 40.397 -39.1815 
vt 40.3362 -39.1279 
vt 40.397 -39.1815 
vt 40.4279 -39.1279 
vt 40.3119 -39.1815 
vt 40.2316 -39.1279 
vt 40.3119 -39.1815 
vt 40.3362 -39.1279 
vt 40.2148 -39.1815 
vt 40.1181 -39.1279 
vt 40.2148 -39.1815 
vt 40.2316 -39.1279 
vt 40.1095 -39.1815 
vt 40 -39.1279 
vt 40.1095 -39.1815 
vt 40.1181 -39.1279 
vt 40 -39.1815 
vt 39.8819 -39.1279 
vt 39.8905 -39.1815 
vt 40 -39.1279 
vt 40 -39.1815 
vt 39.7684 -39.1279 
vt 39.7852 -39.1815 
vt 39.8819 -39.1279 
vt 39.8905 -39.1815 
vt 39.6638 -39.1279 
vt 39.6881 -39.1815 
vt 39.7684 -39.1279 
vt 39.7852 -39.1815 
vt 40 -39.1969 
vt 40.1003 -39.1815 
vt 40 -39.1815 
vt 40.1003 -39.1969 
vt 39.8997 -39.1969 
vt 40 -39.1815 
vt 39.8997 -39.1815 
vt 40 -39.1969 
vt 39.8032 -39.1969 
vt 39.8997 -39.1815 
vt 39.8032 -39.1815 
vt 39.8997 -39.1969 
vt 39.7142 -39.1969 
vt 39.8032 -39.1815 
vt 39.7142 -39.1815 
vt 39.8032 -39.1969 
vt 39.6363 -39.1969 
vt 39.7142 -39.1815 
vt 39.6363 -39.1815 
vt 39.7142 -39.1969 
vt 40.2858 -39.1969 
vt 40.3637 -39.1815 
vt 40.2858 -39.1815 
vt 40.3637 -39.1969 
vt 40.1968 -39.1969 
vt 40.2858 -39.1815 
vt 40.1968 -39.1815 
vt 40.2858 -39.1969 
vt 40.1003 -39.1969 
vt 40.1968 -39.1815 
vt 40.1003 -39.1815 
vt 40.1968 -39.1969 
vt 40.3047 -38.8031 
vt 39.6122 -38.8031 
vt 39.544 -38.8031 
vt 40.3878 -38.8031 
vt 39.4934 -39.014 
vt 39.6953 -39.014 
vt 39.6122 -39.014 
vt 39.893 -39.014 
vt 40.3047 -39.014 
vt 40.3878 -39.014 
vt 40.107 -39.014 
vt 40 -39.014 
vt 40.2099 -39.014 
vt 39.7901 -39.0079 
vt 40.2099 -39.0079 
vt 40.3047 -38.8031 
vt 40.2099 -38.8031 
vt 40.3047 -39.0079 
vt 40.2099 -39.014 
vt 40.3047 -39.014 
vt 40.3047 -39.0079 
vt 40.3878 -38.8031 
vt 40.3047 -38.8031 
vt 40.3878 -39.0079 
vt 40.3047 -39.014 
vt 40.3878 -39.014 
vt 39.6953 -39.0079 
vt 39.7901 -38.8031 
vt 39.6953 -38.8031 
vt 39.7901 -39.0079 
vt 39.6953 -39.014 
vt 39.7901 -39.014 
vt 40 -39.014 
vt 40.107 -39.0079 
vt 40 -39.0079 
vt 40.107 -39.014 
vt 40.107 -38.8031 
vt 40 -38.8031 
vt 39.7901 -39.0079 
vt 39.893 -38.8031 
vt 39.7901 -38.8031 
vt 39.893 -39.0079 
vt 39.7901 -39.014 
vt 39.893 -39.014 
vt 39.893 -39.0079 
vt 40 -38.8031 
vt 39.893 -38.8031 
vt 40 -39.0079 
vt 39.893 -39.014 
vt 40 -39.014 
vt 40.107 -39.0079 
vt 40.2099 -38.8031 
vt 40.107 -38.8031 
vt 40.2099 -39.0079 
vt 40.107 -39.014 
vt 40.2099 -39.014 
vt 39.6122 -39.0079 
vt 39.6953 -38.8031 
vt 39.6122 -38.8031 
vt 39.6953 -39.0079 
vt 39.6122 -39.014 
vt 39.6953 -39.014 
vt 39.5809 -39.4279 
vt 39.6707 -39.5032 
vt 39.8844 -39.5935 
vt 40.3293 -39.5032 
vt 40.4191 -39.4279 
vt 40.4928 -39.3362 
vt 40.5812 -39.1181 
vt 40.5926 -39 
vt 40 -38.3949 
vt 39.7732 -38.4409 
vt 39.6707 -38.4968 
vt 39.5072 -38.6638 
vt 39.4525 -38.7684 
vt 39.4525 -39.2316 
vt 39.5072 -39.3362 
vt 40.5475 -38.7684 
vt 40.4928 -38.6638 
vt 40.4191 -38.5721 
vt 40.3293 -38.4968 
vt 40.2268 -38.4409 
vt 39.6112 -39.397 
vt 39.7896 -39.5187 
vt 39.8927 -39.5506 
vt 40 -39.5614 
vt 40.1073 -39.5506 
vt 40.2104 -39.5187 
vt 40.3888 -39.397 
vt 40.4572 -39.3119 
vt 40.508 -39.2148 
vt 40.5393 -39.1095 
vt 40.5393 -38.8905 
vt 40.508 -38.7852 
vt 40 -38.4386 
vt 39.8927 -38.4494 
vt 39.7896 -38.4813 
vt 39.6112 -38.603 
vt 39.5428 -38.6881 
vt 39.492 -38.7852 
vt 39.4607 -38.8905 
vt 39.4502 -39 
vt 39.4607 -39.1095 
vt 39.492 -39.2148 
vt 40.4572 -38.6881 
vt 40.3888 -38.603 
vt 40.2104 -38.4813 
vt 40.1073 -38.4494 
vt 40.0983 -39.5045 
vt 40 -39.5144 
vt 40.2799 -39.4277 
vt 40.4188 -39.2858 
vt 39.6438 -39.3637 
vt 39.7201 -39.4277 
vt 39.6438 -39.3637 
vt 40.4188 -38.7142 
vt 39.8072 -39.4752 
vt 40.3562 -38.6363 
vt 40.3562 -38.6363 
vt 40.2799 -38.5723 
vt 40.1928 -38.5248 
vt 39.4963 -39 
vt 39.5059 -38.8997 
vt 40.4654 -39.1968 
vt 39.5346 -39.1968 
vt 40.5037 -39 
vt 39.5812 -39.2858 
vt 40.4941 -38.8997 
vt 40 -38.4856 
vt 39.8072 -38.5248 
vt 39.7201 -38.5723 
vt 39.5812 -38.7142 
vt 40.1928 -39.4752 
vt 40.1928 -38.5248 
vt 39.8072 -39.4752 
vt 39.6438 -39.3637 
vt 39.7201 -39.4277 
vt 39.5346 -39.1968 
vt 39.5812 -39.2858 
vt 40 -39.5144 
vt 39.9017 -39.5045 
vt 40.0983 -39.5045 
vt 39.4963 -39 
vt 39.5059 -39.1003 
vt 40.3562 -39.3637 
vt 40.2799 -39.4277 
vt 39.5346 -38.8032 
vt 39.5059 -38.8997 
vt 40.4654 -39.1968 
vt 40.4188 -39.2858 
vt 39.8072 -38.5248 
vt 39.6438 -38.6363 
vt 39.5812 -38.7142 
vt 39.7201 -38.5723 
vt 40 -38.4856 
vt 39.9017 -38.4955 
vt 40.0983 -38.4955 
vt 40.3562 -38.6363 
vt 40.2799 -38.5723 
vt 40.4654 -38.8032 
vt 40.4188 -38.7142 
vt 40.5037 -39 
vt 40.4941 -38.8997 
vt 40.4941 -39.1003 
vt 40 -38.4386 
vt 39.9017 -38.4955 
vt 40 -38.4856 
vt 40.0983 -38.4955 
vt 39.8927 -38.4494 
vt 40.1073 -38.4494 
vt 39.7896 -38.4813 
vt 40.2104 -38.4813 
vt 39.8072 -38.5248 
vt 40.1928 -38.5248 
vt 39.6945 -38.5332 
vt 40.3055 -38.5332 
vt 39.7201 -38.5723 
vt 40.2799 -38.5723 
vt 39.6438 -38.6363 
vt 40.3562 -38.6363 
vt 39.6112 -38.603 
vt 40.3888 -38.603 
vt 39.5428 -38.6881 
vt 40.4572 -38.6881 
vt 39.5812 -38.7142 
vt 40.4188 -38.7142 
vt 39.5346 -38.8032 
vt 40.4654 -38.8032 
vt 39.492 -38.7852 
vt 40.508 -38.7852 
vt 39.5059 -38.8997 
vt 40.4941 -38.8997 
vt 39.4607 -38.8905 
vt 40.5393 -38.8905 
vt 39.4502 -39 
vt 40.5498 -39 
vt 39.4963 -39 
vt 40.5037 -39 
vt 39.5059 -39.1003 
vt 40.4941 -39.1003 
vt 39.4607 -39.1095 
vt 40.5393 -39.1095 
vt 39.492 -39.2148 
vt 40.508 -39.2148 
vt 39.5346 -39.1968 
vt 40.4654 -39.1968 
vt 39.5428 -39.3119 
vt 40.4572 -39.3119 
vt 39.5812 -39.2858 
vt 40.4188 -39.2858 
vt 39.6438 -39.3637 
vt 40.3562 -39.3637 
vt 39.6112 -39.397 
vt 40.3888 -39.397 
vt 39.6945 -39.4668 
vt 40.3055 -39.4668 
vt 39.7201 -39.4277 
vt 40.2799 -39.4277 
vt 39.8072 -39.4752 
vt 40.1928 -39.4752 
vt 39.7896 -39.5187 
vt 40.2104 -39.5187 
vt 39.9017 -39.5045 
vt 40.0983 -39.5045 
vt 39.8927 -39.5506 
vt 40.1073 -39.5506 
vt 40 -39.5614 
vt 40 -39.5144 
vt 40.3293 -38.8031 
vt 40.4191 -39.1279 
vt 40.4191 -38.8031 
vt 40.3293 -39.1279 
vt 40.2268 -38.8031 
vt 40.3293 -39.1279 
vt 40.3293 -38.8031 
vt 40.2268 -39.1279 
vt 40.1156 -38.8031 
vt 40.2268 -39.1279 
vt 40.2268 -38.8031 
vt 40.1156 -39.1279 
vt 40 -38.8031 
vt 40.1156 -39.1279 
vt 40.1156 -38.8031 
vt 40 -39.1279 
vt 39.8844 -38.8031 
vt 40 -39.1279 
vt 40 -38.8031 
vt 39.8844 -39.1279 
vt 39.7732 -38.8031 
vt 39.8844 -39.1279 
vt 39.8844 -38.8031 
vt 39.7732 -39.1279 
vt 39.6707 -38.8031 
vt 39.7732 -39.1279 
vt 39.7732 -38.8031 
vt 39.6707 -39.1279 
vt 39.5809 -38.8031 
vt 39.6707 -39.1279 
vt 39.6707 -38.8031 
vt 39.5809 -39.1279 
vt 40 -38.8031 
vt 40.2268 -38.8031 
vt 40.3293 -38.8031 
vt 40.4191 -38.8031 
vt 40.4928 -38.8031 
vt 40.5475 -39.1279 
vt 40.4928 -38.8031 
vt 40.4928 -39.1279 
vt 39.5072 -38.8031 
vt 39.5809 -38.8031 
vt 39.5809 -39.1279 
vt 39.6707 -38.8031 
vt 39.7732 -38.8031 
vt 39.8844 -38.8031 
vt 40.3888 -39.1815 
vt 40.3293 -39.1279 
vt 40.3888 -39.1815 
vt 40.4191 -39.1279 
vt 40.3055 -39.1815 
vt 40.2268 -39.1279 
vt 40.3055 -39.1815 
vt 40.3293 -39.1279 
vt 40.2104 -39.1815 
vt 40.1156 -39.1279 
vt 40.2104 -39.1815 
vt 40.2268 -39.1279 
vt 40.1073 -39.1815 
vt 40 -39.1279 
vt 40.1073 -39.1815 
vt 40.1156 -39.1279 
vt 40 -39.1815 
vt 40 -39.1279 
vt 39.8844 -39.1279 
vt 39.8927 -39.1815 
vt 40 -39.1815 
vt 39.8844 -39.1279 
vt 39.7732 -39.1279 
vt 39.7896 -39.1815 
vt 39.8927 -39.1815 
vt 39.7732 -39.1279 
vt 39.6707 -39.1279 
vt 39.6945 -39.1815 
vt 39.7896 -39.1815 
vt 39.6707 -39.1279 
vt 39.5809 -39.1279 
vt 39.6112 -39.1815 
vt 39.6945 -39.1815 
vt 40 -39.1815 
vt 39.9017 -39.1815 
vt 39.9017 -39.1969 
vt 40 -39.1969 
vt 39.9017 -39.1815 
vt 39.8072 -39.1815 
vt 39.8072 -39.1969 
vt 39.9017 -39.1969 
vt 39.7201 -39.1969 
vt 39.8072 -39.1815 
vt 39.7201 -39.1815 
vt 39.8072 -39.1969 
vt 39.6438 -39.1969 
vt 39.7201 -39.1815 
vt 39.6438 -39.1815 
vt 39.7201 -39.1969 
vt 40.3562 -39.1815 
vt 40.2799 -39.1815 
vt 40.2799 -39.1969 
vt 40.3562 -39.1969 
vt 40.2799 -39.1815 
vt 40.1928 -39.1815 
vt 40.1928 -39.1969 
vt 40.2799 -39.1969 
vt 40.0983 -39.1969 
vt 40.1928 -39.1815 
vt 40.0983 -39.1815 
vt 40.1928 -39.1969 
vt 40 -39.1969 
vt 40.0983 -39.1815 
vt 40 -39.1815 
vt 40.0983 -39.1969 
vt 40.3798 -38.8031 
vt 40.3798 -38.8031 
vt 39.7016 -38.8031 
vt 39.6202 -38.8031 
vt 39.7016 -39.014 
vt 39.5534 -39.014 
vt 39.6202 -39.014 
vt 39.8952 -39.014 
vt 39.7945 -39.014 
vt 40.2984 -39.014 
vt 40 -39.014 
vt 40.2055 -39.014 
vt 40.4466 -39.014 
vt 40.3798 -39.014 
vt 40 -39.0079 
vt 40.1048 -38.8031 
vt 40 -38.8031 
vt 40.1048 -39.0079 
vt 40 -39.014 
vt 40.1048 -39.014 
vt 39.6202 -39.0079 
vt 40.1048 -39.0079 
vt 40.2055 -38.8031 
vt 40.1048 -38.8031 
vt 40.2055 -39.0079 
vt 40.1048 -39.014 
vt 40.2055 -39.014 
vt 39.6202 -38.8031 
vt 39.6202 -39.0079 
vt 39.7016 -38.8031 
vt 39.7016 -39.0079 
vt 39.6202 -39.014 
vt 39.7016 -39.014 
vt 40.2055 -39.0079 
vt 40.2984 -38.8031 
vt 40.2055 -38.8031 
vt 40.2984 -39.0079 
vt 40.2055 -39.014 
vt 40.2984 -39.014 
vt 39.7016 -38.8031 
vt 39.7016 -39.0079 
vt 39.7945 -38.8031 
vt 39.7945 -39.0079 
vt 39.7016 -39.014 
vt 39.7945 -39.014 
vt 40.2984 -39.0079 
vt 40.3798 -38.8031 
vt 40.2984 -38.8031 
vt 40.3798 -39.0079 
vt 40.2984 -39.014 
vt 40.3798 -39.014 
vt 39.7945 -38.8031 
vt 39.7945 -39.0079 
vt 39.8952 -38.8031 
vt 39.8952 -39.0079 
vt 39.7945 -39.014 
vt 39.8952 -39.014 
vt 39.8952 -39.0079 
vt 40 -38.8031 
vt 39.8952 -38.8031 
vt 40 -39.0079 
vt 39.8952 -39.014 
vt 40 -39.014 

usemtl Meshesbowl2Mtl

f 1067/1067/1067 1068/1068/1068 1069/1069/1069 
f 1068/1068/1068 1067/1067/1067 1070/1070/1070 
f 1071/1071/1071 1072/1072/1072 1073/1073/1073 
f 1071/1071/1071 1073/1073/1073 1074/1074/1074 
f 1075/1075/1075 1076/1076/1076 1077/1077/1077 
f 1075/1075/1075 1077/1077/1077 1078/1078/1078 
f 1079/1079/1079 1080/1080/1080 1081/1081/1081 
f 1079/1079/1079 1081/1081/1081 1082/1082/1082 
f 1083/1083/1083 1084/1084/1084 1085/1085/1085 
f 1083/1083/1083 1085/1085/1085 1086/1086/1086 
f 1094/1094/1094 1095/1095/1095 1096/1096/1096 
f 1094/1094/1094 1096/1096/1096 1097/1097/1097 
f 1098/1098/1098 1099/1099/1099 1100/1100/1100 
f 1098/1098/1098 1100/1100/1100 1101/1101/1101 
f 1102/1102/1102 1103/1103/1103 1104/1104/1104 
f 1103/1103/1103 1102/1102/1102 1105/1105/1105 
f 1110/1110/1110 1111/1111/1111 1112/1112/1112 
f 1111/1111/1111 1110/1110/1110 1113/1113/1113 
f 1114/1114/1114 1115/1115/1115 1116/1116/1116 
f 1115/1115/1115 1114/1114/1114 1117/1117/1117 
f 1118/1118/1118 1119/1119/1119 1120/1120/1120 
f 1119/1119/1119 1118/1118/1118 1121/1121/1121 
f 1122/1122/1122 1123/1123/1123 1124/1124/1124 
f 1123/1123/1123 1122/1122/1122 1125/1125/1125 
f 1126/1126/1126 1127/1127/1127 1128/1128/1128 
f 1127/1127/1127 1126/1126/1126 1129/1129/1129 
f 1130/1130/1130 1131/1131/1131 1132/1132/1132 
f 1131/1131/1131 1130/1130/1130 1133/1133/1133 
f 1135/1135/1135 1136/1136/1136 1137/1137/1137 
f 1136/1136/1136 1135/1135/1135 1138/1138/1138 
f 1139/1139/1139 1140/1140/1140 1141/1141/1141 
f 1139/1139/1139 1142/1142/1142 1140/1140/1140 
f 1144/1144/1144 1145/1145/1145 1146/1146/1146 
f 1146/1146/1146 1147/1147/1147 1144/1144/1144 
f 1149/1149/1149 1150/1150/1150 1151/1151/1151 
f 1151/1151/1151 1152/1152/1152 1149/1149/1149 
f 1153/1153/1153 1154/1154/1154 1155/1155/1155 
f 1155/1155/1155 1156/1156/1156 1153/1153/1153 
f 1158/1158/1158 1159/1159/1159 1160/1160/1160 
f 1160/1160/1160 1161/1161/1161 1158/1158/1158 
f 1162/1162/1162 1163/1163/1163 1164/1164/1164 
f 1164/1164/1164 1165/1165/1165 1162/1162/1162 
f 1166/1166/1166 1167/1167/1167 1168/1168/1168 
f 1168/1168/1168 1169/1169/1169 1166/1166/1166 
f 1170/1170/1170 1171/1171/1171 1172/1172/1172 
f 1172/1172/1172 1173/1173/1173 1170/1170/1170 
f 1174/1174/1174 1175/1175/1175 1176/1176/1176 
f 1176/1176/1176 1177/1177/1177 1174/1174/1174 
f 1195/1195/1195 1196/1196/1196 1197/1197/1197 
f 1198/1198/1198 1197/1197/1197 1196/1196/1196 
f 1198/1198/1198 1196/1196/1196 1199/1199/1199 
f 1199/1199/1199 1200/1200/1200 1198/1198/1198 
f 1201/1201/1201 1202/1202/1202 1203/1203/1203 
f 1204/1204/1204 1203/1203/1203 1202/1202/1202 
f 1204/1204/1204 1202/1202/1202 1205/1205/1205 
f 1205/1205/1205 1206/1206/1206 1204/1204/1204 
f 1207/1207/1207 1208/1208/1208 1209/1209/1209 
f 1210/1210/1210 1209/1209/1209 1208/1208/1208 
f 1210/1210/1210 1208/1208/1208 1211/1211/1211 
f 1211/1211/1211 1212/1212/1212 1210/1210/1210 
f 1215/1215/1215 1216/1216/1216 1217/1217/1217 
f 1218/1218/1218 1217/1217/1217 1216/1216/1216 
f 1218/1218/1218 1216/1216/1216 1219/1219/1219 
f 1219/1219/1219 1220/1220/1220 1218/1218/1218 
f 1221/1221/1221 1222/1222/1222 1223/1223/1223 
f 1224/1224/1224 1223/1223/1223 1222/1222/1222 
f 1224/1224/1224 1222/1222/1222 1225/1225/1225 
f 1225/1225/1225 1226/1226/1226 1224/1224/1224 
f 1227/1227/1227 1228/1228/1228 1229/1229/1229 
f 1230/1230/1230 1229/1229/1229 1228/1228/1228 
f 1230/1230/1230 1228/1228/1228 1231/1231/1231 
f 1231/1231/1231 1232/1232/1232 1230/1230/1230 
f 1233/1233/1233 1234/1234/1234 1235/1235/1235 
f 1236/1236/1236 1235/1235/1235 1234/1234/1234 
f 1236/1236/1236 1234/1234/1234 1237/1237/1237 
f 1237/1237/1237 1238/1238/1238 1236/1236/1236 
f 1240/1240/1240 1241/1241/1241 1242/1242/1242 
f 1243/1243/1243 1242/1242/1242 1241/1241/1241 
f 1243/1243/1243 1241/1241/1241 1244/1244/1244 
f 1244/1244/1244 1245/1245/1245 1243/1243/1243 
f 1270/1270/1270 1271/1271/1271 1272/1272/1272 
f 1271/1271/1271 1270/1270/1270 1273/1273/1273 
f 1271/1271/1271 1274/1274/1274 1272/1272/1272 
f 1274/1274/1274 1271/1271/1271 1275/1275/1275 
f 1276/1276/1276 1277/1277/1277 1278/1278/1278 
f 1277/1277/1277 1276/1276/1276 1279/1279/1279 
f 1280/1280/1280 1281/1281/1281 1282/1282/1282 
f 1282/1282/1282 1283/1283/1283 1280/1280/1280 
f 1284/1284/1284 1285/1285/1285 1286/1286/1286 
f 1285/1285/1285 1284/1284/1284 1287/1287/1287 
f 1288/1288/1288 1286/1286/1286 1285/1285/1285 
f 1288/1288/1288 1285/1285/1285 1289/1289/1289 
f 1290/1290/1290 1291/1291/1291 1292/1292/1292 
f 1291/1291/1291 1290/1290/1290 1293/1293/1293 
f 1294/1294/1294 1295/1295/1295 1296/1296/1296 
f 1294/1294/1294 1296/1296/1296 1297/1297/1297 
f 1298/1298/1298 1299/1299/1299 1300/1300/1300 
f 1299/1299/1299 1298/1298/1298 1301/1301/1301 
f 1302/1302/1302 1298/1298/1298 1300/1300/1300 
f 1298/1298/1298 1302/1302/1302 1303/1303/1303 
f 1304/1304/1304 1305/1305/1305 1306/1306/1306 
f 1305/1305/1305 1304/1304/1304 1307/1307/1307 
f 1308/1308/1308 1309/1309/1309 1310/1310/1310 
f 1309/1309/1309 1308/1308/1308 1311/1311/1311 
f 1312/1312/1312 1313/1313/1313 1314/1314/1314 
f 1313/1313/1313 1312/1312/1312 1315/1315/1315 
f 1312/1312/1312 1316/1316/1316 1315/1315/1315 
f 1312/1312/1312 1317/1317/1317 1316/1316/1316 
f 1318/1318/1318 1319/1319/1319 1320/1320/1320 
f 1319/1319/1319 1318/1318/1318 1321/1321/1321 
f 1322/1322/1322 1323/1323/1323 1324/1324/1324 
f 1324/1324/1324 1325/1325/1325 1322/1322/1322 
f 1326/1326/1326 1327/1327/1327 1328/1328/1328 
f 1326/1326/1326 1328/1328/1328 1329/1329/1329 
f 1330/1330/1330 1326/1326/1326 1329/1329/1329 
f 1326/1326/1326 1330/1330/1330 1331/1331/1331 
f 1332/1332/1332 1333/1333/1333 1334/1334/1334 
f 1333/1333/1333 1332/1332/1332 1335/1335/1335 
f 1336/1336/1336 1337/1337/1337 1338/1338/1338 
f 1337/1337/1337 1336/1336/1336 1339/1339/1339 
f 1340/1340/1340 1341/1341/1341 1342/1342/1342 
f 1341/1341/1341 1340/1340/1340 1343/1343/1343 
f 1340/1340/1340 1344/1344/1344 1343/1343/1343 
f 1344/1344/1344 1340/1340/1340 1345/1345/1345 
f 1346/1346/1346 1347/1347/1347 1348/1348/1348 
f 1347/1347/1347 1346/1346/1346 1349/1349/1349 
f 1350/1350/1350 1351/1351/1351 1352/1352/1352 
f 1350/1350/1350 1352/1352/1352 1353/1353/1353 
f 1354/1354/1354 1355/1355/1355 1356/1356/1356 
f 1355/1355/1355 1357/1357/1357 1356/1356/1356 
f 1358/1358/1358 1356/1356/1356 1357/1357/1357 
f 1356/1356/1356 1358/1358/1358 1359/1359/1359 
f 1360/1360/1360 1361/1361/1361 1362/1362/1362 
f 1361/1361/1361 1360/1360/1360 1363/1363/1363 
f 1364/1364/1364 1365/1365/1365 1366/1366/1366 
f 1364/1364/1364 1366/1366/1366 1367/1367/1367 
f 1368/1368/1368 1369/1369/1369 1370/1370/1370 
f 1369/1369/1369 1368/1368/1368 1371/1371/1371 
f 1369/1369/1369 1372/1372/1372 1370/1370/1370 
f 1372/1372/1372 1369/1369/1369 1373/1373/1373 
f 1374/1374/1374 1375/1375/1375 1376/1376/1376 
f 1375/1375/1375 1374/1374/1374 1377/1377/1377 
f 1378/1378/1378 1379/1379/1379 1380/1380/1380 
f 1379/1379/1379 1378/1378/1378 1381/1381/1381 
f 1382/1382/1382 1383/1383/1383 1384/1384/1384 
f 1383/1383/1383 1382/1382/1382 1385/1385/1385 
f 1386/1386/1386 1383/1383/1383 1387/1387/1387 
f 1383/1383/1383 1386/1386/1386 1384/1384/1384 
f 1384/1384/1384 1386/1386/1386 1388/1388/1388 
f 1382/1382/1382 1384/1384/1384 1389/1389/1389 
f 1382/1382/1382 1389/1389/1389 1390/1390/1390 
f 1391/1391/1391 1389/1389/1389 1384/1384/1384 
f 1392/1392/1392 1384/1384/1384 1393/1393/1393 
f 1392/1392/1392 1391/1391/1391 1384/1384/1384 
f 1389/1389/1389 1394/1394/1394 1395/1395/1395 
f 1389/1389/1389 1396/1396/1396 1394/1394/1394 
f 1389/1389/1389 1391/1391/1391 1396/1396/1396 
f 1396/1396/1396 1391/1391/1391 1397/1397/1397 
f 1396/1396/1396 1398/1398/1398 1394/1394/1394 
f 1394/1394/1394 1398/1398/1398 1399/1399/1399 
f 1398/1398/1398 1396/1396/1396 1400/1400/1400 
f 1391/1391/1391 1401/1401/1401 1402/1402/1402 
f 1391/1391/1391 1403/1403/1403 1401/1401/1401 
f 1391/1391/1391 1392/1392/1392 1403/1403/1403 
f 1401/1401/1401 1403/1403/1403 1404/1404/1404 
f 1401/1401/1401 1404/1404/1404 1405/1405/1405 
f 1404/1404/1404 1403/1403/1403 1406/1406/1406 
f 1392/1392/1392 1407/1407/1407 1403/1403/1403 
f 1403/1403/1403 1407/1407/1407 1408/1408/1408 
f 1407/1407/1407 1392/1392/1392 1409/1409/1409 
f 1407/1407/1407 1409/1409/1409 1410/1410/1410 
f 1409/1409/1409 1392/1392/1392 1411/1411/1411 
f 1411/1411/1411 1392/1392/1392 1412/1412/1412 
f 1409/1409/1409 1411/1411/1411 1413/1413/1413 
f 1425/1425/1425 1426/1426/1426 1427/1427/1427 
f 1427/1427/1427 1428/1428/1428 1425/1425/1425 
f 1429/1429/1429 1430/1430/1430 1431/1431/1431 
f 1431/1431/1431 1432/1432/1432 1429/1429/1429 
f 1433/1433/1433 1434/1434/1434 1435/1435/1435 
f 1435/1435/1435 1436/1436/1436 1433/1433/1433 
f 1437/1437/1437 1438/1438/1438 1439/1439/1439 
f 1439/1439/1439 1440/1440/1440 1437/1437/1437 
f 1449/1449/1449 1450/1450/1450 1451/1451/1451 
f 1451/1451/1451 1452/1452/1452 1449/1449/1449 
f 1453/1453/1453 1454/1454/1454 1455/1455/1455 
f 1455/1455/1455 1456/1456/1456 1453/1453/1453 
f 1457/1457/1457 1458/1458/1458 1459/1459/1459 
f 1459/1459/1459 1460/1460/1460 1457/1457/1457 
f 1461/1461/1461 1462/1462/1462 1463/1463/1463 
f 1463/1463/1463 1464/1464/1464 1461/1461/1461 
f 1466/1466/1466 1467/1467/1467 1468/1468/1468 
f 1468/1468/1468 1467/1467/1467 1469/1469/1469 
f 1470/1470/1470 1471/1471/1471 1472/1472/1472 
f 1472/1472/1472 1471/1471/1471 1473/1473/1473 
f 1474/1474/1474 1475/1475/1475 1476/1476/1476 
f 1476/1476/1476 1475/1475/1475 1477/1477/1477 
f 1478/1478/1478 1479/1479/1479 1480/1480/1480 
f 1480/1480/1480 1479/1479/1479 1481/1481/1481 
f 1484/1484/1484 1485/1485/1485 1486/1486/1486 
f 1485/1485/1485 1484/1484/1484 1487/1487/1487 
f 1488/1488/1488 1489/1489/1489 1490/1490/1490 
f 1489/1489/1489 1488/1488/1488 1491/1491/1491 
f 1492/1492/1492 1493/1493/1493 1494/1494/1494 
f 1493/1493/1493 1492/1492/1492 1495/1495/1495 
f 1496/1496/1496 1497/1497/1497 1498/1498/1498 
f 1497/1497/1497 1496/1496/1496 1499/1499/1499 
f 1501/1501/1501 1502/1502/1502 1503/1503/1503 
f 1501/1501/1501 1503/1503/1503 1504/1504/1504 
f 1505/1505/1505 1506/1506/1506 1507/1507/1507 
f 1505/1505/1505 1507/1507/1507 1508/1508/1508 
f 1509/1509/1509 1510/1510/1510 1511/1511/1511 
f 1509/1509/1509 1511/1511/1511 1512/1512/1512 
f 1513/1513/1513 1514/1514/1514 1515/1515/1515 
f 1513/1513/1513 1515/1515/1515 1516/1516/1516 
f 1517/1517/1517 1518/1518/1518 1519/1519/1519 
f 1517/1517/1517 1519/1519/1519 1520/1520/1520 
f 1521/1521/1521 1522/1522/1522 1523/1523/1523 
f 1521/1521/1521 1523/1523/1523 1524/1524/1524 
f 1525/1525/1525 1526/1526/1526 1527/1527/1527 
f 1525/1525/1525 1527/1527/1527 1528/1528/1528 
f 1529/1529/1529 1530/1530/1530 1531/1531/1531 
f 1529/1529/1529 1531/1531/1531 1532/1532/1532 
f 1551/1551/1551 1552/1552/1552 1553/1553/1553 
f 1553/1553/1553 1552/1552/1552 1554/1554/1554 
f 1555/1555/1555 1551/1551/1551 1553/1553/1553 
f 1555/1555/1555 1556/1556/1556 1551/1551/1551 
f 1557/1557/1557 1558/1558/1558 1559/1559/1559 
f 1559/1559/1559 1558/1558/1558 1560/1560/1560 
f 1561/1561/1561 1557/1557/1557 1559/1559/1559 
f 1561/1561/1561 1562/1562/1562 1557/1557/1557 
f 1563/1563/1563 1564/1564/1564 1565/1565/1565 
f 1565/1565/1565 1564/1564/1564 1566/1566/1566 
f 1567/1567/1567 1563/1563/1563 1565/1565/1565 
f 1567/1567/1567 1568/1568/1568 1563/1563/1563 
f 1569/1569/1569 1570/1570/1570 1571/1571/1571 
f 1571/1571/1571 1570/1570/1570 1572/1572/1572 
f 1573/1573/1573 1569/1569/1569 1571/1571/1571 
f 1573/1573/1573 1574/1574/1574 1569/1569/1569 
f 1575/1575/1575 1576/1576/1576 1577/1577/1577 
f 1577/1577/1577 1576/1576/1576 1578/1578/1578 
f 1579/1579/1579 1575/1575/1575 1577/1577/1577 
f 1579/1579/1579 1580/1580/1580 1575/1575/1575 
f 1581/1581/1581 1582/1582/1582 1583/1583/1583 
f 1583/1583/1583 1582/1582/1582 1584/1584/1584 
f 1585/1585/1585 1581/1581/1581 1583/1583/1583 
f 1585/1585/1585 1586/1586/1586 1581/1581/1581 
f 1587/1587/1587 1588/1588/1588 1589/1589/1589 
f 1589/1589/1589 1588/1588/1588 1590/1590/1590 
f 1591/1591/1591 1587/1587/1587 1589/1589/1589 
f 1591/1591/1591 1592/1592/1592 1587/1587/1587 
f 1593/1593/1593 1594/1594/1594 1595/1595/1595 
f 1595/1595/1595 1594/1594/1594 1596/1596/1596 
f 1597/1597/1597 1593/1593/1593 1595/1595/1595 
f 1597/1597/1597 1598/1598/1598 1593/1593/1593 
f 1613/1613/1613 1614/1614/1614 1615/1615/1615 
f 1613/1613/1613 1615/1615/1615 1616/1616/1616 
f 1617/1617/1617 1618/1618/1618 1619/1619/1619 
f 1617/1617/1617 1619/1619/1619 1620/1620/1620 
f 1621/1621/1621 1622/1622/1622 1623/1623/1623 
f 1621/1621/1621 1623/1623/1623 1624/1624/1624 
f 1625/1625/1625 1626/1626/1626 1627/1627/1627 
f 1625/1625/1625 1627/1627/1627 1628/1628/1628 
f 1629/1629/1629 1630/1630/1630 1631/1631/1631 
f 1629/1629/1629 1631/1631/1631 1632/1632/1632 
f 1633/1633/1633 1634/1634/1634 1635/1635/1635 
f 1633/1633/1633 1635/1635/1635 1636/1636/1636 
f 1637/1637/1637 1638/1638/1638 1639/1639/1639 
f 1637/1637/1637 1639/1639/1639 1640/1640/1640 
f 1641/1641/1641 1642/1642/1642 1643/1643/1643 
f 1641/1641/1641 1643/1643/1643 1644/1644/1644 
f 1650/1650/1650 1651/1651/1651 1652/1652/1652 
f 1651/1651/1651 1653/1653/1653 1652/1652/1652 
f 1655/1655/1655 1656/1656/1656 1657/1657/1657 
f 1656/1656/1656 1655/1655/1655 1658/1658/1658 
f 1659/1659/1659 1660/1660/1660 1661/1661/1661 
f 1660/1660/1660 1659/1659/1659 1662/1662/1662 
f 1663/1663/1663 1664/1664/1664 1665/1665/1665 
f 1664/1664/1664 1663/1663/1663 1666/1666/1666 
f 1667/1667/1667 1668/1668/1668 1669/1669/1669 
f 1668/1668/1668 1667/1667/1667 1670/1670/1670 
f 1671/1671/1671 1672/1672/1672 1673/1673/1673 
f 1672/1672/1672 1674/1674/1674 1673/1673/1673 
f 1675/1675/1675 1676/1676/1676 1677/1677/1677 
f 1676/1676/1676 1678/1678/1678 1677/1677/1677 
f 1679/1679/1679 1680/1680/1680 1681/1681/1681 
f 1680/1680/1680 1682/1682/1682 1681/1681/1681 
f 1683/1683/1683 1684/1684/1684 1685/1685/1685 
f 1684/1684/1684 1683/1683/1683 1686/1686/1686 
f 1687/1687/1687 1688/1688/1688 1689/1689/1689 
f 1688/1688/1688 1687/1687/1687 1690/1690/1690 
f 1691/1691/1691 1692/1692/1692 1693/1693/1693 
f 1692/1692/1692 1691/1691/1691 1694/1694/1694 
f 1695/1695/1695 1696/1696/1696 1697/1697/1697 
f 1696/1696/1696 1695/1695/1695 1698/1698/1698 
f 1699/1699/1699 1700/1700/1700 1701/1701/1701 
f 1700/1700/1700 1699/1699/1699 1702/1702/1702 
f 1703/1703/1703 1704/1704/1704 1705/1705/1705 
f 1704/1704/1704 1703/1703/1703 1706/1706/1706 
f 1707/1707/1707 1708/1708/1708 1709/1709/1709 
f 1708/1708/1708 1707/1707/1707 1710/1710/1710 
f 1711/1711/1711 1712/1712/1712 1713/1713/1713 
f 1712/1712/1712 1711/1711/1711 1714/1714/1714 
f 1729/1729/1729 1730/1730/1730 1731/1731/1731 
f 1730/1730/1730 1729/1729/1729 1732/1732/1732 
f 1733/1733/1733 1732/1732/1732 1729/1729/1729 
f 1732/1732/1732 1733/1733/1733 1734/1734/1734 
f 1735/1735/1735 1736/1736/1736 1737/1737/1737 
f 1736/1736/1736 1735/1735/1735 1738/1738/1738 
f 1739/1739/1739 1738/1738/1738 1735/1735/1735 
f 1738/1738/1738 1739/1739/1739 1740/1740/1740 
f 1741/1741/1741 1742/1742/1742 1743/1743/1743 
f 1742/1742/1742 1741/1741/1741 1744/1744/1744 
f 1745/1745/1745 1744/1744/1744 1741/1741/1741 
f 1744/1744/1744 1745/1745/1745 1746/1746/1746 
f 1747/1747/1747 1748/1748/1748 1749/1749/1749 
f 1748/1748/1748 1747/1747/1747 1750/1750/1750 
f 1751/1751/1751 1749/1749/1749 1748/1748/1748 
f 1749/1749/1749 1751/1751/1751 1752/1752/1752 
f 1753/1753/1753 1754/1754/1754 1755/1755/1755 
f 1754/1754/1754 1753/1753/1753 1756/1756/1756 
f 1757/1757/1757 1756/1756/1756 1753/1753/1753 
f 1756/1756/1756 1757/1757/1757 1758/1758/1758 
f 1759/1759/1759 1760/1760/1760 1761/1761/1761 
f 1760/1760/1760 1759/1759/1759 1762/1762/1762 
f 1763/1763/1763 1762/1762/1762 1759/1759/1759 
f 1762/1762/1762 1763/1763/1763 1764/1764/1764 
f 1765/1765/1765 1766/1766/1766 1767/1767/1767 
f 1766/1766/1766 1765/1765/1765 1768/1768/1768 
f 1769/1769/1769 1768/1768/1768 1765/1765/1765 
f 1768/1768/1768 1769/1769/1769 1770/1770/1770 
f 1771/1771/1771 1772/1772/1772 1773/1773/1773 
f 1772/1772/1772 1771/1771/1771 1774/1774/1774 
f 1775/1775/1775 1774/1774/1774 1771/1771/1771 
f 1774/1774/1774 1775/1775/1775 1776/1776/1776 
f 1847/1847/1847 1848/1848/1848 1849/1849/1849 
f 1849/1849/1849 1850/1850/1850 1851/1851/1851 
f 1849/1849/1849 1852/1852/1852 1850/1850/1850 
f 1850/1850/1850 1852/1852/1852 1853/1853/1853 
f 1849/1849/1849 1848/1848/1848 1852/1852/1852 
f 1854/1854/1854 1849/1849/1849 1855/1855/1855 
f 1854/1854/1854 1847/1847/1847 1849/1849/1849 
f 1847/1847/1847 1854/1854/1854 1856/1856/1856 
f 1852/1852/1852 1857/1857/1857 1858/1858/1858 
f 1859/1859/1859 1847/1847/1847 1860/1860/1860 
f 1861/1861/1861 1857/1857/1857 1852/1852/1852 
f 1857/1857/1857 1861/1861/1861 1862/1862/1862 
f 1863/1863/1863 1847/1847/1847 1859/1859/1859 
f 1863/1863/1863 1859/1859/1859 1864/1864/1864 
f 1863/1863/1863 1848/1848/1848 1847/1847/1847 
f 1865/1865/1865 1861/1861/1861 1852/1852/1852 
f 1865/1865/1865 1852/1852/1852 1848/1848/1848 
f 1861/1861/1861 1865/1865/1865 1866/1866/1866 
f 1861/1861/1861 1866/1866/1866 1867/1867/1867 
f 1866/1866/1866 1865/1865/1865 1868/1868/1868 
f 1865/1865/1865 1869/1869/1869 1870/1870/1870 
f 1869/1869/1869 1865/1865/1865 1848/1848/1848 
f 1869/1869/1869 1848/1848/1848 1871/1871/1871 
f 1848/1848/1848 1872/1872/1872 1873/1873/1873 
f 1874/1874/1874 1872/1872/1872 1848/1848/1848 
f 1863/1863/1863 1874/1874/1874 1848/1848/1848 
f 1872/1872/1872 1874/1874/1874 1875/1875/1875 
f 1876/1876/1876 1874/1874/1874 1863/1863/1863 
f 1874/1874/1874 1876/1876/1876 1877/1877/1877 
f 1876/1876/1876 1863/1863/1863 1878/1878/1878 
f 1879/1879/1879 1880/1880/1880 1881/1881/1881 
f 1882/1882/1882 1879/1879/1879 1881/1881/1881 
f 1880/1880/1880 1879/1879/1879 1883/1883/1883 
f 1879/1879/1879 1882/1882/1882 1884/1884/1884 
f 1885/1885/1885 1880/1880/1880 1883/1883/1883 
f 1882/1882/1882 1886/1886/1886 1884/1884/1884 
f 1880/1880/1880 1885/1885/1885 1887/1887/1887 
f 1882/1882/1882 1888/1888/1888 1886/1886/1886 
f 1889/1889/1889 1887/1887/1887 1885/1885/1885 
f 1890/1890/1890 1886/1886/1886 1888/1888/1888 
f 1887/1887/1887 1889/1889/1889 1891/1891/1891 
f 1888/1888/1888 1892/1892/1892 1890/1890/1890 
f 1889/1889/1889 1893/1893/1893 1891/1891/1891 
f 1894/1894/1894 1890/1890/1890 1892/1892/1892 
f 1893/1893/1893 1889/1889/1889 1895/1895/1895 
f 1890/1890/1890 1894/1894/1894 1896/1896/1896 
f 1897/1897/1897 1893/1893/1893 1895/1895/1895 
f 1898/1898/1898 1896/1896/1896 1894/1894/1894 
f 1893/1893/1893 1897/1897/1897 1899/1899/1899 
f 1898/1898/1898 1894/1894/1894 1900/1900/1900 
f 1897/1897/1897 1901/1901/1901 1899/1899/1899 
f 1902/1902/1902 1898/1898/1898 1900/1900/1900 
f 1897/1897/1897 1903/1903/1903 1901/1901/1901 
f 1898/1898/1898 1902/1902/1902 1904/1904/1904 
f 1903/1903/1903 1905/1905/1905 1901/1901/1901 
f 1906/1906/1906 1904/1904/1904 1902/1902/1902 
f 1903/1903/1903 1907/1907/1907 1905/1905/1905 
f 1904/1904/1904 1906/1906/1906 1908/1908/1908 
f 1909/1909/1909 1905/1905/1905 1907/1907/1907 
f 1906/1906/1906 1910/1910/1910 1908/1908/1908 
f 1905/1905/1905 1909/1909/1909 1911/1911/1911 
f 1910/1910/1910 1906/1906/1906 1912/1912/1912 
f 1913/1913/1913 1911/1911/1911 1909/1909/1909 
f 1914/1914/1914 1910/1910/1910 1912/1912/1912 
f 1909/1909/1909 1915/1915/1915 1913/1913/1913 
f 1910/1910/1910 1914/1914/1914 1916/1916/1916 
f 1917/1917/1917 1913/1913/1913 1915/1915/1915 
f 1914/1914/1914 1918/1918/1918 1916/1916/1916 
f 1913/1913/1913 1917/1917/1917 1919/1919/1919 
f 1918/1918/1918 1914/1914/1914 1920/1920/1920 
f 1921/1921/1921 1919/1919/1919 1917/1917/1917 
f 1920/1920/1920 1922/1922/1922 1918/1918/1918 
f 1919/1919/1919 1921/1921/1921 1923/1923/1923 
f 1922/1922/1922 1920/1920/1920 1924/1924/1924 
f 1921/1921/1921 1925/1925/1925 1923/1923/1923 
f 1926/1926/1926 1922/1922/1922 1924/1924/1924 
f 1925/1925/1925 1921/1921/1921 1927/1927/1927 
f 1922/1922/1922 1926/1926/1926 1928/1928/1928 
f 1929/1929/1929 1925/1925/1925 1927/1927/1927 
f 1926/1926/1926 1930/1930/1930 1928/1928/1928 
f 1925/1925/1925 1929/1929/1929 1931/1931/1931 
f 1926/1926/1926 1932/1932/1932 1930/1930/1930 
f 1929/1929/1929 1933/1933/1933 1931/1931/1931 
f 1934/1934/1934 1930/1930/1930 1932/1932/1932 
f 1933/1933/1933 1929/1929/1929 1935/1935/1935 
f 1930/1930/1930 1934/1934/1934 1936/1936/1936 
f 1935/1935/1935 1937/1937/1937 1933/1933/1933 
f 1938/1938/1938 1936/1936/1936 1934/1934/1934 
f 1935/1935/1935 1939/1939/1939 1937/1937/1937 
f 1936/1936/1936 1938/1938/1938 1940/1940/1940 
f 1941/1941/1941 1937/1937/1937 1939/1939/1939 
f 1941/1941/1941 1940/1940/1940 1938/1938/1938 
f 1937/1937/1937 1941/1941/1941 1942/1942/1942 
f 1941/1941/1941 1938/1938/1938 1942/1942/1942 
f 1943/1943/1943 1944/1944/1944 1945/1945/1945 
f 1944/1944/1944 1943/1943/1943 1946/1946/1946 
f 1947/1947/1947 1948/1948/1948 1949/1949/1949 
f 1948/1948/1948 1947/1947/1947 1950/1950/1950 
f 1951/1951/1951 1952/1952/1952 1953/1953/1953 
f 1952/1952/1952 1951/1951/1951 1954/1954/1954 
f 1955/1955/1955 1956/1956/1956 1957/1957/1957 
f 1956/1956/1956 1955/1955/1955 1958/1958/1958 
f 1959/1959/1959 1960/1960/1960 1961/1961/1961 
f 1960/1960/1960 1959/1959/1959 1962/1962/1962 
f 1963/1963/1963 1964/1964/1964 1965/1965/1965 
f 1964/1964/1964 1963/1963/1963 1966/1966/1966 
f 1967/1967/1967 1968/1968/1968 1969/1969/1969 
f 1968/1968/1968 1967/1967/1967 1970/1970/1970 
f 1971/1971/1971 1972/1972/1972 1973/1973/1973 
f 1972/1972/1972 1971/1971/1971 1974/1974/1974 
f 1990/1990/1990 1991/1991/1991 1992/1992/1992 
f 1991/1991/1991 1990/1990/1990 1993/1993/1993 
f 1994/1994/1994 1995/1995/1995 1996/1996/1996 
f 1995/1995/1995 1994/1994/1994 1997/1997/1997 
f 1998/1998/1998 1999/1999/1999 2000/2000/2000 
f 1999/1999/1999 1998/1998/1998 2001/2001/2001 
f 2002/2002/2002 2003/2003/2003 2004/2004/2004 
f 2003/2003/2003 2002/2002/2002 2005/2005/2005 
f 2006/2006/2006 2007/2007/2007 2008/2008/2008 
f 2006/2006/2006 2008/2008/2008 2009/2009/2009 
f 2010/2010/2010 2011/2011/2011 2012/2012/2012 
f 2010/2010/2010 2012/2012/2012 2013/2013/2013 
f 2014/2014/2014 2015/2015/2015 2016/2016/2016 
f 2016/2016/2016 2017/2017/2017 2014/2014/2014 
f 2018/2018/2018 2019/2019/2019 2020/2020/2020 
f 2020/2020/2020 2021/2021/2021 2018/2018/2018 
f 2022/2022/2022 2023/2023/2023 2024/2024/2024 
f 2022/2022/2022 2024/2024/2024 2025/2025/2025 
f 2026/2026/2026 2027/2027/2027 2028/2028/2028 
f 2026/2026/2026 2028/2028/2028 2029/2029/2029 
f 2030/2030/2030 2031/2031/2031 2032/2032/2032 
f 2031/2031/2031 2030/2030/2030 2033/2033/2033 
f 2034/2034/2034 2035/2035/2035 2036/2036/2036 
f 2035/2035/2035 2034/2034/2034 2037/2037/2037 
f 2038/2038/2038 2039/2039/2039 2040/2040/2040 
f 2038/2038/2038 2040/2040/2040 2041/2041/2041 
f 2042/2042/2042 2043/2043/2043 2044/2044/2044 
f 2042/2042/2042 2044/2044/2044 2045/2045/2045 
f 2046/2046/2046 2047/2047/2047 2048/2048/2048 
f 2047/2047/2047 2046/2046/2046 2049/2049/2049 
f 2050/2050/2050 2051/2051/2051 2052/2052/2052 
f 2051/2051/2051 2050/2050/2050 2053/2053/2053 
f 2068/2068/2068 2069/2069/2069 2070/2070/2070 
f 2069/2069/2069 2068/2068/2068 2071/2071/2071 
f 2071/2071/2071 2068/2068/2068 2072/2072/2072 
f 2071/2071/2071 2072/2072/2072 2073/2073/2073 
f 2075/2075/2075 2076/2076/2076 2077/2077/2077 
f 2076/2076/2076 2075/2075/2075 2078/2078/2078 
f 2079/2079/2079 2078/2078/2078 2075/2075/2075 
f 2078/2078/2078 2079/2079/2079 2080/2080/2080 
f 2081/2081/2081 2082/2082/2082 2083/2083/2083 
f 2083/2083/2083 2082/2082/2082 2084/2084/2084 
f 2084/2084/2084 2082/2082/2082 2085/2085/2085 
f 2084/2084/2084 2085/2085/2085 2086/2086/2086 
f 2087/2087/2087 2088/2088/2088 2089/2089/2089 
f 2088/2088/2088 2087/2087/2087 2090/2090/2090 
f 2091/2091/2091 2090/2090/2090 2087/2087/2087 
f 2090/2090/2090 2091/2091/2091 2092/2092/2092 
f 2093/2093/2093 2094/2094/2094 2095/2095/2095 
f 2095/2095/2095 2094/2094/2094 2096/2096/2096 
f 2096/2096/2096 2094/2094/2094 2097/2097/2097 
f 2096/2096/2096 2097/2097/2097 2098/2098/2098 
f 2099/2099/2099 2100/2100/2100 2101/2101/2101 
f 2100/2100/2100 2099/2099/2099 2102/2102/2102 
f 2102/2102/2102 2099/2099/2099 2103/2103/2103 
f 2102/2102/2102 2103/2103/2103 2104/2104/2104 
f 2105/2105/2105 2106/2106/2106 2107/2107/2107 
f 2107/2107/2107 2106/2106/2106 2108/2108/2108 
f 2108/2108/2108 2106/2106/2106 2109/2109/2109 
f 2108/2108/2108 2109/2109/2109 2110/2110/2110 
f 2111/2111/2111 2112/2112/2112 2113/2113/2113 
f 2112/2112/2112 2111/2111/2111 2114/2114/2114 
f 2114/2114/2114 2111/2111/2111 2115/2115/2115 
f 2114/2114/2114 2115/2115/2115 2116/2116/2116 

